url,sha256
https://ajax.googleapis.com/ajax/libs/bootstrap/5.3.3/js/bootstrap.min.js,de040986d9a3ed89d5d5f9ad6d5727015e9e238c2cd13af8f1b55909386d0864
https://ajax.googleapis.com/ajax/libs/bootstrap-table/1.23.2/dist/bootstrap-table.min.css,3919e5743e5854b0d6644b967f37ed0c94e385d3548b718a31d725a8a35fe918
https://ajax.googleapis.com/ajax/libs/cesiumjs/1.78/Build/Cesium/Cesium.js,db4908414179445758b6d6994af4a79a8519cd46f6892b0ef2e9d7bd49ceabee
https://ajax.googleapis.com/ajax/libs/d3js/7.9.0/d3.min.js,f2094bbf6141b359722c4fe454eb6c4b0f0e42cc10cc7af921fc158fceb86539
https://ajax.googleapis.com/ajax/libs/d3js/7.8.5/d3.min.js,d6b03aefc9f6c44c7bc78713679c78c295028fa914319119e5cc4b4954855b1c
https://ajax.googleapis.com/ajax/libs/d3js/7.8.4/d3.min.js,b51f57835b1de8b7ca70010e480c1990fd958958737dd872f0290cfc1bd09662
https://ajax.googleapis.com/ajax/libs/d3js/7.8.3/d3.min.js,cfd8ef1268071847d63b8acf7c45d418a15de9493191abdf274cdfdea4f7d4ee
https://ajax.googleapis.com/ajax/libs/d3js/7.8.2/d3.min.js,c94767fe5ca5feb1c19f86c3e0790a9a747b4ba163fad5c83b4a3349acb50629
https://ajax.googleapis.com/ajax/libs/d3js/7.8.1/d3.min.js,10611d196b3e1eb6dbb6623df2c026c83c40ad282c20cab0dab2a110a505a531
https://ajax.googleapis.com/ajax/libs/d3js/7.8.0/d3.min.js,ca3b060e53682e57516a34f99d387c5d71088f9e25c3a41c17d674d0f941c065
https://ajax.googleapis.com/ajax/libs/d3js/7.7.0/d3.min.js,15f66b1d275c74d16c6399bc0be4db2d4a722991100ecdf08f7759d43b62fe30
https://ajax.googleapis.com/ajax/libs/d3js/7.6.1/d3.min.js,b384cf0baeec03aa9e1443fd670cd41c9ec984def9a7b4dbfd7ad2f197d5b573
https://ajax.googleapis.com/ajax/libs/d3js/7.4.2/d3.min.js,8eb8de78b65a9377a8de6a6fbde7b20fe0ff2266bdedc9c6c07027d30167cec9
https://ajax.googleapis.com/ajax/libs/d3js/7.0.0/d3.min.js,83580a3e9712457b06b9f60bea67ac241f9247fcb9cd67ff5219ca6bbb93d390
https://ajax.googleapis.com/ajax/libs/d3js/6.7.0/d3.min.js,fbb8da602a76f4ed49bac3561da62d8149fa121b8fd15685bacc21355d3a3322
https://ajax.googleapis.com/ajax/libs/d3js/6.6.2/d3.min.js,72747893977d302142409c3593d892343d41aa0cbc292ddb38cd37d0a240e355
https://ajax.googleapis.com/ajax/libs/d3js/6.6.1/d3.min.js,a015d95a24196691521069b9762aa4f5143af7c21df63010ae99c63c0c0472f4
https://ajax.googleapis.com/ajax/libs/d3js/6.6.0/d3.min.js,4d3b00a1cf322ae46c9f4b422f4d9235f1f5a397de660bda0cdb39a7c3ecaca0
https://ajax.googleapis.com/ajax/libs/d3js/6.5.0/d3.min.js,32ffdfc3910d79608fa2e41aca47113f41e35f2462f878160d90b836bf297d23
https://ajax.googleapis.com/ajax/libs/d3js/6.3.1/d3.min.js,d14396e280f288634c4329a56d906359170ee08ab828b314e913cde4b661671a
https://ajax.googleapis.com/ajax/libs/d3js/6.2.0/d3.min.js,0055b23913f83975330bcac74e9116edfc97b7183de3e6738af9d98936f53438
https://ajax.googleapis.com/ajax/libs/d3js/6.1.1/d3.min.js,b50429b67916438842aa00921546d7a9eda8f3e12ba7049f92f04b71b6413822
https://ajax.googleapis.com/ajax/libs/d3js/5.16.0/d3.min.js,5dbe924b3847df010f0b8572dd6ef42ea87d6370eeff72b13ea236247412a53c
https://ajax.googleapis.com/ajax/libs/d3js/5.15.1/d3.min.js,49027f9c260f5c53eeaa84b9e847e77ac0c13cd8a2b6774e21f37659d3d18bfa
https://ajax.googleapis.com/ajax/libs/d3js/5.15.0/d3.min.js,9b442622c05770e322113466a53dea836210fe2d2a6b3240da68821f33a64b56
https://ajax.googleapis.com/ajax/libs/d3js/5.14.2/d3.min.js,33633eb200b66d9e2bef714ed4b5792661e24b908ec046f652ac3b11bb079816
https://ajax.googleapis.com/ajax/libs/d3js/5.12.0/d3.min.js,fbd31fddc0159b1c6e743b2bd57c1751e45916dbdd59561dab9fef720898c8d5
https://ajax.googleapis.com/ajax/libs/d3js/5.11.0/d3.min.js,8f5023e1c59da8a5b5e180bb1dabf51c209dbcb1920243ffc05e4705473b9dfd
https://ajax.googleapis.com/ajax/libs/d3js/5.9.7/d3.min.js,0fedbf828a9c8e7ba8af26fd034ae27ee1f4ac1612f6128eccda86f752610157
https://ajax.googleapis.com/ajax/libs/d3js/5.9.2/d3.min.js,93d472661bcc8f66e0d1f77c2f7204e35b741e94d79e2bcca1e3cdfcab2adb9d
https://ajax.googleapis.com/ajax/libs/d3js/5.9.0/d3.min.js,1ebb4a61a98a6c7f299f48e8f4f3a3f1da0288a89e82b35a5505e545451d0900
https://ajax.googleapis.com/ajax/libs/d3js/5.8.0/d3.min.js,c6c1a88692697c89ba0887683072cc2114e8adedec0d1e69a05b7b09e5318c62
https://ajax.googleapis.com/ajax/libs/d3js/5.7.0/d3.min.js,bdad5585ef9a965ff25458738309b006058c55f2c78d794d25fbecae35014609
https://ajax.googleapis.com/ajax/libs/d3js/4.13.0/d3.min.js,8585db4092b8a9d26201e0d58e343d1b40fa034c4b9c343878923d7649bb1699
https://ajax.googleapis.com/ajax/libs/d3js/3.5.17/d3.min.js,76c39718d1c0a3fb321676b3b7e29306c0907919a5716d5728bd1b08ae0169e7
https://ajax.googleapis.com/ajax/libs/dojo/1.13.0/dojo/dojo.js,f3ac93bf15e041612af6abe9e066bcb4621fc885c151cfe38ba25c4e54033598
https://ajax.googleapis.com/ajax/libs/dojo/1.12.3/dojo/dojo.js,15199af35746e83db171d21861c9db5ce46404158a13589d9e59efc68357cd6c
https://ajax.googleapis.com/ajax/libs/dojo/1.12.2/dojo/dojo.js,57cd9932c9777ad2ca3472b86f73729439edaf78df0666a9e43af8d02129350c
https://ajax.googleapis.com/ajax/libs/dojo/1.12.1/dojo/dojo.js,abce39a72a4ab1ef40d841f3f7e7029497b8b3a58721be04b7788e74cf3eaa43
https://ajax.googleapis.com/ajax/libs/dojo/1.11.5/dojo/dojo.js,efeeec9d982829ea6d96651001f4001fcb198ad1bd52f129b14ff576ff05b850
https://ajax.googleapis.com/ajax/libs/dojo/1.11.4/dojo/dojo.js,c15f52d8f0565a97c78b15f613f4021d8fe16e77320b34223b213e0b32196a40
https://ajax.googleapis.com/ajax/libs/dojo/1.11.3/dojo/dojo.js,03880adb8c460ffa1e41626db5b156ef4b8884c2aa5a78143c232587a97bfacb
https://ajax.googleapis.com/ajax/libs/dojo/1.11.2/dojo/dojo.js,ae4441af018054e502393e4c4cf619f484a18168ba618a5729cd9de6b0643361
https://ajax.googleapis.com/ajax/libs/dojo/1.11.1/dojo/dojo.js,070c5346786df815202d7d987e8170ee06a8bc84fe6c145e5e03fd586b095fdc
https://ajax.googleapis.com/ajax/libs/dojo/1.10.9/dojo/dojo.js,c45c0e42cca03f5f857b20ef1c47db2091b87ab4dc78881d77552620c4636e44
https://ajax.googleapis.com/ajax/libs/dojo/1.10.8/dojo/dojo.js,534431dc68f4f3336a0a450302c0eac0ab133112adbba0f60b84e4aa8676ca2f
https://ajax.googleapis.com/ajax/libs/dojo/1.10.7/dojo/dojo.js,eebbdc5721c0375545791214d40f497f12c669e26b7df7414eee2c9172a47c1a
https://ajax.googleapis.com/ajax/libs/dojo/1.10.6/dojo/dojo.js,03c33ee7f26e35e9b3de6ffe53849345827d0cc917a02b0a395739021f6a8d51
https://ajax.googleapis.com/ajax/libs/dojo/1.10.5/dojo/dojo.js,1a940ba51682e7a7d2412b593b2fdcb4ec096368b0492402e2848a3a6fb7bd8f
https://ajax.googleapis.com/ajax/libs/dojo/1.10.4/dojo/dojo.js,c2336c8c311a4cf393fe6444af5d6e838a4f48a7b6de07dcffb26f9e1247617c
https://ajax.googleapis.com/ajax/libs/dojo/1.10.3/dojo/dojo.js,b640e64ac12d848218a4a600b485b3f45a4083bf7aba3fd6f212eb4b910a1855
https://ajax.googleapis.com/ajax/libs/dojo/1.10.2/dojo/dojo.js,e36757d33578e77b41c7673679c83405e706dde2e588835a13df4fa820316e79
https://ajax.googleapis.com/ajax/libs/dojo/1.10.1/dojo/dojo.js,dbcc512ec0fdc57c2d7c7c6fcaae409e707a353e69a936f763579a3612e804b7
https://ajax.googleapis.com/ajax/libs/dojo/1.10.0/dojo/dojo.js,73d06ecdf9a37a09458c93202cedcc5083b9a9f58d304416379fb49fb8ba56ad
https://ajax.googleapis.com/ajax/libs/dojo/1.9.11/dojo/dojo.js,6e093c5d4fd4f94874ea028e3191c5d8c556130634238a3f225fe2acb5360fb6
https://ajax.googleapis.com/ajax/libs/dojo/1.9.10/dojo/dojo.js,f2188a31d4400d655c9e43ce5f0d9439b233d2bdb9dff32a3ed1520404d1a111
https://ajax.googleapis.com/ajax/libs/dojo/1.9.9/dojo/dojo.js,49b2ea9434b4a9766f7d529042815526b13d88c4bb35cef73fdac9bf8188e1cc
https://ajax.googleapis.com/ajax/libs/dojo/1.9.8/dojo/dojo.js,d7a07dc0fbe94076caa088ed7a52bb111dc25ad670d364d226700a97cf558a85
https://ajax.googleapis.com/ajax/libs/dojo/1.9.7/dojo/dojo.js,60d8dcef6e8557a1f7d05912ede2844145d8681e62e6b30bcc79a2b7982f1ab4
https://ajax.googleapis.com/ajax/libs/dojo/1.9.6/dojo/dojo.js,c7fa7f6ba4ef65b84e1a75c048800966b92b83df338b7814d78f56c2b481a1c7
https://ajax.googleapis.com/ajax/libs/dojo/1.9.5/dojo/dojo.js,8c3afbf593d55e82a981d0f04fb5d8265a728c9a31b79ea664b6f1cee1be684d
https://ajax.googleapis.com/ajax/libs/dojo/1.9.4/dojo/dojo.js,2b59127ea307556b439aa3f8e98e719b09d65450c6186b4ab38a54b38f493903
https://ajax.googleapis.com/ajax/libs/dojo/1.9.3/dojo/dojo.js,d262a35a6ec535f8ce8bd3c52c23be8a68b092fc1bf1ae972966329dde8cc084
https://ajax.googleapis.com/ajax/libs/dojo/1.9.2/dojo/dojo.js,f732a01727a1da3aecf2f6cd2c63fd4e1df485595eee109128c8bf0c96c89cdc
https://ajax.googleapis.com/ajax/libs/dojo/1.9.1/dojo/dojo.js,a304ac097f1b806161b6fdebc5bfe9f8ee675a9021e5ef16149b2b18fac1d0ff
https://ajax.googleapis.com/ajax/libs/dojo/1.9.0/dojo/dojo.js,04d6e70b72035da888187afeba7fd2b269323fc14bc2577ef11b989c5f892969
https://ajax.googleapis.com/ajax/libs/dojo/1.8.14/dojo/dojo.js,f25e81f9e167d7ab58401baf7d111a392b2be8be9cacc4f7d27ef04d64a1d906
https://ajax.googleapis.com/ajax/libs/dojo/1.8.13/dojo/dojo.js,8a81347449315cc9d8981053b8d5e1ac2cc680d709390ae4f82f33acb13137b7
https://ajax.googleapis.com/ajax/libs/dojo/1.8.12/dojo/dojo.js,17a83124c3bbd4447667416ba292fdc36b072e5a1358e28de84976302dc07995
https://ajax.googleapis.com/ajax/libs/dojo/1.8.11/dojo/dojo.js,7433acc78c7c70c98ff14bba93077e46dff7a42844447a3d8ad7a929aa4bbed2
https://ajax.googleapis.com/ajax/libs/dojo/1.8.10/dojo/dojo.js,53835e16202aae7e469318edef3f2929648251c03ffc8b6da1e0daad8de4cedc
https://ajax.googleapis.com/ajax/libs/dojo/1.8.9/dojo/dojo.js,5a04eba84649cea0bec2792999567950545df1b13e8080a9424602add46f00ad
https://ajax.googleapis.com/ajax/libs/dojo/1.8.8/dojo/dojo.js,4d137d401db1fa5db1878b4810981f7ca03cbaefb7229da2ebe9c0b9dc58ee01
https://ajax.googleapis.com/ajax/libs/dojo/1.8.7/dojo/dojo.js,f9140e8e10e23541b5795d5ccef6bbca006e34d07cbd21ca0db6809c7e2bdfd2
https://ajax.googleapis.com/ajax/libs/dojo/1.8.6/dojo/dojo.js,190fa3869f1c4d10aaf5151e0e4d1274b08387b52ef0577fbd46cac2d9df9de2
https://ajax.googleapis.com/ajax/libs/dojo/1.8.5/dojo/dojo.js,e5c601914ea96b4ed0dfde4c4bbf1ebc693310b55996ab8e60301986c62ec227
https://ajax.googleapis.com/ajax/libs/dojo/1.8.4/dojo/dojo.js,fdf83466aa4d96acc29d2243fa73ebd2f35e19640eeaa8860ae19231df31f598
https://ajax.googleapis.com/ajax/libs/dojo/1.8.3/dojo/dojo.js,84fcc2e9aa3d97ae76a77e8506f9366bce1dc63a78ce28ec7842186e89120e63
https://ajax.googleapis.com/ajax/libs/dojo/1.8.2/dojo/dojo.js,b3895d8120754a968d0c2869de7e5db3f89d3d69750bc6a9a80864373c568ec9
https://ajax.googleapis.com/ajax/libs/dojo/1.8.1/dojo/dojo.js,0dfec68ff5ccda663079f9db220e0ab966e510de9214c878d0d6063eab34c32f
https://ajax.googleapis.com/ajax/libs/dojo/1.8.0/dojo/dojo.js,404e1854f5de36422f5044855f200cf639b223cc62b8af7c9fb8bb92a536b288
https://ajax.googleapis.com/ajax/libs/dojo/1.7.12/dojo/dojo.js,16f9b1e27e2d92e47acb43db568d10f5caada181f7e500c6db60932b982a852b
https://ajax.googleapis.com/ajax/libs/dojo/1.7.11/dojo/dojo.js,7672607bd954a6070ce56ab2d9738dd08621559167e1590a2f4adee3d0995570
https://ajax.googleapis.com/ajax/libs/dojo/1.7.10/dojo/dojo.js,26b74dfc6ad42c2a366fc2ae61c25b53649085d5418a89ca0f0ab45730884967
https://ajax.googleapis.com/ajax/libs/dojo/1.7.9/dojo/dojo.js,d18fe381e917ac8c3b523e84a0e74e3eaa311ad257e174d88bdbbb66aff6fe8c
https://ajax.googleapis.com/ajax/libs/dojo/1.7.8/dojo/dojo.js,894bb26e5d096495fd70b4f503d2e3b199b85d2bd5ed6c8289c1db19bea99e55
https://ajax.googleapis.com/ajax/libs/dojo/1.7.7/dojo/dojo.js,4b0e02a9ef3805a319bbb9492ae8480c57fdebb042575ac8a483b024e4aa0ff0
https://ajax.googleapis.com/ajax/libs/dojo/1.7.6/dojo/dojo.js,d5f7926d155339d2840213ec3c7345d1d10f652e38c36dae0dfc200e0f8b1f62
https://ajax.googleapis.com/ajax/libs/dojo/1.7.5/dojo/dojo.js,51dcfec717171439875f89c61b9be79447036e7d7903a6a1e77eedd0bd0f7d53
https://ajax.googleapis.com/ajax/libs/dojo/1.7.4/dojo/dojo.js,f494da38d5f8ca2938cf43a6c5189d18d308090bdf4517d12288f774cb13e02f
https://ajax.googleapis.com/ajax/libs/dojo/1.7.3/dojo/dojo.js,de9cdec61cb280dc95a4747beccc2a7598542d22b3f15b9e722ae5beda610a92
https://ajax.googleapis.com/ajax/libs/dojo/1.7.2/dojo/dojo.js,cd06072da061946a709681a796e4d52d59a1c0e2a9c933e7dc83b85546d0fe2f
https://ajax.googleapis.com/ajax/libs/dojo/1.7.1/dojo/dojo.js,7efa6c90a0e3400332db498fce03895fc188d6b5c7bb7bd255cae488f156bada
https://ajax.googleapis.com/ajax/libs/dojo/1.7.0/dojo/dojo.js,cc91cb2c73d246d496efbd8d0625c5d5e867d89f8b9ae81056144481c0f59ec5
https://ajax.googleapis.com/ajax/libs/dojo/1.6.5/dojo/dojo.js,b41348262b91f10a6a8fd80ba98c16914c2cc5cd1098412aca65449c96990a36
https://ajax.googleapis.com/ajax/libs/dojo/1.6.4/dojo/dojo.js,e566b6e94fd10965a78de6ddb1d6dbbe8f5b00b2a5dd17a96a894259768ffa0b
https://ajax.googleapis.com/ajax/libs/dojo/1.6.3/dojo/dojo.js,e087f0f879baaf9542538bccf8a8f62c0f0266004e5f9c1d954c48ef31c08a85
https://ajax.googleapis.com/ajax/libs/dojo/1.6.2/dojo/dojo.js,c9fbd5af90497debdf224854bf0cec98175fd401b159fcf2a220841aa7c29a9a
https://ajax.googleapis.com/ajax/libs/dojo/1.6.1/dojo/dojo.js,0577b423d8e0b70eaaccc7c1de2c7a1e78ef751fa80fcd95796363665e1aa49b
https://ajax.googleapis.com/ajax/libs/dojo/1.6.0/dojo/dojo.js,767eb8f3c764f2aa36d99ab7a244f376a2fac72e08a67087742f1a03b8380cb5
https://ajax.googleapis.com/ajax/libs/dojo/1.5.6/dojo/dojo.js,019f143342dcee3a9f248e1db0749a1690763eeeadeeab76aa245cefe3d0e186
https://ajax.googleapis.com/ajax/libs/dojo/1.5.5/dojo/dojo.js,dfedcbd47fbb0458f1f38b5ab4024f29480152b151da411975f0e9320a0cf7f3
https://ajax.googleapis.com/ajax/libs/dojo/1.5.4/dojo/dojo.js,e8c34b49e9f6ef1965f396cb159a7f00051c2dcacf332d6622877bbdc7edf3bd
https://ajax.googleapis.com/ajax/libs/dojo/1.5.3/dojo/dojo.js,a9e753f66a4f8d35b1eaf721c6cd75bec05a0762ec5047d643061ecff1e7060c
https://ajax.googleapis.com/ajax/libs/dojo/1.5.2/dojo/dojo.js,0dfa2b4c304df4b00d208a9bc444926e46205c76c661bcd880e6ddb7f26fc0be
https://ajax.googleapis.com/ajax/libs/dojo/1.5.1/dojo/dojo.js,b872b58ea3191d089603aa3e725115bbbf824774b7254f1bc5c88ccc206f57c0
https://ajax.googleapis.com/ajax/libs/dojo/1.5.0/dojo/dojo.js,284d87801a60349866d36bd4ad0b7e24f9029a9ffead121bcd61c9a33c01e9a6
https://ajax.googleapis.com/ajax/libs/dojo/1.4.8/dojo/dojo.js,614772e67c1e3a5049ce18edff8ed4d7dacb0131e9e578576c43f2436d7d4bca
https://ajax.googleapis.com/ajax/libs/dojo/1.4.7/dojo/dojo.js,41650e0d1eab253870d946fd766da8d43d6d0c22d2f860ecc3463aead2844238
https://ajax.googleapis.com/ajax/libs/dojo/1.4.6/dojo/dojo.js,d092c3f05936b09497d2e7e6eb6226056cea74cc89f374d15fdd1df4068654ce
https://ajax.googleapis.com/ajax/libs/dojo/1.4.5/dojo/dojo.js,9f43b3a0314656121bcbf996dd3770473038e1947eeab9363c8595eb77d83e51
https://ajax.googleapis.com/ajax/libs/dojo/1.4.4/dojo/dojo.js,4552edf18f3abfd382227e7a8ac655667cb57227e380cdf4e49719f363ba482b
https://ajax.googleapis.com/ajax/libs/dojo/1.4.3/dojo/dojo.js,a6d6b32f68acb1eb8f7487accc3b0bf151bd25312591f03323a4f8bc9e137a48
https://ajax.googleapis.com/ajax/libs/dojo/1.4.1/dojo/dojo.js,0ea11fcd632884d3d3ceb151fbc1ba7001242a469aaa377997d803469864d156
https://ajax.googleapis.com/ajax/libs/dojo/1.4.0/dojo/dojo.js,645a7b60d50c3b5bab96f83a8d0b73a76206fcab4122bfebd19fd418d5b24b5f
https://ajax.googleapis.com/ajax/libs/dojo/1.3.2/dojo/dojo.js,8ba9ddca8abd9bcd250284c5b05505aabececc8615f1d3fd5f50334818eed88a
https://ajax.googleapis.com/ajax/libs/dojo/1.3.1/dojo/dojo.js,83b4ef703d63df695c0a18d76f92a7bae93bc4039a4c4471b55252308ea69029
https://ajax.googleapis.com/ajax/libs/dojo/1.3.0/dojo/dojo.js,d99d2dffa86976cf68a56ad2007628196bc70c5bd5dd2c197a706628ad978992
https://ajax.googleapis.com/ajax/libs/dojo/1.2.3/dojo/dojo.js,c1ec625d1684c84b92518fde1e32308bb875fbaba89ed38f4aa0a21a51d6a9f9
https://ajax.googleapis.com/ajax/libs/dojo/1.2.0/dojo/dojo.js,998496485d63296883d6749da92a6fbb494211c89b260dfd7f90832a95007ea7
https://ajax.googleapis.com/ajax/libs/dojo/1.1.1/dojo/dojo.js,bf3117ccec4ede852ea587f7dd444722596d8582e488df69417802a0d5b75ced
https://ajax.googleapis.com/ajax/libs/ext-core/3.1.0/ext-core.js,60cac127c0d8560dddc7f9eef0b5522d45fafcbe597999c761f7933c6469fddd
https://ajax.googleapis.com/ajax/libs/ext-core/3.0.0/ext-core.js,aecb30b201a56ce52d03188d48f84815de1cc96107791571f2e577fd75f265d6
https://ajax.googleapis.com/ajax/libs/hammerjs/2.0.8/hammer.min.js,8a1b58d624eeb47e9e3073531a5d364e41a2e7853c052873a79917f97dd0bb44
https://ajax.googleapis.com/ajax/libs/indefinite-observable/2.0.1/indefinite-observable.bundle.js,69d691f5a0d8bc1c97aa6dc17ea84d36ea518e81465b3d2ef79e2fd7166989b5
https://ajax.googleapis.com/ajax/libs/indefinite-observable/1.0.1/indefinite-observable.js,c980476a44e834d23f5fcf617d0f83c8bd01607521fab9823d0699fc50ac698b
https://ajax.googleapis.com/ajax/libs/jquery/3.7.1/jquery.min.js,fc9a93dd241f6b045cbff0481cf4e1901becd0e12fb45166a8f17f95823f0b1a
https://ajax.googleapis.com/ajax/libs/jquery/2.2.4/jquery.min.js,05b85d96f41fff14d8f608dad03ab71e2c1017c2da0914d7c59291bad7a54f8e
https://ajax.googleapis.com/ajax/libs/jquery/1.12.4/jquery.min.js,668b046d12db350ccba6728890476b3efee53b2f42dbb84743e5e9f1ae0cc404
https://ajax.googleapis.com/ajax/libs/jquery/3.7.0/jquery.min.js,d8f9afbf492e4c139e9d2bcb9ba6ef7c14921eb509fb703bc7a3f911b774eff8
https://ajax.googleapis.com/ajax/libs/jquery/3.6.4/jquery.min.js,a0fe8723dcf55da64d06b25446d0a8513e52527c45afcb37073465f9c6f352af
https://ajax.googleapis.com/ajax/libs/jquery/3.6.3/jquery.min.js,a6f3f0faea4b3d48e03176341bef0ed3151ffbf226d4c6635f1c6039c0500575
https://ajax.googleapis.com/ajax/libs/jquery/3.6.2/jquery.min.js,da4ad864a87ffcf71c851b5df87f95cb242867f7b711cae4c6133cc9cc0048f0
https://ajax.googleapis.com/ajax/libs/jquery/3.6.1/jquery.min.js,a3cf00c109d907e543bc4f6dbc85eb31068f94515251347e9e57509b52ee3d74
https://ajax.googleapis.com/ajax/libs/jquery/3.6.0/jquery.min.js,ff1523fb7389539c84c65aba19260648793bb4f5e29329d2ee8804bc37a3fe6e
https://ajax.googleapis.com/ajax/libs/jquery/3.5.1/jquery.min.js,f7f6a5894f1d19ddad6fa392b2ece2c5e578cbf7da4ea805b6885eb6985b6e3d
https://ajax.googleapis.com/ajax/libs/jquery/3.5.0/jquery.min.js,c4dccdd9ae25b64078e0c73f273de94f8894d5c99e4741645ece29aeefc9c5a4
https://ajax.googleapis.com/ajax/libs/jquery/3.4.1/jquery.min.js,0925e8ad7bd971391a8b1e98be8e87a6971919eb5b60c196485941c3c1df089a
https://ajax.googleapis.com/ajax/libs/jquery/3.4.0/jquery.min.js,0497a8d2a9bde7db8c0466fae73e347a3258192811ed1108e3e096d5f34ac0e8
https://ajax.googleapis.com/ajax/libs/jquery/3.3.1/jquery.min.js,160a426ff2894252cd7cebbdd6d6b7da8fcd319c65b70468f10b6690c45d02ef
https://ajax.googleapis.com/ajax/libs/jquery/3.2.1/jquery.min.js,87083882cc6015984eb0411a99d3981817f5dc5c90ba24f0940420c5548d82de
https://ajax.googleapis.com/ajax/libs/jquery/3.2.0/jquery.min.js,2405bdf4c255a4904671bcc4b97938033d39b3f5f20dd068985a8d94cde273e2
https://ajax.googleapis.com/ajax/libs/jquery/3.1.1/jquery.min.js,85556761a8800d14ced8fcd41a6b8b26bf012d44a318866c0d81a62092efd9bf
https://ajax.googleapis.com/ajax/libs/jquery/3.1.0/jquery.min.js,702b9e051e82b32038ffdb33a4f7eb5f7b38f4cf6f514e4182d8898f4eb0b7fb
https://ajax.googleapis.com/ajax/libs/jquery/3.0.0/jquery.min.js,266bcea0bb58b26aa5b16c5aee60d22ccc1ae9d67daeb21db6bad56119c3447d
https://ajax.googleapis.com/ajax/libs/jquery/2.2.3/jquery.min.js,6b6de0d4db7876d1183a3edb47ebd3bbbf93f153f5de1ba6645049348628109a
https://ajax.googleapis.com/ajax/libs/jquery/2.2.2/jquery.min.js,dfa729d82a3effadab1000181cb99108f232721e3b0af74cfae4c12704b35a32
https://ajax.googleapis.com/ajax/libs/jquery/2.2.1/jquery.min.js,82f420005cd31fab6b4ab016a07d623e8f5773de90c526777de5ba91e9be3b4d
https://ajax.googleapis.com/ajax/libs/jquery/2.2.0/jquery.min.js,8a102873a33f24f7eb22221e6b23c4f718e29f85168ecc769a35bfaed9b12cce
https://ajax.googleapis.com/ajax/libs/jquery/2.1.4/jquery.min.js,22642f202577f0ba2f22cbe56b6cf291a09374487567cd3563e0d2a29f75c0c5
https://ajax.googleapis.com/ajax/libs/jquery/2.1.3/jquery.min.js,8af93bd675e1cfd9ecc850e862819fdac6e3ad1f5d761f970e409c7d9c63bdc3
https://ajax.googleapis.com/ajax/libs/jquery/2.1.1/jquery.min.js,874706b2b1311a0719b5267f7d1cf803057e367e94ae1ff7bf78c5450d30f5d4
https://ajax.googleapis.com/ajax/libs/jquery/2.1.0/jquery.min.js,f284353a7cc4d97f6fe20a5155131bd43587a0f1c98a56eeaf52cff72910f47d
https://ajax.googleapis.com/ajax/libs/jquery/2.0.3/jquery.min.js,a57b5242b9a9adc4c1ef846c365147b89c472b9cd770face331efcb965346b25
https://ajax.googleapis.com/ajax/libs/jquery/2.0.2/jquery.min.js,9d7d1c727e1cd32745764098a76e5d3d5fb7acd3b6527c5aacd85b7c6f8ce341
https://ajax.googleapis.com/ajax/libs/jquery/2.0.1/jquery.min.js,4e1354fc542b617c58cbba3aeb5116a528cf08bb1299f5dc7f3bc77a3b902b68
https://ajax.googleapis.com/ajax/libs/jquery/2.0.0/jquery.min.js,d482871a5e948cb4884fa0972ea98a81abca057b6bd3f8c995a18c12487e761c
https://ajax.googleapis.com/ajax/libs/jquery/1.12.3/jquery.min.js,69a3831c082fc105b56c53865cc797fa90b83d920fb2f9f6875b00ad83a18174
https://ajax.googleapis.com/ajax/libs/jquery/1.12.2/jquery.min.js,95914789b5f3307a3718679e867d61b9d4c03f749cd2e2970570331d7d6c8ed9
https://ajax.googleapis.com/ajax/libs/jquery/1.12.1/jquery.min.js,2359d383bf2d4ab65ebf7923bdf74ce40e4093f6e58251b395a64034b3c39772
https://ajax.googleapis.com/ajax/libs/jquery/1.12.0/jquery.min.js,5f1ab65fe2ad6b381a1ae036716475bf78c9b2e309528cf22170c1ddeefddcbf
https://ajax.googleapis.com/ajax/libs/jquery/1.11.3/jquery.min.js,aec3d419d50f05781a96f223e18289aeb52598b5db39be82a7b71dc67d6a7947
https://ajax.googleapis.com/ajax/libs/jquery/1.11.2/jquery.min.js,2ecd295d295bec062cedebe177e54b9d6b19fc0a841dc5c178c654c9ccff09c0
https://ajax.googleapis.com/ajax/libs/jquery/1.11.1/jquery.min.js,540bc6dec1dd4b92ea4d3fb903f69eabf6d919afd48f4e312b163c28cff0f441
https://ajax.googleapis.com/ajax/libs/jquery/1.11.0/jquery.min.js,b294e973896f8f874e90a8eb1a8908ac790980d034c4c4bdf0fc3d37b8abf682
https://ajax.googleapis.com/ajax/libs/jquery/1.10.2/jquery.min.js,89a15e9c40bc6b14809f236ee8cd3ed1ea42393c1f6ca55c7855cd779b3f922e
https://ajax.googleapis.com/ajax/libs/jquery/1.10.1/jquery.min.js,8bf150f6b29d6c9337de6c945a8f63c929b203442040688878bc2753fe13e007
https://ajax.googleapis.com/ajax/libs/jquery/1.10.0/jquery.min.js,1e80de36726582824df3f9a7eb6ecdfe9827fc5a7c69f597b1502ebc13950ecd
https://ajax.googleapis.com/ajax/libs/jquery/1.9.1/jquery.min.js,c12f6098e641aaca96c60215800f18f5671039aecf812217fab3c0d152f6adb4
https://ajax.googleapis.com/ajax/libs/jquery/1.9.0/jquery.min.js,7fa0d5c3f538c76f878e012ac390597faecaabfe6fb9d459b919258e76c5df8e
https://ajax.googleapis.com/ajax/libs/jquery/1.8.3/jquery.min.js,61c6caebd23921741fb5ffe6603f16634fca9840c2bf56ac8201e9264d6daccf
https://ajax.googleapis.com/ajax/libs/jquery/1.8.2/jquery.min.js,f554d2f09272c6f71447ebfe4532d3b1dd1959bce669f9a5ccc99e64ef511729
https://ajax.googleapis.com/ajax/libs/jquery/1.8.1/jquery.min.js,fc184f96dd18794e204c41075a00923be7e8e568744231d74f2fdf8921f78d29
https://ajax.googleapis.com/ajax/libs/jquery/1.8.0/jquery.min.js,8c574e0a06396dfa7064b8b460e0e4a8d5d0748c4aa66eb2e4efdfcb46da4b31
https://ajax.googleapis.com/ajax/libs/jquery/1.7.2/jquery.min.js,47b68dce8cb6805ad5b3ea4d27af92a241f4e29a5c12a274c852e4346a0500b4
https://ajax.googleapis.com/ajax/libs/jquery/1.7.1/jquery.min.js,88171413fc76dda23ab32baa17b11e4fff89141c633ece737852445f1ba6c1bd
https://ajax.googleapis.com/ajax/libs/jquery/1.7.0/jquery.min.js,ff4e4975ef403004f8fe8e59008db7ad47f54b10d84c72eb90e728d1ec9157ce
https://ajax.googleapis.com/ajax/libs/jquery/1.6.4/jquery.min.js,232066e3f6f1351afdaee1acb70c409766641fd5669e0b55ce7c77fac0a857ef
https://ajax.googleapis.com/ajax/libs/jquery/1.6.3/jquery.min.js,d3f3779f5113da6da957c4d81481146a272c31aefe0d3e4b64414fd686fd9744
https://ajax.googleapis.com/ajax/libs/jquery/1.6.2/jquery.min.js,d16d07a0353405fcec95f7efc50a2621bc7425f9a5e8895078396fb0dc460c4f
https://ajax.googleapis.com/ajax/libs/jquery/1.6.1/jquery.min.js,c784376960f3163dc760bc019e72e5fed78203745a5510c69992a39d1d8fe776
https://ajax.googleapis.com/ajax/libs/jquery/1.6.0/jquery.min.js,e58da58b314ccdeefa3c4865b4b8aa3153e890d7904e04483481d8fff2c27eaa
https://ajax.googleapis.com/ajax/libs/jquery/1.5.2/jquery.min.js,8f0a19ee8c606b35a10904951e0a27da1896eafe33c6e88cb7bcbe455f05a24a
https://ajax.googleapis.com/ajax/libs/jquery/1.5.1/jquery.min.js,764b9e9f3ad386aaa5cdeae9368353994de61c0bede087c8f7e3579cb443de3b
https://ajax.googleapis.com/ajax/libs/jquery/1.5.0/jquery.min.js,229278f6a9c1c27fc55bec50f06548fe64c2629f59f462d50cac28e65bb93a83
https://ajax.googleapis.com/ajax/libs/jquery/1.4.4/jquery.min.js,517364f2d45162fb5037437b5b6cb953d00d9b2b3b79ba87d9fe57ea6ee6070c
https://ajax.googleapis.com/ajax/libs/jquery/1.4.3/jquery.min.js,f800b399e5c7a5254fc66bb407117fe38dbde0528780e68c9f7c87d299f8486a
https://ajax.googleapis.com/ajax/libs/jquery/1.4.2/jquery.min.js,e23a2a4e2d7c2b41ebcdd8ffc0679df7140eb7f52e1eebabf827a88182643c59
https://ajax.googleapis.com/ajax/libs/jquery/1.4.1/jquery.min.js,2cec78f739fbddfed852cd7934d2530e7cc4c8f14b38673b03ba5fb880ad4cc7
https://ajax.googleapis.com/ajax/libs/jquery/1.4.0/jquery.min.js,89abaf1e2471b00525b0694048e179c0f39a2674e3bcb34460ea6bc4801882be
https://ajax.googleapis.com/ajax/libs/jquery/1.3.2/jquery.min.js,c8370a2d050359e9d505acc411e6f457a49b21360a21e6cbc9229bad3a767899
https://ajax.googleapis.com/ajax/libs/jquery/1.3.1/jquery.min.js,17ec1f16efac893b9bd89bba5f13cb1e0bf938bdc9cece6cae3ed77f18fa6fd7
https://ajax.googleapis.com/ajax/libs/jquery/1.3.0/jquery.min.js,900191a443115d8b48a9d68d3062e8b3d7129727951b8617465b485baf253006
https://ajax.googleapis.com/ajax/libs/jquery/1.2.6/jquery.min.js,928f0f1361a114f4b965df98e1b4cc11a9766a5292a29c79f13318edc3461dbc
https://ajax.googleapis.com/ajax/libs/jquery/1.2.3/jquery.min.js,31069d8cbddb6a73827a204a9e1a4fe75f9928a9e51cc0473801c2de1f1592d5
https://ajax.googleapis.com/ajax/libs/jquerymobile/1.4.5/jquery.mobile.min.css,bde718bbe26419b2789ee42b6816077570326691d41b5d8488df906931dc840a
https://ajax.googleapis.com/ajax/libs/jquerymobile/1.4.4/jquery.mobile.min.css,1bc5a3702f44959ba42cdb597a11ce754e98abd6e41e7a555efa916c60cb735e
https://ajax.googleapis.com/ajax/libs/jquerymobile/1.4.3/jquery.mobile.min.css,b4736a8c58d58da400fe4c2c238724e1f979ddd6a3e7645a0a50b06e688e7095
https://ajax.googleapis.com/ajax/libs/jquerymobile/1.4.2/jquery.mobile.min.css,5d1ce8e85b0e08b464b6a121ca408424a97e0d40c603f0a637ada250489f562f
https://ajax.googleapis.com/ajax/libs/jquerymobile/1.4.1/jquery.mobile.min.css,478e0d6b9a4ac62560d988e5ecc25e597befd5ff333f60842369456a0a1fb1ee
https://ajax.googleapis.com/ajax/libs/jquerymobile/1.4.0/jquery.mobile.min.css,e921d50e4186bfb0d050e8a4ab7d4b50c213b35663a8f9c46a85fd38ee28ca34
https://ajax.googleapis.com/ajax/libs/jqueryui/1.14.1/themes/smoothness/jquery-ui.css,36aa3a9c2d380119d4ccb86ea6bf68f009643331a3f573f17b9c8b5c39c926e9
https://ajax.googleapis.com/ajax/libs/jqueryui/1.14.0/themes/smoothness/jquery-ui.css,c29c34595075658d5976414a23404a9c4bbbef24dc237970551363dcb0b352be
https://ajax.googleapis.com/ajax/libs/jqueryui/1.13.3/themes/smoothness/jquery-ui.css,5beed07eb86f7b772b9c45d47dee741dc35e8da9150e5d0b4db3bf167f4e4057
https://ajax.googleapis.com/ajax/libs/jqueryui/1.13.2/themes/smoothness/jquery-ui.css,8473ed670b978405cb4ef7a6822385043b30107e0dae82a008326c6ed237ce51
https://ajax.googleapis.com/ajax/libs/jqueryui/1.13.1/themes/smoothness/jquery-ui.css,d1587bfde4c7ae469cdac61e2f0a1b1276eacf9d3e7dc1fd0f81c16babb7fb87
https://ajax.googleapis.com/ajax/libs/jqueryui/1.13.0/themes/smoothness/jquery-ui.css,f5860bc046705e3b2421966ea404e69aaad2b9414ab6414c7258dbd343ebe091
https://ajax.googleapis.com/ajax/libs/jqueryui/1.12.1/themes/smoothness/jquery-ui.css,f9b751c1cd0d2b0f91862db987fed9dda48758b15e6f42ca67796b45f4b21702
https://ajax.googleapis.com/ajax/libs/jqueryui/1.12.0/themes/smoothness/jquery-ui.css,38ab5953a468c8084db2452a42bdc59a6be197bab8dad4105c040b63186155e9
https://ajax.googleapis.com/ajax/libs/jqueryui/1.11.4/themes/smoothness/jquery-ui.css,7f8e420a4ac3ea7f6fd081ce07234101414d27df260a6d547663f8e0c0efbaf4
https://ajax.googleapis.com/ajax/libs/jqueryui/1.11.3/themes/smoothness/jquery-ui.css,7f4b9e18d6c7644e9d690818b04285dc90f64930759799ed1344f8ca71013e52
https://ajax.googleapis.com/ajax/libs/jqueryui/1.11.2/themes/smoothness/jquery-ui.css,95d5b67a78f81f3c071b01f888c9a468c13c8288597b64c99ff829e35b51a012
https://ajax.googleapis.com/ajax/libs/jqueryui/1.11.1/themes/smoothness/jquery-ui.css,9b725056b2fe2b144719e8120457f251eb85b9a8c776753cbadef3c0deb6dd05
https://ajax.googleapis.com/ajax/libs/jqueryui/1.11.0/themes/smoothness/jquery-ui.css,c2263002d3521779ee5854440cee6fc797304a69e0c04d691a0e7d3505110946
https://ajax.googleapis.com/ajax/libs/jqueryui/1.10.4/themes/smoothness/jquery-ui.css,5bba92f99f2514add495efe994a74f8602180e17ff646d9d4260f3bc8302f043
https://ajax.googleapis.com/ajax/libs/jqueryui/1.10.3/themes/smoothness/jquery-ui.css,9c286c1a80773a8c752ffc323aec348776f86ab242a4e58636b87f376e0853b1
https://ajax.googleapis.com/ajax/libs/jqueryui/1.10.2/themes/smoothness/jquery-ui.css,b3080cf74d69bea3983aa2970cfedb0d71af23944fcb3d65b145331fe81e05f7
https://ajax.googleapis.com/ajax/libs/jqueryui/1.10.1/themes/smoothness/jquery-ui.css,5b6c9dd6b1f2deb50d6a62e1c4bc4a362004502663f1d6e1e278a76e9af79a85
https://ajax.googleapis.com/ajax/libs/jqueryui/1.10.0/themes/smoothness/jquery-ui.css,d6e847220e9f5ca06be50e9c9c01066157d2f000ab3fb354f5e807148245e807
https://ajax.googleapis.com/ajax/libs/jqueryui/1.9.2/themes/smoothness/jquery-ui.css,21671e63016f14cf41ae8aa35d7709aecc3f9d17c08066330d6020fdfcbe1ae0
https://ajax.googleapis.com/ajax/libs/jqueryui/1.9.1/themes/smoothness/jquery-ui.css,85074fc75b18198daf143f4bc39d0fc2b31b6b4724f8b29ad239b0bd80e7fc56
https://ajax.googleapis.com/ajax/libs/jqueryui/1.9.0/themes/smoothness/jquery-ui.css,df3c4dfc105704b9df6638ed32ea3f68afd156774af784e80aeeec5585456d29
https://ajax.googleapis.com/ajax/libs/jqueryui/1.8.24/themes/smoothness/jquery-ui.css,308b1eee7a3334b8b7b0278128609357f58ee3e5ffe668e5c37b201815547ca6
https://ajax.googleapis.com/ajax/libs/jqueryui/1.8.23/themes/smoothness/jquery-ui.css,0e04d0a3b3a5f8defe518ff6ce3aa63131ba581d3be429b6a14a58745edbadf7
https://ajax.googleapis.com/ajax/libs/jqueryui/1.8.22/themes/smoothness/jquery-ui.css,eadd2dfdd1cd7ebed2c8f1507afb06b6c1ae69002895c9cddef8472b483d42e5
https://ajax.googleapis.com/ajax/libs/jqueryui/1.8.21/themes/smoothness/jquery-ui.css,c080d3b061215a2b871ec9b9892d77b7c16aa533a92565c3f96f13fea0793c95
https://ajax.googleapis.com/ajax/libs/jqueryui/1.8.20/themes/smoothness/jquery-ui.css,74ccbccb0f4ff9f045fdf4bfd2b1fcacb0e7da5f42c4e6c08332e996cf95b41a
https://ajax.googleapis.com/ajax/libs/jqueryui/1.8.19/themes/smoothness/jquery-ui.css,40ba4c5d50dbcab9139a480c1748541f13929f8b49821d2d8264bbd7ae621455
https://ajax.googleapis.com/ajax/libs/jqueryui/1.8.18/themes/smoothness/jquery-ui.css,82d9250c75e1436fe94dbb67869bb825ef351e5ec6a121627ecb30dc48d38e51
https://ajax.googleapis.com/ajax/libs/jqueryui/1.8.17/themes/smoothness/jquery-ui.css,dc0b86a449f533ccd7cfd77d70464881fd0d478e22b6209de9651f6336e07070
https://ajax.googleapis.com/ajax/libs/jqueryui/1.8.16/themes/smoothness/jquery-ui.css,c9f433520bf382b2a7823f65b54d6d04ce958c7ffaed714330de305ccfb8e47a
https://ajax.googleapis.com/ajax/libs/jqueryui/1.8.15/themes/smoothness/jquery-ui.css,083db2e205fb2543555e211de51b6c8a10c94e19bd360b5dd8d23461b217496c
https://ajax.googleapis.com/ajax/libs/jqueryui/1.8.14/themes/smoothness/jquery-ui.css,262166fbb9689e1ef3a5ceaaf733e98dd77b06a0eb37818e02ab8b4208496605
https://ajax.googleapis.com/ajax/libs/jqueryui/1.8.13/themes/smoothness/jquery-ui.css,d9b5f336d2bb70be788e8fb8726c06fc96a066884bcf3adcde86bd0ffd8b8c4e
https://ajax.googleapis.com/ajax/libs/jqueryui/1.8.12/themes/smoothness/jquery-ui.css,5465bef5a0a94e76ddf74226f2dc9c8a358e2bef64f14532333ed16de57b9de1
https://ajax.googleapis.com/ajax/libs/jqueryui/1.8.11/themes/smoothness/jquery-ui.css,9bee06945cbf2dc2acf1abc60a45959cc7c2da1f25e47ee96729cb054379caf2
https://ajax.googleapis.com/ajax/libs/jqueryui/1.8.10/themes/smoothness/jquery-ui.css,bc1b0cf78c34fb6f19d761116aea24dcf63a1bcb7aa045b59f1ede43f92c608e
https://ajax.googleapis.com/ajax/libs/jqueryui/1.8.9/themes/smoothness/jquery-ui.css,1b6ddf52e3315f7a96473596da6809939f5ba8a32a60443a9a6811e739442fa9
https://ajax.googleapis.com/ajax/libs/jqueryui/1.8.8/themes/smoothness/jquery-ui.css,187a74814cdbe2e9b7056ab9153ada04064e9cb92b1765ca3c9ce27139ec49fb
https://ajax.googleapis.com/ajax/libs/jqueryui/1.8.7/themes/smoothness/jquery-ui.css,2e912014c8649a94cdb1a085d25fe16327ee73fa71b4c817f193ce565a0252b7
https://ajax.googleapis.com/ajax/libs/jqueryui/1.8.6/themes/smoothness/jquery-ui.css,a08147844abff33d6c304678e29a1edf50340ffbcc6595a3ce4a1339aef05648
https://ajax.googleapis.com/ajax/libs/jqueryui/1.8.5/themes/smoothness/jquery-ui.css,c081874b00b9fa4641c3a28769fb6512f28a3a26878d03cde91e5c52c4899867
https://ajax.googleapis.com/ajax/libs/jqueryui/1.8.2/themes/smoothness/jquery-ui.css,24f099c92866d88ba834404372c3c1ad21bf305e9c501cb8089e520fdd3a63a1
https://ajax.googleapis.com/ajax/libs/jqueryui/1.8.1/themes/smoothness/jquery-ui.css,19d09f42aefee0cf1c34e57c3a2f5c9a53bba9035c731083bf27d5d155ef7afd
https://ajax.googleapis.com/ajax/libs/jqueryui/1.8.0/themes/smoothness/jquery-ui.css,d2144b545e8c15a55d45979bbf0321e492d579f96b0185444e054b00bc412a1f
https://ajax.googleapis.com/ajax/libs/jqueryui/1.7.3/themes/smoothness/jquery-ui.css,f921d1af2961e2278ef21996f921fb0be73d50e44a973961d4ca08c33d2eab65
https://ajax.googleapis.com/ajax/libs/jqueryui/1.7.1/themes/smoothness/jquery-ui.css,e5208c3e0ac02edce57773dc9d581019a78502844a2905706156bb45232d07db
https://ajax.googleapis.com/ajax/libs/listjs/2.3.1/list.min.js,b2f59a292da1e9839dc3560f61a64cff8af9b2ef3283cd57f0dd3225c53e6f5c
https://ajax.googleapis.com/ajax/libs/material-motion/0.1.0/material-motion.bundle.js,871a0382f661ba65ec9a87c017028f8cf8f4c71897a06866ab1358696f02b5fd
https://ajax.googleapis.com/ajax/libs/model-viewer/3.0.0/model-viewer.min.js,71628275b9bcf15e30746499bc20d475a8efe7b95647acf631043d2b55a04040
https://ajax.googleapis.com/ajax/libs/model-viewer/2.1.1/model-viewer.min.js,91f522608f12a362ca61e540222be1c0dba27e587c5029a9f1dd5a3d67b471ef
https://ajax.googleapis.com/ajax/libs/model-viewer/2.1.0/model-viewer.min.js,d61c81a82caa7df1bc3d8925db0de232fbb7337d02e0ae797508475bd7d8f4b6
https://ajax.googleapis.com/ajax/libs/model-viewer/2.0.2/model-viewer.min.js,6ebb304fc710bc334267cabd667ee89f90ab8feb486f535eafc71ba172c00b42
https://ajax.googleapis.com/ajax/libs/model-viewer/2.0.1/model-viewer.min.js,2a289b64909ee1736c08903ebe4d6c6daabab6606b1ce4d3a5de3e5641f50c00
https://ajax.googleapis.com/ajax/libs/model-viewer/2.0.0/model-viewer.min.js,5f8f4530ee05d20363a6f82bba44e3c596d5e6a3ca14594716d05306ab822451
https://ajax.googleapis.com/ajax/libs/model-viewer/1.12.0/model-viewer.min.js,2439cc76221f06f1bd3d645c2d4e8cda84d2d1291040b0823daa15611a8c5d53
https://ajax.googleapis.com/ajax/libs/model-viewer/1.11.1/model-viewer.min.js,34e30c7d1f228cf7e1dccf3c6d9dbadbbe78aea11c246b4c799b5d3c0b66d11a
https://ajax.googleapis.com/ajax/libs/model-viewer/1.10.0/model-viewer.min.js,c74339663155f094ee4849fa192b066c5393a64e207ab7139d0c1f40f12adef1
https://ajax.googleapis.com/ajax/libs/model-viewer/1.9.0/model-viewer.min.js,d681cd885a2147f27c10d0a1c1ed72685f31e76065e86b83a5444aafd9e56d11
https://ajax.googleapis.com/ajax/libs/model-viewer/1.8.0/model-viewer.min.js,9755e5ec31e883733ae0232dbd9f1d5189fc02a82e4ea37138d80d11b58c2f5d
https://ajax.googleapis.com/ajax/libs/model-viewer/1.7.2/model-viewer.min.js,06fb0bb849570631789952c074d1ee884855007ac6d3ef533f77d60cfb06a322
https://ajax.googleapis.com/ajax/libs/model-viewer/1.7.0/model-viewer.min.js,62d644b306c45ae9bda922785122d6520235194422ad3589e6432ba33d4b75ca
https://ajax.googleapis.com/ajax/libs/model-viewer/1.6.0/model-viewer.min.js,30deb2563394db642d9d755e8280b975e27a1335dfb19a985c7c75fb3266a634
https://ajax.googleapis.com/ajax/libs/model-viewer/1.5.1/model-viewer.min.js,d856d065f37972c0c9516f810b4065c1e3ba19a9e35825e58a8b96c1b34227ca
https://ajax.googleapis.com/ajax/libs/model-viewer/1.3.1/model-viewer.min.js,1c5426f04e151bb0a3d04f7be43e61a9a393ac991a7a29c95983ba2327c212b8
https://ajax.googleapis.com/ajax/libs/model-viewer/1.2.1/model-viewer.min.js,8adf99965cefc3eee96cabb6539088c4502d87b5517ac52a018b3b62228e3026
https://ajax.googleapis.com/ajax/libs/model-viewer/1.1.0/model-viewer.min.js,833b76c3d4972afc8ae2755432e3d287b169c43e767e697c03e978885d8e5b84
https://ajax.googleapis.com/ajax/libs/model-viewer/1.0.0/model-viewer.min.js,ce78d443008981770606ce26741937e5d1b1d2d5880419ad0b3fff66d2212989
https://ajax.googleapis.com/ajax/libs/mootools/1.6.0/mootools.min.js,07bec3e5fa672d0e0e028a72e4e26a0269906687519fd5f5761d42805e61a31f
https://ajax.googleapis.com/ajax/libs/mootools/1.5.2/mootools.min.js,7aa5e0e9ca7e20d815a41b113f2d5777f1dd0db3b11cc314b5e0a20650dfa469
https://ajax.googleapis.com/ajax/libs/mootools/1.5.1/mootools-yui-compressed.js,2a2632c81e13ca41fc81a3b9a95b98b6526768e9795263beae0aeb19d592ac4f
https://ajax.googleapis.com/ajax/libs/mootools/1.5.0/mootools-yui-compressed.js,cfce3e106ca22937013636e31d51df6c583b919b66673187fa8232987e6ec11f
https://ajax.googleapis.com/ajax/libs/mootools/1.4.5/mootools-yui-compressed.js,6be70110418f9738ca23c6d61d73ce3c0cb01087843c96de5ced119c5ab882c6
https://ajax.googleapis.com/ajax/libs/mootools/1.4.4/mootools-yui-compressed.js,52b8af76b034b209ec40e13fc38d6072a24726b547520a36d3b6a8d718a31adc
https://ajax.googleapis.com/ajax/libs/mootools/1.4.3/mootools-yui-compressed.js,6f21a7428ef4a98dc9e068073804540d5bfef22a9a286e5d79ad28b6247f4dde
https://ajax.googleapis.com/ajax/libs/mootools/1.4.2/mootools-yui-compressed.js,44fb20bc2899c2dcd9df5ff8cb4148c13eed1b9772cf3aea696f0120dea7e4c0
https://ajax.googleapis.com/ajax/libs/mootools/1.4.1/mootools-yui-compressed.js,cb4443ad03b3c7a2b17fc4679e3e22889ddd92218c06a88cdbdbad6714077fff
https://ajax.googleapis.com/ajax/libs/mootools/1.4.0/mootools-yui-compressed.js,7d29ab5e069f3d90c545aee6a8b4f26bbb0a07e79524ac354761fcb69ad1a380
https://ajax.googleapis.com/ajax/libs/mootools/1.3.2/mootools-yui-compressed.js,a8801b2f022372dc3f13c2b0a1f1207be8b25a24c4c1b594b3833d237cff1035
https://ajax.googleapis.com/ajax/libs/mootools/1.3.1/mootools-yui-compressed.js,aefc79031c1cb04fed78f296150c4c60730de2b99b4fde2f0c0682ae86f52849
https://ajax.googleapis.com/ajax/libs/mootools/1.3.0/mootools-yui-compressed.js,2baa933e4fe1f6e5936a7faa5395c4eddfad2ae75850bca5d4bdc40213f03324
https://ajax.googleapis.com/ajax/libs/mootools/1.2.5/mootools-yui-compressed.js,ac071a03abd75d9afc6f60a2e56fa914dd7e15e95ad3d8fcba33c96880d0c7f5
https://ajax.googleapis.com/ajax/libs/mootools/1.2.4/mootools-yui-compressed.js,915d1aba8fdb997699cc66f8e2823802b05f02487a4397cb7565bee13caaf048
https://ajax.googleapis.com/ajax/libs/mootools/1.2.3/mootools-yui-compressed.js,bc9f613af0d250ec23523e46b4cea075c128d732e3c26ae1c712183af89a75a1
https://ajax.googleapis.com/ajax/libs/mootools/1.2.2/mootools-yui-compressed.js,697a9a650e2b58c05f6b4e54ac076e0eafcb244c89e4969dfe1cd957a8657258
https://ajax.googleapis.com/ajax/libs/mootools/1.2.1/mootools-yui-compressed.js,47d3eb01d7218d85b7e8c60af98c2bf282e30b1fdcb260853a75c86d3cdfad5c
https://ajax.googleapis.com/ajax/libs/mootools/1.1.2/mootools-yui-compressed.js,be59356218310c9ab9a881a5cb3ca01d6eca525ad691589343dba307cc881df4
https://ajax.googleapis.com/ajax/libs/mootools/1.1.1/mootools-yui-compressed.js,875dc3664c9ad7e09f64900ffcfac63c34ce241892c984d82757865889d089e5
https://ajax.googleapis.com/ajax/libs/myanmar-tools/1.2.1/zawgyi_detector.min.js,9649a8fffb6795c25c04e226ad3ca765f53ba66e1504c19f8ba05fcdde8b41fc
https://ajax.googleapis.com/ajax/libs/myanmar-tools/1.0.1/zawgyi_detector.min.js,b6f9d69dafc35c709f82a9f378c3bd447277fcc0bf045f64f8ab30a6deb62cdf
https://ajax.googleapis.com/ajax/libs/myanmar-tools/1.1.0/zawgyi_detector.min.js,89001d6d088e28426c68d7544fad15dc00ffbcd477b3e5da2135ad8309cf098c
https://ajax.googleapis.com/ajax/libs/prototype/1.7.3.0/prototype.js,46bc7c7b853bf69ab0b165153453f7c1e84bf6982fe8adb6245088a5f3de8360
https://ajax.googleapis.com/ajax/libs/prototype/1.7.2.0/prototype.js,a6b4f5343dd13746d73c87e9f2e6187768e92fdfd1334fb4613dd23c6cd3e819
https://ajax.googleapis.com/ajax/libs/prototype/1.7.1.0/prototype.js,48a4fd51466ac55d081ff932371021b328f118f74ee6ba93c0ec8fd163e34a30
https://ajax.googleapis.com/ajax/libs/prototype/1.7.0.0/prototype.js,dedea3aa22a087b3745c9635e7a3d65e772d57ce590b541a6a32069a0b1d60b9
https://ajax.googleapis.com/ajax/libs/prototype/1.6.1.0/prototype.js,e6e2a78094b7589346c1a8a15f9155ab0300e52d1b97aabb0752d3fa2c3bcb38
https://ajax.googleapis.com/ajax/libs/prototype/1.6.0.3/prototype.js,1c9418e68631fa52f9dc1f338a4fa7b238d99e9519ebbc82819d9eae8b257bd1
https://ajax.googleapis.com/ajax/libs/prototype/1.6.0.2/prototype.js,e9cca17c4320baac34e9ea5a41357ae0baffdd1beed813c2ef1f82d1179e9868
https://ajax.googleapis.com/ajax/libs/scriptaculous/1.9.0/scriptaculous.js,a361f7a0236899778a357fa532dc307867137c6066d87b967f0314409c279018
https://ajax.googleapis.com/ajax/libs/scriptaculous/1.8.3/scriptaculous.js,249ea254b5f40568dc750fa3004aa011f9d0771bfed0f5a8484c49fef0eb5838
https://ajax.googleapis.com/ajax/libs/scriptaculous/1.8.2/scriptaculous.js,e6747c1a4c460fd40a05a0f419db1dc139c33e72447ac36f96d59451b213a4c7
https://ajax.googleapis.com/ajax/libs/scriptaculous/1.8.1/scriptaculous.js,e84f95f2e14bcd476d758c25295bb9318a03a003e2e0f7d61c135d1c6d963525
https://ajax.googleapis.com/ajax/libs/shaka-player/5.1.8/shaka-player.compiled.js,e96ee2c26f0e465ae7c4ea939068fe9730037d9e65bf43e07241dd0028f50acb
https://ajax.googleapis.com/ajax/libs/shaka-player/5.0.19/shaka-player.compiled.js,81d593d3b436d43566bbe69a72d12199e7647fe9970334f82e494a6d94550402
https://ajax.googleapis.com/ajax/libs/shaka-player/4.16.35/shaka-player.compiled.js,f1a30c47856ccada8980048844f7f6eab1779d808075a9aeb80838e99bef50cc
https://ajax.googleapis.com/ajax/libs/shaka-player/4.15.47/shaka-player.compiled.js,1c18b2359a19a9b0f3ce25155e1702db89b69c6f4a9e9e5defaeb0ed512e5970
https://ajax.googleapis.com/ajax/libs/shaka-player/5.1.0/shaka-player.compiled.js,e21b5e69ee82323b0201729f5576f71f8109cdda19599167acdb5f9d8a72cb42
https://ajax.googleapis.com/ajax/libs/shaka-player/5.0.0/shaka-player.compiled.js,0342e49e4f1703d5ca6accfd5beaa604ba77fad77d83c03353d7570f8a2567e3
https://ajax.googleapis.com/ajax/libs/shaka-player/4.16.0/shaka-player.compiled.js,1856beb1db1172a35fe7819b8d789ef220e6ca687cbf0be29153737d2c633089
https://ajax.googleapis.com/ajax/libs/shaka-player/4.15.0/shaka-player.compiled.js,c4d619822809d1f7d4e168dc9c6639e72b94cd8f41774b6e5e8be0af2880539f
https://ajax.googleapis.com/ajax/libs/shaka-player/4.14.0/shaka-player.compiled.js,59e3728e9322268f849dfd0d686f0aa5d8ea59ea72bb93e9e5c60787f2acf702
https://ajax.googleapis.com/ajax/libs/shaka-player/4.14.28/shaka-player.compiled.js,87c23851662aa3bc007c81053052be8f184a54aaa3f78966d957d443563fe18e
https://ajax.googleapis.com/ajax/libs/shaka-player/4.13.0/shaka-player.compiled.js,1198275a743cd7084cc21a81849396c897a2ad87952dd106f0b117820a365e85
https://ajax.googleapis.com/ajax/libs/shaka-player/4.13.25/shaka-player.compiled.js,20a659fdf718e5eb722663a7b4240d42813cd556dc3897d4745a0eb6a51a0206
https://ajax.googleapis.com/ajax/libs/shaka-player/4.12.0/shaka-player.compiled.js,f9c4b4b72969924d7e43ef08eb809d240e2984d5a7d9e2d18d3dd31c4c5824b6
https://ajax.googleapis.com/ajax/libs/shaka-player/4.12.18/shaka-player.compiled.js,5610a52c36babafdd7f911abce60f994003a042da7bbb4ea795ca4e2b6dbe1b4
https://ajax.googleapis.com/ajax/libs/shaka-player/4.11.0/shaka-player.compiled.js,94ebf6648ec5033396dacab75a27078049ed38c39205930f8acd64ce87d16efc
https://ajax.googleapis.com/ajax/libs/shaka-player/4.11.21/shaka-player.compiled.js,eb42c40889369e36802234621283c179166134c745c094fa2ef70cbbf800200a
https://ajax.googleapis.com/ajax/libs/shaka-player/4.10.0/shaka-player.compiled.js,f03e047f2efd0c06875ed7ac0c3fa22f1be572b95f7813c295e6113c8c03c176
https://ajax.googleapis.com/ajax/libs/shaka-player/4.10.26/shaka-player.compiled.js,4d13182ad7ad0504e3995f3c2f802a0cc0670ef3d3ee83a483f730576ba59b26
https://ajax.googleapis.com/ajax/libs/shaka-player/4.9.0/shaka-player.compiled.js,c1e720914104a5f3c4b1cca6c711b0ae2053e6843090bf8ed9d1a7fa93ae91c3
https://ajax.googleapis.com/ajax/libs/shaka-player/4.9.36/shaka-player.compiled.js,e005054497b7dfdad602d0f982ada89b659963b5d4513a65ad30e9b7cf68b91b
https://ajax.googleapis.com/ajax/libs/shaka-player/4.8.0/shaka-player.compiled.js,88547715d30f062164a984404946f998b19e0f77634311448bc3643b770f005c
https://ajax.googleapis.com/ajax/libs/shaka-player/4.8.20/shaka-player.compiled.js,7e1a8e039051c7b08994b32d09bc2484ddb6ab34ec15a194fdb20278147ccd55
https://ajax.googleapis.com/ajax/libs/shaka-player/4.7.0/shaka-player.compiled.js,34e297b11471ec6ff416d8491e3af32229f59c9127d3700618cd830d8f78b2af
https://ajax.googleapis.com/ajax/libs/shaka-player/4.7.15/shaka-player.compiled.js,2b915db83faf258e3896383fff4ade727015942390cbfcbe0333899425d72257
https://ajax.googleapis.com/ajax/libs/shaka-player/4.6.0/shaka-player.compiled.js,cea59365aa7b4ac6b7c819883874c71a286734c2a120245087ed8e340f5737ec
https://ajax.googleapis.com/ajax/libs/shaka-player/4.6.18/shaka-player.compiled.js,1c4d6787493cd1af327686b03e6b78ef520e519d9fcb14fd81f339990af5481c
https://ajax.googleapis.com/ajax/libs/shaka-player/4.5.0/shaka-player.compiled.js,c9bfde30d4e8c9ed9cc65ebacbe218fd72307405c00ba88dfdbb4eb33f9728a0
https://ajax.googleapis.com/ajax/libs/shaka-player/4.4.0/shaka-player.compiled.js,c308d53cb2014c1e9dc1537db24281d7dd63c544c73aefc90d5a94dbea813aee
https://ajax.googleapis.com/ajax/libs/shaka-player/4.4.3/shaka-player.compiled.js,7dc528afb4485c974aaec80177a843472f739ba9f92d76cf5bb9d1df156b7517
https://ajax.googleapis.com/ajax/libs/shaka-player/4.3.0/shaka-player.compiled.js,c21b4226117c4159dbf88aca722b27360268b65781007452ecd35fa90faccedd
https://ajax.googleapis.com/ajax/libs/shaka-player/4.3.16/shaka-player.compiled.js,117a0a6e7ebc855195fa3c46b94e8c31dc8e66b40701be88918a836364a0a8ce
https://ajax.googleapis.com/ajax/libs/shaka-player/4.2.0/shaka-player.compiled.js,d4ce28fe1dac1880bb9760dec10a046f16e4e1371b02acb5d4410f3f706fc96d
https://ajax.googleapis.com/ajax/libs/shaka-player/4.2.14/shaka-player.compiled.js,fc4460d75c10518de0a5fca8c97c77a7004b22a04bdcc8f3db64c5a8d50adaf6
https://ajax.googleapis.com/ajax/libs/shaka-player/4.1.0/shaka-player.compiled.js,ad0540a46d4d5d5990668394f418825c4622610c8670e5878c3c5d3b0e7f07a1
https://ajax.googleapis.com/ajax/libs/shaka-player/4.1.7/shaka-player.compiled.js,7cedffe0341b3f3ad83e5679232b0fb0d7facc1ddea171d7b83ef3758f05ec00
https://ajax.googleapis.com/ajax/libs/shaka-player/4.0.0/shaka-player.compiled.js,d1d3dabd066fadc62d85fbaf2b3fb2b163a77c5692c0a7d9cd29d0f6e8badeec
https://ajax.googleapis.com/ajax/libs/shaka-player/4.0.5/shaka-player.compiled.js,1b3e1df879a0d52ed863ec17544e68490a845b2847953ceeff1e4f72208e07e3
https://ajax.googleapis.com/ajax/libs/shaka-player/3.3.0/shaka-player.compiled.js,fc62df390de03bdf9596d8417664565c483b3a75b474a50a6dac34e3e6cec2e2
https://ajax.googleapis.com/ajax/libs/shaka-player/3.3.19/shaka-player.compiled.js,513903046f3a4e229c68f250b6ec6eea6f3fa57f3f15151ef8c8fb1203aa61bb
https://ajax.googleapis.com/ajax/libs/shaka-player/3.2.0/shaka-player.compiled.js,81220cf02ca3492f6f153418a403d0c074266679ea9c45d309b40626d5ad772c
https://ajax.googleapis.com/ajax/libs/shaka-player/3.2.21/shaka-player.compiled.js,9a35119f996fe9b0e47c2f3a397b6550712112175d9349beb2e07dc5c7670f43
https://ajax.googleapis.com/ajax/libs/shaka-player/3.1.0/shaka-player.compiled.js,ea786571cbf9385a45b67a5b04c8e9417d1b33e715026a9140c514a45989aa6f
https://ajax.googleapis.com/ajax/libs/shaka-player/3.1.8/shaka-player.compiled.js,4c53caacff49d7d3f0d8290472bee0e5d48b1ed9d09b50f301f13c1c93457aa7
https://ajax.googleapis.com/ajax/libs/shaka-player/3.0.0/shaka-player.compiled.js,8a2970d3195656d2f6fce53b1fe90ed81c0b69b06e53aa1550cdde9d7b9e0a3d
https://ajax.googleapis.com/ajax/libs/shaka-player/3.0.15/shaka-player.compiled.js,6571c9df07015cdb6c6899996ab6ebfb9cf25799255e3100534a5e5db40485f1
https://ajax.googleapis.com/ajax/libs/shaka-player/2.5.0-beta/shaka-player.compiled.js,f76d23ab88a1e6b851033716474b91a33e66c2f3ba951de7a6ba462c13f0cc55
https://ajax.googleapis.com/ajax/libs/shaka-player/2.5.23/shaka-player.compiled.js,d34f9655828de59bca4dd1cb3a6f8d4994125fb3b12286d1510a072d284740fa
https://ajax.googleapis.com/ajax/libs/shaka-player/2.4.0/shaka-player.compiled.js,4c0b08012e4eff434b40e58c19f266713dc1cab66ba66a933b1637ae401aa3fd
https://ajax.googleapis.com/ajax/libs/shaka-player/2.4.7/shaka-player.compiled.js,6080353d446fe2f4644b1e6b7ba601e9b07cd175aaaff90ca6346927393198fe
https://ajax.googleapis.com/ajax/libs/shaka-player/2.3.0/shaka-player.compiled.js,e6813b7fdc5089fb3c2a167a214c88698f6288527cd340e692be70539b19382e
https://ajax.googleapis.com/ajax/libs/shaka-player/2.3.10/shaka-player.compiled.js,56d17131cf7e4f2c676520f9e8c7576177edd042bc161bf238dbf51698164826
https://ajax.googleapis.com/ajax/libs/shaka-player/2.2.0/shaka-player.compiled.js,82e1e7b47105060f967bb429b9545907d7dbe7a022f5d77aa87c0cf8b9ee991d
https://ajax.googleapis.com/ajax/libs/shaka-player/2.2.10/shaka-player.compiled.js,0ff21554626f253decb9784da5a12586b1d0340d964192b71a24c66621c2e026
https://ajax.googleapis.com/ajax/libs/shaka-player/2.1.0/shaka-player.compiled.js,b8c59d2cf3169fcb1c43278931196ca688755384fa3992c432e061925573f4fd
https://ajax.googleapis.com/ajax/libs/shaka-player/2.1.9/shaka-player.compiled.js,0c2643113d8a87ec4cb8b0872823fcdf2bc6e17ee7cd35722fb893612e30f900
https://ajax.googleapis.com/ajax/libs/shaka-player/2.0.6/shaka-player.compiled.js,75d83a482a37a8c266c17c4daa09fd371dbcad05625b285ff5c6a080a1948a58
https://ajax.googleapis.com/ajax/libs/shaka-player/2.0.9/shaka-player.compiled.js,1c5c447898275743d2dd7e4f263e33a3035fbb337cdddeba4cae191860f1d02e
https://ajax.googleapis.com/ajax/libs/shaka-player/1.6.5/shaka-player.compiled.js,4dc25ef00a8354afd704afd899c42a04ffc1050058bfb000fb1a23ab1cc8d309
https://ajax.googleapis.com/ajax/libs/spf/2.4.0/spf.js,19d911381ea1b83833cae6998e46e6499d67c5676895572219ed5ffcb1e9c748
https://ajax.googleapis.com/ajax/libs/spf/2.3.2/spf.js,6e15de25ca539cf316e5161ee0f62e3cee3f26d3219865e286403e8760716c00
https://ajax.googleapis.com/ajax/libs/spf/2.3.1/spf.js,201e5d86c4f1e11efbd23ff7628b68719fd76062db08b3887bcb74050200a2ad
https://ajax.googleapis.com/ajax/libs/spf/2.3.0/spf.js,14b3e060b89dd20361b39aef6951c3c7917b7a19929bd68a1b1c5583f02edb0d
https://ajax.googleapis.com/ajax/libs/spf/2.2.0/spf.js,78a6d16287dd89bb67d41d2f07d909761f3202f8d96c28d5f9027072c8a470c0
https://ajax.googleapis.com/ajax/libs/spf/2.1.2/spf.js,bb019e1a3fb87ccfb4be01589e7bafc821244c52bf9f0b27816adf5b84829fab
https://ajax.googleapis.com/ajax/libs/spf/2.1.1/spf.js,c8ec7fd24deda95f956902cf60fe5578a706aa3648164119195ca54bb1f0e640
https://ajax.googleapis.com/ajax/libs/spf/2.1.0/spf.js,c9303c970274f7217ff4ee67feece2eabc5e8c25689a6d3908255e035ddb381f
https://ajax.googleapis.com/ajax/libs/spf/2.0.1/spf.js,11850e84281a17d8b39c73652f9ae771e87d1ddbbae87da580431e231bf28c81
https://ajax.googleapis.com/ajax/libs/spf/2.0.0/spf.js,869ca90cfa6550715e8144f0978c50975d9d335b78c6c5d454477e972accef88
https://ajax.googleapis.com/ajax/libs/swfobject/2.2/swfobject.js,8677971b119ccdb82af697ff0e08f218490d15116f221d44301f1cc8797e67d4
https://ajax.googleapis.com/ajax/libs/swfobject/2.1/swfobject.js,cafd612ebd6bc497a7a05d3dfef133a0b793f1e04e277b31c424d6d8892a1d48
https://ajax.googleapis.com/ajax/libs/webfont/1.6.26/webfont.js,81016ac6be850b72df5d4faa0c3cec8e2c1b0ba0045712144a6766adfad40bee
https://ajax.googleapis.com/ajax/libs/webfont/1.6.16/webfont.js,a28396880470a28e0525bdc0ea326ffb811de7de13662d02f7530dbbe3f12d90
https://ajax.googleapis.com/ajax/libs/webfont/1.5.18/webfont.js,ce261eb163fcaee6953cedc35059732a133766ab824dc512bbdf9424d48601e4
https://ajax.googleapis.com/ajax/libs/webfont/1.5.10/webfont.js,a240734f03c3c7a0927877faafffb214e1e8093c564e672fd264ee4f390e0601
https://ajax.googleapis.com/ajax/libs/webfont/1.5.6/webfont.js,77de557338a539f428b001f8f40d7a18f60a2f074173b25eab058de71874e49e
https://ajax.googleapis.com/ajax/libs/webfont/1.5.3/webfont.js,36ef095d011c4ced97b0acef551ca36d76b95299518595dc1acab792a2344601
https://ajax.googleapis.com/ajax/libs/webfont/1.5.2/webfont.js,df6f423f678c65d577220f5c5d74326df55b5e11bcb74b63b6d59f9ecb9577eb
https://ajax.googleapis.com/ajax/libs/webfont/1.5.0/webfont.js,0194cb6bae22aff8fa4a67a2f2985058cd55d11960a9485e8e32b11cf7216d3d
https://ajax.aspnetcdn.com/ajax/jQuery/jquery-1.8.0.js,04ee795a1a5a908ee339e145ae6c6b394d1dc0d971fd0896e3cb776660adba2e
https://ajax.aspnetcdn.com/ajax/jquery/jquery-1.9.0.js,4d7b01c2f6043bcee83a33d0f627dc6fbc27dc8aeb5bdd5d863e84304b512ef3
https://ajax.aspnetcdn.com/ajax/jquery.ui/1.8.10/themes/redmond/jquery-ui.css,9c9e47dcd8bdabe54be40818041c5cef1eccad4e33016a35be048927e70586c3
https://ajax.aspnetcdn.com/ajax/jquery.ui/1.8.22/jquery-ui.js,c618ebd8f7f0c13ac19a036c13864fd6e3375e83c892b6ce2504b94bcb4125de
https://ajax.aspnetcdn.com/ajax/jQuery/jquery-3.7.1.js,78a85aca2f0b110c29e0d2b137e09f0a1fb7a8e554b499f740d6744dc8962cfe
https://ajax.aspnetcdn.com/ajax/jQuery/jquery-3.7.1.slim.js,520bef37cbc19203b496e3d2525dacf13225392611a061405f88e50889bd01d7
https://ajax.aspnetcdn.com/ajax/jQuery/jquery-3.7.1.slim.min.js,9261efb3407e3a9096e4654750d8eff6b3a663422f48845c7fbcc65034c340cf
https://ajax.aspnetcdn.com/ajax/jQuery/jquery-3.7.0.js,265a924c42de4784cba8fd0e1bd77133bc833ea5f5a31fc77e08922c18fcfa43
https://ajax.aspnetcdn.com/ajax/jQuery/jquery-3.7.0.slim.js,ec63be8dea53f6025ef4b0785c57fcb2754e8d7de260d6f414762be4b2353797
https://ajax.aspnetcdn.com/ajax/jQuery/jquery-3.7.0.slim.min.js,b46e6671952d26c66fc8a03160b557ae68ca0552dde95a5571cab3febe32a451
https://ajax.aspnetcdn.com/ajax/jQuery/jquery-3.6.4.js,6bd8c1051ca05f5061e65b7c1998d70f3c8e07e6d6bdef4488eeed44e52d8ff1
https://ajax.aspnetcdn.com/ajax/jQuery/jquery-3.6.4.slim.js,756bd5f384fa061ccee2f1ba81686c595295a1ae255662e7a4139987f0801d4e
https://ajax.aspnetcdn.com/ajax/jQuery/jquery-3.6.4.slim.min.js,6b6ca31cce239c5f5fe78c5441a9236466aa62cfd5d4262f5a9a2a6730b6fc1c
https://ajax.aspnetcdn.com/ajax/jQuery/jquery-3.6.3.js,9d02ee01919145c20b03ee9d3013af7118793dedf5d2c0696a773af90066c953
https://ajax.aspnetcdn.com/ajax/jQuery/jquery-3.6.3.slim.js,0ca5350a627c901b84c2e99a2ee87d4e5ffa641ea3cc638157fe58a4d1360567
https://ajax.aspnetcdn.com/ajax/jQuery/jquery-3.6.3.slim.min.js,670a99215743de25cdc861db49876c9963fffd4068923d851c0c4ab9204a0d2a
https://ajax.aspnetcdn.com/ajax/jQuery/jquery-3.6.1.js,df3941e6cdaec28533ad72b7053ec05f7172be88ecada345c42736bc2ffba4d2
https://ajax.aspnetcdn.com/ajax/jQuery/jquery-3.6.1.slim.js,b579beb1ad6ecec6c59db5edf0626ab208b64f0fa6e012c60e87fa7943e36ed9
https://ajax.aspnetcdn.com/ajax/jQuery/jquery-3.6.1.slim.min.js,c3c0af845b3b88735552d9d23f460a120d34a7d221d77ae52fdcc6aaf2dd78f0
https://ajax.aspnetcdn.com/ajax/jQuery/jquery-3.6.0.js,1fe2bb5390a75e5d61e72c107cab528fc3c29a837d69aab7d200e1dbb5dcd239
https://ajax.aspnetcdn.com/ajax/jQuery/jquery-3.6.0.slim.js,1f058e34466ba6ea21f79d5c403d68bf61d42b9cc0e43c09d433545da33a16c6
https://ajax.aspnetcdn.com/ajax/jQuery/jquery-3.6.0.slim.min.js,bbb7b9921ca2b61948753a6edb63c78443663dc45d1621d18e102e1dcb34e512
https://ajax.aspnetcdn.com/ajax/jQuery/jquery-3.5.1.js,416a3b2c3bf16d64f6b5b6d0f7b079df2267614dd6847fc2f3271b4409233c37
https://ajax.aspnetcdn.com/ajax/jQuery/jquery-3.5.1.slim.js,0eb4f935fc5f6c7bcc1eec77d4b921c60e362d8ea87fc4da6322b9d239f14673
https://ajax.aspnetcdn.com/ajax/jQuery/jquery-3.5.1.slim.min.js,e3e5f35d586c0e6a9a9d7187687be087580c40a5f8d0e52f0c4053bbc25c98db
https://ajax.aspnetcdn.com/ajax/jQuery/jquery-3.5.0.js,aff01a147aeccc9b70a5efad1f2362fd709f3316296ec460d94aa7d31decdb37
https://ajax.aspnetcdn.com/ajax/jQuery/jquery-3.5.0.slim.js,b027b185a2a901fbaaba52a3b5263b57d1fb413d1308df741fe6393659aa3941
https://ajax.aspnetcdn.com/ajax/jQuery/jquery-3.5.0.slim.min.js,325bac0cb2483f519180bace7e5510b6c8723f44f04ff4475ec235c161a7421b
https://ajax.aspnetcdn.com/ajax/jQuery/jquery-3.4.1.js,5a93a88493aa32aab228bf4571c01207d3b42b0002409a454d404b4d8395bd55
https://ajax.aspnetcdn.com/ajax/jQuery/jquery-3.4.1.slim.js,0539537503bdfdf6ac701d5dade92b0d591a29df4f93007298c9473a21bea8b2
https://ajax.aspnetcdn.com/ajax/jQuery/jquery-3.4.1.slim.min.js,a5ab2a00a0439854f8787a0dda775dea5377ef4905886505c938941d6854ee4f
https://ajax.aspnetcdn.com/ajax/jQuery/jquery-3.4.0.js,0d864c082f074c2f900ebe5035a21c7d1ed548fb5c212ca477ee9e4a6056e6aa
https://ajax.aspnetcdn.com/ajax/jQuery/jquery-3.4.0.slim.js,9a295ecf1e656a4ad9bb438ff5bd90585cb57edfd41142ba347d49ab3f215214
https://ajax.aspnetcdn.com/ajax/jQuery/jquery-3.4.0.slim.min.js,65a5e76241c6a8886a4db27a301e25f45aecfebed4e23971ee2afc3c9601a9b2
https://ajax.aspnetcdn.com/ajax/jQuery/jquery-3.3.1.js,d8aa24ecc6cecb1a60515bc093f1c9da38a0392612d9ab8ae0f7f36e6eee1fad
https://ajax.aspnetcdn.com/ajax/jQuery/jquery-3.3.1.slim.js,7cd5c914895c6b4e4120ed98e73875c6b4a12b7304fbf9586748fe0a1c57d830
https://ajax.aspnetcdn.com/ajax/jQuery/jquery-3.3.1.slim.min.js,dde76b9b2b90d30eb97fc81f06caa8c338c97b688cea7d2729c88f529f32fbb1
https://ajax.aspnetcdn.com/ajax/jQuery/jquery-3.2.1.js,0d9027289ffa5d9f6c8b4e0782bb31bbff2cef5ee3708ccbcb7a22df9128bb21
https://ajax.aspnetcdn.com/ajax/jQuery/jquery-3.2.1.slim.js,b40f32d17aa2c27a7098e225dd218070597646fc478c0f2aa74fb5b821a64668
https://ajax.aspnetcdn.com/ajax/jQuery/jquery-3.2.1.slim.min.js,9365920887b11b33a3dc4ba28a0f93951f200341263e3b9cefd384798e4be398
https://ajax.aspnetcdn.com/ajax/jQuery/jquery-3.2.0.js,c0f149348165558e3d07e0ae008ac3afddf65d26fa264dc9d4cdb6337136ca54
https://ajax.aspnetcdn.com/ajax/jQuery/jquery-3.2.0.slim.js,f18ac10930e84233b80814f5595bcc1f6ffad74047d038d997114e08880aec03
https://ajax.aspnetcdn.com/ajax/jQuery/jquery-3.2.0.slim.min.js,a8b02fd240408a170764b2377efdd621329e46c517dbb85deaea4105ad0c4a8c
https://ajax.aspnetcdn.com/ajax/jQuery/jquery-3.1.1.js,d7a71d3dd740e95755227ba6446a3a21b8af6c4444f29ec2411dc7cd306e10b0
https://ajax.aspnetcdn.com/ajax/jQuery/jquery-3.1.1.slim.js,e62fe6437d3433befd3763950eb975ea56e88705cd51dccbfd1d9a5545f25d60
https://ajax.aspnetcdn.com/ajax/jQuery/jquery-3.1.1.slim.min.js,fd222b36abfc87a406283b8da0b180e22adeb7e9327ac0a41c6cd5514574b217
https://ajax.aspnetcdn.com/ajax/jQuery/jquery-3.1.0.js,b25a2092f0752b754e933008f10213c55dd5ce93a791e355b0abed9182cc8df9
https://ajax.aspnetcdn.com/ajax/jQuery/jquery-3.1.0.slim.js,2faa690232fa8e0b5199f8ae8a0784139030348da91ff5fd2016cfc9a9c9799c
https://ajax.aspnetcdn.com/ajax/jQuery/jquery-3.1.0.slim.min.js,711a568e848ec3929cc8839a64da388ba7d9f6d28f85861bea2e53f51495246f
https://ajax.aspnetcdn.com/ajax/jQuery/jquery-3.0.0.js,8eb3cb67ef2f0f1b76167135cef6570a409c79b23f0bc0ede71c9a4018f1408a
https://ajax.aspnetcdn.com/ajax/jQuery/jquery-3.0.0.slim.js,1a9ea1a741fe03b6b1835b44ac2b9c59e39cdfc8abb64556a546c16528fc2828
https://ajax.aspnetcdn.com/ajax/jQuery/jquery-3.0.0.slim.min.js,45fe0169d7f20adb2f1e63bcf4151971b62f34dbd9bce4f4f002df133bc2b03d
https://ajax.aspnetcdn.com/ajax/jQuery/jquery-2.2.4.js,893e90f6230962e42231635df650f20544ad22affc3ee396df768eaa6bc5a6a2
https://ajax.aspnetcdn.com/ajax/jQuery/jquery-2.2.3.js,95a5d6b46c9da70a89f0903e5fdc769a2c266a22a19fcb5598e5448a044db4fe
https://ajax.aspnetcdn.com/ajax/jQuery/jquery-2.2.2.js,e3fcd40aa8aad24ab1859232a781b41a4f803ad089b18d53034d24e4296c6581
https://ajax.aspnetcdn.com/ajax/jQuery/jquery-2.2.1.js,78d714ccede3b2fd179492ef7851246c1f1b03bfc2ae83693559375e99a7c077
https://ajax.aspnetcdn.com/ajax/jQuery/jquery-2.2.0.js,a18aa92dea997bd71eb540d5f931620591e9dee27e5f817978bb385bab924d21
https://ajax.aspnetcdn.com/ajax/jQuery/jquery-2.1.4.js,b2215cce5830e2350b9d420271d9bd82340f664c3f60f0ea850f7e9c0392704e
https://ajax.aspnetcdn.com/ajax/jQuery/jquery-2.1.3.js,828cbbcacb430f9c5b5d27fe9302f8795eb338f2421010f5141882125226f94f
https://ajax.aspnetcdn.com/ajax/jQuery/jquery-2.1.2.js,07cb07bdfba40ceff869b329eb48eeede41740ba6ce833dd3830bd0af49e4898
https://ajax.aspnetcdn.com/ajax/jQuery/jquery-2.1.2.min.js,604ec12a7d5e6bd8e2ac21cfaff11a5b93719a465919be76f99683d942a87576
https://ajax.aspnetcdn.com/ajax/jQuery/jquery-2.1.1.js,140ff438eaaede046f1ceba27579d16dc980595709391873fa9bf74d7dbe53ac
https://ajax.aspnetcdn.com/ajax/jQuery/jquery-2.1.0.js,0fa7752926a95e3ab6b5f67a21ef40628ce4447c81ddf4f6cacf663b6fb85af7
https://ajax.aspnetcdn.com/ajax/jQuery/jquery-2.1.0-vsdoc.js,50d981e32bd62e1625258b4ef43d4d10ca117f3849f38e0cdc9cfdef72492cfa
https://ajax.aspnetcdn.com/ajax/jQuery/jquery-2.0.3.js,9427fe2df51f7d4c6bf35f96d19169714d0b432b99dc18f41760d0342c538122
https://ajax.aspnetcdn.com/ajax/jQuery/jquery-2.0.3.min.js,b13cb5989e08fcb02314209d101e1102f3d299109bdc253b62aa1da21c9e38ba
https://ajax.aspnetcdn.com/ajax/jQuery/jquery-2.0.3-vsdoc.js,e444a2fd189e708e8b29d0eba02faeb2b77f20edcea558d901c055b1ec098b10
https://ajax.aspnetcdn.com/ajax/jQuery/jquery-2.0.2.js,d2ed0720108a75db0d53248ba8e36332658064c4189714d16c0f117efb42016d
https://ajax.aspnetcdn.com/ajax/jQuery/jquery-2.0.2.min.js,4d9586a075f082a04fd40178499c472012b351db4c1a4d210907a0891f7d8ad9
https://ajax.aspnetcdn.com/ajax/jQuery/jquery-2.0.2-vsdoc.js,b0473dc181b06f103101f1c54422e3c69db9e648e4a47505ddc75de313d36c2a
https://ajax.aspnetcdn.com/ajax/jQuery/jquery-2.0.1.js,820fb338fe8c7478a1b820e2708b4fd306a68825de1194803e7a93fbc2177a16
https://ajax.aspnetcdn.com/ajax/jQuery/jquery-2.0.1.min.js,243f6ee513637db6d897f01b89862f54f29c2cd94a35edaead432e1b334421c9
https://ajax.aspnetcdn.com/ajax/jQuery/jquery-2.0.1-vsdoc.js,e5ee5cd7c980f04624fb80a375eae2d12d15be5ed6edd427e0e7d45f0929b10c
https://ajax.aspnetcdn.com/ajax/jQuery/jquery-2.0.0.js,896e379d334cf0b16c78d9962a1579147156d4a72355032fce0de5f673d4e287
https://ajax.aspnetcdn.com/ajax/jQuery/jquery-2.0.0-vsdoc.js,b50af3fdec437c45bb7cfb4ed4f1ee73e158d7e3b60d98d89115ca2b31d4b371
https://ajax.aspnetcdn.com/ajax/jQuery/jquery-1.12.4.js,430f36f9b5f21aae8cc9dca6a81c4d3d84da5175eaedcf2fdc2c226302cb3575
https://ajax.aspnetcdn.com/ajax/jQuery/jquery-1.12.3.js,d5732912d03878a5cd3695dc275a6630fb3c255fa7c0b744ab08897824049327
https://ajax.aspnetcdn.com/ajax/jQuery/jquery-1.12.2.js,5540b2af46570795610626e8d8391356176ca639b1520c4319a2d0c7ba9bef16
https://ajax.aspnetcdn.com/ajax/jQuery/jquery-1.12.1.js,56e843a66b2bf7188ac2f4c81df61608843ce144bd5aa66c2df4783fba85e8ef
https://ajax.aspnetcdn.com/ajax/jQuery/jquery-1.12.0.js,c85537acad72f0d7d409dfc1e2d2daa59032f71d29642a8b64b9852f70166fbb
https://ajax.aspnetcdn.com/ajax/jQuery/jquery-1.11.3.js,2065aecca0fb9b0567358d352ed5f1ab72fce139bf449b4d09805f5d9c3725ed
https://ajax.aspnetcdn.com/ajax/jQuery/jquery-1.11.2.js,58c27035b7a2e589df397e5d7e05424b90b8c1aaaf73eff47d5ed6daecb70f25
https://ajax.aspnetcdn.com/ajax/jQuery/jquery-1.11.1.js,3029834a820c79c154c377f52e2719fc3ff2a27600a07ae089ea7fde9087f6bc
https://ajax.aspnetcdn.com/ajax/jQuery/jquery-1.11.0.js,ce0343e1d6f489768eeefe022c12181c6a0822e756239851310acf076d23d10c
https://ajax.aspnetcdn.com/ajax/jQuery/jquery-1.11.0-vsdoc.js,ca9f776644036aea231a7164a53ddfaca3df11ffd5eb9fd2f1d0b0a2a63e3188
https://ajax.aspnetcdn.com/ajax/jQuery/jquery-1.10.2.js,8ade6740a1d3cfedf81e28d9250929341207b23a55f1be90ccc26cf6d98e052a
https://ajax.aspnetcdn.com/ajax/jQuery/jquery-1.10.2.min.js,0ba081f546084bd5097aa8a73c75931d5aa1fc4d6e846e53c21f98e6a1509988
https://ajax.aspnetcdn.com/ajax/jQuery/jquery-1.10.2-vsdoc.js,d077d1d300b3b611bb50f70f060b1cca991d53578d64fc093c800eb1b85ebd85
https://ajax.aspnetcdn.com/ajax/jQuery/jquery-1.10.1.js,ebaded49db62a60060caa2577f2a4ec1ff68726bc40861bc65d977abeb64fa7d
https://ajax.aspnetcdn.com/ajax/jQuery/jquery-1.10.1.min.js,4837f7e1f1565ff667528cd75c41f401e07e229de1bd1b232f0a7a40d4c46f79
https://ajax.aspnetcdn.com/ajax/jQuery/jquery-1.10.1-vsdoc.js,1d575b8e820c8ce644017d9b037e8708254eaccaa09a22d1612efc2bf05be34b
https://ajax.aspnetcdn.com/ajax/jQuery/jquery-1.10.0.js,8aa0f84b5331efcc3cb72c7d504c2bc6ebd861da003d72c33df99ce650d4531d
https://ajax.aspnetcdn.com/ajax/jQuery/jquery-1.10.0.min.js,dbe2f39d679680bec02757226881b9ac53fb18a7a6cf397e2bbe6d4724c1c8e1
https://ajax.aspnetcdn.com/ajax/jQuery/jquery-1.10.0-vsdoc.js,07ce80414b1b9ec6378acceaa0073b9207dbfb349636010c26d5997d5f3cc847
https://ajax.aspnetcdn.com/ajax/jQuery/jquery-1.9.1.js,7bd80d06c01c0340c1b9159b9b4a197db882ca18cbac8e9b9aa025e68f998d40
https://ajax.aspnetcdn.com/ajax/jQuery/jquery-1.9.1-vsdoc.js,d6ac29c12881cd15752ab991e285faba80e918111cacbfa2d0995a27c6e64984
https://ajax.aspnetcdn.com/ajax/jQuery/jquery-1.9.0-vsdoc.js,ea49f00308275e81e820c62c8386c9f26f0a8310cc88ee52deb050aafd8c616c
https://ajax.aspnetcdn.com/ajax/jQuery/jquery-1.8.3.js,b79048269194de2a460e6b267695f420be996434fad12f90e3712a1c5b3b2544
https://ajax.aspnetcdn.com/ajax/jQuery/jquery-1.8.3.min.js,ba6eda7945ab8d7e57b34cc5a3dd292fa2e4c60a5ced79236ecf1a9e0f0c2d32
https://ajax.aspnetcdn.com/ajax/jQuery/jquery-1.8.3-vsdoc.js,6b5fd5c9c711c29a948fb7a4db70b0432c9341979160151f1e4236a744172ebf
https://ajax.aspnetcdn.com/ajax/jQuery/jquery-1.8.2.js,ba8f203a9ebbe5771f49bcbe0804079240c7225f4be6ab424769bfbfb35ebc35
https://ajax.aspnetcdn.com/ajax/jQuery/jquery-1.8.2.min.js,f23d4b309b72743aa8afe1f8c98a25b3ee31246fa572c66d9d8cb1982cae4fbc
https://ajax.aspnetcdn.com/ajax/jQuery/jquery-1.8.2-vsdoc.js,95dc2a2813902cbc4f73d08a0b40c82075f5bf54580be75195be267fa937a398
https://ajax.aspnetcdn.com/ajax/jQuery/jquery-1.8.1.js,7614fc75c4fcf6f32f7307f37550440e12adefb9289226acb79020c66faeffea
https://ajax.aspnetcdn.com/ajax/jQuery/jquery-1.8.1.min.js,a1305347219d673cc973172494248e557ce8eccaf65af995c07c9d7daed4475d
https://ajax.aspnetcdn.com/ajax/jQuery/jquery-1.8.1-vsdoc.js,57db52608af597f500fdde15e84eed98a5df2eb1420c500b6802683ecdc19c6b
https://ajax.aspnetcdn.com/ajax/jQuery/jquery-1.8.0.min.js,d73e2e1bff9c55b85284ff287cb20dc29ad9165ec09091a0597b61199f330805
https://ajax.aspnetcdn.com/ajax/jQuery/jquery-1.8.0-vsdoc.js,922c4f644309f24650449ad9aa3fe56437dc3fd64e4f301c8cad506f6225b7c0
https://ajax.aspnetcdn.com/ajax/jQuery/jquery-1.7.2.js,1717ea1fde8ceb7584341a24efc85c853083c660a1185968fbf94520f7193de2
https://ajax.aspnetcdn.com/ajax/jQuery/jquery-1.7.1.js,9fcc241093405946885039df428cfa7f0051a1f2bdbcc5a313a177a9e35f8806
https://ajax.aspnetcdn.com/ajax/jQuery/jquery-1.7.1-vsdoc.js,38a550ce8328fb33df61366e57f47112482852e983bb6ccc49e803440344f53b
https://ajax.aspnetcdn.com/ajax/jQuery/jquery-1.7.js,7c1885ec8620f40a10d045948d3f9f7b8f9c4f7bd2ff1ddfb486a9f27e95e3e3
https://ajax.aspnetcdn.com/ajax/jQuery/jquery-1.7-vsdoc.js,45bb7b66af345c2a5bceda0345c1a8a958bec5f57d0e0592b51c0c8b6468b23d
https://ajax.aspnetcdn.com/ajax/jQuery/jquery-1.6.4.js,54964f8b580ad795a962fb27066715d3281ae1ad13a28bf8aedd5d8859ebae37
https://ajax.aspnetcdn.com/ajax/jQuery/jquery-1.6.4.min.js,951d6bae39eb172f57a88bd686f7a921cf060fd21f59648f0d20b6a8f98fc5a5
https://ajax.aspnetcdn.com/ajax/jQuery/jquery-1.6.4-vsdoc.js,9e0a641dad7056dacb3f804dc39dd55fb4a52d4661ceee8d2f2b44c59f71c5e1
https://ajax.aspnetcdn.com/ajax/jQuery/jquery-1.6.3.js,9baa10e1c5630c3dcd9bb46bf00913cc94b3855d58c9459ae9848339c566e97b
https://ajax.aspnetcdn.com/ajax/jQuery/jquery-1.6.3-vsdoc.js,145564fef1d46d9412e068ba4215599389cdca5fc5b22fd9a53f473cb2e86f3d
https://ajax.aspnetcdn.com/ajax/jQuery/jquery-1.6.2.js,a57292619d14eb8cbd923bde9f28cf994ac66abc48f7c975b769328ff33bddc9
https://ajax.aspnetcdn.com/ajax/jQuery/jquery-1.6.2-vsdoc.js,cfa4f8850008871f43fb568be3ce0ac3427cc5cca781632961a2ad2083ec6e87
https://ajax.aspnetcdn.com/ajax/jQuery/jquery-1.6.1.js,0eef76a9583a6c7a1eb764d33fe376bfe1861df79fab82c2c3f5d16183e82016
https://ajax.aspnetcdn.com/ajax/jQuery/jquery-1.6.1-vsdoc.js,b8aa9a16785f138cb84397c0753c9ccf0754a9aba55bde0ec3339e1eaa9f5efa
https://ajax.aspnetcdn.com/ajax/jQuery/jquery-1.6.js,a7c98da2a0260a5c8ac615cad956b8b220b7a2d73d85364dcf77b63f92e907b3
https://ajax.aspnetcdn.com/ajax/jQuery/jquery-1.6-vsdoc.js,a920f0c8bb8d8d4ec718b45fc89f2279a68fd042a50bbcc3b1505cac407378d2
https://ajax.aspnetcdn.com/ajax/jQuery/jquery-1.5.2.js,e2107c8ecdb479c36d822d82bda2a8caf4429ab2d2cf9f20d5c931f75275403c
https://ajax.aspnetcdn.com/ajax/jQuery/jquery-1.5.2-vsdoc.js,19b0a94d63c1520e155ad3b07f3f8d715306b87cdea5fffe2e73a19f67288005
https://ajax.aspnetcdn.com/ajax/jQuery/jquery-1.5.1.js,e2ea0a6ca6b984a9405a759d24cf3c51eb3164e5c43e95c3e9a59b316be7b3b9
https://ajax.aspnetcdn.com/ajax/jQuery/jquery-1.5.1-vsdoc.js,7309dc0b44ed6739fd8a1c0e72c71a8439e5f437e5da948684144f9b36d99ced
https://ajax.aspnetcdn.com/ajax/jQuery/jquery-1.5.js,3613c89747be4a2d5dc17f442d0a482da665784e2e5a3931fb9a1fc38fa0fa8d
https://ajax.aspnetcdn.com/ajax/jQuery/jquery-1.5-vsdoc.js,68086ee8b987b0142fd657ca85a41c55ef6bad1e509d63168c9a4b408eabc66b
https://ajax.aspnetcdn.com/ajax/jQuery/jquery-1.4.4.js,b31cd094af7950b3a461dc78161fd2faf01faa9d0ed8c1c072790f83ab26d482
https://ajax.aspnetcdn.com/ajax/jQuery/jquery-1.4.4-vsdoc.js,528c24e08913fe2bd48df2653e3a928508ea5770402eb7893aa0d99436493c8a
https://ajax.aspnetcdn.com/ajax/jQuery/jquery-1.4.3.js,0e3303a3a0cec95ebc8c3cc3e19fc71c99487faa286b05d01a3eb8cca4d90bc7
https://ajax.aspnetcdn.com/ajax/jQuery/jquery-1.4.3-vsdoc.js,15dadbb0cf085614a54e374daf21260eb56f411d7f1cf59934e824982f606e78
https://ajax.aspnetcdn.com/ajax/jQuery/jquery-1.4.2.js,22f002a85e23a9ce491dcfb65f01e2e7e842d5e3783e6116808c2beee2a8f115
https://ajax.aspnetcdn.com/ajax/jQuery/jquery-1.4.2.min.js,945f2b04034f08f0df90dcc807c38b40ddf493db76d7a7804aaf2b7ff5586cd9
https://ajax.aspnetcdn.com/ajax/jQuery/jquery-1.4.2-vsdoc.js,5f8c99a7c37cd8485606cb6de379ae850b23b45648a439e07d59bd3322cbf685
https://ajax.aspnetcdn.com/ajax/jQuery/jquery-1.4.1.js,e9d959c64ca31baf49beb6760874298abf4ed8452525b52e29890f6e51f349ed
https://ajax.aspnetcdn.com/ajax/jQuery/jquery-1.4.1.min.js,1eafcccd960f284e3b3648fd758466166c883d0879a3ddc72c63a174910069e6
https://ajax.aspnetcdn.com/ajax/jQuery/jquery-1.4.1-vsdoc.js,8a2cf3949c81e453f9456b58d1b4d3ad327b6327dab44ae5c4df752e7fcf946c
https://ajax.aspnetcdn.com/ajax/jQuery/jquery-1.4.js,c3daca2aced802d12cfb9591b4b002bc6e073668c62a821295250cb1ae64859f
https://ajax.aspnetcdn.com/ajax/jQuery/jquery-1.4.min.js,c5672c05e2016a100a05a27584e77e7c7641315af2fb2ce048c04d5b7848950c
https://ajax.aspnetcdn.com/ajax/jQuery/jquery-1.3.2.js,7770ea2c3d9d472fdc1604f88acd3976918e3e17713af5486f00ed0a29aa2393
https://ajax.aspnetcdn.com/ajax/jQuery/jquery-1.3.2.min.js,a34739d75f51e883a9b15ea4e26f62ddf3487eb55e4a4aacee52c721c2b3cee5
https://ajax.aspnetcdn.com/ajax/jQuery/jquery-1.3.2-vsdoc.js,0fb49f4e3a1c5001950661981da731acf945b03bc8c2537032d126813eb5c418
https://ajax.aspnetcdn.com/ajax/jquery.migrate/jquery-migrate-3.0.0.js,96c54e07edd8866e877b93244cedc1c3f5f0e0d5caef06184e2d58f8cff63eb3
https://ajax.aspnetcdn.com/ajax/jquery.migrate/jquery-migrate-3.0.0.min.js,26494360e0db8345fef2c3e22a47055116f9cfb46f94d308684dd1036cfdeefc
https://ajax.aspnetcdn.com/ajax/jquery.migrate/jquery-migrate-1.2.1.js,578c614d0d66b61b936212632eca1b80686d62bd477d6f15ef46d8d6e33d9793
https://ajax.aspnetcdn.com/ajax/jquery.migrate/jquery-migrate-1.2.1.min.js,b3dd0087573d2e737db5ef7bb7f0c27c17e5831aac5fd19df39f104d1580d7d0
https://ajax.aspnetcdn.com/ajax/jquery.migrate/jquery-migrate-1.2.0.js,c9b5ef6e7c94f76652d193b575781628101baa3c9d5e1435c3a6bb316750ad3d
https://ajax.aspnetcdn.com/ajax/jquery.migrate/jquery-migrate-1.2.0.min.js,c05d0978bad2a386803ec798d7502bbc99e5e53db67de3e4f1fd278110d26567
https://ajax.aspnetcdn.com/ajax/jquery.migrate/jquery-migrate-1.1.1.js,20a17ca455b1f57fff2a8587936659df476d6c96cba150bdddb3dc209de8ae25
https://ajax.aspnetcdn.com/ajax/jquery.migrate/jquery-migrate-1.1.1.min.js,fdb88579b43b9c4ff6d5a7b8b69c0bf3baf07325df0fafd2917fdc301b0eac5f
https://ajax.aspnetcdn.com/ajax/jquery.migrate/jquery-migrate-1.1.0.js,6308384a55531b484d9ab0090ce32954a654bc169a7ade0d64ea5bfeae643118
https://ajax.aspnetcdn.com/ajax/jquery.migrate/jquery-migrate-1.1.0.min.js,a337873f0ea2fc855f452ad8d2030d3e5a2a359ed562a7ec18f4fa76a693ac35
https://ajax.aspnetcdn.com/ajax/jquery.migrate/jquery-migrate-1.0.0.js,5a17530ac4c5ce243b6aae35498009f9385596b09631d5513eda723fd2eab8a8
https://ajax.aspnetcdn.com/ajax/jquery.migrate/jquery-migrate-1.0.0.min.js,126cc380acafc239b63b90d729b809cb4b77365fa7a39f3e3fb7e44722c71725
https://ajax.aspnetcdn.com/ajax/modernizr/modernizr-3.5.0.js,9b702c361517264e3567839ca0d3aa6ad715b14f2d29e9dabc9f4a3d0686288c
https://ajax.aspnetcdn.com/ajax/modernizr/modernizr-2.8.3.js,7dfc3ef73c1284c7aff3c5cdac3812d212c8b899037d7860c8ba20a1defb9a7f
https://ajax.aspnetcdn.com/ajax/modernizr/modernizr-2.7.2.js,3db7fe4ba146a960fb68dbd7fc3bdd0222afd0e6c95b7410748e3579cfe52cbf
https://ajax.aspnetcdn.com/ajax/modernizr/modernizr-2.7.1.js,1e6227629cdb3e3630dabab6ab1f494d3d86eec7d6f5bee3e653a260dfea90c1
https://ajax.aspnetcdn.com/ajax/modernizr/modernizr-2.6.2.js,d579d83ae1477e0da463ad2b50e9b2bba341679e3d557deb9c3fb033a418da2b
https://ajax.aspnetcdn.com/ajax/modernizr/modernizr-1.7-development-only.js,63b3793f0fc85e724e13397edb6999753a2fdfbafef7b254d10ebc1709b6307f
https://ajax.aspnetcdn.com/ajax/modernizr/modernizr-2.0.6-development-only.js,b4965de74e2969eff51286fbb0f7d1e37166bdca53849a6cec4f4b33e81e6ceb
https://ajax.aspnetcdn.com/ajax/jshint/r07/jshint.js,74f1a99b715f30d5606b092c62d56b5ac42c0952c2b25f6875bee342a81d78ed
https://ajax.aspnetcdn.com/ajax/knockout/knockout-2.2.1.js,2881daa4ad6d8166824a0903fd71e39a870838acfbdd10ced0c5db6c12b23e73
https://ajax.aspnetcdn.com/ajax/knockout/knockout-2.2.1.debug.js,5734e8fa0fbc18fdefef86ed0c0bee25ecc2e28cd7dfc486902734549b630a24
https://ajax.aspnetcdn.com/ajax/knockout/knockout-2.2.0.js,1c4ffba8f75324bffdf5fadb4ca30ec029fede7428a8565a7d09a147f29d1ae4
https://ajax.aspnetcdn.com/ajax/knockout/knockout-2.2.0.debug.js,0080d84db88ac5ef53950bbbb17d04a009368f38a9e9fcaf5bc93c1992e0f76f
https://ajax.aspnetcdn.com/ajax/knockout/knockout-2.1.0.js,b51f83fb92d0bd1d30751b4fbb9ba5a20385850e8906d63406fba17485333557
https://ajax.aspnetcdn.com/ajax/knockout/knockout-2.1.0.debug.js,27fc1c356c6becdf3762ea1a5b96f7034531e6ff628692f18525ea15fe9fc268
https://ajax.aspnetcdn.com/ajax/knockout/knockout-3.0.0.js,6b97155dd807f48cb02eee6a4a984bf96b0b4bfa4a16ba712166b2f204663ca1
https://ajax.aspnetcdn.com/ajax/knockout/knockout-3.0.0.debug.js,5fb6e46b769b5ab212d3f943b0030b496140e0bff6359ed39d9054e046b94802
https://ajax.aspnetcdn.com/ajax/knockout/knockout-3.1.0.js,4f0a8cbd87750e6d74f4f1acba4524679bf02dfb0f0b36346061bd78130f04e1
https://ajax.aspnetcdn.com/ajax/knockout/knockout-3.1.0.debug.js,4fe1b3aa18d8a2b2b52acd146b0cc727f6e6ebb60c58e0af7700c2d689c796c9
https://ajax.aspnetcdn.com/ajax/knockout/knockout-3.2.0.js,e25a7723726c566cfc2a659482bba6fc00596edcd90837388346e8d11070d165
https://ajax.aspnetcdn.com/ajax/knockout/knockout-3.2.0.debug.js,a1d1a57cf48206b59ba68f3468a6c1a3b7eb1c3b9a34d2749cdc26032f65a342
https://ajax.aspnetcdn.com/ajax/knockout/knockout-3.3.0.js,43e21ee81d80adccf54b5d576da2ae4cacb595282014cf89b0f154f4c3b7aa95
https://ajax.aspnetcdn.com/ajax/knockout/knockout-3.3.0.debug.js,03147f5550efc83c9c83800039fcf3a39a7823bcc0c4d8f7f458cbfa82a6d623
https://ajax.aspnetcdn.com/ajax/knockout/knockout-3.4.0.js,972f13893b7056c0567637a44ea4c994b1b3dd1b20e185ebf3478ae9086d74cb
https://ajax.aspnetcdn.com/ajax/knockout/knockout-3.4.0.debug.js,ee9d66bdec647bed2b27d9e0a11c6d86363868ea925faf7a74683fdb67a92775
https://ajax.aspnetcdn.com/ajax/knockout/knockout-3.4.1.js,3d7f7359568809409e92573359a4bd0cb05bf6e18dee90a4093d0acb3d5e951a
https://ajax.aspnetcdn.com/ajax/knockout/knockout-3.4.1.debug.js,b33dc83edc07b6e995ff8dd0ec8e25756421b8e9418b0222e6e8a0ab30d0ca8a
https://ajax.aspnetcdn.com/ajax/knockout/knockout-3.4.2.js,a305fbb2ba223bf3b56bb8776b85f6f40d60dd082a74dbe28d143b5794c7e393
https://ajax.aspnetcdn.com/ajax/knockout/knockout-3.4.2.debug.js,1fd37d6e5571aa02cd8636739e5da6d11fd5108a85213f02147c8b146551ba7b
https://ajax.aspnetcdn.com/ajax/globalize/1.0.0/globalize.js,612762b1ee7a749006f9739e85b29e7b1d92f3bee076d83e52579bee5e4d9b27
https://ajax.aspnetcdn.com/ajax/globalize/1.0.0/node-main.js,a174b7300901558780f8822960b0436005e95a09bb7898a663f3710fc8b0d279
https://ajax.aspnetcdn.com/ajax/globalize/1.0.0/globalize/currency.js,fa0808809af69a68bb072ae12308224613a6b9fa058912b7ff5094597e1b6f35
https://ajax.aspnetcdn.com/ajax/globalize/1.0.0/globalize/date.js,b020d30932d4410998daadc91bd33585b0496ff1cb02c120c524ccc0a5c556cb
https://ajax.aspnetcdn.com/ajax/globalize/1.0.0/globalize/message.js,30a037d97e462afc59e8405975193203de2ccbc7026810c02f10178256dd70dc
https://ajax.aspnetcdn.com/ajax/globalize/1.0.0/globalize/number.js,275a0499cc335e482ea818fb0bfb321d0cbd404381b62fe5d6b304eef67c642b
https://ajax.aspnetcdn.com/ajax/globalize/1.0.0/globalize/plural.js,02b17c9d9929495452c06951ce909be0d3335c5b375d08abbb114b1511e2c8ca
https://ajax.aspnetcdn.com/ajax/globalize/1.0.0/globalize/relative-time.js,adc7df9afee9862fc6c70f04bc4c75c8d96745defa1337e95213fd27a8853c61
https://ajax.aspnetcdn.com/ajax/globalize/0.1.1/globalize.min.js,4f47f57d6a1fa208c80482c951caf23f3734c304e8323ba03bf05639b8f30551
https://ajax.aspnetcdn.com/ajax/globalize/0.1.1/globalize.js,3690fe53d37c3140dd93fa9053cc495943705da801daf4382d27340986af2c32
https://ajax.aspnetcdn.com/ajax/globalize/0.1.1/cultures/globalize.cultures.js,db457e0f4e63b744d7dd92b2a802c46bca37619384f0631d353acddc9f3c6af8
https://ajax.aspnetcdn.com/ajax/respond/1.4.2/respond.js,8219937fb5d40ea3720fb56701c5f55b462a0f77b19074190b2d15242c5caeaf
https://ajax.aspnetcdn.com/ajax/respond/1.4.2/respond.min.js,83a8807ef669fa70d0d9375347f5552897f76c6ae8e2e6f97ef592595462d8d1
https://ajax.aspnetcdn.com/ajax/respond/1.4.2/respond.matchmedia.addListener.js,9a6b309fad4e18c2df4c56deebfbb752ea19044036b1f92b8f765bfd8928e204
https://ajax.aspnetcdn.com/ajax/respond/1.4.2/respond.matchmedia.addListener.min.js,b6acab11e19314306ae282152bf1d668c8a7ba4e97ef7c43ce754cc781fd6601
https://ajax.aspnetcdn.com/ajax/respond/1.4.1/respond.js,b84153e2546d45c5f8f6eed54587ba444f085d321123b1ddd7d646a4273a95c8
https://ajax.aspnetcdn.com/ajax/respond/1.4.1/respond.min.js,b86d3f451534200ba9f251b5eab7acbf923ff7e677a8851d1110ba646867483b
https://ajax.aspnetcdn.com/ajax/respond/1.4.1/respond.matchmedia.addListener.js,2978ac0d6e588ff518a32fb596ba84514c7ba98cc8b991246e8567d43abbfe1b
https://ajax.aspnetcdn.com/ajax/respond/1.4.1/respond.matchmedia.addListener.min.js,b28614ec67c9d5b0796d02676ae1a09dd4f61820fb71699f3c800b786bdcd6ec
https://ajax.aspnetcdn.com/ajax/respond/1.4.0/respond.js,d699d4a8412e154f1a1be73df5d62652bb74d6764468c7d01ab2ca9817e7a95d
https://ajax.aspnetcdn.com/ajax/respond/1.4.0/respond.min.js,efa86a0d7c0ef7cbf4a4707d9730b06d6fae1b2a73bd610280be23ec725ad3ae
https://ajax.aspnetcdn.com/ajax/respond/1.4.0/respond.matchmedia.addListener.js,7102dc9b0db53ef07747d546ea5a5ef24a8a51bc73fb39f2b57ea427020216c2
https://ajax.aspnetcdn.com/ajax/respond/1.4.0/respond.matchmedia.addListener.min.js,ee013c3445876d3d02f7c27177693207c3c8b5282e1a3d89cd9939fd08f1e9d5
https://ajax.aspnetcdn.com/ajax/respond/1.3.0/respond.js,b438533c3f0fffef464300dd478d0bc48e3e5b2967e19b4257bfa5687e6e8618
https://ajax.aspnetcdn.com/ajax/respond/1.2.0/respond.js,5b294b4beffc073116e500279a2f5143a787f6274b63812b1303e0aac2201083
https://ajax.aspnetcdn.com/ajax/bootstrap/5.2.3/bootstrap.js,4ea6de9832c8e17c55a323a97dfbfe1532f9a0f9e74f46bfa962c9cb6fc035e8
https://ajax.aspnetcdn.com/ajax/bootstrap/5.2.3/bootstrap.min.js,9bcd4d0f29dc6556ebeeff44eaa0965f0c7f7308ee58394708cce2f698cca1b0
https://ajax.aspnetcdn.com/ajax/bootstrap/5.2.3/bootstrap.bundle.js,48861b2e0f0ac9bd765bc460c53ef3c0d01e50c7eb7e57755e929b73fd10d611
https://ajax.aspnetcdn.com/ajax/bootstrap/5.2.3/css/bootstrap.css,22b464461c1d3b621c3f6fb5b678b6531ab0a704d0e1bd078ddd371b87473db0
https://ajax.aspnetcdn.com/ajax/bootstrap/5.2.3/css/bootstrap.min.css,c0bcf7898fdc3b87babca678cd19a8e3ef570e931c80a3afbffcc453738c951a
https://ajax.aspnetcdn.com/ajax/bootstrap/5.2.3/css/bootstrap-grid.css,740d2c30c6ab1fa7fd9d79a81bc9f652d4cf81d30bf8540421069f7407649a36
https://ajax.aspnetcdn.com/ajax/bootstrap/5.2.3/css/bootstrap-grid.min.css,ef08436834c21d75e7a272480f9589d0cd4817e1e3ed7eecff4c1eaa6dc4e30f
https://ajax.aspnetcdn.com/ajax/bootstrap/5.2.3/css/bootstrap-reboot.css,de3d850307386a5484f7bb1e5a3ae710cd2bc717044dac18024aab8ac09376a3
https://ajax.aspnetcdn.com/ajax/bootstrap/5.2.3/css/bootstrap-reboot.min.css,27657a197e7882be419660ca00985d301ffbe085787cd42692fba7cffbbf808b
https://ajax.aspnetcdn.com/ajax/bootstrap/4.6.0/bootstrap.js,b5de8fd50518000158e7e3fae41b48cfe58582ecfccb1b53b9ade9e7224c2237
https://ajax.aspnetcdn.com/ajax/bootstrap/4.6.0/bootstrap.min.js,edd03b96ae4ff7886406c59d7dfeeaa1b624a7da297bf2f92d0cb6b7f9633cba
https://ajax.aspnetcdn.com/ajax/bootstrap/4.6.0/bootstrap.bundle.js,41eb27d1f2327c903455f1adce6d0a81ae51a3d782ce891d36830f91eedb4b11
https://ajax.aspnetcdn.com/ajax/bootstrap/4.6.0/css/bootstrap.css,7935e6d0f7278c760cd580d4904437bd87d9c45d417dfa58196cf6945aa60ab8
https://ajax.aspnetcdn.com/ajax/bootstrap/4.6.0/css/bootstrap.min.css,4ffcc598ee6cff4692c1cea272cd8a2f195f6dec32473e94370d6cdcfa5fe601
https://ajax.aspnetcdn.com/ajax/bootstrap/4.6.0/css/bootstrap-grid.css,b3f6b922c3c82229daef4cd91b819ae5890e0fba53b837aafffa23c56656e75d
https://ajax.aspnetcdn.com/ajax/bootstrap/4.6.0/css/bootstrap-grid.min.css,158cf68fff05fa7b67dab1734752e67e4d4dcf08a3bbb3e046d5cd9cbc3bd86b
https://ajax.aspnetcdn.com/ajax/bootstrap/4.6.0/css/bootstrap-reboot.css,b888ec9bdf98f0221303e37dabbf4d3a8ff4c3f48a19a26fe867ff6a5b711ec2
https://ajax.aspnetcdn.com/ajax/bootstrap/4.6.0/css/bootstrap-reboot.min.css,cd3d5950dfe3d62fda39a009a26977aeef162d133c4a264ae5812bfb5489c5b8
https://ajax.aspnetcdn.com/ajax/bootstrap/4.5.2/bootstrap.js,dd94aa9fafad4addd6cefb49809b9752132d5e9fe2afa116805440c733ebc22f
https://ajax.aspnetcdn.com/ajax/bootstrap/4.5.2/bootstrap.min.js,79c599dd760cec0c1621a1af49d9a2a49da5d45e1b37d4575bace0a5e0226582
https://ajax.aspnetcdn.com/ajax/bootstrap/4.5.2/bootstrap.bundle.js,7023807a4c1c0463b29dfa20e2f8c4da5320dd5df458e2f0ff004a0b417ef25e
https://ajax.aspnetcdn.com/ajax/bootstrap/4.5.2/css/bootstrap.css,538fca3b551cce7af15e486a0ef584bc87599b66ef44cdafc05b0bebd8a8b882
https://ajax.aspnetcdn.com/ajax/bootstrap/4.5.2/css/bootstrap.min.css,5b0fbe5b7ad705f6a937c4998ad02f73d8f0d976fe231b74aef0ec996990c93a
https://ajax.aspnetcdn.com/ajax/bootstrap/4.5.2/css/bootstrap-grid.css,434ff0dd1eac1acf7aa683e97a8da20304a963ca14978005b8221ab07248c6d5
https://ajax.aspnetcdn.com/ajax/bootstrap/4.5.2/css/bootstrap-grid.min.css,2c45a5eb97e8ab82131877dc492284c753ffd80dfb15d9737a4fd13ada1c3351
https://ajax.aspnetcdn.com/ajax/bootstrap/4.5.2/css/bootstrap-reboot.css,72e72a08cb5e59b8643c8c3c2e98d873dbbf1bb1895b5c46e0fdd360d31ed969
https://ajax.aspnetcdn.com/ajax/bootstrap/4.5.2/css/bootstrap-reboot.min.css,440645cad3480edeaa059f0ebea205fa6ec59832f5a829141697a0f9f284d39c
https://ajax.aspnetcdn.com/ajax/bootstrap/4.5.0/bootstrap.js,8bf26ae9373c49b3cc06b9efabfb0e4df1fcd615b97a655ae0ecd93ea85cc2d2
https://ajax.aspnetcdn.com/ajax/bootstrap/4.5.0/bootstrap.min.js,38544024da1a0fc2f706be6582557b5722d17f48ad9a8073594a0cf928e2e3ff
https://ajax.aspnetcdn.com/ajax/bootstrap/4.5.0/bootstrap.bundle.js,06ed8a1990ade6b474914d22e71f2b431e655045b16b96aeae674318fa4ce646
https://ajax.aspnetcdn.com/ajax/bootstrap/4.5.0/css/bootstrap.css,d619bbc4f158e072ff18f7d6cf9f7991c34b566b8c0b8de73da8284215936f9f
https://ajax.aspnetcdn.com/ajax/bootstrap/4.5.0/css/bootstrap.min.css,680af6669abc319f9803f0fa26d443df1b6bc29133d88a8e4bea560ffed7288c
https://ajax.aspnetcdn.com/ajax/bootstrap/4.5.0/css/bootstrap-grid.css,3cce063b8d8aa0c8eac285f21bd28ded1ebccb155d38bb056d36d5e93f7bd3e9
https://ajax.aspnetcdn.com/ajax/bootstrap/4.5.0/css/bootstrap-grid.min.css,e216f49acdbe944b8034d0323ac03cb1562adb6d3cbc767bebe81ea56e1da603
https://ajax.aspnetcdn.com/ajax/bootstrap/4.5.0/css/bootstrap-reboot.css,e7542b0152212d7b7e4a83b159e557375a6bc566a6c1a9bfc688ce899f6457d3
https://ajax.aspnetcdn.com/ajax/bootstrap/4.5.0/css/bootstrap-reboot.min.css,c585678985d406d5531388daf8ac073098eefe71aa98b08e271a0a1a19e4b295
https://ajax.aspnetcdn.com/ajax/bootstrap/4.4.1/bootstrap.js,eba7fab904d092f1c5f23a6788b5898e7b5e11f990682fed01315ec3f9d3040f
https://ajax.aspnetcdn.com/ajax/bootstrap/4.4.1/bootstrap.min.js,5aa53525abc5c5200c70b3f6588388f86076cd699284c23cda64e92c372a1548
https://ajax.aspnetcdn.com/ajax/bootstrap/4.4.1/bootstrap.bundle.js,675b7ec3167b121e53d6c2ba69e3d63211103a0851e236552f08f0ad464045e1
https://ajax.aspnetcdn.com/ajax/bootstrap/4.4.1/css/bootstrap.css,038ecec312ff9c0374c9d8831534865fb7ed6df4c94ca822274cea0ae4cf0e1e
https://ajax.aspnetcdn.com/ajax/bootstrap/4.4.1/css/bootstrap.min.css,2ff5b959fa9f6b4b1d04d20a37d706e90039176ab1e2a202994d9580baeebfd6
https://ajax.aspnetcdn.com/ajax/bootstrap/4.4.1/css/bootstrap-grid.css,8a8000e46ee076cb2e376e122f6072c53322ca0e66e4f9cfdc8e134b984d2180
https://ajax.aspnetcdn.com/ajax/bootstrap/4.4.1/css/bootstrap-grid.min.css,510b249dffe640f2d0df26cd303fd5da629ee0919cecab985313a18d05b43f5f
https://ajax.aspnetcdn.com/ajax/bootstrap/4.4.1/css/bootstrap-reboot.css,f390b76bdcd28bb7e0277a1a20e20c173f83358bc080413d4042a2c769b3bf39
https://ajax.aspnetcdn.com/ajax/bootstrap/4.4.1/css/bootstrap-reboot.min.css,a531731ec8757beaf3f7ba63354a7280c6f03f364cde22378cf77d9383c14e4a
https://ajax.aspnetcdn.com/ajax/bootstrap/4.3.1/bootstrap.js,a65d5b4abb65aad37f302c96f1751362e2422a8869f7f889112556d77e384813
https://ajax.aspnetcdn.com/ajax/bootstrap/4.3.1/bootstrap.min.js,0a34a87842c539c1f4feec56bba982fd596b73500046a6e6fe38a22260c6577b
https://ajax.aspnetcdn.com/ajax/bootstrap/4.3.1/bootstrap.bundle.js,a55ade67aedf45a013ca01c5e93fa042d175348ef4d16f64cde022beee9abbd5
https://ajax.aspnetcdn.com/ajax/bootstrap/4.3.1/css/bootstrap.css,35fbb6dc3891aacaf1ffa07abec2344fdbc454aab533a2a03bcf93577eb7837b
https://ajax.aspnetcdn.com/ajax/bootstrap/4.3.1/css/bootstrap.min.css,60b19e5da6a9234ff9220668a5ec1125c157a268513256188ee80f2d2c8d8d36
https://ajax.aspnetcdn.com/ajax/bootstrap/4.3.1/css/bootstrap-grid.css,7026b32c8b5a33e673e54133bbd1cdce581685796f9270b38dd138e4b05e4e7b
https://ajax.aspnetcdn.com/ajax/bootstrap/4.3.1/css/bootstrap-grid.min.css,0fd02f47413390d668599552bc8ddc87eb9ffd9e62ceb22971bb32915a61c0f5
https://ajax.aspnetcdn.com/ajax/bootstrap/4.3.1/css/bootstrap-reboot.css,65af136a8018835073994f517bb162cba1e1dda7388ecc0f13530a793b3de5bc
https://ajax.aspnetcdn.com/ajax/bootstrap/4.3.1/css/bootstrap-reboot.min.css,740458b82de9774c1affb4781e4b7fb11db37cb1c281b9d5010dac3f084d7b40
https://ajax.aspnetcdn.com/ajax/bootstrap/4.2.1/bootstrap.js,2b42a46918757ecfd461f29c9f304af46fd7ec7833b9a7952358493d2f12c6ce
https://ajax.aspnetcdn.com/ajax/bootstrap/4.2.1/bootstrap.min.js,eb795deda8983fa5310627c9584cf3f3b95d272567113500059018b3941cb267
https://ajax.aspnetcdn.com/ajax/bootstrap/4.2.1/bootstrap.bundle.js,610eac51823855ef00510a480764e1f30e237e5f9d73a59002dc4cb3809642e0
https://ajax.aspnetcdn.com/ajax/bootstrap/4.2.1/css/bootstrap.css,e54df3f4adcfd7b70a8066315d0039ac164ee440e3bbe960b571baa035cd6cd6
https://ajax.aspnetcdn.com/ajax/bootstrap/4.2.1/css/bootstrap.min.css,6b3bef53dc4a96ec07149d02a60b5fd026332bbce0b4ece79f3c55e3ddb85f5c
https://ajax.aspnetcdn.com/ajax/bootstrap/4.2.1/css/bootstrap-grid.css,1d12d8a3a14b5c8bc56a5e87618db1c8a14725d07fbe5e094038387d5846ba30
https://ajax.aspnetcdn.com/ajax/bootstrap/4.2.1/css/bootstrap-grid.min.css,e6d573b7daafdee530dc4204ffb40f9bd192b3f65ed11a0bf02b18b909bca8a8
https://ajax.aspnetcdn.com/ajax/bootstrap/4.2.1/css/bootstrap-reboot.css,33620a66a097f9624f5a483572a4cefbc12ea95c6df4b511bdf87ff0e40cb9d6
https://ajax.aspnetcdn.com/ajax/bootstrap/4.2.1/css/bootstrap-reboot.min.css,e9493663951399b6e85a64aae34b39277c0d0ede93cc852fb1ee540179160a32
https://ajax.aspnetcdn.com/ajax/bootstrap/4.1.1/bootstrap.js,a4831a4b67fc1bebf996bbf08711e8404bc155a7e581aa42e74991b4cfec5993
https://ajax.aspnetcdn.com/ajax/bootstrap/4.1.1/bootstrap.min.js,c5a17d46976d471cf060c5a0e25749a323d6ab20cf0910f40afed81047ba21ef
https://ajax.aspnetcdn.com/ajax/bootstrap/4.1.1/bootstrap.bundle.js,54491fcc7087dac3145622f773753513c67ac4988465b1a2095b3dae149ed554
https://ajax.aspnetcdn.com/ajax/bootstrap/4.1.1/css/bootstrap.css,29e5a081b0b244d53993c32067b25ff1a921fceb4bed0bbf625a020696b28f8d
https://ajax.aspnetcdn.com/ajax/bootstrap/4.1.1/css/bootstrap.min.css,31df1e69ea3aece8a8bae5c08bcb7f5e977cb76f886897b301355359b66a48ec
https://ajax.aspnetcdn.com/ajax/bootstrap/4.1.1/css/bootstrap-grid.css,48d7cf9e2bb8781178489622330d2586de83c9a11b8f2981b18fd3763cf491d6
https://ajax.aspnetcdn.com/ajax/bootstrap/4.1.1/css/bootstrap-grid.min.css,43c9cd29c9ed8eed2dd6e0071d4c689ee816d1ac5e5271820f362eb7801d1f77
https://ajax.aspnetcdn.com/ajax/bootstrap/4.1.1/css/bootstrap-reboot.css,e1e0fb0e585f9841cce7b277e2607872b8fe762799af4f9cdfdc000f35ad9c57
https://ajax.aspnetcdn.com/ajax/bootstrap/4.1.1/css/bootstrap-reboot.min.css,6b7c38fffa97891aa201809b4cdc2a3cc0c9c6919aede07af9560f1da26998ba
https://ajax.aspnetcdn.com/ajax/bootstrap/4.0.0/bootstrap.js,71577fb46a22fa031506bab9c5ddb4640e38ef10a1b4959a11288b41ce4b0757
https://ajax.aspnetcdn.com/ajax/bootstrap/4.0.0/bootstrap.min.js,e7ed36ceee5450b4243bbc35188afabdfb4280c7c57597001de0ed167299b01b
https://ajax.aspnetcdn.com/ajax/bootstrap/4.0.0/bootstrap.bundle.js,32bb7cb99bb2ffb5b46efeed845a241336eb27cc959be9865c6e17629dc36e33
https://ajax.aspnetcdn.com/ajax/bootstrap/4.0.0/css/bootstrap.css,8c1a4c25634d5841924aab1848acc9dcbc3d5672183053c8b71ff2139b65d7c3
https://ajax.aspnetcdn.com/ajax/bootstrap/4.0.0/css/bootstrap.min.css,2c0f3dcfe93d7e380c290fe4ab838ed8cadff1596d62697f5444be460d1f876d
https://ajax.aspnetcdn.com/ajax/bootstrap/4.0.0/css/bootstrap-grid.css,9172c5b50d24722b565865b3005f20fd6d2b962487d67975979448b9c86957cd
https://ajax.aspnetcdn.com/ajax/bootstrap/4.0.0/css/bootstrap-grid.min.css,9dc830c055d681120a87b83f0aab7d3eaa61f1db28088024e06072312fd8e792
https://ajax.aspnetcdn.com/ajax/bootstrap/4.0.0/css/bootstrap-reboot.css,aadd07066e8d8df798b1cb2a0b8ec72243196d3a789fac34c4afddfea6cd2bf3
https://ajax.aspnetcdn.com/ajax/bootstrap/4.0.0/css/bootstrap-reboot.min.css,a73eb8489f6f9d693286d3a8ee6b6239e916b85a3b608197af35e31256337160
https://ajax.aspnetcdn.com/ajax/bootstrap/3.4.1/bootstrap.js,dbd2a35e72edc7d6bde483481a912f1c38aa57fab2747d9b071d317339ee03a2
https://ajax.aspnetcdn.com/ajax/bootstrap/3.4.1/bootstrap.min.js,9ee2fcff6709e4d0d24b09ca0fc56aade12b4961ed9c43fd13b03248bfb57afe
https://ajax.aspnetcdn.com/ajax/bootstrap/3.4.1/css/bootstrap.css,d170052c16caec3810f2dee6456539045d8e326f6d8ed7c7f78e59ed34de348a
https://ajax.aspnetcdn.com/ajax/bootstrap/3.4.1/css/bootstrap.min.css,6d92dfc1700fd38cd130ad818e23bc8aef697f815b2ea5face2b5dfad22f2e11
https://ajax.aspnetcdn.com/ajax/bootstrap/3.4.1/css/bootstrap-theme.css,a0858cc08fdc8e11c1cf6b0fdefc8e1927350e61aa034f5e253a49759426b4df
https://ajax.aspnetcdn.com/ajax/bootstrap/3.4.1/css/bootstrap-theme.min.css,f2e1cc227d6bbb4192e4a3becdfed971c7fc530d76200e43add11c98cb962c53
https://ajax.aspnetcdn.com/ajax/bootstrap/3.4.0/bootstrap.js,ada59556faf3292b672cf3df851c09d17c0a431b4ba9ee581dfdaa04dd7b986e
https://ajax.aspnetcdn.com/ajax/bootstrap/3.4.0/bootstrap.min.js,909ae563eb34f7e4285a3a643ab5d7c21c5e6a80f3f455b949ac45f08d0389b4
https://ajax.aspnetcdn.com/ajax/bootstrap/3.4.0/css/bootstrap.css,9d83041a06739b9f76f1a8bbaa10585359289ace718214edaf8f03234e662942
https://ajax.aspnetcdn.com/ajax/bootstrap/3.4.0/css/bootstrap.min.css,1f429f4e2829515fb4ff9b67d875c2d023f08610e15a049ac0976715dd02182a
https://ajax.aspnetcdn.com/ajax/bootstrap/3.4.0/css/bootstrap-theme.css,d6cfce014ad4173b3fa6ec3fcb089545a516c45e0c26a7e3f0c2e53fb78f5bc3
https://ajax.aspnetcdn.com/ajax/bootstrap/3.4.0/css/bootstrap-theme.min.css,bda1336adb53efe4377382f688ba108f7f70c700c860a579a2ea4f37aa570d09
https://ajax.aspnetcdn.com/ajax/bootstrap/3.3.7/bootstrap.js,0abe8deb334de1ba743b04d0399e99eba336afed9da72fc4c0a302c99f9238c8
https://ajax.aspnetcdn.com/ajax/bootstrap/3.3.7/bootstrap.min.js,53964478a7c634e8dad34ecc303dd8048d00dce4993906de1bacf67f663486ef
https://ajax.aspnetcdn.com/ajax/bootstrap/3.3.7/css/bootstrap.css,7e630d90c7234b0df1729f62b8f9e4bbfaf293d91a5a0ac46df25f2a6759e39a
https://ajax.aspnetcdn.com/ajax/bootstrap/3.3.7/css/bootstrap.min.css,f75e846cc83bd11432f4b1e21a45f31bc85283d11d372f7b19accd1bf6a2635c
https://ajax.aspnetcdn.com/ajax/bootstrap/3.3.7/css/bootstrap-theme.css,c4ea52f9efdd111f33ef6c3eaabc8289e386cac408f1c10b015b773071b4a616
https://ajax.aspnetcdn.com/ajax/bootstrap/3.3.7/css/bootstrap-theme.min.css,653e073e97423adda5bc3917a241ee8497dd38a48f14bcde0098a4e54fd0fa5e
https://ajax.aspnetcdn.com/ajax/bootstrap/3.3.6/bootstrap.js,defc39740ac1859d8e2785ed473208409627e87addd5f78f2deaacb93a12d51d
https://ajax.aspnetcdn.com/ajax/bootstrap/3.3.6/bootstrap.min.js,2979f9a6e32fc42c3e7406339ee9fe76b31d1b52059776a02b4a7fa6a4fd280a
https://ajax.aspnetcdn.com/ajax/bootstrap/3.3.6/css/bootstrap.css,ad850187e2746ffcc60b36c6d36c0986277e9dc1f277406ca146298cb2d2a309
https://ajax.aspnetcdn.com/ajax/bootstrap/3.3.6/css/bootstrap.min.css,eece6e0c65b7007ab0eb1b4998d36dafe381449525824349128efc3f86f4c91c
https://ajax.aspnetcdn.com/ajax/bootstrap/3.3.6/css/bootstrap-theme.css,6490865c545c18b9b68fb1f2aa4c057235073fdd164c8fa62c0c6b1861e85f6e
https://ajax.aspnetcdn.com/ajax/bootstrap/3.3.6/css/bootstrap-theme.min.css,a3c6ccd19e5c16faefbef429d042458b82c80af040f450b1ee208dba88d5b0df
https://ajax.aspnetcdn.com/ajax/bootstrap/3.3.5/bootstrap.js,ef43a4d502ffb688656851d788c42869d47e8840d007b4f4b66f62530171acd4
https://ajax.aspnetcdn.com/ajax/bootstrap/3.3.5/bootstrap.min.js,4a4de7903ea62d330e17410ea4db6c22bcbeb350ac6aa402d6b54b4c0cbed327
https://ajax.aspnetcdn.com/ajax/bootstrap/3.3.5/css/bootstrap.css,ef9c554bca3ce5b9f978b626ff8c3a441c0468af2599bdb4e9b6b32f6743f058
https://ajax.aspnetcdn.com/ajax/bootstrap/3.3.5/css/bootstrap.min.css,31fbd99641c212a6ad3681a2397bde13c148c0ccd98385bce6a7eb7c81417d87
https://ajax.aspnetcdn.com/ajax/bootstrap/3.3.5/css/bootstrap-theme.css,00768474cf7178ebe087d5154abd5756b38958a2ffb1ba2947ef500b7d8dd094
https://ajax.aspnetcdn.com/ajax/bootstrap/3.3.5/css/bootstrap-theme.min.css,6c7422a9c15b9c96f542187ad5163d70c87a911d204ee418ea214e063d728f4d
https://ajax.aspnetcdn.com/ajax/bootstrap/3.3.4/bootstrap.js,41af969ee00e8132a0040094db2b1a79a15b4d9b7e2bb485012970fdf7b5c455
https://ajax.aspnetcdn.com/ajax/bootstrap/3.3.4/bootstrap.min.js,d5fd173d00d9733900834e0e1083de86b532e048b15c0420ba5c2db0623644b8
https://ajax.aspnetcdn.com/ajax/bootstrap/3.3.4/css/bootstrap.css,c942686010e285633d77a24341c43850ccd6162fcc7e8281ae8a70c2921a9af5
https://ajax.aspnetcdn.com/ajax/bootstrap/3.3.4/css/bootstrap.min.css,f04b517ba5d6a0510485689a3e42dac000f51640fd71b986804cba178eae42a5
https://ajax.aspnetcdn.com/ajax/bootstrap/3.3.4/css/bootstrap-theme.css,08aede946406c041c0b8c5c6e316e5967f3cfd8b24f357929b5dd4318d994092
https://ajax.aspnetcdn.com/ajax/bootstrap/3.3.4/css/bootstrap-theme.min.css,2453e31f9c5e0dbee528d11f97a85edf897ed93406954ce8e475f0244abf249a
https://ajax.aspnetcdn.com/ajax/bootstrap/3.3.2/bootstrap.js,47bf6b2e0bb21849f205a4f2d90c8e40b2773f3fdf4c764471cd050ef0a87378
https://ajax.aspnetcdn.com/ajax/bootstrap/3.3.2/bootstrap.min.js,c8eeec83fe8bf655eeeda291466d268770436dde4e3e40416a85d05d3893e892
https://ajax.aspnetcdn.com/ajax/bootstrap/3.3.2/css/bootstrap.css,b67e1ad605d0a3f2c66fa867d2f2f7bf05af804481f9c59c2fbfec4db4774ee8
https://ajax.aspnetcdn.com/ajax/bootstrap/3.3.2/css/bootstrap.min.css,d31bef450ee67b64f9b70bfdf41fe4e00c65438705cc1fbb48ea6026d3a5d697
https://ajax.aspnetcdn.com/ajax/bootstrap/3.3.2/css/bootstrap-theme.css,3226f2443c214b02805b30d01727e8ed280e2de37eaa1143a40942b306c87818
https://ajax.aspnetcdn.com/ajax/bootstrap/3.3.2/css/bootstrap-theme.min.css,d52e81c967acbd07816d13c2a1d43ef6c34039369151ba7452620be72abcf711
https://ajax.aspnetcdn.com/ajax/bootstrap/3.3.1/bootstrap.js,c68fd9f7f7c8165a37c795ebfa68f958fc5e03cdefc2a586ad682199065c3330
https://ajax.aspnetcdn.com/ajax/bootstrap/3.3.1/bootstrap.min.js,f971b901aeb9e55b07d472afee09bd5ae05159e1119dbd16d993e473565e7fc0
https://ajax.aspnetcdn.com/ajax/bootstrap/3.3.1/css/bootstrap.css,a60a31e4e77b8fb6360b986653ac24762db5249892d8907099b7109d2194110c
https://ajax.aspnetcdn.com/ajax/bootstrap/3.3.1/css/bootstrap.min.css,d699f303990ce9bd7d7c97e9bd3cad6a46ecf2532f475cf22ae58213237821b9
https://ajax.aspnetcdn.com/ajax/bootstrap/3.3.1/css/bootstrap-theme.css,9e5bae1a02a326ca2ddd4ff79ab7a80ac946feda14f0e1d11c42f0910aca6a78
https://ajax.aspnetcdn.com/ajax/bootstrap/3.3.1/css/bootstrap-theme.min.css,a7b20ec84aadcaaa7d3f53c6fcb93348eeb392dcf9f158e22124eae321ae190b
https://ajax.aspnetcdn.com/ajax/bootstrap/3.3.0/bootstrap.js,8e5884d1be3041eafbab27d898b8e401e0263c5bebaba17c97d82240064a362c
https://ajax.aspnetcdn.com/ajax/bootstrap/3.3.0/bootstrap.min.js,484081bfe6c76d77610eb71a6e71206fe5304d62c037f058b403592192069306
https://ajax.aspnetcdn.com/ajax/bootstrap/3.3.0/css/bootstrap.css,99d290a34abaed938e19c68e54ff19cc23ac158d4bc0a050697f48f6a8b3b0ea
https://ajax.aspnetcdn.com/ajax/bootstrap/3.3.0/css/bootstrap.min.css,96b126417447a9c5d415f06e00e2e6372248c9857f5ff60b6477f8c6f55c449a
https://ajax.aspnetcdn.com/ajax/bootstrap/3.3.0/css/bootstrap-theme.css,ad142b62fbe9e550240f2f719af7de45b4f3f0348f6952e4014e54eb074bf061
https://ajax.aspnetcdn.com/ajax/bootstrap/3.3.0/css/bootstrap-theme.min.css,585a1e926461873df9f5d8c3d88bcc3d3fae182ab1fc8596bc2aa2bb7c28e0b0
https://ajax.aspnetcdn.com/ajax/bootstrap/3.2.0/bootstrap.js,7970f31907d91bf0f19efe8aefee74d6f0a2d8c72b2f8f20a5e297d3c414a78f
https://ajax.aspnetcdn.com/ajax/bootstrap/3.2.0/bootstrap.min.js,24cc29533598f962823c4229bc280487646a27a42a95257c31de1b9b18f3710f
https://ajax.aspnetcdn.com/ajax/bootstrap/3.2.0/css/bootstrap.css,d08f291bcb83079b1333094f4c021641b33182915b5e74ae8bddf5d7b4fd4698
https://ajax.aspnetcdn.com/ajax/bootstrap/3.2.0/css/bootstrap.min.css,b5fd723750763ebb731f9221e413e7d64d58d5192dc040e42292ed3dcccca732
https://ajax.aspnetcdn.com/ajax/bootstrap/3.2.0/css/bootstrap-theme.css,76277ac909f2a26af03b51f7fdacd5c9b91394c57c7fb76b1334d4ba084b67d5
https://ajax.aspnetcdn.com/ajax/bootstrap/3.2.0/css/bootstrap-theme.min.css,34b102cb7689409fd1c3c180aeb1fd3f0b8bf0b47ab25c74c42eaff574e661a9
https://ajax.aspnetcdn.com/ajax/bootstrap/3.1.1/bootstrap.js,a9d250db6b377dcc698f55167295d617b6eee4d5936121ff91eca5e7e140c361
https://ajax.aspnetcdn.com/ajax/bootstrap/3.1.1/bootstrap.min.js,898d05a17f2cfc5120ddcdba47a885c378c0b466f30f0700e502757e24b403a1
https://ajax.aspnetcdn.com/ajax/bootstrap/3.1.1/css/bootstrap.css,0e430441e9833f9e3b9219b4837068670afbb50171678365b95f45de9291b632
https://ajax.aspnetcdn.com/ajax/bootstrap/3.1.1/css/bootstrap.min.css,e9503448692b738dd260fbd7f7cabf2e11f09b600fa97e6eb3a56eba5b1a7e9b
https://ajax.aspnetcdn.com/ajax/bootstrap/3.1.1/css/bootstrap-theme.css,382a4120b748eaf656e422f2f27c8778d311fabb97a644db97011ec176c130bf
https://ajax.aspnetcdn.com/ajax/bootstrap/3.1.1/css/bootstrap-theme.min.css,c72060928bf66e8ff55b42e653f95429d4777769d790921ff8390eb1068da303
https://ajax.aspnetcdn.com/ajax/bootstrap/3.1.0/bootstrap.js,535a0eb07fb0fbd62a59719e584c1b27a71066285b222f21684eaf4606ea9e01
https://ajax.aspnetcdn.com/ajax/bootstrap/3.1.0/bootstrap.min.js,03bf371e3ca4739cfe6bea61f0126b7cbb94e4713e970651f9acd5acb3d9e399
https://ajax.aspnetcdn.com/ajax/bootstrap/3.1.0/css/bootstrap.css,cdd948b7d6c8d783b0565c35672c8d4bb66a63e8118f467dd5a5636ebf0838b5
https://ajax.aspnetcdn.com/ajax/bootstrap/3.1.0/css/bootstrap.min.css,11c74aed50911d54c04455fe1d9c04f42c5f6cf438a94976f890f25f2a59f699
https://ajax.aspnetcdn.com/ajax/bootstrap/3.1.0/css/bootstrap-theme.css,f32924767e9a199e417c4c030ef64a5742442eb320da082dbb8ee723593b02ff
https://ajax.aspnetcdn.com/ajax/bootstrap/3.1.0/css/bootstrap-theme.min.css,3e2f84043957526fe870b9880d925ef2b0462916755671e2c5bc3a50b3c7e985
https://ajax.aspnetcdn.com/ajax/bootstrap/3.0.3/bootstrap.js,d88949ad637b040b893c651e938b80f8a1aabc350c94c01c28e8a38fadab2df3
https://ajax.aspnetcdn.com/ajax/bootstrap/3.0.3/bootstrap.min.js,fc1d94f50dd3822e1e53cb96af4f040d2ad8b5c7b984bae5e84efc7641acfada
https://ajax.aspnetcdn.com/ajax/bootstrap/3.0.3/css/bootstrap.css,4d83d1ae3cbc212a2df745bc4ce666e96f394685d1f16c880945b3170eb385d4
https://ajax.aspnetcdn.com/ajax/bootstrap/3.0.3/css/bootstrap.min.css,46a2de362f54e3c988cc8c9fbf68fe12018c8ae42fe11509a747f52f17834466
https://ajax.aspnetcdn.com/ajax/bootstrap/3.0.3/css/bootstrap-theme.css,85cb3fc8c03bec558783043376e89525f7334bfe38ffb91848effb8912872672
https://ajax.aspnetcdn.com/ajax/bootstrap/3.0.3/css/bootstrap-theme.min.css,9fcaeb2ce94bd25c75486fa826ef54058db4960c522755718573dd1c09842d75
https://ajax.aspnetcdn.com/ajax/bootstrap/3.0.2/bootstrap.js,20f9dc1b8566a371cc3e871516427ca49165c3c5ee486801240fe3e725da235c
https://ajax.aspnetcdn.com/ajax/bootstrap/3.0.2/bootstrap.min.js,13d9e9ce4061c6b648768b09a36d000a7bfba969d4570cf329f938ede6a8f393
https://ajax.aspnetcdn.com/ajax/bootstrap/3.0.2/css/bootstrap.css,9ca2a4315204327d868aa4db781f8bb4275af29a3e6199ac9879a1cb65631854
https://ajax.aspnetcdn.com/ajax/bootstrap/3.0.2/css/bootstrap.min.css,1e3b05336944dc8257502af3b9d063bd66295c799afe9ae1368eddfb4db6e250
https://ajax.aspnetcdn.com/ajax/bootstrap/3.0.2/css/bootstrap-theme.css,38b50f6a9cf836ab3786b57a4f5897b7e463fcf3417ad5d34374bcc8f521f69e
https://ajax.aspnetcdn.com/ajax/bootstrap/3.0.2/css/bootstrap-theme.min.css,3c548748deae47704d113023d010973051946d90f39b23f587ce28637344f4a1
https://ajax.aspnetcdn.com/ajax/bootstrap/3.0.1/bootstrap.js,6ddcc3798a17cb6481fd035989374b96f9a4aede325064d949be5e28df3e8e49
https://ajax.aspnetcdn.com/ajax/bootstrap/3.0.1/bootstrap.min.js,3e460b21839bf49543aeac626269114e5bc49092a516d7e94da7dbaee582bfd6
https://ajax.aspnetcdn.com/ajax/bootstrap/3.0.1/css/bootstrap.css,0cfbef6678f77e0c2d479a096e394c5c6342acdbd76d16dbf45819f28b95bd69
https://ajax.aspnetcdn.com/ajax/bootstrap/3.0.1/css/bootstrap.min.css,cef7b5122315b3f0e84ab1539cd690e33e45bc13dd5f094b02ceec8f08696455
https://ajax.aspnetcdn.com/ajax/bootstrap/3.0.1/css/bootstrap-theme.css,d0cc79e811969b3f1196b0ee2e4fddbfd1e9f819879f1eecb00205310eecc5c7
https://ajax.aspnetcdn.com/ajax/bootstrap/3.0.1/css/bootstrap-theme.min.css,b1874dab85dee4d31e6f616d6be2f5c16433d723eaaf067a03ee6fadd7dfc2ff
https://ajax.aspnetcdn.com/ajax/bootstrap/3.0.0/bootstrap.js,912e9182833035948fe293a9d4e1ddc1382304916fae943d535e2685c8a9e850
https://ajax.aspnetcdn.com/ajax/bootstrap/3.0.0/bootstrap.min.js,54d21b0676784d0c983bbd4093898770adefa932d89b72c8afd88183a19172a7
https://ajax.aspnetcdn.com/ajax/bootstrap/3.0.0/css/bootstrap.css,420b3d68e87c190370d928c51daff4d027603e7b21d5071afb3640ca2081c9c9
https://ajax.aspnetcdn.com/ajax/bootstrap/3.0.0/css/bootstrap.min.css,1cbda21998b65e08a7e936114cabd7f7783d0f590dd6efdd58c7faa8b6e7b9aa
https://ajax.aspnetcdn.com/ajax/bootstrap/3.0.0/css/bootstrap-theme.css,7cf55486dee2be0308bf563839af8fa0468c89d7d66871c770a00d3d59de9824
https://ajax.aspnetcdn.com/ajax/bootstrap/3.0.0/css/bootstrap-theme.min.css,b100568f77c3473b9a67355942b413d4ec1844b8d19a2fb43f44c15f2217db68
https://ajax.aspnetcdn.com/ajax/bootstrap/2.3.2/bootstrap.js,c3f8c2b3964a5e2fd9d931f96f94277dab8eea0ac992a19dc7fa866089ae04dd
https://ajax.aspnetcdn.com/ajax/bootstrap/2.3.2/bootstrap.min.js,a515a82292b34bdde3447113634d5d496039ffd4d6a0c7382586f3c24e582645
https://ajax.aspnetcdn.com/ajax/bootstrap/2.3.2/css/bootstrap.css,8ef80d2fcefad0e18cd164e7e87b2539ab82fc54b068eb0bbde160663b0a5769
https://ajax.aspnetcdn.com/ajax/bootstrap/2.3.2/css/bootstrap.min.css,f835e3c49aa6e6421f1728761cecb75dea22f603dbc03ad4bf3930be33afd477
https://ajax.aspnetcdn.com/ajax/bootstrap/2.3.2/css/bootstrap-responsive.css,128d23ba0a7aeb733b0ffc2e1e0f0b42626e686b500ca4ba7cfeda3bb1185a91
https://ajax.aspnetcdn.com/ajax/bootstrap/2.3.2/css/bootstrap-responsive.min.css,2f09ebcae886fd76e6107343b5f01160bd75f36cf425b37d6f67cee399e0651a
https://ajax.aspnetcdn.com/ajax/bootstrap/2.3.1/bootstrap.js,d866bfa9ce0720b22d3abb93fbbdcdd94d5c9a8afa4d460c9f81f8aa54d1912d
https://ajax.aspnetcdn.com/ajax/bootstrap/2.3.1/bootstrap.min.js,7470f9d78491838f5cc3ee51d4ed4d8a232f6c80ae80706dff96c062d3d663b6
https://ajax.aspnetcdn.com/ajax/bootstrap/2.3.1/css/bootstrap.css,300040ff0171295d23c06bcfdd13c84989f6bffd35a40faaedcb8f600d85ec66
https://ajax.aspnetcdn.com/ajax/bootstrap/2.3.1/css/bootstrap.min.css,397733364041c86da6e5df0150e120e3b642bb91b2edb6b0fa7f2661cfb1e122
https://ajax.aspnetcdn.com/ajax/bootstrap/2.3.1/css/bootstrap-responsive.css,c166c16211466eb989c1eaf1573fa2e727d76ba8dce3be5ef6be2dde152b0819
https://ajax.aspnetcdn.com/ajax/bootstrap/2.3.1/css/bootstrap-responsive.min.css,76a06227945b3f8215623543deed9aef209aad313f90eb1ab3b7ed367d0c238c
https://ajax.aspnetcdn.com/ajax/bootstrap-touch-carousel/0.8.0/css/bootstrap-touch-carousel.css,6643bc9a226a00e5632636934aab861f5f9f601cbe13b1fdc6847eac2600dcc9
https://ajax.aspnetcdn.com/ajax/bootstrap-touch-carousel/0.8.0/js/bootstrap-touch-carousel.js,f89219158c1edea8c2b5cb049bb2d9b4ca425d38d3cc96d2013a21c3df191d4f
https://ajax.aspnetcdn.com/ajax/hammer.js/2.0.4/hammer.js,8585af240e85e9d9a2f4d8043e7f65656e7f2bb9bd859bca8eb2170a71d586e4
https://ajax.aspnetcdn.com/ajax/hammer.js/2.0.4/hammer.min.js,f2bfc0b2ffa4e26071e6d6d8b73d750f6e9f8eb4e021a8ffdb18b84af0b919a3
https://ajax.aspnetcdn.com/ajax/mvc/5.2.3/jquery.validate.unobtrusive.js,d0bd6658f9da18b0a473ae5be1df45fda351d7921b85decefdae6f7f58f9e1bb
https://ajax.aspnetcdn.com/ajax/mvc/5.2.3/jquery.validate.unobtrusive.min.js,11f24140f22f336529a89c2ef3a8c39263c2d48979dd5f4c7c700b022d14a650
https://ajax.aspnetcdn.com/ajax/mvc/5.1/jquery.validate.unobtrusive.js,47d6c3bbf6508fd42c0526adc55175b38d0291fe5eecd243020f8260fd597193
https://ajax.aspnetcdn.com/ajax/mvc/5.1/jquery.validate.unobtrusive.min.js,8f34cfdd22f42be729474d2b0ce8946afdfb6c4eeefdbc59a5aec2cbc7806dd0
https://ajax.aspnetcdn.com/ajax/mvc/5.0/jquery.validate.unobtrusive.js,ab00be544912062b8d6901ceb41d11b6c38407c073620f0339be6e6c9eae5025
https://ajax.aspnetcdn.com/ajax/mvc/5.0/jquery.validate.unobtrusive.min.js,c43c532923fb3bc58b4f17d98f842122978ec76cc38d428149036e045f5ff0a1
https://ajax.aspnetcdn.com/ajax/mvc/4.0/jquery.validate.unobtrusive.js,3bcde1e49ff7dc2a6ee8d3dd1c01ccb3e2ab3b1201eb0c5ef1de6d88f72d8b9b
https://ajax.aspnetcdn.com/ajax/mvc/4.0/jquery.validate.unobtrusive.min.js,8471fa78d401f16ebdcfc24fad9863f6a4c554c8d5b701fe2146b375650f8031
https://ajax.aspnetcdn.com/ajax/mvc/3.0/jquery.unobtrusive-ajax.js,fa4cea96ce9b95c3c8e58109eaf7a4e7e686a0608ead9496162d0019e6b5dbc0
https://ajax.aspnetcdn.com/ajax/mvc/3.0/jquery.unobtrusive-ajax.min.js,89da54af89d1dc132d88d36276efcf776b56d555b2b4ec4046af37bbebbedceb
https://ajax.aspnetcdn.com/ajax/jquery.unobtrusive-ajax/3.2.5/jquery.unobtrusive-ajax.js,db0ad2a30961d6ba2647585edc213b7ca2747b2a5433b54cf78352e216ca865d
https://ajax.aspnetcdn.com/ajax/jquery.unobtrusive-ajax/3.2.5/jquery.unobtrusive-ajax.min.js,755f82e7a0f8a0c0ea3ed5806e77b6e4eb0a5e4b96d739f09602b51274e75461
https://ajax.aspnetcdn.com/ajax/mvc/3.0/jquery.validate.unobtrusive.js,a67fe65ee69957ecf0565154bb1efb6ede6959e75263dcb09f28e8e53e8a10b8
https://ajax.aspnetcdn.com/ajax/mvc/3.0/jquery.validate.unobtrusive.min.js,8be4750ee4c973a07ce989bc481e8a1f1e37d7bece26fa960d5d98c7122e0494
https://ajax.aspnetcdn.com/ajax/jquery.validation.unobtrusive/3.2.10/jquery.validate.unobtrusive.js,f8a6134910849e0d4c50437b200f59022151882f9758cc5983fe1f551fe5fd4d
https://ajax.aspnetcdn.com/ajax/jquery.validation.unobtrusive/3.2.10/jquery.validate.unobtrusive.min.js,ce4545c430810342be165e906434690f41be190f937ee1afef15e420033af61f
https://ajax.aspnetcdn.com/ajax/mvc/3.0/MicrosoftMvcAjax.js,e3089f96afa53f3b13d758f75e8b0b77a225a5997411a3101e8e347dc29ecc96
https://ajax.aspnetcdn.com/ajax/mvc/3.0/MicrosoftMvcAjax.debug.js,7254e458829d577a96eced76f3a76ec4adc44844646ed7edad5a64298d4a895f
https://ajax.aspnetcdn.com/ajax/mvc/1.0/MicrosoftMvcAjax.js,e1d92b64bf80a78346facc8c4d8a313d48f034610ae393ae392cd10c5e1cc632
https://ajax.aspnetcdn.com/ajax/mvc/1.0/MicrosoftMvcAjax.debug.js,18dc82f673f74293b131f133be1e586124119ca0d7dc706c5b75351d4f90fc57
https://ajax.aspnetcdn.com/ajax/signalr/jquery.signalr-2.2.2.min.js,fabd2788e4a11ff0c9958bfbc019587becac24a6bb38924087768c38dff4a9f1
https://ajax.aspnetcdn.com/ajax/signalr/jquery.signalr-2.2.2.js,629eff704e018008fbb069a2136d5cb5e38e1612189fd39daf6742ce38a52b9c
https://ajax.aspnetcdn.com/ajax/signalr/jquery.signalr-2.2.1.min.js,d7d5182034dc7ea2979c4a7f295bbc7965da97453cfdf698c41c2b744e4e0dad
https://ajax.aspnetcdn.com/ajax/signalr/jquery.signalr-2.2.1.js,17e725b66253dd10c91ebf159e5eab87ab902d6e77f1c45c5bcb66a1452a3830
https://ajax.aspnetcdn.com/ajax/signalr/jquery.signalr-2.2.0.min.js,8f8daa07c2200ca04a3f51d7730e154ddf32d73b3f0db916efda86ec64bb5928
https://ajax.aspnetcdn.com/ajax/signalr/jquery.signalr-2.2.0.js,e9afcd84faf7de0695309e5843f058adc879e06281278874a738c42365cacee8
https://ajax.aspnetcdn.com/ajax/signalr/jquery.signalr-2.1.0.min.js,b0705a1085fcdfa90267543d106717d4e9f6ff7d24d4c8ca8ac4ab9aa67c5f35
https://ajax.aspnetcdn.com/ajax/signalr/jquery.signalr-2.1.0.js,f21fabb87e98613cf5af0e99d918dae16be572a155d234cf3c3e42aaf1629cf9
https://ajax.aspnetcdn.com/ajax/signalr/jquery.signalr-2.0.3.min.js,62852d0895709d5b20b2d1d6afa21b7a08539dd4e3f4b2a31f68bfb0aa5dccab
https://ajax.aspnetcdn.com/ajax/signalr/jquery.signalr-2.0.3.js,cbc5c519d34e84aee3e78ce4f4edf30181fc434ef5c99b2d1226c9c9d5ad13d0
https://ajax.aspnetcdn.com/ajax/signalr/jquery.signalr-2.0.2.min.js,c696a68bb508102f0f251eaf00df0f5edcf35a13ee0d7dc1cb3ab0d89db74b95
https://ajax.aspnetcdn.com/ajax/signalr/jquery.signalr-2.0.2.js,df3bf1e2e43696ba901ac4beccc723cfb1ae59c04758d90813ea14026f7d1c6a
https://ajax.aspnetcdn.com/ajax/signalr/jquery.signalr-2.0.1.min.js,e937ff00e683ade4e62560cd9c61b39e40e43ac5fcce2cf00567853bf57c1e4e
https://ajax.aspnetcdn.com/ajax/signalr/jquery.signalr-2.0.1.js,e8fd2ab61773e44a10e266601d8dee89cfd8d07ec715befa5bc7d9317c218068
https://ajax.aspnetcdn.com/ajax/signalr/jquery.signalr-2.0.0.min.js,f969f8751ffb24fffb1406b25e93c5a8d913b421d95b2c788ade8582d4010395
https://ajax.aspnetcdn.com/ajax/signalr/jquery.signalr-2.0.0.js,06adf56a303cd2a1c8083e4b3280a8492f3628f386461ba323be115857534fb5
https://ajax.aspnetcdn.com/ajax/signalr/jquery.signalr-1.1.3.min.js,55e043f35244ef1042eaf4ba927d7663dc5d216e6ef74b5d7b6ed1e645b014e4
https://ajax.aspnetcdn.com/ajax/signalr/jquery.signalr-1.1.3.js,76adefa84404e72f8b4bd1a468da22c9ced8caac16c0288d8ac4e1e45635c66e
https://ajax.aspnetcdn.com/ajax/signalr/jquery.signalr-1.1.2.min.js,8bb08dd02fc77048b0b54ccf9630a868eb0e6485ead704823083579d7adf5fd9
https://ajax.aspnetcdn.com/ajax/signalr/jquery.signalr-1.1.2.js,eb39d6f4e2f5669f4f6df5cb63be2c50d66f57895512cb6cf5c0b4d72c9316fa
https://ajax.aspnetcdn.com/ajax/signalr/jquery.signalr-1.1.1.min.js,17bbbff7fb00ebd93e77b6cfb268f2a536cbe09860387379a08232f6aef251a0
https://ajax.aspnetcdn.com/ajax/signalr/jquery.signalr-1.1.1.js,1d4046b0d0ac5e9dce658c7255f26229a537f2f32c7e4b07ddfd686223ea7027
https://ajax.aspnetcdn.com/ajax/signalr/jquery.signalr-1.1.0.min.js,9f3dd90ceabd652520c7d5fdcb0816f3b21eb6f015ebe6049a2fe7a48f947940
https://ajax.aspnetcdn.com/ajax/signalr/jquery.signalr-1.1.0.js,61cf184b169f30945c8aa69b71794f4deefd2f8ea92db9ea1843aef46b0eea4c
https://ajax.aspnetcdn.com/ajax/signalr/jquery.signalr-1.0.1.min.js,063467eaa5b23f00f97fa4ceb3c4d07a3fa30861e01cbcd54e095949f6a78e24
https://ajax.aspnetcdn.com/ajax/signalr/jquery.signalr-1.0.1.js,136f4f0a2b875ce653481da8d0da66bc81b3ff6461739865c0ebfe4bf0914e73
