url,sha256
https://cdnjs.cloudflare.com/ajax/libs/react-is/19.1.1/cjs/react-is.development.js,6a43b3c58e62d623fd0a65f97c1db6b6fec8baa41dce267bbd979f41e43607f4
https://cdnjs.cloudflare.com/ajax/libs/react-is/19.1.1/cjs/react-is.development.min.js,d614967c9b2228986fb82435c847a36d377c96ba994115eb4a90ca0f48bb382f
https://cdnjs.cloudflare.com/ajax/libs/react-is/19.1.1/cjs/react-is.production.js,969b6ec87a18b6b0a59553444b81e3ebe1b611923d0aa4a352422dcb59292a9f
https://cdnjs.cloudflare.com/ajax/libs/react-is/19.1.1/cjs/react-is.production.min.js,5252fcbe17be54e28bdf394e4157f34a1415fceda9b3cf47d43882a38219d36f
https://cdnjs.cloudflare.com/ajax/libs/ajv/8.17.1/ajv2019.bundle.js,77da28e9b70c2c0bfdbadf7d82c6cefd8c15674c053c9621f8c5be591640b7ab
https://cdnjs.cloudflare.com/ajax/libs/ajv/8.17.1/ajv2019.bundle.min.js,fc5049b4014c5e2a117b7676668bec471f380b4504e78fda16dc60efa4246ac3
https://cdnjs.cloudflare.com/ajax/libs/ajv/8.17.1/ajv2019.min.js,f42e800126fee2f4b55e31709d0e914a18ff26cd6ceb96fbdba64983cc9cdff2
https://cdnjs.cloudflare.com/ajax/libs/ajv/8.17.1/ajv2020.bundle.js,9ab4f6dd9a653a211d68b7a1d658ff921e923d6d73a7cf9a8dac1dc616d4e63e
https://cdnjs.cloudflare.com/ajax/libs/ajv/8.17.1/ajv2020.bundle.min.js,b7ebc4a2cea5ed1dc3b243519d3d173f5a0dff40ffcee15863b60ce86c19f17d
https://cdnjs.cloudflare.com/ajax/libs/ajv/8.17.1/ajv2020.min.js,d2f97a24636c44135e1ffffeea29656c06a1c1f71b315e958c88d0e8126c2100
https://cdnjs.cloudflare.com/ajax/libs/ajv/8.17.1/ajv7.bundle.js,49d301eebfcfcf0de6ff0ce986058a6f64666f5e1a32b51fc11cc9da0a3f40b3
https://cdnjs.cloudflare.com/ajax/libs/ajv/8.17.1/ajv7.bundle.min.js,e0f02be09e139e77151a75480afae5e15001cff3ab1ee96c22b9d6904eaab726
https://cdnjs.cloudflare.com/ajax/libs/ajv/8.17.1/ajv7.min.js,dc1325168ae9730198c20f5ffd55ed2fee9dca67014589ead7c6871e65521439
https://cdnjs.cloudflare.com/ajax/libs/ajv/8.17.1/ajvJTD.bundle.js,02ba4e17c9387422feeb1fcf61200c24d055c6c252d8601c47d57f347a315b6f
https://cdnjs.cloudflare.com/ajax/libs/ajv/8.17.1/ajvJTD.bundle.min.js,759a7aa14b7ba733d622b07196981ef9db103bde4221c523d2aac2709fc9713f
https://cdnjs.cloudflare.com/ajax/libs/ajv/8.17.1/ajvJTD.min.js,4897f95ac63ba9023830e3146f2965da0922210729a489b280304a57f27f4c45
https://cdnjs.cloudflare.com/ajax/libs/js-yaml/4.1.0/js-yaml.js,c738b0020702aa631abd8de23a902a3079d99d3060e44166955cb51f570881c4
https://cdnjs.cloudflare.com/ajax/libs/js-yaml/4.1.0/js-yaml.min.js,45dc3dd03dc07a06705a2c2989b8c7f709013f04bd5386e3279d4e447f07ebd7
https://cdnjs.cloudflare.com/ajax/libs/acorn/8.15.0/acorn.js,fdb08546776ec6228b03e8d02b40d4ab3255bae5f401adba7ff5dad927ac5c9c
https://cdnjs.cloudflare.com/ajax/libs/acorn/8.15.0/acorn.min.js,00bb2c0b421a521a91d3569c1aeb86dde8d403d7d98c2469fd0d32ce5a8c70bf
https://cdnjs.cloudflare.com/ajax/libs/typescript/5.9.2/typescript.js,e5f1f6b3e82228a89873cc7b941b2465185e839c0692860f83e3e63e53f94c2b
https://cdnjs.cloudflare.com/ajax/libs/typescript/5.9.2/typescript.min.js,11748ae7463dddd465341643ba5d09025c4b0769009ddfa84228270b9448bac2
https://cdnjs.cloudflare.com/ajax/libs/json5/2.2.3/index.js,c3f094c550436757e955bc1e2619fa5624ae8f22f41a7587b95af1d14175800a
https://cdnjs.cloudflare.com/ajax/libs/json5/2.2.3/index.min.js,4bb96d9d53f380ac801819411b8c10868ac9a984de863e56402ac00c2289b9f1
https://cdnjs.cloudflare.com/ajax/libs/nanoid/5.1.6/index.browser.js,0ff6f67c7f10cf49f031faf20f5b2d4196b3b9232348ed7496cc66c70f47f284
https://cdnjs.cloudflare.com/ajax/libs/nanoid/5.1.6/index.browser.min.js,5aa07938b622e27c399d52db135917e7ead944dad5ca26146ecee8f7556e07d3
https://cdnjs.cloudflare.com/ajax/libs/nanoid/5.1.6/index.js,b7fcc2b2e4b977d765d6e98b7bf6a83cb8b30a4b4592584323175e86d2b56402
https://cdnjs.cloudflare.com/ajax/libs/nanoid/5.1.6/index.min.js,adf95d148b2c43360941b2df4f0562ad9185d3b85e3f73790abe4693f14cc62c
https://cdnjs.cloudflare.com/ajax/libs/nanoid/5.1.6/nanoid.js,2fd23328acda8cc2062811a1ab04101a5976925adfb37ff89812cc065a917d5f
https://cdnjs.cloudflare.com/ajax/libs/nanoid/5.1.6/nanoid.min.js,7d5954f8aca77d76cc2c4a444d42e94a78cd77da805760983df4b2eee4dcb515
https://cdnjs.cloudflare.com/ajax/libs/nanoid/5.1.6/non-secure/index.js,b82c677b1f4372ab454eab3c77ca7e322317842b274a00e1727afa7f6334faf5
https://cdnjs.cloudflare.com/ajax/libs/nanoid/5.1.6/non-secure/index.min.js,ec7434d62d81b6d1caee20a09af77ae82c461b0c18c66952fd1ad6e2f36719c6
https://cdnjs.cloudflare.com/ajax/libs/nanoid/5.1.6/url-alphabet/index.js,c1609d1c3a4ca7ae55919992575e7fd14115532ceb32a9199b13878cca1a5790
https://cdnjs.cloudflare.com/ajax/libs/nanoid/5.1.6/url-alphabet/index.min.js,b12d3b2c0a373a6f38ab934db1844c85370a92f00f9c8b8da0500c1ce6d51ee8
https://cdnjs.cloudflare.com/ajax/libs/qs/6.14.0/qs.js,8dabee43536cca3f186b8d256459a16165450bebac803e21b6f065c9211d27ad
https://cdnjs.cloudflare.com/ajax/libs/qs/6.14.0/qs.min.js,206fe93d6b659cc8d9c4889316a1b566c8db63c24979196d44e9e47cbf4b9e99
https://cdnjs.cloudflare.com/ajax/libs/react/19.1.1/cjs/react-compiler-runtime.development.js,7ae8fa77a54c404572cba7065e14fe599a3d8cc0b68d34d649d8acc776e4e096
https://cdnjs.cloudflare.com/ajax/libs/react/19.1.1/cjs/react-compiler-runtime.development.min.js,26a34d5ec76b69e13aeb03d6eac1ab0d3763169cfd6f99b0971bcaecc6840ef7
https://cdnjs.cloudflare.com/ajax/libs/react/19.1.1/cjs/react-compiler-runtime.production.js,f7d518f5c043cd008514b4fd8c665a9d2fa5686bd36c6e7d44d78187c0438700
https://cdnjs.cloudflare.com/ajax/libs/react/19.1.1/cjs/react-compiler-runtime.production.min.js,fcabc8c84e75bd15eb218842cc4584b975530e517b3a60c6da7a7b65320292a4
https://cdnjs.cloudflare.com/ajax/libs/react/19.1.1/cjs/react-compiler-runtime.profiling.js,821fc2969277b5bc7814965e0ac07f815aafb3880d8bca31bcb53ce5d875edd3
https://cdnjs.cloudflare.com/ajax/libs/react/19.1.1/cjs/react-compiler-runtime.profiling.min.js,fcabc8c84e75bd15eb218842cc4584b975530e517b3a60c6da7a7b65320292a4
https://cdnjs.cloudflare.com/ajax/libs/react/19.1.1/cjs/react-jsx-dev-runtime.development.js,16a92a1e7e15a81ef5e23f8f7565d6d5f1f12db12b6d9de62e41e22f00561272
https://cdnjs.cloudflare.com/ajax/libs/react/19.1.1/cjs/react-jsx-dev-runtime.development.min.js,e600fe9cc9e2112f620c740f956360adb61035735aa5c567796945ba9de0a8d4
https://cdnjs.cloudflare.com/ajax/libs/react/19.1.1/cjs/react-jsx-dev-runtime.production.js,ba9b367119971ed746925a600256d342eb4cc3f2389de013f61e36ff1f3594a5
https://cdnjs.cloudflare.com/ajax/libs/react/19.1.1/cjs/react-jsx-dev-runtime.production.min.js,bb1c046d988cb0116c13d346fd48e78906d4309794e745b60b67b11f887f3b06
https://cdnjs.cloudflare.com/ajax/libs/react/19.1.1/cjs/react-jsx-dev-runtime.profiling.js,c89fe850b7e66b6e1a10496321ea9d778a64512960d01dccf49ff0fd5d256b20
https://cdnjs.cloudflare.com/ajax/libs/react/19.1.1/cjs/react-jsx-dev-runtime.profiling.min.js,bb1c046d988cb0116c13d346fd48e78906d4309794e745b60b67b11f887f3b06
https://cdnjs.cloudflare.com/ajax/libs/react/19.1.1/cjs/react-jsx-dev-runtime.react-server.development.js,26bdd4ba04099aae2c1cea29be23e0f46f5c6c719bb73b8308d9466d09b8eaca
https://cdnjs.cloudflare.com/ajax/libs/react/19.1.1/cjs/react-jsx-dev-runtime.react-server.development.min.js,96eb2fb79e7ae583b91843070f77b667ccf9a1a29bb69f21a1f877be2002ab00
https://cdnjs.cloudflare.com/ajax/libs/react/19.1.1/cjs/react-jsx-dev-runtime.react-server.production.js,c56f744270c8cd4d733575757eaf48de91edfa04d0f5e01ef5043bf9848263b3
https://cdnjs.cloudflare.com/ajax/libs/react/19.1.1/cjs/react-jsx-dev-runtime.react-server.production.min.js,06373d8698a4f77ee51aaceff5f6fe6ab42eedbff5b8722c20e96003fada8d4f
https://cdnjs.cloudflare.com/ajax/libs/react/19.1.1/cjs/react-jsx-runtime.development.js,fa3de8510895129cfcdbd37cfcce16b5f88e225565517d944f414d7cdd9687b0
https://cdnjs.cloudflare.com/ajax/libs/react/19.1.1/cjs/react-jsx-runtime.development.min.js,1584ffeda5ab3f5076fc69f0ff3e9abad488c8e471eed5f9d29d69d495ceabf7
https://cdnjs.cloudflare.com/ajax/libs/react/19.1.1/cjs/react-jsx-runtime.production.js,1e46f15002696985e80c61d47aaa30dabb03c954270a690f5f7dfbbacfa9002b
https://cdnjs.cloudflare.com/ajax/libs/react/19.1.1/cjs/react-jsx-runtime.production.min.js,8b1383bdc341efed031bc5633dfa435e783600a893f8775d36069959931fb7ca
https://cdnjs.cloudflare.com/ajax/libs/react/19.1.1/cjs/react-jsx-runtime.profiling.js,27b2fb3d04f9878687ab58717172592650e256de727e910366340be87e0f8352
https://cdnjs.cloudflare.com/ajax/libs/react/19.1.1/cjs/react-jsx-runtime.profiling.min.js,8b1383bdc341efed031bc5633dfa435e783600a893f8775d36069959931fb7ca
https://cdnjs.cloudflare.com/ajax/libs/react/19.1.1/cjs/react-jsx-runtime.react-server.development.js,652caf25aa96d78eb21b93bbfd396b1385bc0ff22db3b1d74a0667f15dfc8510
https://cdnjs.cloudflare.com/ajax/libs/react/19.1.1/cjs/react-jsx-runtime.react-server.development.min.js,96eb2fb79e7ae583b91843070f77b667ccf9a1a29bb69f21a1f877be2002ab00
https://cdnjs.cloudflare.com/ajax/libs/react/19.1.1/cjs/react-jsx-runtime.react-server.production.js,44bdd0dbbf51d5d49ac46ece12e919151c7f27b7f5b174790c4ca6aef0b6a1eb
https://cdnjs.cloudflare.com/ajax/libs/react/19.1.1/cjs/react-jsx-runtime.react-server.production.min.js,06373d8698a4f77ee51aaceff5f6fe6ab42eedbff5b8722c20e96003fada8d4f
https://cdnjs.cloudflare.com/ajax/libs/react/19.1.1/cjs/react.development.js,c3140127dd572acd866efa06e63c5c27f79daa5879e4c39af5c91644f8574751
https://cdnjs.cloudflare.com/ajax/libs/react/19.1.1/cjs/react.development.min.js,3d8e9246f48e4a8340e7698afca06c1878ab0807108849fa5d35124e8663aa5c
https://cdnjs.cloudflare.com/ajax/libs/react/19.1.1/cjs/react.production.js,f1e2323f141be9d9379c612eeabd7f282f052e60116547395780b032a6f0770d
https://cdnjs.cloudflare.com/ajax/libs/react/19.1.1/cjs/react.production.min.js,884482e1ccb2494d90ffe8c45f7ca333e35b95c9101f48ed638b929be816bba1
https://cdnjs.cloudflare.com/ajax/libs/react/19.1.1/cjs/react.react-server.development.js,b56a74adb5db69160d8e8dcae260df51b6711014ca4437cd44c0517edccc71d9
https://cdnjs.cloudflare.com/ajax/libs/react/19.1.1/cjs/react.react-server.development.min.js,7d643de7b5db80625c0bbbc142b9ef7ea1ffb8ed05ef1644dfaafd1345d5a9a8
https://cdnjs.cloudflare.com/ajax/libs/react/19.1.1/cjs/react.react-server.production.js,1753b962de5a365efa2c72216747c94ad1dd4ff6d1c1396d9eee77b5495e38ff
https://cdnjs.cloudflare.com/ajax/libs/react/19.1.1/cjs/react.react-server.production.min.js,fdf8cb41cc4c645e798a13c26469d524b4cf418b4d49d237c10aed6b1f541c78
https://cdnjs.cloudflare.com/ajax/libs/react-dom/19.1.1/cjs/react-dom-client.development.js,f004c539cd889799f31377ae2cf1d918c786b5bd18a52e0e5cae166aedbccafd
https://cdnjs.cloudflare.com/ajax/libs/react-dom/19.1.1/cjs/react-dom-client.development.min.js,bef6894d7a557aad573f2419819acab5b19eebceda3f414d37a8f4ed62c36750
https://cdnjs.cloudflare.com/ajax/libs/react-dom/19.1.1/cjs/react-dom-client.production.js,b42d9ab70da856b96e240e3d010b08f4284113cf568b1b2a2aa1f251977eeb37
https://cdnjs.cloudflare.com/ajax/libs/react-dom/19.1.1/cjs/react-dom-client.production.min.js,6ab0350f09e7f78f96424a2cf3ef1597837bb28f11d58ff5370c2bb7502b4346
https://cdnjs.cloudflare.com/ajax/libs/react-dom/19.1.1/cjs/react-dom-profiling.development.js,5f9c68733a23473edfacdfc4f6cce59e081b835c3c896a514e495b3661fe03b0
https://cdnjs.cloudflare.com/ajax/libs/react-dom/19.1.1/cjs/react-dom-profiling.development.min.js,0f95ce30d9f763e4a9fd3e0b0b2e5ae00e6cd11c3ebfafee34bd18c14aeb53f7
https://cdnjs.cloudflare.com/ajax/libs/react-dom/19.1.1/cjs/react-dom-profiling.profiling.js,0c4f6e6a287ef5856ab7c762883769dc573648a3c5b0f5c32004f6bc0fda85cd
https://cdnjs.cloudflare.com/ajax/libs/react-dom/19.1.1/cjs/react-dom-profiling.profiling.min.js,85e76daaa213d889ee0f8c58624607c1e63152be912926039e706a714be7d372
https://cdnjs.cloudflare.com/ajax/libs/react-dom/19.1.1/cjs/react-dom-server-legacy.browser.development.js,3454368f052aeabedcbb18ee73bae63e577e54f6c06be953a0568d58992789a9
https://cdnjs.cloudflare.com/ajax/libs/react-dom/19.1.1/cjs/react-dom-server-legacy.browser.development.min.js,0967a6b6d909d8d8b4761182e6805d895b4591e39c83fdb8f0d1690c1297bc73
https://cdnjs.cloudflare.com/ajax/libs/react-dom/19.1.1/cjs/react-dom-server-legacy.browser.production.js,cf3928705cd3051cb8fb88da14811aee4ac4320e4eb4caa5193996019d7cf008
https://cdnjs.cloudflare.com/ajax/libs/react-dom/19.1.1/cjs/react-dom-server-legacy.browser.production.min.js,ec768fe5472ed9b93d760cbb20e3a287e84015f217091ff70335c7de3c216ddc
https://cdnjs.cloudflare.com/ajax/libs/react-dom/19.1.1/cjs/react-dom-server-legacy.node.development.js,d972007ff7e48f44329fbd13b2f2aec70ec17086d10b4d34e0e7dbbe1cfecd52
https://cdnjs.cloudflare.com/ajax/libs/react-dom/19.1.1/cjs/react-dom-server-legacy.node.development.min.js,8b7ea43d0f43abef96454e0ce9fbe3e51377bc5611958822a97bd115cea244cf
https://cdnjs.cloudflare.com/ajax/libs/react-dom/19.1.1/cjs/react-dom-server-legacy.node.production.js,0e3342ab5b6ce8691cde3e1eec73f4dd37cb3b4f44b255489844ac0b66922aac
https://cdnjs.cloudflare.com/ajax/libs/react-dom/19.1.1/cjs/react-dom-server-legacy.node.production.min.js,dcd95cad0c94368fa882d7c20c614597584f30ad3fcc5804d3a44729417fee3d
https://cdnjs.cloudflare.com/ajax/libs/react-dom/19.1.1/cjs/react-dom-server.browser.development.js,f861d18f94d3345498a2e8219be865ff27bc49f623cbafac4624180f4cb4baa2
https://cdnjs.cloudflare.com/ajax/libs/react-dom/19.1.1/cjs/react-dom-server.browser.development.min.js,65511bd83e0c1ef38a9cb076f6527c38c9322d5c9725a302f176b89251080f45
https://cdnjs.cloudflare.com/ajax/libs/react-dom/19.1.1/cjs/react-dom-server.browser.production.js,f0c3b7f330c5a1443a5ed95e2c843c393ac4034cb76415b9a4ed738c08f82eeb
https://cdnjs.cloudflare.com/ajax/libs/react-dom/19.1.1/cjs/react-dom-server.browser.production.min.js,81b65edfae15bad1eaedf902bc72d4d641c1827ef0fafda250ed32f120e2c057
https://cdnjs.cloudflare.com/ajax/libs/react-dom/19.1.1/cjs/react-dom-server.bun.development.js,c350423d56ffb9476d61c6b736bd450f66087bedb02ec258a771d9e0ddb12c5f
https://cdnjs.cloudflare.com/ajax/libs/react-dom/19.1.1/cjs/react-dom-server.bun.development.min.js,de2e97e0519e5345135a20876b14c0bb3bf54127c81cb9d22bbc025703e4918f
https://cdnjs.cloudflare.com/ajax/libs/react-dom/19.1.1/cjs/react-dom-server.bun.production.js,cc950e79619da08680f828be76f473e063b3eef7e49fe51d52a523514eaef682
https://cdnjs.cloudflare.com/ajax/libs/react-dom/19.1.1/cjs/react-dom-server.bun.production.min.js,9651faea492603781c7bc8849e7bff2a7eaab3f38ddda5a1c8b07e0556e22522
https://cdnjs.cloudflare.com/ajax/libs/react-dom/19.1.1/cjs/react-dom-server.edge.development.js,a14deb4e18b486660c952754b3bead26db515c6ac067667f4221cf10817a0e88
https://cdnjs.cloudflare.com/ajax/libs/react-dom/19.1.1/cjs/react-dom-server.edge.development.min.js,0781370119d99c926c7fa75096cd15141728e209bd08bdd43def4b6612c84532
https://cdnjs.cloudflare.com/ajax/libs/react-dom/19.1.1/cjs/react-dom-server.edge.production.js,8b316fa071e1fb0e4eb30ae1783c3a16a5d67ca0736192bedda6b5c03310cb7d
https://cdnjs.cloudflare.com/ajax/libs/react-dom/19.1.1/cjs/react-dom-server.edge.production.min.js,b75ecf1be87feb39edfee96e22cdc36f7e84c1a1a4b24b109739df29a804d6b5
https://cdnjs.cloudflare.com/ajax/libs/react-dom/19.1.1/cjs/react-dom-server.node.development.js,544efeb6ff34d822ba91408b0dad68b4a11ed77913e1d237afae9e9e4868c8a0
https://cdnjs.cloudflare.com/ajax/libs/react-dom/19.1.1/cjs/react-dom-server.node.development.min.js,13b447c62adfb244aa52d93a93af10930b5ec9358cabfa01bfce39c8b0174423
https://cdnjs.cloudflare.com/ajax/libs/react-dom/19.1.1/cjs/react-dom-server.node.production.js,d7a831214698c7ab6d53b039a32ef6ff14319db599bfa2c604b0a41e049bd8ad
https://cdnjs.cloudflare.com/ajax/libs/react-dom/19.1.1/cjs/react-dom-server.node.production.min.js,53218025a43649159f828c3ce7c7ef8dd8917d7b213e73a0e1f5c3d67296e0b1
https://cdnjs.cloudflare.com/ajax/libs/react-dom/19.1.1/cjs/react-dom-test-utils.development.js,a691b913756753dd769c1559b8efbd3d8157feb4c9368d2cb4b79eba67441841
https://cdnjs.cloudflare.com/ajax/libs/react-dom/19.1.1/cjs/react-dom-test-utils.development.min.js,0e8a0459212cddbe0ab6574fe5ceca753218fc7601931eb561d7b1e564d5adfa
https://cdnjs.cloudflare.com/ajax/libs/react-dom/19.1.1/cjs/react-dom-test-utils.production.js,d41ce0bee80299c8330fc080936da31afa5f307dfe4912bc8a6c68f9f566d344
https://cdnjs.cloudflare.com/ajax/libs/react-dom/19.1.1/cjs/react-dom-test-utils.production.min.js,6cc49c4d244d65f0d3cccaa52745e45f7a366a1ceda45726552fc9063f8cdc38
https://cdnjs.cloudflare.com/ajax/libs/react-dom/19.1.1/cjs/react-dom.development.js,82eb7d3dc0a281b803279d35ec18ae4c379ab03286d0f187ca9b4da446b88642
https://cdnjs.cloudflare.com/ajax/libs/react-dom/19.1.1/cjs/react-dom.development.min.js,e828dc473a56ec76587ac222d942c78b4cae8edfcea27a5e0de46ede0869986c
https://cdnjs.cloudflare.com/ajax/libs/react-dom/19.1.1/cjs/react-dom.production.js,f518694f8588dacc9acf35452bbeb18f98174bc2e3eb1bf1181b7fbb4a0f0295
https://cdnjs.cloudflare.com/ajax/libs/react-dom/19.1.1/cjs/react-dom.production.min.js,e512c346a22a1e11bdebe29b0777494051cf7f9983095cf7ca5660b42f6bec01
https://cdnjs.cloudflare.com/ajax/libs/react-dom/19.1.1/cjs/react-dom.react-server.development.js,61624445037288177b54eb2f91979b06af05bf608e33b6ff4b8e1b7ffe4d09aa
https://cdnjs.cloudflare.com/ajax/libs/react-dom/19.1.1/cjs/react-dom.react-server.development.min.js,9d28f417f539b6672f27ce55ae1544655d8ed30a00677ca08295bfbbf6c03903
https://cdnjs.cloudflare.com/ajax/libs/react-dom/19.1.1/cjs/react-dom.react-server.production.js,d3ab7d49b3d849b3e766e84f3a3f22846bef58d24398c1e3ff4ec97e83d07461
https://cdnjs.cloudflare.com/ajax/libs/react-dom/19.1.1/cjs/react-dom.react-server.production.min.js,e2290de8562f4219eba2a423b966f589beae176d9b991f4e43a5ebdf620a704d
https://cdnjs.cloudflare.com/ajax/libs/tailwindcss/4.1.13/colors.js,7d5b74b0fe508e0578e2bdaeab52083cd0c0059fa4a00d33f0bb5eb82400ea41
https://cdnjs.cloudflare.com/ajax/libs/tailwindcss/4.1.13/colors.min.js,c29fe9883b3c46319af3b99ff01eda0a26aa1ccdfd67afc6eae226611ee67e4b
https://cdnjs.cloudflare.com/ajax/libs/tailwindcss/4.1.13/default-theme.js,5a8d9ff98ae6bfcc86f949f1a12e920afec7c0e9de80ee3f448cfba765c4b075
https://cdnjs.cloudflare.com/ajax/libs/tailwindcss/4.1.13/default-theme.min.js,18b8aaedd3a8de51fa4fedbe678108a817823514e21b46a7e5b1b1237460e241
https://cdnjs.cloudflare.com/ajax/libs/tailwindcss/4.1.13/flatten-color-palette.js,3d7744dcabf62768a3747c4fbd7734f961447f5249a65e6303e3c5b5bcb2e2e4
https://cdnjs.cloudflare.com/ajax/libs/tailwindcss/4.1.13/flatten-color-palette.min.js,04c0c960330c44a1bb247834fecaa9769275157e0815cea635845fe7942c8152
https://cdnjs.cloudflare.com/ajax/libs/tailwindcss/4.1.13/lib.js,92dfadfb06400959e834cade5dd88fddcce645c0a36ab28972ef2ae8a89b7df9
https://cdnjs.cloudflare.com/ajax/libs/tailwindcss/4.1.13/lib.min.js,b2d016601c04f5fb7192a7d94cc2f64a340c9e7753c1d3141f1835f6a82eb2ef
https://cdnjs.cloudflare.com/ajax/libs/tailwindcss/4.1.13/plugin.js,5564284a5af01cc76f2cfa4e32631ffd58368c167ecac60664b351f895732d19
https://cdnjs.cloudflare.com/ajax/libs/tailwindcss/4.1.13/plugin.min.js,50ceffaf2fc194baacb8f47ddfec2e00e6e56c2652cca75d84cc27df884aa2a7
https://cdnjs.cloudflare.com/ajax/libs/prettier/3.6.2/standalone.js,ba70f21ca5f09b5360c395ec01aa14c3d3de40f0b6f4eac73f77269bec858e12
https://cdnjs.cloudflare.com/ajax/libs/prettier/3.6.2/standalone.min.js,92aab82d84673b820426c2ea6dd224682128bc188dc18af359af8e74046d199e
https://cdnjs.cloudflare.com/ajax/libs/async/3.2.6/async.js,9f42975430301fd7d3d672036a4213f2b160fc4002f952223ad4ab72efea7a3a
https://cdnjs.cloudflare.com/ajax/libs/async/3.2.6/async.min.js,b83cd6b669b52bf5c137cd4db0a437771a74285de3cfb5cf3bc1775800345a18
https://cdnjs.cloudflare.com/ajax/libs/pako/2.1.0/pako.es5.js,6c8c05b78361bba2152b8bd959c314bc5ba7dde66e68bb5ed8c9f111a31e975e
https://cdnjs.cloudflare.com/ajax/libs/pako/2.1.0/pako.es5.min.js,db7884b4efed9372efac6fda021309a4a4c441148ddeaac3ab5f034c3aebeb2d
https://cdnjs.cloudflare.com/ajax/libs/pako/2.1.0/pako.js,e3c8f46f5a741598157ba051a9a0c043bcdc879c1867d3268e4058d4fae5fe3e
https://cdnjs.cloudflare.com/ajax/libs/pako/2.1.0/pako.min.js,ede2693a4a6a5126b9d35669062b358ecab6ae7b9b86a1cf302feb45a8514907
https://cdnjs.cloudflare.com/ajax/libs/pako/2.1.0/pako_deflate.es5.js,6afd8299936559e41911f8658abad05510c59470cfabd4913d335450a53e5da8
https://cdnjs.cloudflare.com/ajax/libs/pako/2.1.0/pako_deflate.es5.min.js,892e1d689f390b554a4952ca239ef7e75652a154018b44d7702dcf36e5dd7c1d
https://cdnjs.cloudflare.com/ajax/libs/pako/2.1.0/pako_deflate.js,03a1e997cfd3a2f5cd6169306d4371067cea9cf659d4d458e7dceb0ba521c026
https://cdnjs.cloudflare.com/ajax/libs/pako/2.1.0/pako_deflate.min.js,9429785d1e7f805d46640c4155957fd0f286144dec05cea09f6f2eaa646adb21
https://cdnjs.cloudflare.com/ajax/libs/pako/2.1.0/pako_inflate.es5.js,d4337fc3e18b11881eef61c92a71eb23ff5faf7a068eca525f37dad4db00a3a7
https://cdnjs.cloudflare.com/ajax/libs/pako/2.1.0/pako_inflate.es5.min.js,efb8976b994144ffe643122f0b021e7999bb80736e17160f8b4417bf04b9b7fc
https://cdnjs.cloudflare.com/ajax/libs/pako/2.1.0/pako_inflate.js,62f7e0c38526cf3505ebb2f01d1786dcad0df61cbae68d1258fc8d77f225aefc
https://cdnjs.cloudflare.com/ajax/libs/pako/2.1.0/pako_inflate.min.js,fa226c8e1e3556993260e6a5c1fe94e225da59b3418a06811fdc51d308f8bb43
https://cdnjs.cloudflare.com/ajax/libs/rxjs/7.8.2/rxjs.umd.js,1e41ea39143e34c256fbf9056b56afdd6c0438d84ed772e4e3f6230ccfeee81b
https://cdnjs.cloudflare.com/ajax/libs/rxjs/7.8.2/rxjs.umd.min.js,2152e8a794982170a4c1dae32a74e31a81218fd74781c27b0d628a02bf532413
https://cdnjs.cloudflare.com/ajax/libs/date-fns/4.1.0/cdn.js,333be8494375af49d51bf4b0294b964bbf016b8d58e4ec277a96bfa20dd8d4e3
https://cdnjs.cloudflare.com/ajax/libs/date-fns/4.1.0/cdn.min.js,6c3811233a378ba547a893250f051cbbf8359a7c42a12e81d6c356df6ebd9096
https://cdnjs.cloudflare.com/ajax/libs/date-fns/4.1.0/fp/cdn.js,578d820d7a4399b6b07f04770084f4de7f96bd1944e6394fb4735d917bc854b2
https://cdnjs.cloudflare.com/ajax/libs/date-fns/4.1.0/fp/cdn.min.js,8ee10cd3e6dd60fd0d3d5d95a55ecc68aaecc6178e074da3a583449ec8165dcf
https://cdnjs.cloudflare.com/ajax/libs/date-fns/4.1.0/locale/af/cdn.js,62ad8c7a7a3bcc080e1c47dcb2148636358bbfd53854484347ad981341b3131b
https://cdnjs.cloudflare.com/ajax/libs/date-fns/4.1.0/locale/af/cdn.min.js,54977086cbdd7327433d30609e7214cae8c2d74be7976023b4856ad5e9341712
https://cdnjs.cloudflare.com/ajax/libs/date-fns/4.1.0/locale/ar/cdn.js,e50e1c6cf2fd1d9bf16bf034599152176f8bfa21faaae65dbfefb6099d9f38e0
https://cdnjs.cloudflare.com/ajax/libs/date-fns/4.1.0/locale/ar/cdn.min.js,dc02f5633e137bce388d06f90072a0228d3123dcb6f44df8d8be8f12101dfb8e
https://cdnjs.cloudflare.com/ajax/libs/date-fns/4.1.0/locale/ar-DZ/cdn.js,48f9ba72447cc8cf7be8092b7ccd27bbf7e146ad43230d1525404152a379a1ac
https://cdnjs.cloudflare.com/ajax/libs/date-fns/4.1.0/locale/ar-DZ/cdn.min.js,b4efa0ab17ceeaee6c479b7e5b8aa9c0fc52907c0538fe0e5acefa70be447941
https://cdnjs.cloudflare.com/ajax/libs/date-fns/4.1.0/locale/ar-EG/cdn.js,218060f49802e12ad8ffe0f87a732d7cc97d16b7a185420703b667a9b6a85df8
https://cdnjs.cloudflare.com/ajax/libs/date-fns/4.1.0/locale/ar-EG/cdn.min.js,f8386645e17fb18b1093873a955e207ba0c15fa28a290391e487b185c4e76c2d
https://cdnjs.cloudflare.com/ajax/libs/date-fns/4.1.0/locale/ar-MA/cdn.js,c3b6a4ccc3a736640fe035bc791807c223e1c137f297c01c3aeef58e0cefe401
https://cdnjs.cloudflare.com/ajax/libs/date-fns/4.1.0/locale/ar-MA/cdn.min.js,7e9833b6d737bc8a77f6f2ecf45b730e81db5f10f7db6b70cc303ff84c5366b8
https://cdnjs.cloudflare.com/ajax/libs/date-fns/4.1.0/locale/ar-SA/cdn.js,78d737f5e77f6ff00b89100652fdf01d439dd39246091e95e8cd730f1997c8b5
https://cdnjs.cloudflare.com/ajax/libs/date-fns/4.1.0/locale/ar-SA/cdn.min.js,f808c66a1bc9f4c5f746bda79c812b04a00aec1f0edf75738ac99b9a477ccdc8
https://cdnjs.cloudflare.com/ajax/libs/date-fns/4.1.0/locale/ar-TN/cdn.js,0ce9b7cf5dbc380e3abca8b653fb30ac02b5ba6c69609e18bd581539a3cb87e3
https://cdnjs.cloudflare.com/ajax/libs/date-fns/4.1.0/locale/ar-TN/cdn.min.js,c7c41353f4cc9c0eb3c8d8a0702eb322d97f8348c668fa421c43000e556c61bc
https://cdnjs.cloudflare.com/ajax/libs/date-fns/4.1.0/locale/az/cdn.js,8ef2db5a595cfc152650ad19b7735d69cbae70ef60ee612840e9ceecf5671822
https://cdnjs.cloudflare.com/ajax/libs/date-fns/4.1.0/locale/az/cdn.min.js,973b5497f8a186f2d031147c1a06b574f0c6018340b54bf16de2401ebb1eec42
https://cdnjs.cloudflare.com/ajax/libs/date-fns/4.1.0/locale/be/cdn.js,b58e6fad98a2e0349a4a9e6891183caf5d759a55cb7f64680d58c62e2b88ce7c
https://cdnjs.cloudflare.com/ajax/libs/date-fns/4.1.0/locale/be/cdn.min.js,86927236acdd9a85467e1961d59b3aebb3b4721da91d3bd3f52851884a451178
https://cdnjs.cloudflare.com/ajax/libs/date-fns/4.1.0/locale/be-tarask/cdn.js,f9179087b598b680418500309cfb249d82d1bc7a8b25cb7e6660bc9cb9c85f84
https://cdnjs.cloudflare.com/ajax/libs/date-fns/4.1.0/locale/be-tarask/cdn.min.js,70b5458f21c6e56fe0c7d6a763ea1c8b2c6cabf6f35199a71f59e93f0d351c9d
https://cdnjs.cloudflare.com/ajax/libs/date-fns/4.1.0/locale/bg/cdn.js,e8b052fb2f810ac0a1a45d6f8006bfc9d9954125b0c372ae86e422d10489ab03
https://cdnjs.cloudflare.com/ajax/libs/date-fns/4.1.0/locale/bg/cdn.min.js,6c5714c86accd80da626929187755a3760ea174918500b7c9c9e714e64f5f30d
https://cdnjs.cloudflare.com/ajax/libs/date-fns/4.1.0/locale/bn/cdn.js,2a31c6169dd582f64ffbe52285a6dbe3fd5a556716bc84de22756a19248a33e3
https://cdnjs.cloudflare.com/ajax/libs/date-fns/4.1.0/locale/bn/cdn.min.js,d4a087a7a097c50f00f529c26997bc42a5f2f9fe1528026a504fee2498784b46
https://cdnjs.cloudflare.com/ajax/libs/date-fns/4.1.0/locale/bs/cdn.js,d760a15817731a1cd23f43928065e083ebcb075d1086f0cc1fd40c6d358096c7
https://cdnjs.cloudflare.com/ajax/libs/date-fns/4.1.0/locale/bs/cdn.min.js,45ce63fde1db108d9a75db7dcb317fbd97078b5008b4fbe93fe9243a080fa6e0
https://cdnjs.cloudflare.com/ajax/libs/date-fns/4.1.0/locale/ca/cdn.js,c0ebdaf768658af9913a1eeddd202411f000fe0c95ba58c31a6a0d576c7da689
https://cdnjs.cloudflare.com/ajax/libs/date-fns/4.1.0/locale/ca/cdn.min.js,051c4d50c65c0c74376694ca4822d12787c05f832888adb01b2766fc1c3e9a7d
https://cdnjs.cloudflare.com/ajax/libs/date-fns/4.1.0/locale/cdn.js,63a8e41144448c1e328c0fd5b50b7cd25e092b70fafa19600edfd4c18bbd83bd
https://cdnjs.cloudflare.com/ajax/libs/date-fns/4.1.0/locale/cdn.min.js,9be2ef93ce4ea20f25bf34fd9bb50a328ea4a10690baf5bd2a3b97a060e5ac74
https://cdnjs.cloudflare.com/ajax/libs/date-fns/4.1.0/locale/ckb/cdn.js,373d48330a23de5914b00b05a5db80e6f6b7003b2d8ae31b93a3194e95a9c294
https://cdnjs.cloudflare.com/ajax/libs/date-fns/4.1.0/locale/ckb/cdn.min.js,73985c53580f7a5712b3369f8c24cfe67b6620b06a62457fec663ef0e26052dd
https://cdnjs.cloudflare.com/ajax/libs/date-fns/4.1.0/locale/cs/cdn.js,531ad5b3c79e50b94cfd4430b97a6eb2ab7c9c99b7f6acc3aa8fd51b9646f810
https://cdnjs.cloudflare.com/ajax/libs/date-fns/4.1.0/locale/cs/cdn.min.js,579ce91c91747e5cbcd464022df83502beb1c0389722d381defd3e4dc57e7685
https://cdnjs.cloudflare.com/ajax/libs/date-fns/4.1.0/locale/cy/cdn.js,aeae5c435951f98f297bda6e0c5736542839d7622d74e59961d80246a3e536bb
https://cdnjs.cloudflare.com/ajax/libs/date-fns/4.1.0/locale/cy/cdn.min.js,296141e5809a318685068b7507d1f7d99a0fed1fa5298be669a6fe4f5f87c5a7
https://cdnjs.cloudflare.com/ajax/libs/date-fns/4.1.0/locale/da/cdn.js,e6e1912261fc327c4c242a1795e506f48cbfef9f4f92476dd6ed1b6c81d77188
https://cdnjs.cloudflare.com/ajax/libs/date-fns/4.1.0/locale/da/cdn.min.js,d0bf4e6faf52f23ca3d19766385d919d16df53bcb1ae1d36caa45557a22b7363
https://cdnjs.cloudflare.com/ajax/libs/date-fns/4.1.0/locale/de/cdn.js,b85336e411057443f79cba5aa6bd601104caf9cc980081fd131e32a9e4cfcffb
https://cdnjs.cloudflare.com/ajax/libs/date-fns/4.1.0/locale/de/cdn.min.js,289576691fec2281201f2a80bde8a3a2b1278dab1fe438d4083931cf6a40b88d
https://cdnjs.cloudflare.com/ajax/libs/date-fns/4.1.0/locale/de-AT/cdn.js,277aeff374e8a41ca9518580e54b5358bfad8a1e9f4b76c78f3f5ae6d02d9ea8
https://cdnjs.cloudflare.com/ajax/libs/date-fns/4.1.0/locale/de-AT/cdn.min.js,7ea744972b3a30c12f827414f00a30d5e8b4d367d4bbf2916884ebc56c4b313d
https://cdnjs.cloudflare.com/ajax/libs/date-fns/4.1.0/locale/el/cdn.js,9cf578ba210b62c81e8a82fca2033220186a48733db731e888542bc70c855a60
https://cdnjs.cloudflare.com/ajax/libs/date-fns/4.1.0/locale/el/cdn.min.js,732006b66fa8282a27e1bc01d7ef7da55acc1f45d664b51b6f141a923002f67c
https://cdnjs.cloudflare.com/ajax/libs/date-fns/4.1.0/locale/en-AU/cdn.js,985df5b94790d6e91b22c813a60d165ac2beda6846f86f50c84f0ca947a06662
https://cdnjs.cloudflare.com/ajax/libs/date-fns/4.1.0/locale/en-AU/cdn.min.js,5f336a1817dbdb483e197ba4f4fca6c55d3ec524f03c11aeea26ad1a1c5da9e7
https://cdnjs.cloudflare.com/ajax/libs/date-fns/4.1.0/locale/en-CA/cdn.js,f037eeeb90cb461226e89653b2ee55dbacca96dfc991c75095edcacd3e6df96d
https://cdnjs.cloudflare.com/ajax/libs/date-fns/4.1.0/locale/en-CA/cdn.min.js,be873dc1bf7f904882536355a91601f422282ae3888a4a1b780a49fafb4397a5
https://cdnjs.cloudflare.com/ajax/libs/date-fns/4.1.0/locale/en-GB/cdn.js,e886c4813ca217e592f397eae0ae6accfafd5af612214eabbff358748421d4de
https://cdnjs.cloudflare.com/ajax/libs/date-fns/4.1.0/locale/en-GB/cdn.min.js,d49c402f4ed7a573703a51ed1aaa79309f0b5f39d7f6ef1206356ef215a9bbc1
https://cdnjs.cloudflare.com/ajax/libs/date-fns/4.1.0/locale/en-IE/cdn.js,dcf303cabaab863a0bbcb8e2eecdd63d3a53abbd8e5b403ae8beff60dd5c688b
https://cdnjs.cloudflare.com/ajax/libs/date-fns/4.1.0/locale/en-IE/cdn.min.js,a16df8fea167347a4b301ba46c2857408caf1815af091cd5a183a05f65ced4d1
https://cdnjs.cloudflare.com/ajax/libs/date-fns/4.1.0/locale/en-IN/cdn.js,a8446000999cf88295627b15d8a4e03c69c12bd1f32a147458341f5d1a9ee30b
https://cdnjs.cloudflare.com/ajax/libs/date-fns/4.1.0/locale/en-IN/cdn.min.js,2b8ec465ca7e9ec297cd90078f85da6c057af9f395ff62a959b2f2cb600156c4
https://cdnjs.cloudflare.com/ajax/libs/date-fns/4.1.0/locale/en-NZ/cdn.js,a9048ac365d82700905fb78cc4ce4070d90fe226a936de72ad0519ec06d7e5de
https://cdnjs.cloudflare.com/ajax/libs/date-fns/4.1.0/locale/en-NZ/cdn.min.js,0adf53b8eb4c3b61990f0ee4e66edb4e9f58021ff3686c1e4a57b6eadba39cb0
https://cdnjs.cloudflare.com/ajax/libs/date-fns/4.1.0/locale/en-US/cdn.js,95b44d890d8310edc29c77ac7e08a4198a911d5b255c30bad32d2a419eb140d1
https://cdnjs.cloudflare.com/ajax/libs/date-fns/4.1.0/locale/en-US/cdn.min.js,51f74e490b196f265772b28f34868cc5f962f7d37bb655520cc133c4d40f753f
https://cdnjs.cloudflare.com/ajax/libs/date-fns/4.1.0/locale/en-ZA/cdn.js,d58d784675bd393e189bcf9ac3fa60c784d24b38387a7da259fd309d8712189d
https://cdnjs.cloudflare.com/ajax/libs/date-fns/4.1.0/locale/en-ZA/cdn.min.js,65545c6dba8bb24fa530555944a79f9e26c9ed1a172404d9df281b7bc2d14992
https://cdnjs.cloudflare.com/ajax/libs/date-fns/4.1.0/locale/eo/cdn.js,a88f4c2eda6a4aabd73da10990c153adf5c035e810989650f549b07cc8bb1484
https://cdnjs.cloudflare.com/ajax/libs/date-fns/4.1.0/locale/eo/cdn.min.js,3f95e7bca2ffa5973d3d9a06bfd8de61fdfb51bb9b43c4f84af38a79bdc55195
https://cdnjs.cloudflare.com/ajax/libs/date-fns/4.1.0/locale/es/cdn.js,d51022d9a253e09b260c464d123ca81033510679dffbe5179e7a1bf9aad89229
https://cdnjs.cloudflare.com/ajax/libs/date-fns/4.1.0/locale/es/cdn.min.js,9ae5de6e5545d5495a584a4c62435dd57465d3a1491bbc4ee594078c2138a11e
https://cdnjs.cloudflare.com/ajax/libs/date-fns/4.1.0/locale/et/cdn.js,1a104bfd43f96067828c0d5e900c4b34886e16b3a632e041c17926af0ceff448
https://cdnjs.cloudflare.com/ajax/libs/date-fns/4.1.0/locale/et/cdn.min.js,44e4cb084c17b29456704016e62d9e1d1e94e0fdffc08d0dac009546dced6f6b
https://cdnjs.cloudflare.com/ajax/libs/date-fns/4.1.0/locale/eu/cdn.js,5f8493e3bcf0ff83d1fae233c6b42fa6f19ed846ec510698399993240aa78ccb
https://cdnjs.cloudflare.com/ajax/libs/date-fns/4.1.0/locale/eu/cdn.min.js,bce55ad3cfe1e6b2551493065ef1cf5c3fb2bd6a22a3a8b4486d21a4c04f718e
https://cdnjs.cloudflare.com/ajax/libs/date-fns/4.1.0/locale/fa-IR/cdn.js,a1d16d15d1f9d8df20d467dcc10a798ee5986b4dc8f143ff3319581b70d691ad
https://cdnjs.cloudflare.com/ajax/libs/date-fns/4.1.0/locale/fa-IR/cdn.min.js,142513f28efcc960719268c7e390ebc97e31aee8f3cff3a5f57475689dd43026
https://cdnjs.cloudflare.com/ajax/libs/date-fns/4.1.0/locale/fi/cdn.js,6ce03f8cfdd19be06e1e9ecda86b75789c5207b81b27fe2e7f7b269796439ce3
https://cdnjs.cloudflare.com/ajax/libs/date-fns/4.1.0/locale/fi/cdn.min.js,33b1ec934731d6638cc9d0f7a91110a5b3bf9efb03474a4a199f477c05b7b348
https://cdnjs.cloudflare.com/ajax/libs/date-fns/4.1.0/locale/fr/cdn.js,51e13883b0771f5592bdb7f2c61f3e09da7445494cddcf26c8c50c2c592ce814
https://cdnjs.cloudflare.com/ajax/libs/date-fns/4.1.0/locale/fr/cdn.min.js,9ec9d2c99c3f38a659f82732a704e1a4735b61bb92901278e21be5d28444784e
https://cdnjs.cloudflare.com/ajax/libs/date-fns/4.1.0/locale/fr-CA/cdn.js,67b544385dc9da065b79b73ee876af0b66a04fd8d78acef0d7bd90b079182fe6
https://cdnjs.cloudflare.com/ajax/libs/date-fns/4.1.0/locale/fr-CA/cdn.min.js,26625e9f97400b0ef91022aad487e78f7d84924205d98d21e588a3f0c8155eed
https://cdnjs.cloudflare.com/ajax/libs/date-fns/4.1.0/locale/fr-CH/cdn.js,393b31357f2a4803b77e198b615554b90411cc59d2965c13639f6e9d7efa6489
https://cdnjs.cloudflare.com/ajax/libs/date-fns/4.1.0/locale/fr-CH/cdn.min.js,9f82e30c5bc7f0d5908089be85046cf5f6b08c358b5b149d9b1ac3ee2f868b2a
https://cdnjs.cloudflare.com/ajax/libs/date-fns/4.1.0/locale/fy/cdn.js,14d4d166423d9ef417310e310b2a4c13127d691206b6fe0065de2b16a46a6d42
https://cdnjs.cloudflare.com/ajax/libs/date-fns/4.1.0/locale/fy/cdn.min.js,59b2240235eec11316144fae2ad875b45961541b0331519a7d8366199e5b09f2
https://cdnjs.cloudflare.com/ajax/libs/date-fns/4.1.0/locale/gd/cdn.js,4303c9fdaad321fe8510cd05d6a219030da553b17efb2b6f701a9a48dfbd1555
https://cdnjs.cloudflare.com/ajax/libs/date-fns/4.1.0/locale/gd/cdn.min.js,fe6751abb24df5f7f5a46c3ba0f83b3ff83512451419f6607a3bd81d00987782
https://cdnjs.cloudflare.com/ajax/libs/date-fns/4.1.0/locale/gl/cdn.js,9ffb3e547f52519d33b04b627fafd3b292db3e70d2208bec84f9a046900ed4ee
https://cdnjs.cloudflare.com/ajax/libs/date-fns/4.1.0/locale/gl/cdn.min.js,dc128954b59f55709d9a04d25313b9ed05b18317ff902c5ddd5570b4405fc43e
https://cdnjs.cloudflare.com/ajax/libs/date-fns/4.1.0/locale/gu/cdn.js,474da0e6bc3d690226cf36bf250f09114f68415b03656cc7a02bf1426ec0296c
https://cdnjs.cloudflare.com/ajax/libs/date-fns/4.1.0/locale/gu/cdn.min.js,0373e960e7b7b4767dab923dde50008a3c6098e245454300a04f599f3cbe266f
https://cdnjs.cloudflare.com/ajax/libs/date-fns/4.1.0/locale/he/cdn.js,20d8c4d4d74c8cbc67af7d2c7694d48cfec339067f7177b9512c87db85182232
https://cdnjs.cloudflare.com/ajax/libs/date-fns/4.1.0/locale/he/cdn.min.js,2f37382f870e1ebd5ceacc160a939a6fcdb917213083818dedc34fb8326e6e86
https://cdnjs.cloudflare.com/ajax/libs/date-fns/4.1.0/locale/hi/cdn.js,0bb712c216b7361cefa2385c6ca80e0e018a5dd4101ea44010963539cd4ff94c
https://cdnjs.cloudflare.com/ajax/libs/date-fns/4.1.0/locale/hi/cdn.min.js,1a1fa2f9db73648bda45df937887cb6ee02aadfb995c96d89af7cfa73f8f6161
https://cdnjs.cloudflare.com/ajax/libs/date-fns/4.1.0/locale/hr/cdn.js,cc1398f7166845b04d26bb2b0985aa59b09f1c97de97b4a9ac520aa1cbfd7ffc
https://cdnjs.cloudflare.com/ajax/libs/date-fns/4.1.0/locale/hr/cdn.min.js,b5d40ce62ab63a52b7dd9362e2a51c2b01e6861c428fd8e11b00483970151ad7
https://cdnjs.cloudflare.com/ajax/libs/date-fns/4.1.0/locale/ht/cdn.js,eef4c8ae06312418f696f6d98394bdf4e6edd00add9f62e89b547e27f1e326de
https://cdnjs.cloudflare.com/ajax/libs/date-fns/4.1.0/locale/ht/cdn.min.js,56087f3d01e49111fbcc4ff3805a6ae7a8752075d8174d2a5ab293823b959eab
https://cdnjs.cloudflare.com/ajax/libs/date-fns/4.1.0/locale/hu/cdn.js,0793aede068b7ec9112541adde525734fd8b6a6d0ae88f61cf0df451f4fd955c
https://cdnjs.cloudflare.com/ajax/libs/date-fns/4.1.0/locale/hu/cdn.min.js,a8c45a856855fc8b4c457e13244ba3fe5f7a4c9d553de21d36b349f8af7cd716
https://cdnjs.cloudflare.com/ajax/libs/date-fns/4.1.0/locale/hy/cdn.js,9e3f4c96ba23a9165efe797e3cf5bcc3e0dbc66579481a19193a8f7fb3fc959c
https://cdnjs.cloudflare.com/ajax/libs/date-fns/4.1.0/locale/hy/cdn.min.js,69211c203e815dc01aee627d49f5b74bc20b32ddd60d6f4559f7ffc05ca4e9ad
https://cdnjs.cloudflare.com/ajax/libs/date-fns/4.1.0/locale/id/cdn.js,61a07bfa459b82fc4ebc4cb4f7287e05ab03418b14b9646c8396cfd9f138a5f3
https://cdnjs.cloudflare.com/ajax/libs/date-fns/4.1.0/locale/id/cdn.min.js,512a10b888a60646c8925a6b945a0e2ee973578acf1deae5119c7b60fccd3b8d
https://cdnjs.cloudflare.com/ajax/libs/date-fns/4.1.0/locale/is/cdn.js,2adf8efda2a0dbcfa93c7fc49dc269a2193023ca19de38529c6e4c091417cd3d
https://cdnjs.cloudflare.com/ajax/libs/date-fns/4.1.0/locale/is/cdn.min.js,4954a56f7e7602a11a119115d8bd2b4b8f16f9da832dfab4f56368e8470b7fc0
https://cdnjs.cloudflare.com/ajax/libs/date-fns/4.1.0/locale/it/cdn.js,87aa5221c72e2049dcb33a69e8bcfe5c248cfb77fe37e23697fbd7cb68eec087
https://cdnjs.cloudflare.com/ajax/libs/date-fns/4.1.0/locale/it/cdn.min.js,66fc62dc04eda581dc0bc0388eba596784f082581464fa1fe7e4a76fbad7abc0
https://cdnjs.cloudflare.com/ajax/libs/date-fns/4.1.0/locale/it-CH/cdn.js,2c6be0306219ffbd4ddd5572cd9ca65ad410de398726cfc2c6ec685958d8bb93
https://cdnjs.cloudflare.com/ajax/libs/date-fns/4.1.0/locale/it-CH/cdn.min.js,1e15e5257fae2cb830b9a3b9289f9136680ed1b943e7f4e7eb98b57bd74f098a
https://cdnjs.cloudflare.com/ajax/libs/date-fns/4.1.0/locale/ja/cdn.js,7af204d7bf58dc45b8e1da828858bac160052d3dda7699f90faf6e022d3084ef
https://cdnjs.cloudflare.com/ajax/libs/date-fns/4.1.0/locale/ja/cdn.min.js,0a466377e5ae4241ce2c6075205c59fc9a86b5e3d582e25bffe50204c0c08544
https://cdnjs.cloudflare.com/ajax/libs/date-fns/4.1.0/locale/ja-Hira/cdn.js,bb8221049f083eb37c28b1b9e835b34116d43ba4534aebf4a26a8ac6cec36f87
https://cdnjs.cloudflare.com/ajax/libs/date-fns/4.1.0/locale/ja-Hira/cdn.min.js,c1431c5b4584d177563f942c858ec797ed127272a4bf0dd4756bf212e82a7db1
https://cdnjs.cloudflare.com/ajax/libs/date-fns/4.1.0/locale/ka/cdn.js,4a47407d6e87dbe00499b68d2dbea01c8f396f6d09b7a33a3952fd9b3f727a61
https://cdnjs.cloudflare.com/ajax/libs/date-fns/4.1.0/locale/ka/cdn.min.js,30a411ac5841e6da5866f8f80bda88f44bdbcf1c1cac2a83829d76ad6cd66cd8
https://cdnjs.cloudflare.com/ajax/libs/date-fns/4.1.0/locale/kk/cdn.js,eb427c773d3abec43bdb9195124c40f7a6b26868d6e4c99366409485dd6cc16c
https://cdnjs.cloudflare.com/ajax/libs/date-fns/4.1.0/locale/kk/cdn.min.js,01452ebd22d4acf16831123f9a5f0a380c7c2ecd82b1b6de8c5c47ce9e137d32
https://cdnjs.cloudflare.com/ajax/libs/date-fns/4.1.0/locale/km/cdn.js,f486d915b62d304ca3fa903d91eeee0a170ae06b8881fec4f4ddf66f69d025ad
https://cdnjs.cloudflare.com/ajax/libs/date-fns/4.1.0/locale/km/cdn.min.js,a13c17179516fd0aa69d5d7822a78b14c02b6997a5f0990b572e82437fab2bc2
https://cdnjs.cloudflare.com/ajax/libs/date-fns/4.1.0/locale/kn/cdn.js,e14f1eb02e5b6b085c5c3162c1eb734714d43ecf8b2c02450081391134feb21c
https://cdnjs.cloudflare.com/ajax/libs/date-fns/4.1.0/locale/kn/cdn.min.js,ed3918ef50fdc2b47cd9de33844679845e0ee904e459095d170eac54acc65983
https://cdnjs.cloudflare.com/ajax/libs/date-fns/4.1.0/locale/ko/cdn.js,bd862504c8207f0b212ef00e79049947a2a19e15529b7e48882fe8160bddd852
https://cdnjs.cloudflare.com/ajax/libs/date-fns/4.1.0/locale/ko/cdn.min.js,3aafb02ab1fca30f905750a61fa84fb1e202ebfafd0e07add22341be307bbbdc
https://cdnjs.cloudflare.com/ajax/libs/date-fns/4.1.0/locale/lb/cdn.js,e1e3a5a23057b769d683f85fb3c2709917e0d5697f86674cd297754e61523ab3
https://cdnjs.cloudflare.com/ajax/libs/date-fns/4.1.0/locale/lb/cdn.min.js,a7114d08423143e9c1d7f43b74d22083f01d926b0b256ee5c377fc9026601f3e
https://cdnjs.cloudflare.com/ajax/libs/date-fns/4.1.0/locale/lt/cdn.js,4307e8abef91056a2103a591d6f500d91d7f9982a8c7a68ca6d93a6fe4d2e297
https://cdnjs.cloudflare.com/ajax/libs/date-fns/4.1.0/locale/lt/cdn.min.js,1241f9d2e0b478ee24d4e94558813a913cb115c6d080c64831f4a85d825b846e
https://cdnjs.cloudflare.com/ajax/libs/date-fns/4.1.0/locale/lv/cdn.js,5945c13469f3dd56c4de81bf9e7863e3bb1069de1b505d5fbb0d052960ba3d19
https://cdnjs.cloudflare.com/ajax/libs/date-fns/4.1.0/locale/lv/cdn.min.js,df6241e222d34b15ea23b68bda3f47892e5775983765164cb46e2d0705abf487
https://cdnjs.cloudflare.com/ajax/libs/date-fns/4.1.0/locale/mk/cdn.js,cd2f0e4892870da95e450659662a0dcbc77755b00194447a8d930bde7c4a2e0f
https://cdnjs.cloudflare.com/ajax/libs/date-fns/4.1.0/locale/mk/cdn.min.js,f86550b27d4fc91a0768dd2c62fa4a1515b44641e6177cfde9ab2022a61a8c3d
https://cdnjs.cloudflare.com/ajax/libs/date-fns/4.1.0/locale/mn/cdn.js,49ada4fd419ebadc7cc933d96e892b1f751534f2fde555d6f1b7ea23c2ef4804
https://cdnjs.cloudflare.com/ajax/libs/date-fns/4.1.0/locale/mn/cdn.min.js,f88946cee2a99ae0b1f2fffea3b1445cfe9a268d3d476493a14caff31d6016a6
https://cdnjs.cloudflare.com/ajax/libs/date-fns/4.1.0/locale/ms/cdn.js,36acae5677930b4a90850bcfbd11f839c4beb7d2620448a88dbe63f376df450d
https://cdnjs.cloudflare.com/ajax/libs/date-fns/4.1.0/locale/ms/cdn.min.js,ece26cb774db7f014d780db67dc5727c324846be8104fcb0103796cfd420b080
https://cdnjs.cloudflare.com/ajax/libs/date-fns/4.1.0/locale/mt/cdn.js,bf8d568637469b907da6e11959d43a190f383201c8d5376b0469ae0d1928255f
https://cdnjs.cloudflare.com/ajax/libs/date-fns/4.1.0/locale/mt/cdn.min.js,ba68d41342d3f3e1fe19f4bfe3a95380bf46cf27abc31d3c363600c0eab9fdcc
https://cdnjs.cloudflare.com/ajax/libs/date-fns/4.1.0/locale/nb/cdn.js,bc9abb5f6eb4f5f1c37441be6cf70831c109cc7f15afbded253498961446803c
https://cdnjs.cloudflare.com/ajax/libs/date-fns/4.1.0/locale/nb/cdn.min.js,12bd1258d316550e017f4319548e39c5bd5a2b23a2f9e752540d552f6bae1c49
https://cdnjs.cloudflare.com/ajax/libs/date-fns/4.1.0/locale/nl/cdn.js,094b86894caae8e3765d1c70ea7632ad43fb1303bdda8287182c0993b75eeed5
https://cdnjs.cloudflare.com/ajax/libs/date-fns/4.1.0/locale/nl/cdn.min.js,429fa5ff00584425d06580a2c5eff98a8975e53a246fb6ccf4c5b2a6545cc6b6
https://cdnjs.cloudflare.com/ajax/libs/date-fns/4.1.0/locale/nl-BE/cdn.js,2e122603b68d8c5413e3de52ceb2c24bf82e69b7ba4dc059d0ff415117d86d62
https://cdnjs.cloudflare.com/ajax/libs/date-fns/4.1.0/locale/nl-BE/cdn.min.js,8228d0178c90fbdb4d12a2a98ac79478ff73266a4efddc1cad24c6d2f1f9b278
https://cdnjs.cloudflare.com/ajax/libs/date-fns/4.1.0/locale/nn/cdn.js,39368cdbf30dbfa1b4ae0bac5d59627a6e9557890c2ef3b31bf67c57d5c5b641
https://cdnjs.cloudflare.com/ajax/libs/date-fns/4.1.0/locale/nn/cdn.min.js,d650d60697d7de41dab8cc487e0f83cdbd593251099ad99d2f450fab31f73d61
https://cdnjs.cloudflare.com/ajax/libs/date-fns/4.1.0/locale/oc/cdn.js,cae43e24d638d9f230831f59ce5ef9a56a508c99105e644b56941d55a2f35bfc
https://cdnjs.cloudflare.com/ajax/libs/date-fns/4.1.0/locale/oc/cdn.min.js,1a77ecbf46ede8be436139992740da8e1e28226a0493947d48de7c70c22ca6b4
https://cdnjs.cloudflare.com/ajax/libs/date-fns/4.1.0/locale/pl/cdn.js,c91f06af87280eddf044feb95142aa66d242f2f10e078eca04451bb55d27ebf6
https://cdnjs.cloudflare.com/ajax/libs/date-fns/4.1.0/locale/pl/cdn.min.js,89b487a0b4f395b516c70e484eabb60e0c67012a38493d0e8fb2de4e0510d497
https://cdnjs.cloudflare.com/ajax/libs/date-fns/4.1.0/locale/pt/cdn.js,c80f5a4b9e297ad3410cce24e4837abaa7f655cf7520e68b9c6f5b0e2cced8f9
https://cdnjs.cloudflare.com/ajax/libs/date-fns/4.1.0/locale/pt/cdn.min.js,d13a1316a03fe9871feeda32f521ab71275fd3ad4be5e363655401d504ccacaa
https://cdnjs.cloudflare.com/ajax/libs/date-fns/4.1.0/locale/pt-BR/cdn.js,3b6fdaa10a3f2da9ea71643d6e9b852e9e6976fcf86e0433e5ff87d14564ecad
https://cdnjs.cloudflare.com/ajax/libs/date-fns/4.1.0/locale/pt-BR/cdn.min.js,527582d7d413a6c1c01081a871f6d3a61c7d1b3a067d8b6415c2cb7cdcf82025
https://cdnjs.cloudflare.com/ajax/libs/date-fns/4.1.0/locale/ro/cdn.js,0c80d2a8df26e65cb5bfd72cce11d71865432f047d07f29ca90e2d8733358612
https://cdnjs.cloudflare.com/ajax/libs/date-fns/4.1.0/locale/ro/cdn.min.js,e40174dd9043b8a03533e8ff6949ae71258d5396ecb9dd8cfe21fc160a9a4fd4
https://cdnjs.cloudflare.com/ajax/libs/date-fns/4.1.0/locale/ru/cdn.js,fda0dc90f12b1db8ea0c792c2a2cd18657a8f555b6d8b5d1d415b6122cdf6ad5
https://cdnjs.cloudflare.com/ajax/libs/date-fns/4.1.0/locale/ru/cdn.min.js,f0f260f4f817445c92afd964074cb0f5572e5ee579679ccedc62c25d0a564681
https://cdnjs.cloudflare.com/ajax/libs/date-fns/4.1.0/locale/se/cdn.js,b39cf8dca2624102b932af960066f7716ce79cdf25014ae0abbffe73f6bf9a2c
https://cdnjs.cloudflare.com/ajax/libs/date-fns/4.1.0/locale/se/cdn.min.js,d8c95f333cde243cf6648e05429b453904a217a465167ff75de4ec6dd10bfaaf
https://cdnjs.cloudflare.com/ajax/libs/date-fns/4.1.0/locale/sk/cdn.js,8c9858acf8291b329a7bcd5d912e2902a3465e1fb07d27e0b7ed707ae7af555f
https://cdnjs.cloudflare.com/ajax/libs/date-fns/4.1.0/locale/sk/cdn.min.js,bbd8d2c4a3eb5e652d548a706bd62dbd839c3f283509b6b7ffbe319ecfb31606
https://cdnjs.cloudflare.com/ajax/libs/date-fns/4.1.0/locale/sl/cdn.js,f2dd804d5b369ecf581433c557df8fc645ac6198200250e7a9c114d66563b5da
https://cdnjs.cloudflare.com/ajax/libs/date-fns/4.1.0/locale/sl/cdn.min.js,e6e4969acf1dbe9848b625eb858fc9323d7e5cfa846b7a41967eec0f32c47ade
https://cdnjs.cloudflare.com/ajax/libs/date-fns/4.1.0/locale/sq/cdn.js,92355bb6c965d154f0a1baa20063f2867d5277e8de4846253f0524a4712952e7
https://cdnjs.cloudflare.com/ajax/libs/date-fns/4.1.0/locale/sq/cdn.min.js,064333d1c4477d2752ef19ce2f6dabd75f96ec8b699aee7cb3f60502cb9e723d
https://cdnjs.cloudflare.com/ajax/libs/date-fns/4.1.0/locale/sr/cdn.js,2dc7c916f71f410522191c5afd573ca51e79ea647847b0f7cd0e9047c8e5729e
https://cdnjs.cloudflare.com/ajax/libs/date-fns/4.1.0/locale/sr/cdn.min.js,e05e67bfb005096609d502296aaf3336412d7c0c1cb8383bfa07d082264ae8a8
https://cdnjs.cloudflare.com/ajax/libs/date-fns/4.1.0/locale/sr-Latn/cdn.js,fcec28aed943d38d78032c66eba232baddb77b60efe08e514dca80812063039e
https://cdnjs.cloudflare.com/ajax/libs/date-fns/4.1.0/locale/sr-Latn/cdn.min.js,cf3cdb4d1e7ea156e2b8fef8cc186db0c4d7121763c7791b44983cfdfc80d6d9
https://cdnjs.cloudflare.com/ajax/libs/date-fns/4.1.0/locale/sv/cdn.js,6b1d71c3c0f627aca04d9f9eb06d0a5f86246c8eb2dbd582d91d3ee6c2363bab
https://cdnjs.cloudflare.com/ajax/libs/date-fns/4.1.0/locale/sv/cdn.min.js,3cbf2d9c4474567aab123216ebc85f5e4f754f3f914c547c0be8dbcd3bc1cc73
https://cdnjs.cloudflare.com/ajax/libs/date-fns/4.1.0/locale/ta/cdn.js,3acce645c801ff4356c6da7325b5fe06c70171da52256f6e47e374ffb6218c6a
https://cdnjs.cloudflare.com/ajax/libs/date-fns/4.1.0/locale/ta/cdn.min.js,2a74ff9e0442cfbb70a9ea3f92c8687cb735147889686c2684cab8fa3879c053
https://cdnjs.cloudflare.com/ajax/libs/date-fns/4.1.0/locale/te/cdn.js,d3b60adfa030575b8dc502b6c675d3071239090bc025730e9826e37c77f36c03
https://cdnjs.cloudflare.com/ajax/libs/date-fns/4.1.0/locale/te/cdn.min.js,1014825ddffb622f9efb2ff06d2e8e267a09cb0cf1c14e83c488097f061d9f19
https://cdnjs.cloudflare.com/ajax/libs/date-fns/4.1.0/locale/th/cdn.js,2ac5c79c5762c270e8a0e2b449abfbb6defb6e8820293f9cc58d714d5287aca1
https://cdnjs.cloudflare.com/ajax/libs/date-fns/4.1.0/locale/th/cdn.min.js,54e93988dc75f8791304d01ae4d688d7be317666db7b80f7730b1ff72d6870da
https://cdnjs.cloudflare.com/ajax/libs/date-fns/4.1.0/locale/tr/cdn.js,db703faf0cf02e432503e9037c1637dc3c4cb4dc1156151547e0879d345e3b2e
https://cdnjs.cloudflare.com/ajax/libs/date-fns/4.1.0/locale/tr/cdn.min.js,e10eb9c1c4382447d2ca2ec35d36409d78284dd5fbd58b0d36245845a167a647
https://cdnjs.cloudflare.com/ajax/libs/date-fns/4.1.0/locale/ug/cdn.js,336e21d5eba1b8cdedb84c4f03a87c161b80fca999b087710ca9206fffa15ef8
https://cdnjs.cloudflare.com/ajax/libs/date-fns/4.1.0/locale/ug/cdn.min.js,1489a781e55205763dd22141706d5fb226e8cfaa3b4c46a5c40d9b8cdae8e4a5
https://cdnjs.cloudflare.com/ajax/libs/date-fns/4.1.0/locale/uk/cdn.js,8330e0a8fb56d881a707df99123ac7aa28c429861ab08fde08e6739724fcd038
https://cdnjs.cloudflare.com/ajax/libs/date-fns/4.1.0/locale/uk/cdn.min.js,25c4a2a8616f855f234df6576c02e06e59f334728354b5f0559a6756458773a0
https://cdnjs.cloudflare.com/ajax/libs/date-fns/4.1.0/locale/uz/cdn.js,392d786310a4392389e7cc2846c03f666811152f9f8f286c1e89615e270baabe
https://cdnjs.cloudflare.com/ajax/libs/date-fns/4.1.0/locale/uz/cdn.min.js,9f09c6bd7a657db26d80770e41676b3c3950657caa31fdd4edb74e5a19c6291d
https://cdnjs.cloudflare.com/ajax/libs/date-fns/4.1.0/locale/uz-Cyrl/cdn.js,292e220a151a7fc1d00c826f1f0b00ce29b9d7fc3a17e98321e9b4513d92a70f
https://cdnjs.cloudflare.com/ajax/libs/date-fns/4.1.0/locale/uz-Cyrl/cdn.min.js,e661f5bb73374d851772343efdc9bd513b4b1626a2ce033484cc2e72709fec1d
https://cdnjs.cloudflare.com/ajax/libs/date-fns/4.1.0/locale/vi/cdn.js,79223c98339a4db60505294f4db0035702ff731b8f8d3c445613aa4c833c53b9
https://cdnjs.cloudflare.com/ajax/libs/date-fns/4.1.0/locale/vi/cdn.min.js,e133713f57ac8cc55737cd3232d2425baed1e58d45b6fea3c0ca45898480474a
https://cdnjs.cloudflare.com/ajax/libs/date-fns/4.1.0/locale/zh-CN/cdn.js,f496288d41fa7477de4e5dda3b56362196e678444678bd8fb1d032a83e6d31f1
https://cdnjs.cloudflare.com/ajax/libs/date-fns/4.1.0/locale/zh-CN/cdn.min.js,5c823192829ac689f2939a91657372f277b50ddd3d350b6a296b1c914608efc3
https://cdnjs.cloudflare.com/ajax/libs/date-fns/4.1.0/locale/zh-HK/cdn.js,ee025613bc2e4672ea90ea2f1338696d3e1442a1c80aedebe4536bdbfc63c0a0
https://cdnjs.cloudflare.com/ajax/libs/date-fns/4.1.0/locale/zh-HK/cdn.min.js,d411b3c09b7cde8ea7bc7de05662255a4d19aab600c414cff4f31b8c087b6fcb
https://cdnjs.cloudflare.com/ajax/libs/date-fns/4.1.0/locale/zh-TW/cdn.js,ebf293febba4685e87cfb802190a1f844528bc36775c32ff7ab31cdde24e2311
https://cdnjs.cloudflare.com/ajax/libs/date-fns/4.1.0/locale/zh-TW/cdn.min.js,3e05b4ca6d5bd3ea6f15c63ab33f36252579946b84610b512b2d63624b24eb74
https://cdnjs.cloudflare.com/ajax/libs/jose/6.1.0/index.bundle.js,ad7dab155f26043546c51ebbf7e47eb3e0d1630055eec58831d938dbc82c98ba
https://cdnjs.cloudflare.com/ajax/libs/jose/6.1.0/index.bundle.min.js,6f73014c2b3f3b802ed296e4e9cd72e197857d0b511360970c5e4db0c80d83f7
https://cdnjs.cloudflare.com/ajax/libs/jose/6.1.0/index.js,36168bc60c47cd0b545bde565568059c1bfc08b877bce128c32e1972aa4906fd
https://cdnjs.cloudflare.com/ajax/libs/jose/6.1.0/index.umd.js,1c87a0da6b5c4ae95046a426ce78fa23de789a5c68036b6f7b5b4c74ce02df95
https://cdnjs.cloudflare.com/ajax/libs/jose/6.1.0/index.umd.min.js,1613e7170750906bb0fe17b806164abca1d83f8c4956152dd95e6f557f4ef4e3
https://cdnjs.cloudflare.com/ajax/libs/jose/6.1.0/jwe/compact/decrypt.js,5b9b92a4af569e143761511dbad7b41f23477dc58848f3c4bd8d9f1039ad3a17
https://cdnjs.cloudflare.com/ajax/libs/jose/6.1.0/jwe/compact/encrypt.js,56dd4a4caed37f41cd51ef2c732b25388a19d7f34d835acf340f66600c4c2ef4
https://cdnjs.cloudflare.com/ajax/libs/jose/6.1.0/jwe/flattened/decrypt.js,fc05c7095e8bc8acbc1755aaee41178d4d9bc53cb440f6e4afd670a40235857f
https://cdnjs.cloudflare.com/ajax/libs/jose/6.1.0/jwe/flattened/encrypt.js,ce8971b01a0699cb93addffddfcdd53e450dd87068fc566875c1a32a41e5a955
https://cdnjs.cloudflare.com/ajax/libs/jose/6.1.0/jwe/general/decrypt.js,698d06becb39f1c8fe874aed6f15839afb2fd580790446a37d20055179f31b6f
https://cdnjs.cloudflare.com/ajax/libs/jose/6.1.0/jwe/general/encrypt.js,ebc875ad230159fd6d1cc407b27ce4c1b19ba80c6c87fda72bdbd1636f75c200
https://cdnjs.cloudflare.com/ajax/libs/jose/6.1.0/jwk/embedded.js,f0f8af4e76bf81a61470c298f95bd51a0997a52bf4bd31df951905e7e44256b7
https://cdnjs.cloudflare.com/ajax/libs/jose/6.1.0/jwk/thumbprint.js,11bef43ab72ea51dbdba9ed27fe9e0aea990056d43b0f81a52b8851f995498d3
https://cdnjs.cloudflare.com/ajax/libs/jose/6.1.0/jwks/local.js,7f7239bab7f506a4206ebb23ee739d7fc8e8636d8313ddde4ac322527274b448
https://cdnjs.cloudflare.com/ajax/libs/jose/6.1.0/jwks/remote.js,28c022136bacd5fe7f3ef6c95c3814212bee6b6e29af87aea956c5f47a5ed2cf
https://cdnjs.cloudflare.com/ajax/libs/jose/6.1.0/jws/compact/sign.js,1ea707188de5726c32a38af6cc97e2c269781fac5730405513de07798ffb8e0c
https://cdnjs.cloudflare.com/ajax/libs/jose/6.1.0/jws/compact/verify.js,dfc153ab0ef9d96bc90f2d6a0cb65ed088e19aabcc45b952bb3d74b6aa00c711
https://cdnjs.cloudflare.com/ajax/libs/jose/6.1.0/jws/flattened/sign.js,8db3c1ada098852ff60731fba2621d3642762976859fd32e095c336dd126e447
https://cdnjs.cloudflare.com/ajax/libs/jose/6.1.0/jws/flattened/verify.js,e70412e654982644359da6712aca8aa462470328d6111c57e527b87fd846c064
https://cdnjs.cloudflare.com/ajax/libs/jose/6.1.0/jws/general/sign.js,e8ac4001655eabb63ffbac6b497cfb9a0aaa1fa5979f571016f16d0278285ef9
https://cdnjs.cloudflare.com/ajax/libs/jose/6.1.0/jws/general/verify.js,f6cea1202c13d573a08b7c69163b920ba1eebb03415ae71d8cfa9588bfb0de30
https://cdnjs.cloudflare.com/ajax/libs/jose/6.1.0/jwt/decrypt.js,0da3ffbc71dbd7b9dd4f48c229649862af6651f9fd782e92a9402e86d3e25422
https://cdnjs.cloudflare.com/ajax/libs/jose/6.1.0/jwt/encrypt.js,0d587d000c29780526ae04e28d64d223d6f39ba2c2ec31a2689c1f43bc117751
https://cdnjs.cloudflare.com/ajax/libs/jose/6.1.0/jwt/sign.js,5263958960b60aa39de13920e7e18d2284450659841e904bda475e0557afbbd3
https://cdnjs.cloudflare.com/ajax/libs/jose/6.1.0/jwt/unsecured.js,3cbd8a28a3d8691e112e71c38e4d2dea3fa12ff3a99c923afadbe6710e2ce7dd
https://cdnjs.cloudflare.com/ajax/libs/jose/6.1.0/jwt/verify.js,b5e1af340cb1567a9c805ac1917c0ab1cb362bfecaea0d64d6edf809c0cbc634
https://cdnjs.cloudflare.com/ajax/libs/jose/6.1.0/key/export.js,13d14d97ae494b9a6a40dcb73153c923f01e4c7f37e582abcdc4c81adcea0ad9
https://cdnjs.cloudflare.com/ajax/libs/jose/6.1.0/key/generate_key_pair.js,5f5aca7d3de8e04003df2338c929f45404944ee455818b6b653fa23a58719cb5
https://cdnjs.cloudflare.com/ajax/libs/jose/6.1.0/key/generate_secret.js,171f3a2746f0f635de6be46d12b0d6329af643fadb726122e667ec8a8b937f84
https://cdnjs.cloudflare.com/ajax/libs/jose/6.1.0/key/import.js,b5de0a3fec53b8d4609710b810aae655c31706f2cc5ed4378bb068cbb86abf4f
https://cdnjs.cloudflare.com/ajax/libs/jose/6.1.0/lib/aesgcmkw.js,54c867fcb8466aedcea4fb204ce9c01f1809084b116a53aa5dbcf7c8286e5068
https://cdnjs.cloudflare.com/ajax/libs/jose/6.1.0/lib/aeskw.js,f01d1f7befb989ab98374721e21e764dfaa04d0f9133113dd0ec6a04a62dc87f
https://cdnjs.cloudflare.com/ajax/libs/jose/6.1.0/lib/asn1.js,9f69684cb6e2c7b59607b3f8cdeedd2fc9f4d6d7e98a1b096187f6c3f66d0547
https://cdnjs.cloudflare.com/ajax/libs/jose/6.1.0/lib/base64.js,547a24150d1270d26f7afba4a046023744e71d31c84bc41ec6dbc033440a23b3
https://cdnjs.cloudflare.com/ajax/libs/jose/6.1.0/lib/buffer_utils.js,73bcd92b89c5d51cb089bab31b8ab190bf7101616ae121c5aaa3f10ed34d5893
https://cdnjs.cloudflare.com/ajax/libs/jose/6.1.0/lib/cek.js,e8375c7420c6227e1b44a368a135aa40df5d39ffe1c6bd1052b890bd543e1e1e
https://cdnjs.cloudflare.com/ajax/libs/jose/6.1.0/lib/check_cek_length.js,b9c85a6afb3117e9dedb54a6ccc3617c35231e707de4a388844b895631d022d7
https://cdnjs.cloudflare.com/ajax/libs/jose/6.1.0/lib/check_iv_length.js,cc9474d291ba1204a7afe25ad2278b592d930be7df85df36d0766823eb77698f
https://cdnjs.cloudflare.com/ajax/libs/jose/6.1.0/lib/check_key_length.js,41c700b7a38c4ca7d4cc0b156be0a0648ffef4abb8ed657b371c8f63f7edf950
https://cdnjs.cloudflare.com/ajax/libs/jose/6.1.0/lib/check_key_type.js,6bf205447c4bb96e30d2802575dc9e6accf2568b34a2ed922f2613dd4e3af7bf
https://cdnjs.cloudflare.com/ajax/libs/jose/6.1.0/lib/crypto_key.js,5e30cdf50fbdb0dd670cbb756602605be3a2368f3aeae6525cd9ee00f2fbbd15
https://cdnjs.cloudflare.com/ajax/libs/jose/6.1.0/lib/decrypt.js,21e1b25838c62bc681b3e5937cb4fac0dc124c63de9cab64a4498bacb5702de3
https://cdnjs.cloudflare.com/ajax/libs/jose/6.1.0/lib/decrypt_key_management.js,af8e9b47287764c196c7efa19bf1a5e48e97627bc4ff61ee8d87e745cc9c82dc
https://cdnjs.cloudflare.com/ajax/libs/jose/6.1.0/lib/digest.js,be2a17e2067550bde82d95254aee252a74d49506477c20d53a8b4480de2d81ea
https://cdnjs.cloudflare.com/ajax/libs/jose/6.1.0/lib/ecdhes.js,04f5bf8b514d4fdd9854a0bad949b87c2f3db5233ff45869d97d8ddece0d1c92
https://cdnjs.cloudflare.com/ajax/libs/jose/6.1.0/lib/encrypt.js,87322e8250567858a4d64618998a4346f97a5eb5812bcd9776f2acf6f03dffe0
https://cdnjs.cloudflare.com/ajax/libs/jose/6.1.0/lib/encrypt_key_management.js,ce5a3880685615f2cc431fd9be5f511469a80424118ee7866af6ed75c3fc626f
https://cdnjs.cloudflare.com/ajax/libs/jose/6.1.0/lib/epoch.js,bb41597bb596d58398470ea6b54d55949d8e6535078d6f75cdf3a7c1019d636a
https://cdnjs.cloudflare.com/ajax/libs/jose/6.1.0/lib/get_sign_verify_key.js,22af0117cd6411487606190fed1401f823e4b009df867e8ba3f3d671c588a28e
https://cdnjs.cloudflare.com/ajax/libs/jose/6.1.0/lib/invalid_key_input.js,5c48d61e2a6f762397a95071f23265d1ba7be330af25feac1d8181e1f5e57658
https://cdnjs.cloudflare.com/ajax/libs/jose/6.1.0/lib/is_disjoint.js,9fc85b9f9b990ad88cd76206169380bc00f6cf3a6a613b0e770e40dc45274328
https://cdnjs.cloudflare.com/ajax/libs/jose/6.1.0/lib/is_jwk.js,0b295284d72b9d60a98e96816e66a999b4a99cc5755cb2f76af30cff76951bb1
https://cdnjs.cloudflare.com/ajax/libs/jose/6.1.0/lib/is_key_like.js,c1eff565bb0c36ce9e740965d68d49184f453e5b83ab4da79b5c72a55315b991
https://cdnjs.cloudflare.com/ajax/libs/jose/6.1.0/lib/is_object.js,d72d5568927cd64eb60a85c13b93a5b9fb3b8d1740d7a02fdfd294af8e15b482
https://cdnjs.cloudflare.com/ajax/libs/jose/6.1.0/lib/iv.js,0133913bbd657c14deef3196c2417b01b9872e5007c875d95b4b9b6793a24fa1
https://cdnjs.cloudflare.com/ajax/libs/jose/6.1.0/lib/jwk_to_key.js,d9ef29f9d76a8fc49ea17fbd31996f48642f91b9108d61c9e526bb35359730f8
https://cdnjs.cloudflare.com/ajax/libs/jose/6.1.0/lib/jwt_claims_set.js,5e43c11981a69e2df3fc319676c8383d110b344087207c827294528eb0a65699
https://cdnjs.cloudflare.com/ajax/libs/jose/6.1.0/lib/key_to_jwk.js,548c82e5dd67e633118bb226d4656f809b3a87a0a3884da9abec989f85709809
https://cdnjs.cloudflare.com/ajax/libs/jose/6.1.0/lib/normalize_key.js,ef12506e12f3e0cf5892a5327b4a02c67297b3b54ddda8b8ae12a5b72df0fb3a
https://cdnjs.cloudflare.com/ajax/libs/jose/6.1.0/lib/pbes2kw.js,c1f41c60d640ed81e8a6de058acc668fab2971b00451401a1c181f45cb13bd39
https://cdnjs.cloudflare.com/ajax/libs/jose/6.1.0/lib/private_symbols.js,b99d79c797549a1ab957bb75abfc12cc95ec74b429ea63eeba14abf2fcd138f7
https://cdnjs.cloudflare.com/ajax/libs/jose/6.1.0/lib/rsaes.js,7a5f479d9272b115b84696927fdc4779a80ae4cdef008019f6763afaa5c8a1a8
https://cdnjs.cloudflare.com/ajax/libs/jose/6.1.0/lib/secs.js,35a237e8dfce09138436bc855b4d324f7a2d3cabdfa026a982e1e87099c51502
https://cdnjs.cloudflare.com/ajax/libs/jose/6.1.0/lib/sign.js,60a3ee6002775fa385d56c18f0d85b8a9dc7250fd3fa4794a57c5eb917cb59cb
https://cdnjs.cloudflare.com/ajax/libs/jose/6.1.0/lib/subtle_dsa.js,3adf77e9239139d7a99358f3fd78ac767419c5c57298ebaea105fcac1862cd5f
https://cdnjs.cloudflare.com/ajax/libs/jose/6.1.0/lib/validate_algorithms.js,f18c6b28c02401507005d7b1a4392606f9ef55efe574a3f1ca7f32219969f308
https://cdnjs.cloudflare.com/ajax/libs/jose/6.1.0/lib/validate_crit.js,f40554247a23aecb4e84a5cb266c5012de03802ef4b6c0eed4d3367e9d6431e4
https://cdnjs.cloudflare.com/ajax/libs/jose/6.1.0/lib/verify.js,cbc402a69fc6bf55ceb36b7162026d0bc1f48fdb4110b54b1acbddad283b6a15
https://cdnjs.cloudflare.com/ajax/libs/jose/6.1.0/util/base64url.js,3f327a63d612b8804a8e27dbd73736c8a52a3f59dff7a8ffcb83084f28d89869
https://cdnjs.cloudflare.com/ajax/libs/jose/6.1.0/util/decode_jwt.js,02ae2ac765490e8b14268863564e925582734d33011e2a24f229e5cc6cb24310
https://cdnjs.cloudflare.com/ajax/libs/jose/6.1.0/util/decode_protected_header.js,015564ad4e0507f591087e05371153d0a633937701649c0154c8025709d579c0
https://cdnjs.cloudflare.com/ajax/libs/jose/6.1.0/util/errors.js,e567c2321364b5a0d944416b2d926b5b0674775bbcd6690b17e0f1d249db5a25
https://cdnjs.cloudflare.com/ajax/libs/acorn-walk/8.3.4/walk.js,f9806347fd14cd0c5040a8306f3fa8e1c7f37ee0499b60dd79773791f02adef0
https://cdnjs.cloudflare.com/ajax/libs/acorn-walk/8.3.4/walk.min.js,a272d4e7f80c0d878d6113a69e51f311521329512236532c6ac0a0438868a140
https://cdnjs.cloudflare.com/ajax/libs/protobufjs/7.5.4/light/protobuf.js,f01bf152067b14e702420df5175ebd5068ce03024332a555e8aa6b0962000bcf
https://cdnjs.cloudflare.com/ajax/libs/protobufjs/7.5.4/light/protobuf.min.js,9422db2bf639f1e9f9bb32a30b38a029195464fb132ae8b249d6d1bd7389f0ae
https://cdnjs.cloudflare.com/ajax/libs/protobufjs/7.5.4/minimal/protobuf.js,e8970dcceb72c77f5ffb784414355ac4982cce1a3620bc43e16bc94c71b22531
https://cdnjs.cloudflare.com/ajax/libs/protobufjs/7.5.4/minimal/protobuf.min.js,55c4a0b85c542379fdb693da5bbd9dfb02d07f1ae0ed4236ea6b88d61506b521
https://cdnjs.cloudflare.com/ajax/libs/protobufjs/7.5.4/protobuf.js,0e3c5660ba61dcda1c52b7c47123a54415fdc035ab17c08d4febe67632223d5e
https://cdnjs.cloudflare.com/ajax/libs/protobufjs/7.5.4/protobuf.min.js,693710fb9d15d6183c8230ab42b76b995dd39df555a29fe380a08a7a6f92f816
https://cdnjs.cloudflare.com/ajax/libs/core-js/3.45.1/minified.js,10091cad1d69347d4b3b841be33ccf60c108a9ecc482af4adae06c874dc8851a
https://cdnjs.cloudflare.com/ajax/libs/core-js/3.45.1/minified.min.js,e64abb08d1171458fdff3c99caa1c9ad1102d2d00df012d91b82d7279348dbed
https://cdnjs.cloudflare.com/ajax/libs/decimal.js/10.6.0/decimal.js,6e99821f8204c5f611b56077e3fce056a1562d22bc341a1f4af01afe7e527d83
https://cdnjs.cloudflare.com/ajax/libs/decimal.js/10.6.0/decimal.min.js,99cb4f3ed57ce6f5b5aa892c0708a5646c647e2c4df6b940df4b1fc0ade55096
https://cdnjs.cloudflare.com/ajax/libs/dayjs/1.11.18/dayjs.min.js,9cfdb93f38afcf2d076abecd66d32bfd3383cdf1967654ebc26a26605daf4173
https://cdnjs.cloudflare.com/ajax/libs/dayjs/1.11.18/locale/af.js,c9c619b8bb8efe1b2f4d5f061561e14cdd2b9464c4cace1b645578b6d688f03b
https://cdnjs.cloudflare.com/ajax/libs/dayjs/1.11.18/locale/af.min.js,a10511240bd2ce9a2b27b56d59cef06d90e45f8e8a2b993294dceb34e64c15a2
https://cdnjs.cloudflare.com/ajax/libs/dayjs/1.11.18/locale/am.js,c5ad321a79cf3e266edc8f1946d20804670c3389459b6618ee153944d2afb19b
https://cdnjs.cloudflare.com/ajax/libs/dayjs/1.11.18/locale/am.min.js,964826c519a202aefc88aff3dcfd9cdec7f173e77047476b9c4a47c5768baffb
https://cdnjs.cloudflare.com/ajax/libs/dayjs/1.11.18/locale/ar-dz.js,d4704c92458b4b3bc23ffd7395a2a5809a1211e6d0d4ad898798c42924ee5e8e
https://cdnjs.cloudflare.com/ajax/libs/dayjs/1.11.18/locale/ar-dz.min.js,f80ef8f6b710f4710bdcbdaf533383180aea362d67a2aaf04ef65419511ceeb6
https://cdnjs.cloudflare.com/ajax/libs/dayjs/1.11.18/locale/ar-iq.js,3b68dbd73d3c8aa22fdb13f83a324a141c018b56fb3b2f2b34712b7ddd0f23d7
https://cdnjs.cloudflare.com/ajax/libs/dayjs/1.11.18/locale/ar-iq.min.js,7d3ce60c9d485406627730a0c5603296d32f7024bf64fddeb25963559e4f19c1
https://cdnjs.cloudflare.com/ajax/libs/dayjs/1.11.18/locale/ar-kw.js,f0554b3acbe15aa933b3e6811264a3cce3d83ec7915cd6eb4453317ba3b76283
https://cdnjs.cloudflare.com/ajax/libs/dayjs/1.11.18/locale/ar-kw.min.js,42192b99b32c2013cc096a9e7063b3e69d68d7138df37680a8b71d4fa01e37ce
https://cdnjs.cloudflare.com/ajax/libs/dayjs/1.11.18/locale/ar-ly.js,c8320bdecab7ffa4eafde3858efb7baae9bd1394a4f9bdd14156ce48b2267d31
https://cdnjs.cloudflare.com/ajax/libs/dayjs/1.11.18/locale/ar-ly.min.js,63005eb8c0f1220c6529d6b3b511a3e8152196e1d10e6868f1badb9a702ae3cd
https://cdnjs.cloudflare.com/ajax/libs/dayjs/1.11.18/locale/ar-ma.js,5a21e7f4dae4df73c18bfd8e1ad5cf23f6a123cead69c7d76caf378a6195a849
https://cdnjs.cloudflare.com/ajax/libs/dayjs/1.11.18/locale/ar-ma.min.js,c80d5f94e7c921631aaf5f9e614847371269114412ad72c8ef62ddffe7bb7e9a
https://cdnjs.cloudflare.com/ajax/libs/dayjs/1.11.18/locale/ar-sa.js,4844d982a423d205714a5c9dd0dc064f5c43c48bab298bba2e7da19d9be7734b
https://cdnjs.cloudflare.com/ajax/libs/dayjs/1.11.18/locale/ar-sa.min.js,265f7d6f0023e92828fbc607d4d123e7006d61e0138ef6e6812c7901751afe57
https://cdnjs.cloudflare.com/ajax/libs/dayjs/1.11.18/locale/ar-tn.js,ffd3d7eb16c537f3f7c74fb8ffed7d955dc8303b1a011f79951fda64a7555886
https://cdnjs.cloudflare.com/ajax/libs/dayjs/1.11.18/locale/ar-tn.min.js,b7c068c7cb5e1b4fdae7cac76a0cd5dd3ea58daee244336cc85603ffb70c9416
https://cdnjs.cloudflare.com/ajax/libs/dayjs/1.11.18/locale/ar.js,96dde380f1841584cc7e4dbf5e2ea2855e44627f70ba5618dfdb89c160e8131c
https://cdnjs.cloudflare.com/ajax/libs/dayjs/1.11.18/locale/ar.min.js,51f06f1e0b9c6bd04c996c399f746aa1f294dc401a5d72c421bd4ace1be27774
https://cdnjs.cloudflare.com/ajax/libs/dayjs/1.11.18/locale/az.js,586bd2488d4a77593a39af53fc846d149c7b34275211cf0c59e81f57a5610d00
https://cdnjs.cloudflare.com/ajax/libs/dayjs/1.11.18/locale/az.min.js,e6a2e35b45fd6a1e7bb4dacab93f4189152c9523f4bdf045ed8ce3d7707dc06c
https://cdnjs.cloudflare.com/ajax/libs/dayjs/1.11.18/locale/be.js,559f1339fa908a3bf357a12f3b6976031040df7604f497c587211eb111b41b70
https://cdnjs.cloudflare.com/ajax/libs/dayjs/1.11.18/locale/be.min.js,ffffe512340e2af53afbb23f13ea6ac3cf61ea1c054ce1a837237443cdebb5f1
https://cdnjs.cloudflare.com/ajax/libs/dayjs/1.11.18/locale/bg.js,f607e69bcdad404b78d9d4b233218231cd2dfbb280f57f8c99bb0af33e9bc495
https://cdnjs.cloudflare.com/ajax/libs/dayjs/1.11.18/locale/bg.min.js,04842486a6e67a650008c844904d29aa541cfbaf2d0e38de6cb6eda33ed6d944
https://cdnjs.cloudflare.com/ajax/libs/dayjs/1.11.18/locale/bi.js,b87766e94bff34c8aa91a9a85f4015abcc74429e417bcd6ce5bb95b6ed0719ea
https://cdnjs.cloudflare.com/ajax/libs/dayjs/1.11.18/locale/bi.min.js,073f46b043e92b4b992ff35f0eb940dc06cd39476ca3464aa7c86faa5a06169d
https://cdnjs.cloudflare.com/ajax/libs/dayjs/1.11.18/locale/bm.js,5634c98659ee9aa615087b8559bb5612d0300472ee3bf67d1137017bbd6458fd
https://cdnjs.cloudflare.com/ajax/libs/dayjs/1.11.18/locale/bm.min.js,a1711ade322ac4055538ff294b1e0cb9333200b866264790ae25ce480e9aa439
https://cdnjs.cloudflare.com/ajax/libs/dayjs/1.11.18/locale/bn-bd.js,cb14f3ec2cb6ea7cb6e25f614c46d5b29552e5f94a0b630bb5799748f4e9220a
https://cdnjs.cloudflare.com/ajax/libs/dayjs/1.11.18/locale/bn-bd.min.js,d4f80008f01a0f22be00e1b1b953f3e93d9674cce80e1783b19e6ac88feaee40
https://cdnjs.cloudflare.com/ajax/libs/dayjs/1.11.18/locale/bn.js,49481eaa850b6bf72bf2104352520ea71460b5193c60793edaa442c70d004b01
https://cdnjs.cloudflare.com/ajax/libs/dayjs/1.11.18/locale/bn.min.js,48aa37dd993523cd290d3b63b88dc6ce505993357718113d9c91e00060327fd2
https://cdnjs.cloudflare.com/ajax/libs/dayjs/1.11.18/locale/bo.js,4d9538125cafe50af6cb9c0d7e75a6fcd14b4fa69d1f98c1f1eef727d7edfaa2
https://cdnjs.cloudflare.com/ajax/libs/dayjs/1.11.18/locale/bo.min.js,9cb08a32eeef27d4fa1395fe97381a9ee8839a055ada56ae46eb707ea4114b92
https://cdnjs.cloudflare.com/ajax/libs/dayjs/1.11.18/locale/br.js,539cdafb02e7517727f86f034bd5b9bc36b123c1b4950d99147ca37f5bcd2b92
https://cdnjs.cloudflare.com/ajax/libs/dayjs/1.11.18/locale/br.min.js,add125e9dcf4c815a51c3513e06d497631b7d382ddd24cab24d7a0f750956110
https://cdnjs.cloudflare.com/ajax/libs/dayjs/1.11.18/locale/bs.js,a1399feee5a89618d0f58335083dbd3b396d8f388f98950636459763d5767515
https://cdnjs.cloudflare.com/ajax/libs/dayjs/1.11.18/locale/bs.min.js,b4426a483f0c65dcafe0148b88fe40a73af8ea247ecfb7f9cda3ffc72dfcc774
https://cdnjs.cloudflare.com/ajax/libs/dayjs/1.11.18/locale/ca.js,e7958d3325b6c25489e52c446818681adb76354fa0cfb26fe32d960ca07671fb
https://cdnjs.cloudflare.com/ajax/libs/dayjs/1.11.18/locale/ca.min.js,1c5ec8789f93c37f1363baa819f6770dad93d301969e42cbf103d4df2ecca8ec
https://cdnjs.cloudflare.com/ajax/libs/dayjs/1.11.18/locale/cs.js,990677ebe2b1743fb574594d35839a86b4e81df39ab4f2d0aee8f1081becb682
https://cdnjs.cloudflare.com/ajax/libs/dayjs/1.11.18/locale/cs.min.js,62df2477e348b8be0da8efa95c2e5f93f7538e6f2aa3be75c667c71c54025aef
https://cdnjs.cloudflare.com/ajax/libs/dayjs/1.11.18/locale/cv.js,aa5ad5b7ea2676e7e3eb3f84a93941eef1a47a2ac5621e4c8ef929efc7cc4d38
https://cdnjs.cloudflare.com/ajax/libs/dayjs/1.11.18/locale/cv.min.js,cbbbc33cd7db4cd533ac5f9d2516bd956282c218009d6f1f5ce30f39c04149dc
https://cdnjs.cloudflare.com/ajax/libs/dayjs/1.11.18/locale/cy.js,083a5182f407e537a01ca0c6c39e7b95914127be78c07edd518748881b09e04a
https://cdnjs.cloudflare.com/ajax/libs/dayjs/1.11.18/locale/cy.min.js,40665bb2d84be4db51bde88fa066d6dcb7bb6035dcc28eba71f3fae2b9943ffc
https://cdnjs.cloudflare.com/ajax/libs/dayjs/1.11.18/locale/da.js,a497c10832b7a3cbbf913c3281c15265e6c9eddd77d3b25f4a2215c444a69238
https://cdnjs.cloudflare.com/ajax/libs/dayjs/1.11.18/locale/da.min.js,bd64edb5380dec937c2cef01426dfc4be3520d0610b2baa1ae1152f540cb5362
https://cdnjs.cloudflare.com/ajax/libs/dayjs/1.11.18/locale/de-at.js,d346ccc5064e7bf38fa576f8576555f692f1f2c9fa292f1b6dd4670c39bf95b1
https://cdnjs.cloudflare.com/ajax/libs/dayjs/1.11.18/locale/de-at.min.js,7a1b8279eeafbecdfef917a33e6d15e0f9d407d2e92452c79a7f1d42b12df787
https://cdnjs.cloudflare.com/ajax/libs/dayjs/1.11.18/locale/de-ch.js,eb6bc46bac0a0779f04d2a948d77fb904caaf3dde4bfccbc3804569a1d701949
https://cdnjs.cloudflare.com/ajax/libs/dayjs/1.11.18/locale/de-ch.min.js,038696d103dd2fd9cf027e818c27e9fd572ade9db63499049078e0699a3ce7ff
https://cdnjs.cloudflare.com/ajax/libs/dayjs/1.11.18/locale/de.js,3596deca0b5145ee014c77399ea17544ba8981a2fb8706097d82f10d3549599c
https://cdnjs.cloudflare.com/ajax/libs/dayjs/1.11.18/locale/de.min.js,a04027f5d8d04561c4b0b070c87b2ca98673914ada35343eb9eceed02cc0a5b5
https://cdnjs.cloudflare.com/ajax/libs/dayjs/1.11.18/locale/dv.js,7291d7731fba3fb5228d8f89576828c76a8c3546af7c7c0a90d9fa68be0d6bab
https://cdnjs.cloudflare.com/ajax/libs/dayjs/1.11.18/locale/dv.min.js,87f11514532376d17e36c70b482a534cac2c2e8f2aef52abb79a2f704a6892a6
https://cdnjs.cloudflare.com/ajax/libs/dayjs/1.11.18/locale/el.js,6e1a34370719c1b3f6a203289dc8b1cc288a97f18ab048dcf25ce7dc2a56b0f9
https://cdnjs.cloudflare.com/ajax/libs/dayjs/1.11.18/locale/el.min.js,c6819a456e63aa984d92bceb992162a945aa5f0d2953bf3f531fed273a78ce02
https://cdnjs.cloudflare.com/ajax/libs/dayjs/1.11.18/locale/en-au.js,2e5928c2f76d07b837e605e79245b4a5b813f0aceb428a3d4c72f88273554cd7
https://cdnjs.cloudflare.com/ajax/libs/dayjs/1.11.18/locale/en-au.min.js,76fd5b819f1259d6d60e28e642fa85f92a22e643e8b49d7bda5dda3b2307a272
https://cdnjs.cloudflare.com/ajax/libs/dayjs/1.11.18/locale/en-ca.js,45f0c44fd74b874a20e003f51e078dedbe45b4547db00755cd09a442457b4f23
https://cdnjs.cloudflare.com/ajax/libs/dayjs/1.11.18/locale/en-ca.min.js,413416d30a243e8d34798641a617b48814c97c36d0bbf2a4edd29f02d01ec487
https://cdnjs.cloudflare.com/ajax/libs/dayjs/1.11.18/locale/en-gb.js,568b48aab0d3c9595c0da291a579af34d6e35e1b155bdd49a8ae3decc2af15da
https://cdnjs.cloudflare.com/ajax/libs/dayjs/1.11.18/locale/en-gb.min.js,c35681067dc8cbcf331a17a13d75beedde0f351a65e80a144ea570e7e787ce16
https://cdnjs.cloudflare.com/ajax/libs/dayjs/1.11.18/locale/en-ie.js,5d08d7e953df5a07d6eb37a69b4c900b6bf08b8539bca51e8a143675e6f0ad75
https://cdnjs.cloudflare.com/ajax/libs/dayjs/1.11.18/locale/en-ie.min.js,544467d53f5bae175207b1a5f0af46daaa101c52b84dc0292404c515a53ac185
https://cdnjs.cloudflare.com/ajax/libs/dayjs/1.11.18/locale/en-il.js,dd74256a8fb8cbd4156a633f9278081665ac8df714bd022819508624969035ac
https://cdnjs.cloudflare.com/ajax/libs/dayjs/1.11.18/locale/en-il.min.js,17ad6bddb12d9a852357e8f5e94638a129a86d1e79c40c6765bb95ca24258864
https://cdnjs.cloudflare.com/ajax/libs/dayjs/1.11.18/locale/en-in.js,3241b5b548c861f298619890fe5a88e431ce5be7d5a75a979274aa63e8308aeb
https://cdnjs.cloudflare.com/ajax/libs/dayjs/1.11.18/locale/en-in.min.js,b9a23bd71ffcffe1c83228df9b08bfc53302df6e2c6a0961d1c9a0e6aedca5e5
https://cdnjs.cloudflare.com/ajax/libs/dayjs/1.11.18/locale/en-nz.js,9e7a7a41fc5aa02d88b3042f6ed824ab0175ec21edb0af3e15a1f3fd9a2ae489
https://cdnjs.cloudflare.com/ajax/libs/dayjs/1.11.18/locale/en-nz.min.js,e8ad011af75d4c006e4db3dea1c99a8f976715b6d8ca6e1e0ee4c655c0ae7670
https://cdnjs.cloudflare.com/ajax/libs/dayjs/1.11.18/locale/en-sg.js,4260f16f587962c22d502e28a6f9debdfadc6b96bfba3903f3920e4f9ea5b507
https://cdnjs.cloudflare.com/ajax/libs/dayjs/1.11.18/locale/en-sg.min.js,87f7eb73450ef493946a80fb3f661a552fd4769a3bf4d68f112ee275c086be99
https://cdnjs.cloudflare.com/ajax/libs/dayjs/1.11.18/locale/en-tt.js,470e6634aaf4ce736ad23f117676813d6f163e1f3b0c2e7ed0ba6be45713cf66
https://cdnjs.cloudflare.com/ajax/libs/dayjs/1.11.18/locale/en-tt.min.js,551130c265cec8e5280b37abf3ba49ab851ed43ac9871481a1f9fbd8673160b0
https://cdnjs.cloudflare.com/ajax/libs/dayjs/1.11.18/locale/en.js,def38160741cbf3169a800394148fe5ef89db95bd9445c1d5a93fdaf91d8889f
https://cdnjs.cloudflare.com/ajax/libs/dayjs/1.11.18/locale/en.min.js,53300359677c2112612ea36269d2923393f8979e4b715dda4f6f99d8947464ec
https://cdnjs.cloudflare.com/ajax/libs/dayjs/1.11.18/locale/eo.js,58748be14f634f6a1d58a88013be8a536dcbdd3fd0532cd3554b5a964754a60d
https://cdnjs.cloudflare.com/ajax/libs/dayjs/1.11.18/locale/eo.min.js,9dcfb113119b138f6730ed78b377705d1636329734c1ef66c21b0434d06d1752
https://cdnjs.cloudflare.com/ajax/libs/dayjs/1.11.18/locale/es-do.js,cc1974b3384a5b8fc11380a5824a842f9af826a7a5109ca350074316c2b23b94
https://cdnjs.cloudflare.com/ajax/libs/dayjs/1.11.18/locale/es-do.min.js,3b5ef7aff1e0fd476acc55f0d3ca60562ce8666ece638c1ec850021deab53887
https://cdnjs.cloudflare.com/ajax/libs/dayjs/1.11.18/locale/es-mx.js,13d2ac289d324edca63a2612a04445122ed7dffac1ebceb3448c63764e590bde
https://cdnjs.cloudflare.com/ajax/libs/dayjs/1.11.18/locale/es-mx.min.js,c889e222c37d8d1d9e55b6c30fbe80d5128c7b9b2bc053f769fcf8ea0c5e6111
https://cdnjs.cloudflare.com/ajax/libs/dayjs/1.11.18/locale/es-pr.js,850a9eb44ac3a9a1010ff92d3b11db8ace4a2ca1325f90566f3123142b17f257
https://cdnjs.cloudflare.com/ajax/libs/dayjs/1.11.18/locale/es-pr.min.js,0efaf3f4f9f850bd8a6f63c060eb0d8641829bfde6691cc9a08af46a4a55f765
https://cdnjs.cloudflare.com/ajax/libs/dayjs/1.11.18/locale/es-us.js,e83b89340dd666ead6b0ecbc21cfd6ea61275a351aaee5be5a842466a3a45f93
https://cdnjs.cloudflare.com/ajax/libs/dayjs/1.11.18/locale/es-us.min.js,5d9fef9a61c330c89d0294d955c47117d165e88a44acfdb2165a2ef5c728837e
https://cdnjs.cloudflare.com/ajax/libs/dayjs/1.11.18/locale/es.js,d1b6db8523ad28948c14f2ad77fe93bf25e325c56cc7d1f4179879b29e9828a7
https://cdnjs.cloudflare.com/ajax/libs/dayjs/1.11.18/locale/es.min.js,a7d865ef3b9b9d1c456836962982dafd78fedcf90b25edb6796f8106f52c46f5
https://cdnjs.cloudflare.com/ajax/libs/dayjs/1.11.18/locale/et.js,1e59486d3abf70850fad0d7a12e7a4ca65c171dbb9762ffc8e2ff0859773f2dd
https://cdnjs.cloudflare.com/ajax/libs/dayjs/1.11.18/locale/et.min.js,91de71b873aaa7ea4b929b3bce50989f8ae2596d2dfdf07465e031e1f259d621
https://cdnjs.cloudflare.com/ajax/libs/dayjs/1.11.18/locale/eu.js,c8c55f0091419e7ad8d15f79cd75a4bf2ec9549c374cbf48e7b957dfc12cab42
https://cdnjs.cloudflare.com/ajax/libs/dayjs/1.11.18/locale/eu.min.js,feaa780a74238395ad2247c56c07c8fd0cc83f8b36adc9da16540768fb1d7272
https://cdnjs.cloudflare.com/ajax/libs/dayjs/1.11.18/locale/fa.js,0723c8f2d3a10b6ad455af1d292c8733c0175daa2b779462f08465ae4807b9a4
https://cdnjs.cloudflare.com/ajax/libs/dayjs/1.11.18/locale/fa.min.js,cb420ca67d8965e2e0d099748ed4a13497fef6d9e434a038beb1b0e78c86ea9d
https://cdnjs.cloudflare.com/ajax/libs/dayjs/1.11.18/locale/fi.js,cf0b090b794a45d05aeaef013680552472bec4c7d82e7a3874f272e9dc4d67e7
https://cdnjs.cloudflare.com/ajax/libs/dayjs/1.11.18/locale/fi.min.js,2682b4d83b9cb5a3786dc20d9a2beb55e4100731377261ec6436889fdbfb4aa1
https://cdnjs.cloudflare.com/ajax/libs/dayjs/1.11.18/locale/fo.js,b164c50c12f63c7b0ea0c961a2320ae77d848fdb65fd97f9daced48380a66539
https://cdnjs.cloudflare.com/ajax/libs/dayjs/1.11.18/locale/fo.min.js,073ec2288361fc4cd99e9acdfb4d54bbaa72848b3046c8ce4944d19e02908cb5
https://cdnjs.cloudflare.com/ajax/libs/dayjs/1.11.18/locale/fr-ca.js,4d147fb2da3f1a3dad3c3eb04e8ce8c710208a71379fa7d9b2ebeb3c49fd42ed
https://cdnjs.cloudflare.com/ajax/libs/dayjs/1.11.18/locale/fr-ca.min.js,99a3be5c34b02ddd2c3779ed69f9a154733432a0ee9fe1893ee26c181a02ef6a
https://cdnjs.cloudflare.com/ajax/libs/dayjs/1.11.18/locale/fr-ch.js,f6d5c433518a9d66a802a261fd45f745172e5eae7718644df0d2c7e526825b44
https://cdnjs.cloudflare.com/ajax/libs/dayjs/1.11.18/locale/fr-ch.min.js,75a92045d8db31e6b76f90e43293ce21028390b9af77645081c946a773928359
https://cdnjs.cloudflare.com/ajax/libs/dayjs/1.11.18/locale/fr.js,a1ad1b3e844785d50522e91f60993d360ec6221011c2593bb06f8727cdd6fcbf
https://cdnjs.cloudflare.com/ajax/libs/dayjs/1.11.18/locale/fr.min.js,b1c2297329c87ba1823ff922bf83a3c5c3fb85633680ff3443056ec0205715a7
https://cdnjs.cloudflare.com/ajax/libs/dayjs/1.11.18/locale/fy.js,e8be6bd0f000bb09d2891943e94be438d0c36ebbc7f5e04f0909cdb297b5169b
https://cdnjs.cloudflare.com/ajax/libs/dayjs/1.11.18/locale/fy.min.js,91de1771bf292651e4f3c97acc1c6272811b08f3b2781945f286f4e68d14fd15
https://cdnjs.cloudflare.com/ajax/libs/dayjs/1.11.18/locale/ga.js,e202b1a8063b5f19b2daca2d280813408b1c8bbe727368d01351dd58b07ea632
https://cdnjs.cloudflare.com/ajax/libs/dayjs/1.11.18/locale/ga.min.js,713dbf0bbe4fefbe92369a874672a6d94b30183f8be472fe3508e660e742e3ad
https://cdnjs.cloudflare.com/ajax/libs/dayjs/1.11.18/locale/gd.js,de9a224871889515b045290e23fc5c75769446f87a2b950109ef4071159aa577
https://cdnjs.cloudflare.com/ajax/libs/dayjs/1.11.18/locale/gd.min.js,c5d88f971ffa882a3efef3b22d698d889a56df269014dd25a701b6df2b3d4a3d
https://cdnjs.cloudflare.com/ajax/libs/dayjs/1.11.18/locale/gl.js,5399e41a6b45eb33d487a1af6215276db8228c2e53d0cb690ace394075e0ce37
https://cdnjs.cloudflare.com/ajax/libs/dayjs/1.11.18/locale/gl.min.js,f63f2d73ee396279a4d9cadf18a9a8208ee888b7dcad9627cbf3151ba74cb71d
https://cdnjs.cloudflare.com/ajax/libs/dayjs/1.11.18/locale/gom-latn.js,b914dbd96829fd69171efe61e2b45f20525c859839d3521b1cfd78ccaaaa9d8a
https://cdnjs.cloudflare.com/ajax/libs/dayjs/1.11.18/locale/gom-latn.min.js,0e54f6e313605e71de3e0adb0bc729bb58ac80cd9ca56e2a53cb198a080c260a
https://cdnjs.cloudflare.com/ajax/libs/dayjs/1.11.18/locale/gu.js,16dfc27a68171f979987223b89158feb57945c8c0e3291a3720fefd43b9d2c29
https://cdnjs.cloudflare.com/ajax/libs/dayjs/1.11.18/locale/gu.min.js,20e8128b0d4aa2160040e3690a576e24e7224626ecb7ded3d87d24fbd831e3f3
https://cdnjs.cloudflare.com/ajax/libs/dayjs/1.11.18/locale/he.js,295255a605a2d9fa1b0042967e2b1bd11d6775ba0c4c8a3e7edb299b52e1bd8d
https://cdnjs.cloudflare.com/ajax/libs/dayjs/1.11.18/locale/he.min.js,d8648b6be377995172770b276ff70be51a737c0e64a18dee36801a9ca44c2a09
https://cdnjs.cloudflare.com/ajax/libs/dayjs/1.11.18/locale/hi.js,9e209a5f9e21517964c6b751bb75f012ec86703d00ec177bd7dc357bf1b4c4d6
https://cdnjs.cloudflare.com/ajax/libs/dayjs/1.11.18/locale/hi.min.js,21b00e586a09f4634d9fab6e7290f707be03865be82088e0b1300dc0e4cf4862
https://cdnjs.cloudflare.com/ajax/libs/dayjs/1.11.18/locale/hr.js,0d4ebcb318d9c0c83eb281218b7fd4f8d8b7037291891d3066ed938ab182e98d
https://cdnjs.cloudflare.com/ajax/libs/dayjs/1.11.18/locale/hr.min.js,811564d386a2814a6bd095fd3415e1f42eb756159b2438ed0dc614a1455318ba
https://cdnjs.cloudflare.com/ajax/libs/dayjs/1.11.18/locale/ht.js,9e3c28e2947165ae37ff01314d750b4da987dcee2c14e4338a0b38c68fb6997c
https://cdnjs.cloudflare.com/ajax/libs/dayjs/1.11.18/locale/ht.min.js,97dc78ada28b2e4c0898e6f1d1085d4a3f4fa74d510a49c1fe94eab5fb8fa99c
https://cdnjs.cloudflare.com/ajax/libs/dayjs/1.11.18/locale/hu.js,f0bd3bf9d167cf7a0d9cd1656cdf71f113c96c365f78ea1ec749ceb0a488f146
https://cdnjs.cloudflare.com/ajax/libs/dayjs/1.11.18/locale/hu.min.js,2958f05c13267e5207ede373c722e4c9e252ec60c11df1ee0ec78ac0fe267eeb
https://cdnjs.cloudflare.com/ajax/libs/dayjs/1.11.18/locale/hy-am.js,436deee65762dc2cd01329405c06d70bdb6b349796e5d40bfefb81aa6526802d
https://cdnjs.cloudflare.com/ajax/libs/dayjs/1.11.18/locale/hy-am.min.js,03aa11e194918de26a87dcac6d4dc886519f02eb8d9fba4912f6ab0da6a39318
https://cdnjs.cloudflare.com/ajax/libs/dayjs/1.11.18/locale/id.js,b4cacf90a3a3cc339e6515ffb7fa5b03daf56350e1e23fe0b35d4ee2c4210969
https://cdnjs.cloudflare.com/ajax/libs/dayjs/1.11.18/locale/id.min.js,e37d3322a4e276eff725fd67e6ce3408eb3faa588c55d0b8225781a282b70176
https://cdnjs.cloudflare.com/ajax/libs/dayjs/1.11.18/locale/is.js,d60d34fca715d40bdd40ffaedc8cf7b3fb25e7e522f04a6aae90c59cb1f272d3
https://cdnjs.cloudflare.com/ajax/libs/dayjs/1.11.18/locale/is.min.js,852b3ee5d533465c5789f852b6de2fb7b52317a308422eb69fb2ca0ab98adde3
https://cdnjs.cloudflare.com/ajax/libs/dayjs/1.11.18/locale/it-ch.js,0b1f20d4249511bf7d4bb783555bbf261848aa2edcf4668c38bc1849fd62d4d9
https://cdnjs.cloudflare.com/ajax/libs/dayjs/1.11.18/locale/it-ch.min.js,1f54297089bd8394c668e0372605cdc197e0db8ddd0164fb358ea777d2da6b97
https://cdnjs.cloudflare.com/ajax/libs/dayjs/1.11.18/locale/it.js,f76828cfd806ddb1c8d6d8fa9ded38f14a71602e39ac8caf27065b8d2411a955
https://cdnjs.cloudflare.com/ajax/libs/dayjs/1.11.18/locale/it.min.js,de05c8825233a47df0bae42a92c150725792b97a5ec122964aa75b921fdbdcf5
https://cdnjs.cloudflare.com/ajax/libs/dayjs/1.11.18/locale/ja.js,93e9ea15b7405c0cccb50e3d6267e2802128fb61a38ee268569b76301d3074ac
https://cdnjs.cloudflare.com/ajax/libs/dayjs/1.11.18/locale/ja.min.js,74dca5d0469d38074f350c48b1b82d696c4de1c2c4b33ab7c69e7670b0509de6
https://cdnjs.cloudflare.com/ajax/libs/dayjs/1.11.18/locale/jv.js,b75e7c27864234a2ff32dec936de673fef64b9b89848888b823dc2ee87e96db9
https://cdnjs.cloudflare.com/ajax/libs/dayjs/1.11.18/locale/jv.min.js,2d704496cd3b1cb948ecd423431a6b8b95cfce1d40f9a76b995fa1807cbfecc3
https://cdnjs.cloudflare.com/ajax/libs/dayjs/1.11.18/locale/ka.js,e6a887900c5ae147f35046915db6a62e200bcffbdcbb9ab0ff0fa94ef850c2c5
https://cdnjs.cloudflare.com/ajax/libs/dayjs/1.11.18/locale/ka.min.js,9ea2ddc77d7eb39e791381acbba9c10b1a23c25a8049be35285f23dd819a9b08
https://cdnjs.cloudflare.com/ajax/libs/dayjs/1.11.18/locale/kk.js,0ff7a3d3d01b9b1e18b75be440a576997b347aba36437baedede771a072fa87c
https://cdnjs.cloudflare.com/ajax/libs/dayjs/1.11.18/locale/kk.min.js,9bc7510252521d0c039eaef225c4840b1a0444cef63203fe95cbc1c83b313013
https://cdnjs.cloudflare.com/ajax/libs/dayjs/1.11.18/locale/km.js,802c917bfcfc638605f3a6e4916e110126e3592385cd8ca49e09d35e0051e6ec
https://cdnjs.cloudflare.com/ajax/libs/dayjs/1.11.18/locale/km.min.js,f808b712c48a4be626914ef4be740b71ab40e1b36607c248625f3a6d695893cc
https://cdnjs.cloudflare.com/ajax/libs/dayjs/1.11.18/locale/kn.js,980e5169552fea14cc2afad099f461cfc0046d90aaaf5a7a68d590217beb455c
https://cdnjs.cloudflare.com/ajax/libs/dayjs/1.11.18/locale/kn.min.js,69112488ba4e007c1a11e19fdfe258138c403102be30298e4fecf6c3ace95c70
https://cdnjs.cloudflare.com/ajax/libs/dayjs/1.11.18/locale/ko.js,6b1d41fb525eb9898c19b374bf5277891c232e35fc2be129e3eb9b6d1e60a64f
https://cdnjs.cloudflare.com/ajax/libs/dayjs/1.11.18/locale/ko.min.js,1f841a445b068c0c16a1b07e87725a7bbd474a67154d8c823198bf90ff771d2c
https://cdnjs.cloudflare.com/ajax/libs/dayjs/1.11.18/locale/ku.js,046805acb0a76fd8300ddaa089a19c09cf459013d93006af66fc5ef938376a65
https://cdnjs.cloudflare.com/ajax/libs/dayjs/1.11.18/locale/ku.min.js,890efd708aa3e8ec3860804d44fc410b7d3a1cff14daa474373f75b638008a0c
https://cdnjs.cloudflare.com/ajax/libs/dayjs/1.11.18/locale/ky.js,b2e252a646c9de830abe4e612d67d3d1a4d51e83650c8a10f515c0efd67e59eb
https://cdnjs.cloudflare.com/ajax/libs/dayjs/1.11.18/locale/ky.min.js,c60fc5d52b02fa027ae1e56b3ece0bd2b32f46481abc9f1063c9e0c6d1c526ed
https://cdnjs.cloudflare.com/ajax/libs/dayjs/1.11.18/locale/lb.js,dd5cbd0d94086f081eb17159bf14fa4a52f2e56d4cd6293382c40d164129f15c
https://cdnjs.cloudflare.com/ajax/libs/dayjs/1.11.18/locale/lb.min.js,bf3159523d076c354390154f9493cd769cb50887b7c720c38785404710ae10c1
https://cdnjs.cloudflare.com/ajax/libs/dayjs/1.11.18/locale/lo.js,4d85d4e3a8aa326363be22aa6f2f343571a0969f951ba269d6c89376d52fac16
https://cdnjs.cloudflare.com/ajax/libs/dayjs/1.11.18/locale/lo.min.js,5e2f2ed47ffe1589b84c46da64dcb8af173bc308858a9c2cf4ec169f11ee4477
https://cdnjs.cloudflare.com/ajax/libs/dayjs/1.11.18/locale/lt.js,3c933be43f969c0166d1ac4b28a8ecb655e9b9af1b81966abd4211c5f4962f62
https://cdnjs.cloudflare.com/ajax/libs/dayjs/1.11.18/locale/lt.min.js,89b52c145ff351cf451fbd690da506ee7c5c4cfd8922c44b206c9c063d3bfb38
https://cdnjs.cloudflare.com/ajax/libs/dayjs/1.11.18/locale/lv.js,a1c1814392ea630694b81991824971c92569c298470be13ca3785b74aec67655
https://cdnjs.cloudflare.com/ajax/libs/dayjs/1.11.18/locale/lv.min.js,168c9e439d5eeefc7903482c108b8fdf17ffdc2e9f32e17840062e2781ae068d
https://cdnjs.cloudflare.com/ajax/libs/dayjs/1.11.18/locale/me.js,4181d09c7c02a6782680f338da6310abfbb4981ea4d1334a8ff1bee0a34dda1a
https://cdnjs.cloudflare.com/ajax/libs/dayjs/1.11.18/locale/me.min.js,d5ea4e89386e8b251cc64c59d538d6cc6c523cb577d7d8f9b42856055cce5402
https://cdnjs.cloudflare.com/ajax/libs/dayjs/1.11.18/locale/mi.js,bd1d389a503881081db1052745e71870ee46a1595ab4fc6748e188497f665a52
https://cdnjs.cloudflare.com/ajax/libs/dayjs/1.11.18/locale/mi.min.js,4a958856cb46b4dc36334b5e8e3ce780ac45f413aa597d8fdd042a0feb38b7b5
https://cdnjs.cloudflare.com/ajax/libs/dayjs/1.11.18/locale/mk.js,48cda8293a9b9c7ce2b8c1a04d10f3e891f2156c0fce930a51fcd03724a57d43
https://cdnjs.cloudflare.com/ajax/libs/dayjs/1.11.18/locale/mk.min.js,385c323debcf36fc63d6ecd9ded4c11377090f91a4ce0b4f2d69eb8a90232351
https://cdnjs.cloudflare.com/ajax/libs/dayjs/1.11.18/locale/ml.js,a9a84ff099cd03e64da2f980556d492f891c906fadccba8c9334c728a96d3637
https://cdnjs.cloudflare.com/ajax/libs/dayjs/1.11.18/locale/ml.min.js,73f00cd4dfe7377472b1b338286211439e32e3ffcb45cdddc86de3fd92038ee4
https://cdnjs.cloudflare.com/ajax/libs/dayjs/1.11.18/locale/mn.js,41670be3521593e1069527489fc37d5105b5928d889999b5327832078f1c937b
https://cdnjs.cloudflare.com/ajax/libs/dayjs/1.11.18/locale/mn.min.js,fdcb08f1b8c09bd76b047f90904114129bcc5f1fcc08a897ec297300df9f4016
https://cdnjs.cloudflare.com/ajax/libs/dayjs/1.11.18/locale/mr.js,b168463498af8dd2dabb67ac873ecb6fc692a195f84fbe40096b287648f9c424
https://cdnjs.cloudflare.com/ajax/libs/dayjs/1.11.18/locale/mr.min.js,eadff2db03689113a1da374e966fb5d0d1a7f3562a386b026f448039e3439d22
https://cdnjs.cloudflare.com/ajax/libs/dayjs/1.11.18/locale/ms-my.js,2f8ddd66bf77d8b247f77b70ac66b9869c6037f4b9b47ba70a2ce355dd567aae
https://cdnjs.cloudflare.com/ajax/libs/dayjs/1.11.18/locale/ms-my.min.js,b1667efa154faf9176175e55f83d2f5547f0fe2b9dca2e1319d8cd4703c9dcea
https://cdnjs.cloudflare.com/ajax/libs/dayjs/1.11.18/locale/ms.js,06f187d9c0c36f65f40cebb57695df3471ec961ec515f899b843a73e8d11b975
https://cdnjs.cloudflare.com/ajax/libs/dayjs/1.11.18/locale/ms.min.js,b41651d6ca5486880cc390a91eaa04a511dd51dfd3773b7d0e7c21bbf10846fa
https://cdnjs.cloudflare.com/ajax/libs/dayjs/1.11.18/locale/mt.js,3fa2f459af271e7edc9a8bce9edbf7ab3cf331a3bef73ce2050b8bd97cb616db
https://cdnjs.cloudflare.com/ajax/libs/dayjs/1.11.18/locale/mt.min.js,806d1c5479fa6c835ca580f95d671e79f43d5a8ec74e5cd4c1d3b924a9a61303
https://cdnjs.cloudflare.com/ajax/libs/dayjs/1.11.18/locale/my.js,924a152b5dd45f26d5c7a95cbe5ea26a8a03d1924d10f4df6738dfe005a30def
https://cdnjs.cloudflare.com/ajax/libs/dayjs/1.11.18/locale/my.min.js,19bcbce7b4bb26411714a6488bc6c8cbca1e5647e61ca57f32e04c1eb13d882d
https://cdnjs.cloudflare.com/ajax/libs/dayjs/1.11.18/locale/nb.js,b1e59b099dd5922d904cdff9bf0e7961905038a13d3a751ce71374a2dc6013be
https://cdnjs.cloudflare.com/ajax/libs/dayjs/1.11.18/locale/nb.min.js,47d21013ed89a79e00fd25b4b6d589e8530685d55da3d21c855fb9208a3efeb7
https://cdnjs.cloudflare.com/ajax/libs/dayjs/1.11.18/locale/ne.js,db512ff7f913f75903949b47be18ec0e02bec5324d826eac0ae93ca9ca671d70
https://cdnjs.cloudflare.com/ajax/libs/dayjs/1.11.18/locale/ne.min.js,87633ebcf0ee1c5280380adfa1a704769aa4b314f050c77183db6e21078669fc
https://cdnjs.cloudflare.com/ajax/libs/dayjs/1.11.18/locale/nl-be.js,ef916c2b2be1945226eb1c7d9b13250e070337ffc04a714a9a49ad2b7a142c5d
https://cdnjs.cloudflare.com/ajax/libs/dayjs/1.11.18/locale/nl-be.min.js,1b23fd0b89c337d88d76aedf4596f691b79f60cc2aaf6970690ee5d319e1f12b
https://cdnjs.cloudflare.com/ajax/libs/dayjs/1.11.18/locale/nl.js,bd3ab491877cf6737dea460739d06e99f1e26b69645b452aa94c3d704125a0e9
https://cdnjs.cloudflare.com/ajax/libs/dayjs/1.11.18/locale/nl.min.js,be258895f285644a843ba08b5456ebcef93696d289676b39ffba56f036b2f2df
https://cdnjs.cloudflare.com/ajax/libs/dayjs/1.11.18/locale/nn.js,593391a73ae927223cdc601b6a1e1562b6c561b6aeb24d8cf6ae70a34b9f96d3
https://cdnjs.cloudflare.com/ajax/libs/dayjs/1.11.18/locale/nn.min.js,63bf9cddbc2376bd7d22aa4cca13d0da42067bdfe0885e83562199c1a9fdef54
https://cdnjs.cloudflare.com/ajax/libs/dayjs/1.11.18/locale/oc-lnc.js,2937b11bd6b7bea906bba52dcc8f9d5993274f60678ad88afa7d30f28178e0c6
https://cdnjs.cloudflare.com/ajax/libs/dayjs/1.11.18/locale/oc-lnc.min.js,e9c45807e1413d22caccb7efad7fc2b425e69fa1e0a24ac38dbbd95e66936bd6
https://cdnjs.cloudflare.com/ajax/libs/dayjs/1.11.18/locale/pa-in.js,10e96ded65e325f6563415da3ac40374f13930ddfb1affd05715977ca9113f0e
https://cdnjs.cloudflare.com/ajax/libs/dayjs/1.11.18/locale/pa-in.min.js,4d23b66370e1ee899e7c5c3d7ba161458da6e59ac1f05a4a2b9b59b7fb9ebab3
https://cdnjs.cloudflare.com/ajax/libs/dayjs/1.11.18/locale/pl.js,1bd90fb6e1f0907bac9943799a0136460446fd62ce2f256bb240085a3cd7566d
https://cdnjs.cloudflare.com/ajax/libs/dayjs/1.11.18/locale/pl.min.js,65934bb1e3450e39a77e677b4a748423bade0d812b570d232e9aff67d6a66c78
https://cdnjs.cloudflare.com/ajax/libs/dayjs/1.11.18/locale/pt-br.js,284c01ef0aa3183632315ad4fb95838a0ed70926747d534cb93aebdb6b4299b2
https://cdnjs.cloudflare.com/ajax/libs/dayjs/1.11.18/locale/pt-br.min.js,1386e8047c47ebc057a0503456a9db4eed7b22459b3bb5fe3faab9074344fefd
https://cdnjs.cloudflare.com/ajax/libs/dayjs/1.11.18/locale/pt.js,9117b792a4ed3ddb4b328f3d19d2d1337293973d7a1a1c8f2187ebc0f51bc989
https://cdnjs.cloudflare.com/ajax/libs/dayjs/1.11.18/locale/pt.min.js,58de6c57e7d87ec42ea2d04e51198ccc90aa790b923ce704c93682c4191d8f67
https://cdnjs.cloudflare.com/ajax/libs/dayjs/1.11.18/locale/rn.js,3b3d6be70a0af38aa18c6c2c352555db48a4114c7ab38e335e4df32bce6cfab9
https://cdnjs.cloudflare.com/ajax/libs/dayjs/1.11.18/locale/rn.min.js,8379f0a148243b57c824ca0a3dc3a516ebcde186ec0ce33b2515aab9a2c8d7be
https://cdnjs.cloudflare.com/ajax/libs/dayjs/1.11.18/locale/ro.js,74f28cf256f165feb2e70d5f4088ce69254d002b33f5c45024b209fbd522e386
https://cdnjs.cloudflare.com/ajax/libs/dayjs/1.11.18/locale/ro.min.js,186668e46947a47304ef37a9b686a8b3243aac75ee1422b2704c1234ddf0dad1
https://cdnjs.cloudflare.com/ajax/libs/dayjs/1.11.18/locale/ru.js,daf993577450babfdfd86ff503b2add6ca1519420943c53a69e249c6068dab4f
https://cdnjs.cloudflare.com/ajax/libs/dayjs/1.11.18/locale/ru.min.js,9e599b04da4e0922a1a2f8a5f2bccdebb5801d233f2080d3da74967e93d1b0ec
https://cdnjs.cloudflare.com/ajax/libs/dayjs/1.11.18/locale/rw.js,4e7617ed42c4cd4e2264f84fd8273e840cdd4859054b86cac6a31fd3f1a6ff8c
https://cdnjs.cloudflare.com/ajax/libs/dayjs/1.11.18/locale/rw.min.js,115f56c211a1bc5759ff8701f50ed51f51d1b0a11e454adab49974e04d4d0053
https://cdnjs.cloudflare.com/ajax/libs/dayjs/1.11.18/locale/sd.js,7703096becb5df186966857571882ebfc7fe498dc05c4299314a1c1da1351dc7
https://cdnjs.cloudflare.com/ajax/libs/dayjs/1.11.18/locale/sd.min.js,cb79eca9f0fb403c014685109e33d0275a72f278835dc49c1735486d4d37edbe
https://cdnjs.cloudflare.com/ajax/libs/dayjs/1.11.18/locale/se.js,458e8348348a3ec71db02948fd36198ca10a9233948087d25416848effa182a8
https://cdnjs.cloudflare.com/ajax/libs/dayjs/1.11.18/locale/se.min.js,7455525993fe5988810e65915d9370336b63450479eb3099216b45a1abdba98c
https://cdnjs.cloudflare.com/ajax/libs/dayjs/1.11.18/locale/si.js,6cce0ed35c694730c32188da84280d78b2afd7715a93c01a56ed425dfd0d49b5
https://cdnjs.cloudflare.com/ajax/libs/dayjs/1.11.18/locale/si.min.js,7d67ac198fbddb50ae75a2c892988e204cd68f926fb97a8b6787c8156b3159b1
https://cdnjs.cloudflare.com/ajax/libs/dayjs/1.11.18/locale/sk.js,e177f1986759a4eb809e78d3a01bdd79c8a043e3f07222eabc61de39c80b268c
https://cdnjs.cloudflare.com/ajax/libs/dayjs/1.11.18/locale/sk.min.js,9132fbf475d87d2b7d0682556285c51df333de07cade99ee67a6848ed667f122
https://cdnjs.cloudflare.com/ajax/libs/dayjs/1.11.18/locale/sl.js,565e490b90d3ecf1b98638dad0cd4d2b58f586c79b69237ccfd16c23646ac538
https://cdnjs.cloudflare.com/ajax/libs/dayjs/1.11.18/locale/sl.min.js,86b1e823e04cd96cdae4bbdc053cd7135f98b58c17e026d646a8ffe0b8479529
https://cdnjs.cloudflare.com/ajax/libs/dayjs/1.11.18/locale/sq.js,2d0e338ac1fb23f277c88611d881cc92a9455b37cbb24561801164839e356ae9
https://cdnjs.cloudflare.com/ajax/libs/dayjs/1.11.18/locale/sq.min.js,b54584f0b0b20136da0ad875055e4280d15e66430f46732aa3d68be772e8c42c
https://cdnjs.cloudflare.com/ajax/libs/dayjs/1.11.18/locale/sr-cyrl.js,8ca9addb5927c1f4cb8421704449774a4fa60e777093a3ea747d2afb282ad8ea
https://cdnjs.cloudflare.com/ajax/libs/dayjs/1.11.18/locale/sr-cyrl.min.js,fd83804cc95c776d5460550ff52ed17f1cf1f6463e02224c772e95060b1e45ee
https://cdnjs.cloudflare.com/ajax/libs/dayjs/1.11.18/locale/sr.js,af1066eecfd56dc03c59b3db61b2ebebc8b7f755ad9d4523376788e904f30d85
https://cdnjs.cloudflare.com/ajax/libs/dayjs/1.11.18/locale/sr.min.js,20a8c9b10020661caf7a161f935105a95996cc02f79fae8e77aed668d1fe294f
https://cdnjs.cloudflare.com/ajax/libs/dayjs/1.11.18/locale/ss.js,11e33ccd0430f7722be1fa1f85d9637e8c1de65a64d2e9252ff80a58727ca529
https://cdnjs.cloudflare.com/ajax/libs/dayjs/1.11.18/locale/ss.min.js,aad8f23e00d08a74a943112883d300ef6fba4a58c4efb2ec2f2069780df23031
https://cdnjs.cloudflare.com/ajax/libs/dayjs/1.11.18/locale/sv-fi.js,2f315e81474c2d6fa742b61197ed7d3a4b3660f4501629474b7e16b3b81a625c
https://cdnjs.cloudflare.com/ajax/libs/dayjs/1.11.18/locale/sv-fi.min.js,3152ade06f59191c11ceb7d3276aebaf9b09529d49ea1c3ca17c53045b349613
https://cdnjs.cloudflare.com/ajax/libs/dayjs/1.11.18/locale/sv.js,e899b6a49df9dae2166d32c4b2822ecff73662231f2b6970018ec632918b1c0a
https://cdnjs.cloudflare.com/ajax/libs/dayjs/1.11.18/locale/sv.min.js,363c3822b7aeb8ad3edde35fe1047c6a4044aa2a22663893e1da9634039dda41
https://cdnjs.cloudflare.com/ajax/libs/dayjs/1.11.18/locale/sw.js,f40b3f852bafcd4b16e6ee36a5ffad58d0e88878e84fe1b0e0a81caaf495c0a2
https://cdnjs.cloudflare.com/ajax/libs/dayjs/1.11.18/locale/sw.min.js,5b48a23b98780b52215b603e2a7d799e41f6d8027c5d7bc473e35d49e387f4c9
https://cdnjs.cloudflare.com/ajax/libs/dayjs/1.11.18/locale/ta.js,3fe104e9602fe51a5927a22dbe293f48817e3b07c090bfa9d97cce409556dfcd
https://cdnjs.cloudflare.com/ajax/libs/dayjs/1.11.18/locale/ta.min.js,e1ffeb9c4a1f1143b5133be83815a0a7ba5a457472a7c9444b093511d0bc904a
https://cdnjs.cloudflare.com/ajax/libs/dayjs/1.11.18/locale/te.js,b259e05746affd63339992a811faeb401c3f52b5007ad46f29e63d3b6a5d94d6
https://cdnjs.cloudflare.com/ajax/libs/dayjs/1.11.18/locale/te.min.js,6fc6933aaf701fe1bd095ad70ef334d514f28b9de68ffdf3864c79daa19b3cb4
https://cdnjs.cloudflare.com/ajax/libs/dayjs/1.11.18/locale/tet.js,b9fe9e7bcf3c7b0fe95970a9c482c1054606e859d6b0510feebd5dfe4b9b4947
https://cdnjs.cloudflare.com/ajax/libs/dayjs/1.11.18/locale/tet.min.js,a05faf87a41a51a461c9365b171061f11d1ea1ebffa558973674c06c65db91f3
https://cdnjs.cloudflare.com/ajax/libs/dayjs/1.11.18/locale/tg.js,3be189d9102a37d9d09d676315b7c435145d5b642d3893bf99ed8b55925a6cbe
https://cdnjs.cloudflare.com/ajax/libs/dayjs/1.11.18/locale/tg.min.js,3b039336619b6dcf75129a3cc16fbcb5cdcf4594c88ec7c09d0deb6daa5ac23e
https://cdnjs.cloudflare.com/ajax/libs/dayjs/1.11.18/locale/th.js,c49fb06b5c666c1bb48454a3743b4a21aff63ce6f571b03a529112b5da982f40
https://cdnjs.cloudflare.com/ajax/libs/dayjs/1.11.18/locale/th.min.js,653132b672cc4622e1637e4b55a76d57a25413cda75ee042ca16e6857cee99e5
https://cdnjs.cloudflare.com/ajax/libs/dayjs/1.11.18/locale/tk.js,58346eb1da97294c17b563362e0759fa9cea189782de0c17c5396c0486e568b2
https://cdnjs.cloudflare.com/ajax/libs/dayjs/1.11.18/locale/tk.min.js,bb398b68cb1fb435f97693ecf8b004b76fdf7706c9795138b4e3d9bd16fb7433
https://cdnjs.cloudflare.com/ajax/libs/dayjs/1.11.18/locale/tl-ph.js,dd9bc80b0628048d1567c8971fafbb276159b5e230fb948708e6eb85ca40fa6c
https://cdnjs.cloudflare.com/ajax/libs/dayjs/1.11.18/locale/tl-ph.min.js,c9d97ef39e3ac6a9c425a260e7238e1bfd3403fd5d2a902ceaa85fa37d24dd22
https://cdnjs.cloudflare.com/ajax/libs/dayjs/1.11.18/locale/tlh.js,3d469e41aea9da1caac426df61eb4105d5f83768aa0ddaf87254d5dc337a624a
https://cdnjs.cloudflare.com/ajax/libs/dayjs/1.11.18/locale/tlh.min.js,04bfee4dc8aa2efb3aab657e5536de1aaebaa426dbed96cdaf1fc040504dafaf
https://cdnjs.cloudflare.com/ajax/libs/dayjs/1.11.18/locale/tr.js,48181960ebddb6b9ff04914a9d00f2cebe56c6acd71731b71b1374224e92476d
https://cdnjs.cloudflare.com/ajax/libs/dayjs/1.11.18/locale/tr.min.js,ad897ded6818cf73c6ae360bc3506badf3fee81397be0ff6626099d676f66ca5
https://cdnjs.cloudflare.com/ajax/libs/dayjs/1.11.18/locale/tzl.js,cc167f4f881b2a942e6d2e56722aa49b3fc7e3be13b848bfe92196ca6febb505
https://cdnjs.cloudflare.com/ajax/libs/dayjs/1.11.18/locale/tzl.min.js,39d11616a38a96a270d62e2b675c17e2bc5b9e810289e3784136872ff28db84d
https://cdnjs.cloudflare.com/ajax/libs/dayjs/1.11.18/locale/tzm-latn.js,8f705a6c86b815e41bc91e48b0038e03c6422f707e8f4c9060810e670ab8122b
https://cdnjs.cloudflare.com/ajax/libs/dayjs/1.11.18/locale/tzm-latn.min.js,194093c1b6e6a89ff29152255063139f7be0d08783801fa6118756e8983cca5a
https://cdnjs.cloudflare.com/ajax/libs/dayjs/1.11.18/locale/tzm.js,d4cef7a0108ff568497a52625f84678e94873f5c4a7a6adfe45d0ed9f401a654
https://cdnjs.cloudflare.com/ajax/libs/dayjs/1.11.18/locale/tzm.min.js,f7f64156e3c4fae8f96a77d13630aab4a795685df5c083f6a342cc26403388e7
https://cdnjs.cloudflare.com/ajax/libs/dayjs/1.11.18/locale/ug-cn.js,ba03343557e7e14d156fa22ad51b800b858bd9075f58921c856387de0f1ba48b
https://cdnjs.cloudflare.com/ajax/libs/dayjs/1.11.18/locale/ug-cn.min.js,1ec1d72e80819b8fd11fd42d60db851f216dcccc6222389db25283a16da05fe5
https://cdnjs.cloudflare.com/ajax/libs/dayjs/1.11.18/locale/uk.js,3be5fa8d4a26199fb8af8fd260ba869c9ef78c0529c27b2bccfe1f18d0105eca
https://cdnjs.cloudflare.com/ajax/libs/dayjs/1.11.18/locale/uk.min.js,1d4e32ecf0f09d0f8fe1ac2e3208f7b606a5459c56fc9cab18f26186c33e728f
https://cdnjs.cloudflare.com/ajax/libs/dayjs/1.11.18/locale/ur.js,8acc64ac5b45300ed34cb85e6c2173362ed14029ab20ffee1ad4e0aec3605ae9
https://cdnjs.cloudflare.com/ajax/libs/dayjs/1.11.18/locale/ur.min.js,ad8cceed6eb713b65c45460deec18657a0eab3785662dd40a5755ae700197cc7
https://cdnjs.cloudflare.com/ajax/libs/dayjs/1.11.18/locale/uz-latn.js,07779fc271620893debffc460e16f00d0d4528d8e5644c4fe0030e5570238578
https://cdnjs.cloudflare.com/ajax/libs/dayjs/1.11.18/locale/uz-latn.min.js,3c854562c55f388c64054559853bfd14ca7d298983c4cc12ed8e52f6fcdb1375
https://cdnjs.cloudflare.com/ajax/libs/dayjs/1.11.18/locale/uz.js,26c133b45b9ecd82f90ca8dce74ea106ece6c67f297ee59af9191e502bd2b076
https://cdnjs.cloudflare.com/ajax/libs/dayjs/1.11.18/locale/uz.min.js,c0b2521fab1fc640a159b381468affa594cc3814ed8d65ff2282685b56fb7636
https://cdnjs.cloudflare.com/ajax/libs/dayjs/1.11.18/locale/vi.js,b10538e2f1a695b9ee72b6684d2931b0ba4ae04dc310411296593cadb21adbe2
https://cdnjs.cloudflare.com/ajax/libs/dayjs/1.11.18/locale/vi.min.js,ddce80a8fa9ee373897d2b7180c2d69a126ba2052c9811014e383249532ea2c8
https://cdnjs.cloudflare.com/ajax/libs/dayjs/1.11.18/locale/x-pseudo.js,470948b2b32e157b4c11ce072e58a3325802c2d3d52d8a6848b7bca750a380ba
https://cdnjs.cloudflare.com/ajax/libs/dayjs/1.11.18/locale/x-pseudo.min.js,ea1f4cfe179e12292841f53731ba3dbc879c27ec3c7df72a94d7df3d7e00736a
https://cdnjs.cloudflare.com/ajax/libs/dayjs/1.11.18/locale/yo.js,0f02f1a048081906afe5dfeb0b5782b3f447bd692d5e8828d6561739229050b1
https://cdnjs.cloudflare.com/ajax/libs/dayjs/1.11.18/locale/yo.min.js,b3a5edb1bba464ae02f3e3b5e83ae2f986245e376b099250f518414090fa1c41
https://cdnjs.cloudflare.com/ajax/libs/dayjs/1.11.18/locale/zh-cn.js,d93b074de4a1f0b5b7de810b1b4a7d180c6af6011b1f31a4455ca34e3411947b
https://cdnjs.cloudflare.com/ajax/libs/dayjs/1.11.18/locale/zh-cn.min.js,fff0c0fbfb7c7caae9a0b4c6866550ead213c3e18ff516c5208578b68d40408d
https://cdnjs.cloudflare.com/ajax/libs/dayjs/1.11.18/locale/zh-hk.js,bdf03db84171e486bae1edc99093abc8c810a94674fe296f6f08544be9e589e4
https://cdnjs.cloudflare.com/ajax/libs/dayjs/1.11.18/locale/zh-hk.min.js,6fe5001f13323b291c21115bd1f2d247d124e4df5f1182f6ad57fde27d7bd0e8
https://cdnjs.cloudflare.com/ajax/libs/dayjs/1.11.18/locale/zh-tw.js,780f79ee8e7ce0b36ea61c2e6e82dcf759c7cd99171b3f8f8b19547aa405b826
https://cdnjs.cloudflare.com/ajax/libs/dayjs/1.11.18/locale/zh-tw.min.js,f19921ed612f2e43b285d9abaedc04a6e838e7bd8b36f0fb12caa54f74f03e3f
https://cdnjs.cloudflare.com/ajax/libs/dayjs/1.11.18/locale/zh.js,97811d3be2661c3557eee0d7677cbf41ad9532eae1b4d38cb9c9e1241aed7c85
https://cdnjs.cloudflare.com/ajax/libs/dayjs/1.11.18/locale/zh.min.js,371a8e6bb853f1fc19fd559e5ef5956a4aae0d666911554a1045b038e682bfb2
https://cdnjs.cloudflare.com/ajax/libs/dayjs/1.11.18/plugin/advancedFormat.js,6f9ca609c4af60f2a03033e72dec5714f4f8e7b240381934040f547a0282463f
https://cdnjs.cloudflare.com/ajax/libs/dayjs/1.11.18/plugin/advancedFormat.min.js,9e26fe0fd0ce553e2554afa2bd95c0b328ef3cb72c8b5640edeab6bd351ce7bc
https://cdnjs.cloudflare.com/ajax/libs/dayjs/1.11.18/plugin/arraySupport.js,e2cb919327920f5a7cee7a86ee6692298b60424f78688bba8032c9c1946b3cf3
https://cdnjs.cloudflare.com/ajax/libs/dayjs/1.11.18/plugin/arraySupport.min.js,99c55c91b8f2c2f8c4422ac938dd2c5c801a44a2151fb674a2449e50af2dc68c
https://cdnjs.cloudflare.com/ajax/libs/dayjs/1.11.18/plugin/badMutable.js,56fd282bd15c83b052a63eaa8100281c5ba5a092f74146f4caf8fccedef10ded
https://cdnjs.cloudflare.com/ajax/libs/dayjs/1.11.18/plugin/badMutable.min.js,63c1c84f5bca45ef2f5858c40ee8bb5b821ee47fec143032a628309481352b47
https://cdnjs.cloudflare.com/ajax/libs/dayjs/1.11.18/plugin/bigIntSupport.js,b6ae2a92ca8fb8f99f42f40ecf4544467719a6feefe7489740747ab97da37a2d
https://cdnjs.cloudflare.com/ajax/libs/dayjs/1.11.18/plugin/bigIntSupport.min.js,3c5702a351be214e860a3662987889e0cf89757d3d16fd0e814a13287bc45469
https://cdnjs.cloudflare.com/ajax/libs/dayjs/1.11.18/plugin/buddhistEra.js,40638da2be2a2c97aceeb09bc7a64a3ca05728fdf3f62a726e8b83c1184395e2
https://cdnjs.cloudflare.com/ajax/libs/dayjs/1.11.18/plugin/buddhistEra.min.js,530f4a8ff1d5fc3985b1f4498b3025a7d82527d84b37d6e3696823a268948d30
https://cdnjs.cloudflare.com/ajax/libs/dayjs/1.11.18/plugin/calendar.js,79db0b0cd841cca1e730fc17141e48c7d4175edc733cb54f03ed6de0093fed33
https://cdnjs.cloudflare.com/ajax/libs/dayjs/1.11.18/plugin/calendar.min.js,f43840fd7aac805c7a1d6067478e55aa463ccc9c5909331f5aa6b8431ceb6d3c
https://cdnjs.cloudflare.com/ajax/libs/dayjs/1.11.18/plugin/customParseFormat.js,b199a58d0fbbdc519a072eb9b140a2ca3d4775ea1b054a0c0e5aeed86603c941
https://cdnjs.cloudflare.com/ajax/libs/dayjs/1.11.18/plugin/customParseFormat.min.js,20d44b561d62c37a3f4d4e747e5a4337ee2c812d302a588a067a8bd8c8b747fd
https://cdnjs.cloudflare.com/ajax/libs/dayjs/1.11.18/plugin/dayOfYear.js,2e2b9b9bf4342965d6b7b1b1133fc0e503948bbf95f982689134eefdf48ad6e2
https://cdnjs.cloudflare.com/ajax/libs/dayjs/1.11.18/plugin/dayOfYear.min.js,dd5044d9ff856cafdc8820b1de2953ca399c76c37b04c98d2f6d70b3ad433fec
https://cdnjs.cloudflare.com/ajax/libs/dayjs/1.11.18/plugin/devHelper.js,47e23f3454369faf960b7b7e4532d0fe9e3102c43e311378a59c5eb138d239d5
https://cdnjs.cloudflare.com/ajax/libs/dayjs/1.11.18/plugin/devHelper.min.js,aad4bd68914bb35904a669b1d5f9b410dd5620bb833ee9408e15e1bc8a1a0146
https://cdnjs.cloudflare.com/ajax/libs/dayjs/1.11.18/plugin/duration.js,195fdda447c9a0e36eb910321411da8f653b0a7ce151824b5c05f8cc9c9b2450
https://cdnjs.cloudflare.com/ajax/libs/dayjs/1.11.18/plugin/duration.min.js,b50887f1e97ef971bfed6badf17d3c8f5c11d8ac0bbc4ff8adca70c72c071e12
https://cdnjs.cloudflare.com/ajax/libs/dayjs/1.11.18/plugin/isBetween.js,00d079ea67e5afd2bcdfd972cdaa4a46d6389d3f1110c753acda28da86fe72d9
https://cdnjs.cloudflare.com/ajax/libs/dayjs/1.11.18/plugin/isBetween.min.js,da7d135e2b845e662cdebd38fcbee3020fa23f8f98c63826c70feb0f09be2286
https://cdnjs.cloudflare.com/ajax/libs/dayjs/1.11.18/plugin/isLeapYear.js,386b1ac95b07da44f687cb5d55e1f6af75fc05cf89a49b6929bc63bab5cadef9
https://cdnjs.cloudflare.com/ajax/libs/dayjs/1.11.18/plugin/isLeapYear.min.js,68aeb964e08bb17e178106c4bce85898477764696640faec5576192ab5e68b7e
https://cdnjs.cloudflare.com/ajax/libs/dayjs/1.11.18/plugin/isMoment.js,7acd891dcef46b03538291b113756ff7051df19a0812bb15d26b35d929f40e95
https://cdnjs.cloudflare.com/ajax/libs/dayjs/1.11.18/plugin/isMoment.min.js,f951e5ce02a24ae19732c1ccd2ef77b6c965fc65f988f42361667b1d94e2f960
https://cdnjs.cloudflare.com/ajax/libs/dayjs/1.11.18/plugin/isSameOrAfter.js,ec4f67ae45b6c9ccc1a2b6d0d69419600e81792bf8aa93ea419d6adce98deb37
https://cdnjs.cloudflare.com/ajax/libs/dayjs/1.11.18/plugin/isSameOrAfter.min.js,3573bdd8c59f5bf89e5b572af3091b28bec601227f2d343cc620a7cf6e40c20f
https://cdnjs.cloudflare.com/ajax/libs/dayjs/1.11.18/plugin/isSameOrBefore.js,8d224646d3a5f834861c98eb46b8b0003092b1a063f9f19fda46d94f0a4fe4e6
https://cdnjs.cloudflare.com/ajax/libs/dayjs/1.11.18/plugin/isSameOrBefore.min.js,91350c703ea591d00da1f834c03151d7b6c92ad22f62249285572b2fcce9fb10
https://cdnjs.cloudflare.com/ajax/libs/dayjs/1.11.18/plugin/isToday.js,f0e72ffd346d2b052fe0369cfe1c819af30086f3f773fd86e501ba6fa54f94d5
https://cdnjs.cloudflare.com/ajax/libs/dayjs/1.11.18/plugin/isToday.min.js,4012ff15770ba22142235d19ed84a575ba011b5064eeceb3ed20192165db0841
https://cdnjs.cloudflare.com/ajax/libs/dayjs/1.11.18/plugin/isTomorrow.js,50b3ede3f3afe4156f7244de7bc998c7773209475207a7bcd64932a03972d9b3
https://cdnjs.cloudflare.com/ajax/libs/dayjs/1.11.18/plugin/isTomorrow.min.js,8f9e64b5e6ee219e10c3fbcba7ccd66ad401846b7ac498889b15d1041095da83
https://cdnjs.cloudflare.com/ajax/libs/dayjs/1.11.18/plugin/isYesterday.js,bdad8e52d9c2c719b0d2c59e9ea60955c01ceabfda660adbb3eb6b6d4a4710d9
https://cdnjs.cloudflare.com/ajax/libs/dayjs/1.11.18/plugin/isYesterday.min.js,9e57e016a3b1614feb9f7db07ca47368aba4b34f51f1c856e4255acddd5ef436
https://cdnjs.cloudflare.com/ajax/libs/dayjs/1.11.18/plugin/isoWeek.js,9937b6f6e7f852fd180a75d02f223298a4541a8cec415d0cadad5dfde7d40929
https://cdnjs.cloudflare.com/ajax/libs/dayjs/1.11.18/plugin/isoWeek.min.js,25b8af792baac929c76b1b4cbeca3899cb376886087c86e9ac0bf996c4108402
https://cdnjs.cloudflare.com/ajax/libs/dayjs/1.11.18/plugin/isoWeeksInYear.js,8e1b4a6e0fd64380555d81be9c4675168afa62127c5c508ab67f45bc9fc5773f
https://cdnjs.cloudflare.com/ajax/libs/dayjs/1.11.18/plugin/isoWeeksInYear.min.js,3310192240f822741ff438c0e9a99df30647894fe4712bfcb241d3e7009995dd
https://cdnjs.cloudflare.com/ajax/libs/dayjs/1.11.18/plugin/localeData.js,16e8ff612ead60f8c36e8045c486e4320acd5e53e61db7d644d343236248e78a
https://cdnjs.cloudflare.com/ajax/libs/dayjs/1.11.18/plugin/localeData.min.js,e19c50f3f29deef007458eb24927a8e614039d39cbf792a9caae5cc30705652e
https://cdnjs.cloudflare.com/ajax/libs/dayjs/1.11.18/plugin/localizedFormat.js,83e8319b5c6646ae0879c491ba3bf678ac940a8fe2d5be6446758d7126d810ed
https://cdnjs.cloudflare.com/ajax/libs/dayjs/1.11.18/plugin/localizedFormat.min.js,f3fd49207357b065d087074fc2f98702340c9356c9dc2c3e0b2013005013174c
https://cdnjs.cloudflare.com/ajax/libs/dayjs/1.11.18/plugin/minMax.js,4e883d40b753248ae2ede48811a2a78d4013a8dbfe7e178a1bfd4e8241856455
https://cdnjs.cloudflare.com/ajax/libs/dayjs/1.11.18/plugin/minMax.min.js,6ac16023b412b61c5ab1bf909e1298a36e5f61b4ceb638bd3174428ceff0c835
https://cdnjs.cloudflare.com/ajax/libs/dayjs/1.11.18/plugin/negativeYear.js,fa79f7931473e5a244719fff9c7d7c1d2ccca2c7417a47d7bb29c020aafacf30
https://cdnjs.cloudflare.com/ajax/libs/dayjs/1.11.18/plugin/negativeYear.min.js,5f7c5c28dd0b0e0a314a1e03b3ef207d80daee412a7e33346106b4a29d794bab
https://cdnjs.cloudflare.com/ajax/libs/dayjs/1.11.18/plugin/objectSupport.js,2a5b8b99cd30c337372a8971a5a172ff1d859dad72225746e8ded811da2edfec
https://cdnjs.cloudflare.com/ajax/libs/dayjs/1.11.18/plugin/objectSupport.min.js,829eb5f739b25f31ee3512506280b2ca76405af05f62864538ab1f41abb6b302
https://cdnjs.cloudflare.com/ajax/libs/dayjs/1.11.18/plugin/pluralGetSet.js,8abba44e69a93d716f0b146b10f2d545eb762a464d6abae7486e8aaa78a63229
https://cdnjs.cloudflare.com/ajax/libs/dayjs/1.11.18/plugin/pluralGetSet.min.js,2ae8f50f9022a330ac249b301f451fc9a064deed90d0bf29ed7d5d4450e39c73
https://cdnjs.cloudflare.com/ajax/libs/dayjs/1.11.18/plugin/preParsePostFormat.js,1a2e36c203dd74ce7e5ace52a681a3cda2dcb7ee7acc8a211e6917f9ce06d00e
https://cdnjs.cloudflare.com/ajax/libs/dayjs/1.11.18/plugin/preParsePostFormat.min.js,3ac1e3f921b33f9a463c4cfbf5372ab3cc1ff2e4cf60f516b224cfabf5fcc88b
https://cdnjs.cloudflare.com/ajax/libs/dayjs/1.11.18/plugin/quarterOfYear.js,ac0de30250d6ae30a9c230efaace353a0914a461ac86e5e8c7c27b4ab37bd560
https://cdnjs.cloudflare.com/ajax/libs/dayjs/1.11.18/plugin/quarterOfYear.min.js,93ec274a2c63f8a15b8c6ec2aae87b0cdc99d9ddacd731f83947253f7d85bf3b
https://cdnjs.cloudflare.com/ajax/libs/dayjs/1.11.18/plugin/relativeTime.js,9aeaf25ce3c591525c24ed5816686e2b25d89860d3d93615c62bc6d0c0a04738
https://cdnjs.cloudflare.com/ajax/libs/dayjs/1.11.18/plugin/relativeTime.min.js,7fed822330de27244fcce1261c761a1837b12991f16a03b1bcb09fee709e44cb
https://cdnjs.cloudflare.com/ajax/libs/dayjs/1.11.18/plugin/timezone.js,a8286f22f2647936d5e66d02d0aac197eb0e89c68892580493cda5c290d29191
https://cdnjs.cloudflare.com/ajax/libs/dayjs/1.11.18/plugin/timezone.min.js,454445da33eb6f3c14584e966e6eaec71d41a3736ad3506ca18da3e2c142afa9
https://cdnjs.cloudflare.com/ajax/libs/dayjs/1.11.18/plugin/toArray.js,13e91a4c4a9387dacd0e05e6ba9f3bdf999ff8f0b4a40865f07ccfa78eee3d1c
https://cdnjs.cloudflare.com/ajax/libs/dayjs/1.11.18/plugin/toArray.min.js,47c349d898950b445f3f54473e8aefd6e9b7a01d49d05fc0b74292f8167238d8
https://cdnjs.cloudflare.com/ajax/libs/dayjs/1.11.18/plugin/toObject.js,8a520555c6890cb63245ba37a863f6c4f7d4dda34e38bafac92e6c0f6cf46d02
https://cdnjs.cloudflare.com/ajax/libs/dayjs/1.11.18/plugin/toObject.min.js,4575be3facc89fe141b54728c9e74138bc4081575343f0a7f4b30537b2744429
https://cdnjs.cloudflare.com/ajax/libs/dayjs/1.11.18/plugin/updateLocale.js,dd4cceb26a315ea07ea845944245efc1844ac8fab5d93fcf4d64bb9af790a5ac
https://cdnjs.cloudflare.com/ajax/libs/dayjs/1.11.18/plugin/updateLocale.min.js,47359aae9bbd74b9155af24afddeeb248c2bea9e7ad8e8e5c24e36098d65d463
https://cdnjs.cloudflare.com/ajax/libs/dayjs/1.11.18/plugin/utc.js,7e01072e6f1f2e646506a083ccc500ed19c5a657a5a6645b3fafeccdf3ce9c0a
https://cdnjs.cloudflare.com/ajax/libs/dayjs/1.11.18/plugin/utc.min.js,d622725c450ed06a8a16b37cee4adf4adaeea9d6ee36c8f6ee1d454288dd96ed
https://cdnjs.cloudflare.com/ajax/libs/dayjs/1.11.18/plugin/weekOfYear.js,fb7e9b4b213b2b7294fd5236bb4878b62e688292cf2c07745f0c7ff00762833f
https://cdnjs.cloudflare.com/ajax/libs/dayjs/1.11.18/plugin/weekOfYear.min.js,27606993352ec07213bee82aadd32e19173daf44d1921eb146acfcf8d26b3231
https://cdnjs.cloudflare.com/ajax/libs/dayjs/1.11.18/plugin/weekYear.js,c3e73c56b2351e2bb14fd79bca54c6af4048202e77ce6da529785a85edb65ba1
https://cdnjs.cloudflare.com/ajax/libs/dayjs/1.11.18/plugin/weekYear.min.js,2610f191af3df324961a436c46d9d4cd67b8815f91818de0f6aea0a5f4198144
https://cdnjs.cloudflare.com/ajax/libs/dayjs/1.11.18/plugin/weekday.js,c5ffac8fb7deb86ff2920f6a4f123f9053ced09c81f6e784bf3b60b63ac49b96
https://cdnjs.cloudflare.com/ajax/libs/dayjs/1.11.18/plugin/weekday.min.js,eeed702f932e7ef4930a7ea41cdd8b3109a2738dc47c10ff781e89f3fd7a6cd0
https://cdnjs.cloudflare.com/ajax/libs/react-transition-group/4.4.5/react-transition-group.js,5c6bbf807b47bcba319ec296c519eac87b48407cb111f8e100acd03037085abf
https://cdnjs.cloudflare.com/ajax/libs/react-transition-group/4.4.5/react-transition-group.min.js,fb6a0f2609f6662ff4fb4d60a9ed632c3bace783a60974dc20dbb65770afbbc8
https://cdnjs.cloudflare.com/ajax/libs/recharts/3.2.1/Recharts.js,dae9b22e355579e4cd66b9586766ca83f6df9a40421c8e41249a63c686813864
https://cdnjs.cloudflare.com/ajax/libs/recharts/3.2.1/Recharts.min.js,eae2873b7508c7226ab32b301e82ee9bed5f4edfb26a48b463a2dca4a24bdac9
https://cdnjs.cloudflare.com/ajax/libs/immer/10.1.3/cjs/immer.cjs.development.js,40ee71397c608f15e2d5efe405c721db5672d9c37a16e08ac04639f0565b485a
https://cdnjs.cloudflare.com/ajax/libs/immer/10.1.3/cjs/immer.cjs.development.min.js,f197e7e9a71b966eab8fc36faae381154149b8bf0ce31f8c2ce394c1ace77420
https://cdnjs.cloudflare.com/ajax/libs/immer/10.1.3/cjs/immer.cjs.production.js,f3266b0647e0688fc6e9a6bcd05493de411385c7f33fcdb2c2bffe0aecadc19b
https://cdnjs.cloudflare.com/ajax/libs/immer/10.1.3/cjs/immer.cjs.production.min.js,a2a58c8452449f97d36bcaeca39a02b14815958668e8f34a1da640f422b9bb97
https://cdnjs.cloudflare.com/ajax/libs/immer/10.1.3/cjs/index.js,7f637a5b444a27f4c6d66bd5be1bb0582691a449f0d3f15223d2463f9ceccf3a
https://cdnjs.cloudflare.com/ajax/libs/immer/10.1.3/cjs/index.min.js,f37f113994ba9441d3554c25b6d9d74fcafe550ea96511a84f16da669d49f34f
https://cdnjs.cloudflare.com/ajax/libs/immer/10.1.3/immer.legacy-esm.js,4df74a01d575a4c5a6e22ea2a5a305400f8c63df20f5b3f2e25e068608990b8f
https://cdnjs.cloudflare.com/ajax/libs/immer/10.1.3/immer.legacy-esm.min.js,2d924ef55a5d2ad94b0c777c9c8ef44025aa9b9ac6f6df1ab005da861dc26725
https://cdnjs.cloudflare.com/ajax/libs/bluebird/3.7.2/bluebird.core.js,76a26146580122f106508e66d178c25c589e7f1a7ecfc096f9a9bd7c8a8cae09
https://cdnjs.cloudflare.com/ajax/libs/bluebird/3.7.2/bluebird.core.min.js,7b2e1cea02fda77d2d30a3c676a3fad4d008f62b7ae4adc77563e94b6e74c3d3
https://cdnjs.cloudflare.com/ajax/libs/bluebird/3.7.2/bluebird.js,2584e7871b3d869fcba965cf8f1f30e962d60019931a0b88cc474fd99f80822f
https://cdnjs.cloudflare.com/ajax/libs/bluebird/3.7.2/bluebird.min.js,bd5da4364c94b11a9e56f0d0388439082ef6d3b29c15255ac17bad40abe0c248
https://cdnjs.cloudflare.com/ajax/libs/axe-core/4.10.3/axe.js,beeadb8d4043458482a8432dd227af926d1baf378ffbcd63888e91ec0ca8535d
https://cdnjs.cloudflare.com/ajax/libs/axe-core/4.10.3/axe.min.js,880970c081707360e64f34cea25ff91892f5bc95675b0776925b9709dd8a68bb
https://cdnjs.cloudflare.com/ajax/libs/marked/16.3.0/lib/marked.esm.js,2cf87a5a5f9f677fedca30aee75c2d791e79b2330cccc77345efc87091d09f12
https://cdnjs.cloudflare.com/ajax/libs/marked/16.3.0/lib/marked.esm.min.js,21281b3f406bd4fd404d4db253955aa245f320a2977277bae1202ca5e2351552
https://cdnjs.cloudflare.com/ajax/libs/marked/16.3.0/lib/marked.umd.js,a8873a6b64aac490de4f5ca6ae9b237baf2a3eb0aacf7dc6b4a31d34a2365ac4
https://cdnjs.cloudflare.com/ajax/libs/marked/16.3.0/lib/marked.umd.min.js,fe19dcc22695007cccbd794f859676e9d25356d48be2fe1a158650405a34e81f
https://cdnjs.cloudflare.com/ajax/libs/jsonwebtoken/9.0.2/decode.js,32fa49ba4da4e2eb75f91a84385d8718660fe5b51192ed317c6161b5d72a4a89
https://cdnjs.cloudflare.com/ajax/libs/jsonwebtoken/9.0.2/decode.min.js,05985f80c24829d4a519215aa84d106648f127dc8b6dc41099b8cafc9f050c23
https://cdnjs.cloudflare.com/ajax/libs/jsonwebtoken/9.0.2/index.js,aae460b3f08f3f8b1cb229ee226fb084540fec04b6ddc8fc01463068ebf4b7de
https://cdnjs.cloudflare.com/ajax/libs/jsonwebtoken/9.0.2/index.min.js,b1f4c93bb282ece643c99a98c26b84bcc01328719829525fc9acc083af0fac63
https://cdnjs.cloudflare.com/ajax/libs/jsonwebtoken/9.0.2/lib/JsonWebTokenError.js,35fdb68dea632779c5fa58f225fd02d65a6d8e15a004928a18b48724da423428
https://cdnjs.cloudflare.com/ajax/libs/jsonwebtoken/9.0.2/lib/JsonWebTokenError.min.js,f57e28c0c896d056f00280eb0694cb85ad5cfd1e94fecf3f3ca40f64c64dc642
https://cdnjs.cloudflare.com/ajax/libs/jsonwebtoken/9.0.2/lib/NotBeforeError.js,7e7de14d16fc9c308c53d4303309e4f924116d470ffec8e91436064382df95ca
https://cdnjs.cloudflare.com/ajax/libs/jsonwebtoken/9.0.2/lib/NotBeforeError.min.js,f68ea29c9db3908fce2c0c602c04016dbacc364acbc8711133cc8e10b9260f79
https://cdnjs.cloudflare.com/ajax/libs/jsonwebtoken/9.0.2/lib/TokenExpiredError.js,ba5ac1133bbd1db3ebc297f04657b256294771f1688a42588abebdef172f5c70
https://cdnjs.cloudflare.com/ajax/libs/jsonwebtoken/9.0.2/lib/TokenExpiredError.min.js,7d02bdac0a3f016bd0ee058ea7dd47e08cfa8cbf9dd5235db9abf78a5473137b
https://cdnjs.cloudflare.com/ajax/libs/jsonwebtoken/9.0.2/lib/asymmetricKeyDetailsSupported.js,aa5ce3d7b296793af5743836266b41c225f53ed3622fb93547b370876bfd6863
https://cdnjs.cloudflare.com/ajax/libs/jsonwebtoken/9.0.2/lib/asymmetricKeyDetailsSupported.min.js,67518ae41cbc4a03d2f02798ab1588453911e8e2c37d2ea430e57c4f98cbde44
https://cdnjs.cloudflare.com/ajax/libs/jsonwebtoken/9.0.2/lib/psSupported.js,422fd617085929da78d1c4b2d4618af81bec231bffc635301056b4bd09a11b21
https://cdnjs.cloudflare.com/ajax/libs/jsonwebtoken/9.0.2/lib/psSupported.min.js,ab694dfdd8a60f5d94f302e1bc7142f665a98b7a2a677d4cf9ebd4b683f1cd8d
https://cdnjs.cloudflare.com/ajax/libs/jsonwebtoken/9.0.2/lib/rsaPssKeyDetailsSupported.js,affc2e0df7e8928b52c2a3078cf2b31541bc39d764ddfbbd5047bb70b3d2147f
https://cdnjs.cloudflare.com/ajax/libs/jsonwebtoken/9.0.2/lib/rsaPssKeyDetailsSupported.min.js,c029e7d645165a2e0e323289d17fd3ee2f9f637b0c635353781f07d3819b6295
https://cdnjs.cloudflare.com/ajax/libs/jsonwebtoken/9.0.2/lib/timespan.js,328f90a9a030c4d63159c75123e679c80e851ea9ea732d7f3345db7f4cd519d7
https://cdnjs.cloudflare.com/ajax/libs/jsonwebtoken/9.0.2/lib/timespan.min.js,ee8c0b69a868e8d046104e37e3bb0635a560c248d70f622c52c36651142fdc32
https://cdnjs.cloudflare.com/ajax/libs/jsonwebtoken/9.0.2/lib/validateAsymmetricKey.js,46c209d93f601141c15ed4c5b91a4d5742048f2bfbd04d1aaa5831c03f2b856b
https://cdnjs.cloudflare.com/ajax/libs/jsonwebtoken/9.0.2/lib/validateAsymmetricKey.min.js,8d2bcdd54f604b2ed626124e0848b8366f14bb34e6bb8395738df2665c9d6b7f
https://cdnjs.cloudflare.com/ajax/libs/jsonwebtoken/9.0.2/sign.js,00779cf25c179c89ff359a5544dea41850efb1c227f5c081cac04cf637ff53a8
https://cdnjs.cloudflare.com/ajax/libs/jsonwebtoken/9.0.2/sign.min.js,0faac66c7ab75c471a77994a80c309bd76186402fed99f0cbab900e809c58f11
https://cdnjs.cloudflare.com/ajax/libs/jsonwebtoken/9.0.2/verify.js,fa01db296dfa5585bff7b097187ef65fcb017d636ab9900799eb53e0acee0b85
https://cdnjs.cloudflare.com/ajax/libs/jsonwebtoken/9.0.2/verify.min.js,1a4d3bb50112f5589fef2397c94f1dffe24df531ff7047c3d4e242aed65d76fe
https://cdnjs.cloudflare.com/ajax/libs/bignumber.js/9.3.1/bignumber.js,08ff132ba18de1678e18a9f68bcad39cc970c94f7d219850468b2a7510cff0ce
https://cdnjs.cloudflare.com/ajax/libs/bignumber.js/9.3.1/bignumber.min.js,c2bc1d528ccef787b9157262b0f9f15581050d1149181cd9c9fde2c7b4be993c
https://cdnjs.cloudflare.com/ajax/libs/dompurify/3.2.7/purify.js,20f124f5ca30423ae938ea6564ff4027099483d5d954585c6770eabbe246d65e
https://cdnjs.cloudflare.com/ajax/libs/dompurify/3.2.7/purify.min.js,40cff492b54353a55cdf9ffb369786539ffb7d54d25f97dd4a1e8975b309c35d
https://cdnjs.cloudflare.com/ajax/libs/co/4.1.0/index.js,091d6e3319a3607958c8db8d192853aa5ef6aa1b8d88d115cd6706dec2232035
https://cdnjs.cloudflare.com/ajax/libs/co/4.1.0/index.min.js,84e04fbe5b291603a5f350da0c34372e07dd66e2f32273b07e7df8057dba681b
https://cdnjs.cloudflare.com/ajax/libs/jszip/3.10.1/jszip.js,e2e1be5c22d3f15b0b89e676d3eede94644529996d9898a6b1587c9908a78506
https://cdnjs.cloudflare.com/ajax/libs/jszip/3.10.1/jszip.min.js,acc7e41455a80765b5fd9c7ee1b8078a6d160bbbca455aeae854de65c947d59e
https://cdnjs.cloudflare.com/ajax/libs/immutable/5.1.3/immutable.js,ad0cfee5f6c37159ba66d93159a3276c146e98e820afdb28423021f92abee34d
https://cdnjs.cloudflare.com/ajax/libs/immutable/5.1.3/immutable.min.js,d2cb1abd3dc64746c5c8c90c54917834072f4749a76ee050058bc66304df744c
https://cdnjs.cloudflare.com/ajax/libs/bowser/2.12.1/bundled.js,7efa816584bfda503cc208ba8b74643921a443d48fc32b82fb843b510132f329
https://cdnjs.cloudflare.com/ajax/libs/bowser/2.12.1/bundled.min.js,c38a3ad93ae1e186e8863820ce52e69f3ed08bb5964bd3429b582f6093ee656b
https://cdnjs.cloudflare.com/ajax/libs/bowser/2.12.1/es5.js,655ab40d5c641c67f51e3e1505f2fcd87560e023ed3a3b8dd9174950e251d593
https://cdnjs.cloudflare.com/ajax/libs/bowser/2.12.1/es5.min.js,954516f9f25b4f5d6be0b92a78af57f4952fda13d1ed72f1247cc313d5e34161
https://cdnjs.cloudflare.com/ajax/libs/cheerio/1.1.2/dist/browser/api/attributes.js,56d75284819d71e6edb376c124293bc97e204125fe221c7597d81a8a33bc4b41
https://cdnjs.cloudflare.com/ajax/libs/cheerio/1.1.2/dist/browser/api/attributes.min.js,8930eaa2ceda94991009e2f7f8fb7172f2c1196ce1d184a19a00266849492b51
https://cdnjs.cloudflare.com/ajax/libs/cheerio/1.1.2/dist/browser/api/css.js,3bd12911368c6050dce487f0d9b7f968667acaa8f444079f59cbe7230a71ecd5
https://cdnjs.cloudflare.com/ajax/libs/cheerio/1.1.2/dist/browser/api/css.min.js,f65d67d76549859efcb5695c4190d68c5cbb322920346a8912786386425d9a14
https://cdnjs.cloudflare.com/ajax/libs/cheerio/1.1.2/dist/browser/api/extract.js,8f7d64a42aadbfd6425d99eb3c8403d57e9d3b642a2828458f76345a5614fb97
https://cdnjs.cloudflare.com/ajax/libs/cheerio/1.1.2/dist/browser/api/extract.min.js,47345b6f32e979d05dbf1fff348b5f574a961537647edd8fc4a17b0293cb92f7
https://cdnjs.cloudflare.com/ajax/libs/cheerio/1.1.2/dist/browser/api/forms.js,ebd229e85d8084206668484e0dd6faeb04c9b7755e62a3c90a485563c7e1e848
https://cdnjs.cloudflare.com/ajax/libs/cheerio/1.1.2/dist/browser/api/forms.min.js,2e346129ab77de5f8a78b621a18a2a56358a13a5dd5a3a70092abd10f869962e
https://cdnjs.cloudflare.com/ajax/libs/cheerio/1.1.2/dist/browser/api/manipulation.js,877dacf83b86235653955b788f6dc9bd628f3e26a36fd3a327116bfa55aec7fd
https://cdnjs.cloudflare.com/ajax/libs/cheerio/1.1.2/dist/browser/api/manipulation.min.js,6b2c603b15305380f7dfff78703d7049643b9a6c6d48e0de5bbef046241cf90f
https://cdnjs.cloudflare.com/ajax/libs/cheerio/1.1.2/dist/browser/api/traversing.js,e8d739a12fd57bef08fa52f3aea476122bf84c619681fb04606d60bd18c9e404
https://cdnjs.cloudflare.com/ajax/libs/cheerio/1.1.2/dist/browser/api/traversing.min.js,9c3806a69da67df5455c9004b0f220565f261bc982802a1484bcf899af9defa4
https://cdnjs.cloudflare.com/ajax/libs/cheerio/1.1.2/dist/browser/cheerio.js,58fc2469df9fbdc4217db17b6f2a2993fc6861aae11697b04f1d608b8496d9c9
https://cdnjs.cloudflare.com/ajax/libs/cheerio/1.1.2/dist/browser/cheerio.min.js,14db4a56b5cb0c488544abf36967ee925ffd440d3a13a91d14f247e9f79bf87f
https://cdnjs.cloudflare.com/ajax/libs/cheerio/1.1.2/dist/browser/index.js,c6d78ab54623001a3bb2a6ae4942cd4af04ceb44bb8ef4df23317ee6373d2794
https://cdnjs.cloudflare.com/ajax/libs/cheerio/1.1.2/dist/browser/index.min.js,fc660648662e5ac37b337d16dfcc48393b5a0fbceacb14fa6bebda76eec7d60f
https://cdnjs.cloudflare.com/ajax/libs/cheerio/1.1.2/dist/browser/load-parse.js,9e6d9e2d9fc3a8f321816e9d2b974c9048644875e902a31400700bdfe6ae0a0e
https://cdnjs.cloudflare.com/ajax/libs/cheerio/1.1.2/dist/browser/load-parse.min.js,bbe533d11848d6f42e71c9d51351c76459d99265ac4b269c038827aa0aa40407
https://cdnjs.cloudflare.com/ajax/libs/cheerio/1.1.2/dist/browser/load.js,ae6937526f54c08cac2b4733008b0cfecd12f6900e17e7960ffa8d344da83586
https://cdnjs.cloudflare.com/ajax/libs/cheerio/1.1.2/dist/browser/load.min.js,69d51f7c8a8d45f78d248d915d29d3049b57db0537c1ea51741927ca4e8c9bbd
https://cdnjs.cloudflare.com/ajax/libs/cheerio/1.1.2/dist/browser/options.js,9819b83080b190e2bdf2bd98e2763a29fcd5af9fffbd62fe660500f0a3b37fb1
https://cdnjs.cloudflare.com/ajax/libs/cheerio/1.1.2/dist/browser/options.min.js,a66b2d9bbb379ab66728adf75a96d0fa2caf870d58f111417f34872bb932a2d3
https://cdnjs.cloudflare.com/ajax/libs/cheerio/1.1.2/dist/browser/parse.js,1954efc020ce613932e0ad7c6877dbed413e2bab294e9cdeb52f4be43ad0ba59
https://cdnjs.cloudflare.com/ajax/libs/cheerio/1.1.2/dist/browser/parse.min.js,bdea078cafbc11586fea33bb4957b096069969dabeab4ea24805a91b8f660ced
https://cdnjs.cloudflare.com/ajax/libs/cheerio/1.1.2/dist/browser/parsers/parse5-adapter.js,8fbabf110ebe5e20724900990f0bb73dcca1c62a92782586686018e7a8234345
https://cdnjs.cloudflare.com/ajax/libs/cheerio/1.1.2/dist/browser/parsers/parse5-adapter.min.js,8799144f34d858f03e4d2edddd2c8b7320db28dd0538f5cc2c4fc3f1ed57b895
https://cdnjs.cloudflare.com/ajax/libs/cheerio/1.1.2/dist/browser/slim.js,78e11e59173f67eb390ff6b6ac4791a558084aa33efe3eed747c21c9a4b386c2
https://cdnjs.cloudflare.com/ajax/libs/cheerio/1.1.2/dist/browser/slim.min.js,537ba68afbc86b5c9fdd13ac6cb233b0be4196edca5883bb2aabe58b4bbd74e2
https://cdnjs.cloudflare.com/ajax/libs/cheerio/1.1.2/dist/browser/static.js,43780fa999cb63bc08211604c9bdc8847172377d81d8e702495e6eb3452c47bb
https://cdnjs.cloudflare.com/ajax/libs/cheerio/1.1.2/dist/browser/static.min.js,cf2280bdf18614b14108ec3b8e1c2c00dc0c87efb3e72ecae6937c129608d0db
https://cdnjs.cloudflare.com/ajax/libs/cheerio/1.1.2/dist/browser/types.js,052dfc79ac1c253cc2cfb79c47804d31c2fbf63724e70c541aa14c470dd4b8ac
https://cdnjs.cloudflare.com/ajax/libs/cheerio/1.1.2/dist/browser/types.min.js,e3b0c44298fc1c149afbf4c8996fb92427ae41e4649b934ca495991b7852b855
https://cdnjs.cloudflare.com/ajax/libs/cheerio/1.1.2/dist/browser/utils.js,c4b1bc089da7bdcca7029c07048144ec49784a106b67a1e161321468a0596993
https://cdnjs.cloudflare.com/ajax/libs/cheerio/1.1.2/dist/browser/utils.min.js,edec38275cf34e82e1350b9a45a65bda3711940d2690f000c607da90c0514236
https://cdnjs.cloudflare.com/ajax/libs/cheerio/1.1.2/dist/commonjs/api/attributes.js,4cecd2a1083225f5675bb50ba3f43f92f828fc04b84fcdd9d40f758269381bd8
https://cdnjs.cloudflare.com/ajax/libs/cheerio/1.1.2/dist/commonjs/api/attributes.min.js,a4bcbc39a9532d8ecef1c8082cb8ff4861a1eb8809681a17b947e0b66b8932d8
https://cdnjs.cloudflare.com/ajax/libs/cheerio/1.1.2/dist/commonjs/api/css.js,7746c87d752a58d3482228ba0ab2993d38817cab7c0c0771cc4042ee0a060b5f
https://cdnjs.cloudflare.com/ajax/libs/cheerio/1.1.2/dist/commonjs/api/css.min.js,2707ae69c4b775dce87849834f5e788cc5115c8b0d2e461acb106156bbb40e57
https://cdnjs.cloudflare.com/ajax/libs/cheerio/1.1.2/dist/commonjs/api/extract.js,522682022079cf724fc03316d1e8e313331aeb454f969b9bca3f284f40362a88
https://cdnjs.cloudflare.com/ajax/libs/cheerio/1.1.2/dist/commonjs/api/extract.min.js,1865c990d1fafeb8c1479e2c59b6fea1d727b278dcb25c579d89f70baf447d17
https://cdnjs.cloudflare.com/ajax/libs/cheerio/1.1.2/dist/commonjs/api/forms.js,faf527df7eee6195b39aac346c231ef9f406862a1c1be10df9e7d9fc889e12e5
https://cdnjs.cloudflare.com/ajax/libs/cheerio/1.1.2/dist/commonjs/api/forms.min.js,994a645e643afd1b56abce28f144b16d93693e85845c73edb692cc8e9ce404d9
https://cdnjs.cloudflare.com/ajax/libs/cheerio/1.1.2/dist/commonjs/api/manipulation.js,cabef68a59a6e5e0e8bed5c3c240ab57ff2f382658f09bf61fc1afbdefdac517
https://cdnjs.cloudflare.com/ajax/libs/cheerio/1.1.2/dist/commonjs/api/manipulation.min.js,76e817dd31a61d800e398489a059e3c13b834346242dc4667cabccfae7663e08
https://cdnjs.cloudflare.com/ajax/libs/cheerio/1.1.2/dist/commonjs/api/traversing.js,2756848fff7f4333a26edc0e48b806a50a82eb433541d799b0da729474608dbc
https://cdnjs.cloudflare.com/ajax/libs/cheerio/1.1.2/dist/commonjs/api/traversing.min.js,21e0b62a6ccf16f63921471d5ce041f08a9c32c6c3b78ba30798b83c6531ad80
https://cdnjs.cloudflare.com/ajax/libs/cheerio/1.1.2/dist/commonjs/cheerio.js,f0fd733ff299a0ec5073b6016d940c918073542c1e3b83e816abae842170d91b
https://cdnjs.cloudflare.com/ajax/libs/cheerio/1.1.2/dist/commonjs/cheerio.min.js,9768db56c17c9e3cd236c686283fb0910a0009659c42b5a5784e5418be4b5959
https://cdnjs.cloudflare.com/ajax/libs/cheerio/1.1.2/dist/commonjs/index.js,ed43f738462a3ce5f277d8626dad1a0210464e38331064b3b43e1083b1ffd494
https://cdnjs.cloudflare.com/ajax/libs/cheerio/1.1.2/dist/commonjs/index.min.js,a509b94b180384c0fe66abb435883ed029e482d39e2e3ca759e23cb9dde48219
https://cdnjs.cloudflare.com/ajax/libs/cheerio/1.1.2/dist/commonjs/load-parse.js,1be8b4e33874844978e2f4ba497f9dc290add220add5328b245465df7cfb5356
https://cdnjs.cloudflare.com/ajax/libs/cheerio/1.1.2/dist/commonjs/load-parse.min.js,cf48ff058b509a52fa89094d669f517ad88e72df57397a39ebf873af9e66fbd1
https://cdnjs.cloudflare.com/ajax/libs/cheerio/1.1.2/dist/commonjs/load.js,7092336c1f5ce35750ad55bd1db1f8dfa85565ea49b0dc3eac35cb349db8d148
https://cdnjs.cloudflare.com/ajax/libs/cheerio/1.1.2/dist/commonjs/load.min.js,a9e5a7fef6d240418275945bcd7b8351fe56957741b9402506ba66f51b3ad38a
https://cdnjs.cloudflare.com/ajax/libs/cheerio/1.1.2/dist/commonjs/options.js,f99e50683a7c223ddbe6cf397708fac2d3a653c7d68a3e8e7ec278caf2c09ce5
https://cdnjs.cloudflare.com/ajax/libs/cheerio/1.1.2/dist/commonjs/options.min.js,ff2dc3f235ca775506026287041f5de56d2c9e4b7fe30ce43b4222a606984d59
https://cdnjs.cloudflare.com/ajax/libs/cheerio/1.1.2/dist/commonjs/parse.js,ea00e89568435f7d08025a3de4d1ccefc18e43131a15b266ea52da4eec29b084
https://cdnjs.cloudflare.com/ajax/libs/cheerio/1.1.2/dist/commonjs/parse.min.js,9960f4a0ccaed4dccf9495881696e9c554666a1180bafcaddb35aa6cae83ef1b
https://cdnjs.cloudflare.com/ajax/libs/cheerio/1.1.2/dist/commonjs/parsers/parse5-adapter.js,08fe0e537e3c8d91f3a6f54dbf4f69f891170b7bca3571f7e26e3a9e213da5fb
https://cdnjs.cloudflare.com/ajax/libs/cheerio/1.1.2/dist/commonjs/parsers/parse5-adapter.min.js,415b1a868d833633f8b89c4d5f4f2fffea9b2363353389feac54d163afd0652d
https://cdnjs.cloudflare.com/ajax/libs/cheerio/1.1.2/dist/commonjs/slim.js,edefd5b653583c0800bd5a1f08571fc1496ead27c77c3f37015bd070ce2ab5bc
https://cdnjs.cloudflare.com/ajax/libs/cheerio/1.1.2/dist/commonjs/slim.min.js,dee32fb13c4d34227a464fa30ecb14bece6f643bbd2709c04274c3769286b419
https://cdnjs.cloudflare.com/ajax/libs/cheerio/1.1.2/dist/commonjs/static.js,7b8ef6def93b427cde71dcfb7f4009fbe572a6dad5047b5dbe6c879856ed0e9c
https://cdnjs.cloudflare.com/ajax/libs/cheerio/1.1.2/dist/commonjs/static.min.js,30a8ae2c56338c33f8facaac3bc8f320af5eb31279b136743f4c5957396acf37
https://cdnjs.cloudflare.com/ajax/libs/cheerio/1.1.2/dist/commonjs/types.js,24d24dca97cee756cf72233d188840328f8b73cd83b5dc762cd304204626f49b
https://cdnjs.cloudflare.com/ajax/libs/cheerio/1.1.2/dist/commonjs/types.min.js,f813e5f83b5be6b7ea3cac9fde64c29951120ccebe846a7aedd0e87879fb4ff0
https://cdnjs.cloudflare.com/ajax/libs/cheerio/1.1.2/dist/commonjs/utils.js,a7c1c330ac45e6b83e8624f22b23b5a0e38543843628a77fcd0b6f836fd730b8
https://cdnjs.cloudflare.com/ajax/libs/cheerio/1.1.2/dist/commonjs/utils.min.js,81c2e91ab7e1ebe015089a3ea91684d79f3515eea219c04092108c058374e6ba
https://cdnjs.cloudflare.com/ajax/libs/cheerio/1.1.2/dist/esm/api/attributes.js,56d75284819d71e6edb376c124293bc97e204125fe221c7597d81a8a33bc4b41
https://cdnjs.cloudflare.com/ajax/libs/cheerio/1.1.2/dist/esm/api/attributes.min.js,8930eaa2ceda94991009e2f7f8fb7172f2c1196ce1d184a19a00266849492b51
https://cdnjs.cloudflare.com/ajax/libs/cheerio/1.1.2/dist/esm/api/css.js,3bd12911368c6050dce487f0d9b7f968667acaa8f444079f59cbe7230a71ecd5
https://cdnjs.cloudflare.com/ajax/libs/cheerio/1.1.2/dist/esm/api/css.min.js,f65d67d76549859efcb5695c4190d68c5cbb322920346a8912786386425d9a14
https://cdnjs.cloudflare.com/ajax/libs/cheerio/1.1.2/dist/esm/api/extract.js,8f7d64a42aadbfd6425d99eb3c8403d57e9d3b642a2828458f76345a5614fb97
https://cdnjs.cloudflare.com/ajax/libs/cheerio/1.1.2/dist/esm/api/extract.min.js,47345b6f32e979d05dbf1fff348b5f574a961537647edd8fc4a17b0293cb92f7
https://cdnjs.cloudflare.com/ajax/libs/cheerio/1.1.2/dist/esm/api/forms.js,ebd229e85d8084206668484e0dd6faeb04c9b7755e62a3c90a485563c7e1e848
https://cdnjs.cloudflare.com/ajax/libs/cheerio/1.1.2/dist/esm/api/forms.min.js,2e346129ab77de5f8a78b621a18a2a56358a13a5dd5a3a70092abd10f869962e
https://cdnjs.cloudflare.com/ajax/libs/cheerio/1.1.2/dist/esm/api/manipulation.js,877dacf83b86235653955b788f6dc9bd628f3e26a36fd3a327116bfa55aec7fd
https://cdnjs.cloudflare.com/ajax/libs/cheerio/1.1.2/dist/esm/api/manipulation.min.js,6b2c603b15305380f7dfff78703d7049643b9a6c6d48e0de5bbef046241cf90f
https://cdnjs.cloudflare.com/ajax/libs/cheerio/1.1.2/dist/esm/api/traversing.js,e8d739a12fd57bef08fa52f3aea476122bf84c619681fb04606d60bd18c9e404
https://cdnjs.cloudflare.com/ajax/libs/cheerio/1.1.2/dist/esm/api/traversing.min.js,9c3806a69da67df5455c9004b0f220565f261bc982802a1484bcf899af9defa4
https://cdnjs.cloudflare.com/ajax/libs/cheerio/1.1.2/dist/esm/cheerio.js,58fc2469df9fbdc4217db17b6f2a2993fc6861aae11697b04f1d608b8496d9c9
https://cdnjs.cloudflare.com/ajax/libs/cheerio/1.1.2/dist/esm/cheerio.min.js,14db4a56b5cb0c488544abf36967ee925ffd440d3a13a91d14f247e9f79bf87f
https://cdnjs.cloudflare.com/ajax/libs/cheerio/1.1.2/dist/esm/index.js,19dd79731dc5cce760b9a506389aa51c088cf780bd73ba1f5fc76235a48ff72d
https://cdnjs.cloudflare.com/ajax/libs/cheerio/1.1.2/dist/esm/index.min.js,d6e1f3e382a790dd2c430c2083672281a661f4deafc4810b5fa226d421b417a6
https://cdnjs.cloudflare.com/ajax/libs/cheerio/1.1.2/dist/esm/load-parse.js,9e6d9e2d9fc3a8f321816e9d2b974c9048644875e902a31400700bdfe6ae0a0e
https://cdnjs.cloudflare.com/ajax/libs/cheerio/1.1.2/dist/esm/load-parse.min.js,bbe533d11848d6f42e71c9d51351c76459d99265ac4b269c038827aa0aa40407
https://cdnjs.cloudflare.com/ajax/libs/cheerio/1.1.2/dist/esm/load.js,ae6937526f54c08cac2b4733008b0cfecd12f6900e17e7960ffa8d344da83586
https://cdnjs.cloudflare.com/ajax/libs/cheerio/1.1.2/dist/esm/load.min.js,69d51f7c8a8d45f78d248d915d29d3049b57db0537c1ea51741927ca4e8c9bbd
https://cdnjs.cloudflare.com/ajax/libs/cheerio/1.1.2/dist/esm/options.js,9819b83080b190e2bdf2bd98e2763a29fcd5af9fffbd62fe660500f0a3b37fb1
https://cdnjs.cloudflare.com/ajax/libs/cheerio/1.1.2/dist/esm/options.min.js,a66b2d9bbb379ab66728adf75a96d0fa2caf870d58f111417f34872bb932a2d3
https://cdnjs.cloudflare.com/ajax/libs/cheerio/1.1.2/dist/esm/parse.js,1954efc020ce613932e0ad7c6877dbed413e2bab294e9cdeb52f4be43ad0ba59
https://cdnjs.cloudflare.com/ajax/libs/cheerio/1.1.2/dist/esm/parse.min.js,bdea078cafbc11586fea33bb4957b096069969dabeab4ea24805a91b8f660ced
https://cdnjs.cloudflare.com/ajax/libs/cheerio/1.1.2/dist/esm/parsers/parse5-adapter.js,8fbabf110ebe5e20724900990f0bb73dcca1c62a92782586686018e7a8234345
https://cdnjs.cloudflare.com/ajax/libs/cheerio/1.1.2/dist/esm/parsers/parse5-adapter.min.js,8799144f34d858f03e4d2edddd2c8b7320db28dd0538f5cc2c4fc3f1ed57b895
https://cdnjs.cloudflare.com/ajax/libs/cheerio/1.1.2/dist/esm/slim.js,78e11e59173f67eb390ff6b6ac4791a558084aa33efe3eed747c21c9a4b386c2
https://cdnjs.cloudflare.com/ajax/libs/cheerio/1.1.2/dist/esm/slim.min.js,537ba68afbc86b5c9fdd13ac6cb233b0be4196edca5883bb2aabe58b4bbd74e2
https://cdnjs.cloudflare.com/ajax/libs/cheerio/1.1.2/dist/esm/static.js,43780fa999cb63bc08211604c9bdc8847172377d81d8e702495e6eb3452c47bb
https://cdnjs.cloudflare.com/ajax/libs/cheerio/1.1.2/dist/esm/static.min.js,cf2280bdf18614b14108ec3b8e1c2c00dc0c87efb3e72ecae6937c129608d0db
https://cdnjs.cloudflare.com/ajax/libs/cheerio/1.1.2/dist/esm/types.js,052dfc79ac1c253cc2cfb79c47804d31c2fbf63724e70c541aa14c470dd4b8ac
https://cdnjs.cloudflare.com/ajax/libs/cheerio/1.1.2/dist/esm/types.min.js,e3b0c44298fc1c149afbf4c8996fb92427ae41e4649b934ca495991b7852b855
https://cdnjs.cloudflare.com/ajax/libs/cheerio/1.1.2/dist/esm/utils.js,c4b1bc089da7bdcca7029c07048144ec49784a106b67a1e161321468a0596993
https://cdnjs.cloudflare.com/ajax/libs/cheerio/1.1.2/dist/esm/utils.min.js,edec38275cf34e82e1350b9a45a65bda3711940d2690f000c607da90c0514236
https://cdnjs.cloudflare.com/ajax/libs/redux/5.0.1/redux.legacy-esm.js,b26e875f0fd94e379996f23ccd99fc500268c739dd9c462aa794234001e30a91
https://cdnjs.cloudflare.com/ajax/libs/redux/5.0.1/redux.legacy-esm.min.js,ede13715143b60e3d24d15b3bc9477ea9e606c8d6fe32d423e01dd7e9b056568
https://cdnjs.cloudflare.com/ajax/libs/reselect/5.1.1/reselect.legacy-esm.js,741281cb88ec133479eaaad2b8c590cc543af4af4d3d9a3241be5d99d13a034f
https://cdnjs.cloudflare.com/ajax/libs/reselect/5.1.1/reselect.legacy-esm.min.js,bf496cbff82197aa040a216790c1e306876d508e27260bc0d7d855a78a5add39
https://cdnjs.cloudflare.com/ajax/libs/big.js/7.0.1/big.js,e285f166cd0e8287ae605a19bb83f251f3ba16c33e5260dcc2bb6dc9b37019c4
https://cdnjs.cloudflare.com/ajax/libs/big.js/7.0.1/big.min.js,0fc824c3945995ed5196f6d49c98c43dc6088b602204ec757292674829c7a6c9
https://cdnjs.cloudflare.com/ajax/libs/luxon/3.7.2/cjs-browser/luxon.js,81b23a731b8c1951f40c2d50051e0d93bd6c9098758e8aac76a35f5a613b05e8
https://cdnjs.cloudflare.com/ajax/libs/luxon/3.7.2/cjs-browser/luxon.min.js,3e041a0b01629b26c6959a0cac9bec64ad56901d831ca519408e4fc7473a1768
https://cdnjs.cloudflare.com/ajax/libs/luxon/3.7.2/luxon.js,30983bcc0e67d1c9dd7772070b6b9173a980f705bdaa4924cddaf51e56a34045
https://cdnjs.cloudflare.com/ajax/libs/luxon/3.7.2/luxon.min.js,516c5fea5c82bdf1fb5c472b9aafdca9cda6dc806b2c12ce9d62c2e0fc348104
https://cdnjs.cloudflare.com/ajax/libs/react-redux/9.2.0/cjs/index.js,d2d5fb5b6c0d837b2d20885c60f54002f7fd0f9cbe8e0b41d5a1e74fce2b7744
https://cdnjs.cloudflare.com/ajax/libs/react-redux/9.2.0/cjs/index.min.js,ac88afc6272d79d79e3bd109a974aed2c8ad55c8431c1f1ddec9bc760bd5be23
https://cdnjs.cloudflare.com/ajax/libs/react-redux/9.2.0/react-redux.legacy-esm.js,8e1ea2045dc21f99344aa26e1daf415476ad38493c10bd2ebad1b860856aa167
https://cdnjs.cloudflare.com/ajax/libs/react-redux/9.2.0/react-redux.legacy-esm.min.js,3d16b22f147b37991372897c9bf83f5b5332b24eb76b6886594706596f31d841
https://cdnjs.cloudflare.com/ajax/libs/classnames/2.5.2/dedupe.js,15e33ee774079c24e4119a7c6ad90721b821cf3afeae3214aaf6ec7b87085606
https://cdnjs.cloudflare.com/ajax/libs/classnames/2.5.2/dedupe.min.js,ba8b19e102eadba414bcae331d0969c07b526e448c0dc6ef878b0b17466d7a29
https://cdnjs.cloudflare.com/ajax/libs/classnames/2.5.2/index.js,c15dcff094566d7119b447bc7484a93e09256b8309282b0d629d756de87fa948
https://cdnjs.cloudflare.com/ajax/libs/classnames/2.5.2/index.min.js,15783d39c063ede672acbf2c722ddb928d14dd8fbed4d7084e18dde1145ca1d2
https://cdnjs.cloudflare.com/ajax/libs/js-cookie/3.0.5/js.cookie.js,5f8b02d87028a3f689b8d9303a828e7ce2c16d47e10ca2cb7775d21c5741aecf
https://cdnjs.cloudflare.com/ajax/libs/js-cookie/3.0.5/js.cookie.min.js,582cc085dd8fea044917d1efde838e77e845262fd025bbfe0339f808607c81f6
https://cdnjs.cloudflare.com/ajax/libs/web-vitals/5.1.0/web-vitals.attribution.iife.js,397a8cffdeec35be161d00e3ed1378a644223f710dafee49584d376a64d3b9a0
https://cdnjs.cloudflare.com/ajax/libs/web-vitals/5.1.0/web-vitals.attribution.js,edb76bc3a3d7fcb3939e8d61fca79294d711b48108c5cfbf589f2d40f5972af8
https://cdnjs.cloudflare.com/ajax/libs/web-vitals/5.1.0/web-vitals.iife.js,8890ec954757ea8e4801f49958afb76e2b8837c47fec5b16598fc20cbd49c220
https://cdnjs.cloudflare.com/ajax/libs/web-vitals/5.1.0/web-vitals.js,1e96629e5c2431ad7b70184060b21bcde423ef26ea26f515a3e74d5f3820b308
https://cdnjs.cloudflare.com/ajax/libs/validator/13.15.15/validator.js,1cf09a81b2af03f9d5068c39b8e5d4e433d6664f86299e4d3b7050e3c35f100b
https://cdnjs.cloudflare.com/ajax/libs/validator/13.15.15/validator.min.js,6e94abf306be95faa94ecd2fa790106eb70c476359de34e43e9df3703e6686fd
https://cdnjs.cloudflare.com/ajax/libs/colors/3.0.0/css/colors.css,3f3a39e66169d1f43cafb89a184195d5b154dbd884392b6cbb2159c67c1c8b2d
https://cdnjs.cloudflare.com/ajax/libs/colors/3.0.0/css/colors.min.css,0177d3feeb6c760661759e39afb6001f26051159bd6a1c64fdf4dbf27d9938be
https://cdnjs.cloudflare.com/ajax/libs/colors/3.0.0/js/colors.js,d1f2d255420b3eb29436043e65f7626c77cfe34783440f1206cc71dde67cce53
https://cdnjs.cloudflare.com/ajax/libs/colors/3.0.0/js/colors.min.js,bec5e3908f5ffd7d549a27c65f0a284004cf1d70edca66e870ede710b32add1f
https://cdnjs.cloudflare.com/ajax/libs/highlight.js/11.11.1/es/core.min.js,bfcca5550cb9d62482162e1d1fb90c822d2d35036b556544817441b795b7103c
https://cdnjs.cloudflare.com/ajax/libs/highlight.js/11.11.1/es/highlight.min.js,7865839949f0764d9e0a21e311a4e2c42633eeaee8ca5ec127b86438565731fe
https://cdnjs.cloudflare.com/ajax/libs/highlight.js/11.11.1/es/languages/1c.min.js,626fc5fa8f4f27f371fc88d4876699c9296a247cd21bff26c046bf8e4dad11d0
https://cdnjs.cloudflare.com/ajax/libs/highlight.js/11.11.1/es/languages/abnf.min.js,3b1a196cbd38c334229f9f7d5c696771bb081f099d8d8bdf05a6f8408cb02b59
https://cdnjs.cloudflare.com/ajax/libs/highlight.js/11.11.1/es/languages/accesslog.min.js,a4e2a4435f89352703110fe9714ded8def27f7d62af2519b08187e83a67e64a3
https://cdnjs.cloudflare.com/ajax/libs/highlight.js/11.11.1/es/languages/actionscript.min.js,da79bebc37115f20d8a9ecef8db8552788025e58754e2c8671c5000cf7850222
https://cdnjs.cloudflare.com/ajax/libs/highlight.js/11.11.1/es/languages/ada.min.js,f5a7695725c640214b0c6bf8d8653719a2272e71acb031278eecddd798aad1ec
https://cdnjs.cloudflare.com/ajax/libs/highlight.js/11.11.1/es/languages/angelscript.min.js,6b87a11d6783df5ec069099fd1fb130796ef540d05faac1820b6f4d2a2bbf750
https://cdnjs.cloudflare.com/ajax/libs/highlight.js/11.11.1/es/languages/apache.min.js,777e15ccdd004840af6093fc9b1b227edb1c3131cd2f0f4b43b20bc4dc1e1c9b
https://cdnjs.cloudflare.com/ajax/libs/highlight.js/11.11.1/es/languages/applescript.min.js,621e74d0a96c1f34d8551eb5a12c50ba23462c34281bd462eb154cda1174f722
https://cdnjs.cloudflare.com/ajax/libs/highlight.js/11.11.1/es/languages/arcade.min.js,0f44569482f6bf4f9c8228665820387d42b4178fc3c7c9febff68910650cf129
https://cdnjs.cloudflare.com/ajax/libs/highlight.js/11.11.1/es/languages/arduino.min.js,9bb5b15d568d61e9a792bd2386fb07e38731deaf125b91d7c11b92704b79d0ed
https://cdnjs.cloudflare.com/ajax/libs/highlight.js/11.11.1/es/languages/armasm.min.js,45a44e43aaa4ffa77ef9b9e232fe4655a99cae657fccbaaf0d50494019476e68
https://cdnjs.cloudflare.com/ajax/libs/highlight.js/11.11.1/es/languages/asciidoc.min.js,75f3e05530ca9570457741cb2014759520795dac393a70f394aee17a2cf1b246
https://cdnjs.cloudflare.com/ajax/libs/highlight.js/11.11.1/es/languages/aspectj.min.js,c66911d85b1a8f2879bf775b3bf7b220d0c67bb925aca6dcc29eb9c5bcb6863a
https://cdnjs.cloudflare.com/ajax/libs/highlight.js/11.11.1/es/languages/autohotkey.min.js,60f4de7b387331e85963a87ff80bf5b07a6e7826f00e5743acf00de6b927760c
https://cdnjs.cloudflare.com/ajax/libs/highlight.js/11.11.1/es/languages/autoit.min.js,205c9944f32281190a63385d18426d2b308f913f5b40b14170dd85c6816ffbda
https://cdnjs.cloudflare.com/ajax/libs/highlight.js/11.11.1/es/languages/avrasm.min.js,bdd968ca7478ebaacca5b1170ceea1a5c4e8f5dd161d408420bc6de856cd361e
https://cdnjs.cloudflare.com/ajax/libs/highlight.js/11.11.1/es/languages/awk.min.js,d6284055714aee777bb0bbe55830f5ac8303a3377ba34f6fd4287a4a78c15d69
https://cdnjs.cloudflare.com/ajax/libs/highlight.js/11.11.1/es/languages/axapta.min.js,00181ef5a5d826049f1f209890ad81826873888dc87cb588d7477b6f668a9f67
https://cdnjs.cloudflare.com/ajax/libs/highlight.js/11.11.1/es/languages/bash.min.js,d2290ecb0b7d522df0d91d54ee216c673e0c504decd48ef15197b3cab5cb7474
https://cdnjs.cloudflare.com/ajax/libs/highlight.js/11.11.1/es/languages/basic.min.js,bfff52ed4e3b5b6b558fb524294dc35fb4cfe5d3afb73693004f599975b069b2
https://cdnjs.cloudflare.com/ajax/libs/highlight.js/11.11.1/es/languages/bnf.min.js,2bfde89e56c9c8a159606444e2c5ed0aa71a03dfcca17419337c78a3ac84e843
https://cdnjs.cloudflare.com/ajax/libs/highlight.js/11.11.1/es/languages/brainfuck.min.js,5e0254c89eb20ea99ce26af4bc1296a9e6ee2f6f97b95814aa95f16442977194
https://cdnjs.cloudflare.com/ajax/libs/highlight.js/11.11.1/es/languages/c.min.js,e59b00b861c8aef367e69135fd38a0eb8199bbf176c8bdd47037f8c10f252f13
https://cdnjs.cloudflare.com/ajax/libs/highlight.js/11.11.1/es/languages/cal.min.js,edd8f0985c93cae7dcb30e9b2fca87b3eede96e742eb047651fdcc6381be4f2d
https://cdnjs.cloudflare.com/ajax/libs/highlight.js/11.11.1/es/languages/capnproto.min.js,304a57160860e33d979cdc591e2b88dfc30cd52829a29c51239f6780f9e34204
https://cdnjs.cloudflare.com/ajax/libs/highlight.js/11.11.1/es/languages/ceylon.min.js,1b0afcfb9e7085a773411f4c4f17f1b47ec8ba30e88b315a5d5065ab9bf8c662
https://cdnjs.cloudflare.com/ajax/libs/highlight.js/11.11.1/es/languages/clean.min.js,ce54bb9659c6e8626b7c09aafaf8cc55a9502fa4ea96b46106fb2b05bf6f4ddd
https://cdnjs.cloudflare.com/ajax/libs/highlight.js/11.11.1/es/languages/clojure-repl.min.js,78b3d8e01d9798389b94fad2656743d4c17a3cfd5fa205b9e17e4feb477dcec2
https://cdnjs.cloudflare.com/ajax/libs/highlight.js/11.11.1/es/languages/clojure.min.js,49f7cb1576ecf701a8355e34495329acd434b94c9d2bf5c54ab7cfd5b02312f0
https://cdnjs.cloudflare.com/ajax/libs/highlight.js/11.11.1/es/languages/cmake.min.js,9a48525eb2201cec27e3102e2105de9584b3b6157a771cddc83a48b6a8bbf833
https://cdnjs.cloudflare.com/ajax/libs/highlight.js/11.11.1/es/languages/coffeescript.min.js,e0a6b4e251d98daba3b46e0d24e26cd5f38bcf8045207f3927e10cf20c5f3c7f
https://cdnjs.cloudflare.com/ajax/libs/highlight.js/11.11.1/es/languages/coq.min.js,d0cecc1a0a6e789dca897fa5c7fc179d00817d4943dedc2056710d80b39ec1b5
https://cdnjs.cloudflare.com/ajax/libs/highlight.js/11.11.1/es/languages/cos.min.js,5dcb905e9ee18f55fc32be6aac383b18bf30d5f8a0d1c4e74ca70535d4ac7651
https://cdnjs.cloudflare.com/ajax/libs/highlight.js/11.11.1/es/languages/cpp.min.js,36a947ebc97b59bee8c81ea1074dac5a2559da0bca2acac25f0587172bb29efd
https://cdnjs.cloudflare.com/ajax/libs/highlight.js/11.11.1/es/languages/crmsh.min.js,6e96f4821a90a7ce8ec331367c761989c45cfbe37cb8e9084c051e6c559f9b3f
https://cdnjs.cloudflare.com/ajax/libs/highlight.js/11.11.1/es/languages/crystal.min.js,4a450739eccac0ae48d8304db75124941e9362eb6684ab35d08e2938a1cf20c0
https://cdnjs.cloudflare.com/ajax/libs/highlight.js/11.11.1/es/languages/csharp.min.js,4a4af1a69c7d9122679f82f7f6fc6f4d0ab494f8dedc2874f8820d3bb0a23285
https://cdnjs.cloudflare.com/ajax/libs/highlight.js/11.11.1/es/languages/csp.min.js,7ac14ac465a9b8a80af358e436050f2db750a18df7c1176efa62c5d9483296ee
https://cdnjs.cloudflare.com/ajax/libs/highlight.js/11.11.1/es/languages/css.min.js,8024c97edb80335f7aded04543de058770eab34939b9b2db8334fb8aa16f0e45
https://cdnjs.cloudflare.com/ajax/libs/highlight.js/11.11.1/es/languages/d.min.js,12ac5ea82ee2f1ebb0be8691db308fc1327bc329ea4e25c38d7ced5d987300c5
https://cdnjs.cloudflare.com/ajax/libs/highlight.js/11.11.1/es/languages/dart.min.js,930d219b736b3cfd0fc92d0e256012ad35801d7125906cec3921497630fc1cc1
https://cdnjs.cloudflare.com/ajax/libs/highlight.js/11.11.1/es/languages/delphi.min.js,f86399647e5ba24b3952b41ce66bc90ed9900ff8bb48a02d9ad0a1df631ce821
https://cdnjs.cloudflare.com/ajax/libs/highlight.js/11.11.1/es/languages/diff.min.js,259e0a75cbaa5ce6769259ac647cec904a4c6b5cdc6e8d66f7820b01213a4492
https://cdnjs.cloudflare.com/ajax/libs/highlight.js/11.11.1/es/languages/django.min.js,bbb4efa82f9407b52e361d856cd38796be75a1804c62e14aaaa33d09478089b6
https://cdnjs.cloudflare.com/ajax/libs/highlight.js/11.11.1/es/languages/dns.min.js,1613c085ea5538880627ff32390aa1da0f6526750973bd11a330c53c768b5b3e
https://cdnjs.cloudflare.com/ajax/libs/highlight.js/11.11.1/es/languages/dockerfile.min.js,bd40da2c7d1b727dcd4e76f197f176e3d45ed61d167ef5d82a1f15e38a929de5
https://cdnjs.cloudflare.com/ajax/libs/highlight.js/11.11.1/es/languages/dos.min.js,432f955193dd89be38c10076061e22f70b44862e1e255091ebf4fd2b47dc0a08
https://cdnjs.cloudflare.com/ajax/libs/highlight.js/11.11.1/es/languages/dsconfig.min.js,ad9e10f63aa06519179fe5ff52e5b8a5ed44a11b8b603c862fec712f0f290814
https://cdnjs.cloudflare.com/ajax/libs/highlight.js/11.11.1/es/languages/dts.min.js,6ec171a071e5ae588ce679ca4715afa16513700e458ce413da307755a836f900
https://cdnjs.cloudflare.com/ajax/libs/highlight.js/11.11.1/es/languages/dust.min.js,3a37388bb2a8886f7bdc1c9bf61ad4a9287bbb33e610a3f92b78b733246334a8
https://cdnjs.cloudflare.com/ajax/libs/highlight.js/11.11.1/es/languages/ebnf.min.js,4c01efda4a823974d342fa640f0570744a846a55a225b982e83ef9865e8776fb
https://cdnjs.cloudflare.com/ajax/libs/highlight.js/11.11.1/es/languages/elixir.min.js,982445155da4c5afe0d3f86fc7badadc5c3bfd9db4d9c8ce498f345d21a6bd77
https://cdnjs.cloudflare.com/ajax/libs/highlight.js/11.11.1/es/languages/elm.min.js,c9e2a22fd04600c4897b7a86b8ae2f5020db027fe78fa72be1852d99cdd56627
https://cdnjs.cloudflare.com/ajax/libs/highlight.js/11.11.1/es/languages/erb.min.js,5ccdd2125d2799808548b250e1bf99731ef17012a29aa8d5a1f5c84e76da3235
https://cdnjs.cloudflare.com/ajax/libs/highlight.js/11.11.1/es/languages/erlang-repl.min.js,eaed63687e37e9ffa9c0217a1bc0407806a3fde61890a4b46bb44942b824c217
https://cdnjs.cloudflare.com/ajax/libs/highlight.js/11.11.1/es/languages/erlang.min.js,52720e4011be4f74cafe3a78b628afe2c2284de107647e8491209088cd5aaf79
https://cdnjs.cloudflare.com/ajax/libs/highlight.js/11.11.1/es/languages/excel.min.js,d2d08857e8621ca5ee05a4da23021066ee4e2d7a6568c6117d8edd7bd2585d1e
https://cdnjs.cloudflare.com/ajax/libs/highlight.js/11.11.1/es/languages/fix.min.js,f615f0770997768b464c8302cab2adbc9dc8f4890733e271d5f644d1ee8f5f3a
https://cdnjs.cloudflare.com/ajax/libs/highlight.js/11.11.1/es/languages/flix.min.js,f898c3bdfdc06ccb420c989fd24011debcacf2d79ab07a54c03b428cadac1c66
https://cdnjs.cloudflare.com/ajax/libs/highlight.js/11.11.1/es/languages/fortran.min.js,a54c782d90a37894c20ad3a2caa5a4901948bb7b0429c2b115b1b79e57e0acab
https://cdnjs.cloudflare.com/ajax/libs/highlight.js/11.11.1/es/languages/fsharp.min.js,54d8e8f54e1c5003117193837c1c5455c143ac59a8930b30a9cc544afa3e1f71
https://cdnjs.cloudflare.com/ajax/libs/highlight.js/11.11.1/es/languages/gams.min.js,e713dcfb53cb3f5d8c3aeb67699ecad6ad10ee1094386654e22473e2c0d2d9c4
https://cdnjs.cloudflare.com/ajax/libs/highlight.js/11.11.1/es/languages/gauss.min.js,ad72559fdfc01271d725dec028a8a5a92df73f57917d3a0e32682a69fad5092d
https://cdnjs.cloudflare.com/ajax/libs/highlight.js/11.11.1/es/languages/gcode.min.js,d9e4737f97bb4b97a9f80d615edf104e3766a2da99a22c800726fbd1e6f7029d
https://cdnjs.cloudflare.com/ajax/libs/highlight.js/11.11.1/es/languages/gherkin.min.js,a5d32f4838d6da8d1bac802777e441296f58e54a51877a7a33d07ae4aaa86f2a
https://cdnjs.cloudflare.com/ajax/libs/highlight.js/11.11.1/es/languages/glsl.min.js,b56f4bec06823af0d39786ee5a453c30aacfb59da9313064723588a01e21941a
https://cdnjs.cloudflare.com/ajax/libs/highlight.js/11.11.1/es/languages/gml.min.js,80114eb35fc84954f9f9d472077c092723cf02a1048570cd3cc871e7acb9d7d3
https://cdnjs.cloudflare.com/ajax/libs/highlight.js/11.11.1/es/languages/go.min.js,364487e8fca398a6548efbeae11a6d4e28f35ae908c5324c0efd628e5359ddc5
https://cdnjs.cloudflare.com/ajax/libs/highlight.js/11.11.1/es/languages/golo.min.js,04d83648d4388349e73da853677a9e5b8c3f2ff6cf204a7ef8a03cbe8e71948e
https://cdnjs.cloudflare.com/ajax/libs/highlight.js/11.11.1/es/languages/gradle.min.js,2cb1794ef0ed99e4ece39891728ce014277a4eb19a11f0d776faa8e24f00877a
https://cdnjs.cloudflare.com/ajax/libs/highlight.js/11.11.1/es/languages/graphql.min.js,c228741470beb723a0dd54fdcc3f4a6326fa0772f8962faa9fadd834f4679325
https://cdnjs.cloudflare.com/ajax/libs/highlight.js/11.11.1/es/languages/groovy.min.js,966aee3b44c1f65e9d82bf0f1ae918fad0293d69d87ea600abfb207db51b77fd
https://cdnjs.cloudflare.com/ajax/libs/highlight.js/11.11.1/es/languages/haml.min.js,d4690428821b0d2532d291b3ffdd31f825bfc91ee2bf7321ac9ee84c867374f2
https://cdnjs.cloudflare.com/ajax/libs/highlight.js/11.11.1/es/languages/handlebars.min.js,7497f630acbdcccd8baf5f041f478f259fc91199ce3a91e52f92d26fe872c8bc
https://cdnjs.cloudflare.com/ajax/libs/highlight.js/11.11.1/es/languages/haskell.min.js,aff9d9069b31178a71b747bca709f6fc459320fd8027df60340324ce6a5e9351
https://cdnjs.cloudflare.com/ajax/libs/highlight.js/11.11.1/es/languages/haxe.min.js,68e534e621e198fbc20a5c63aeaef53863ca34e0b38fed6b9d7d9fa9872e7bfc
https://cdnjs.cloudflare.com/ajax/libs/highlight.js/11.11.1/es/languages/hsp.min.js,ac09a19f2a79eedcdae4b0a6605cb82a918cadc2457a4e07ab430973c2d44616
https://cdnjs.cloudflare.com/ajax/libs/highlight.js/11.11.1/es/languages/http.min.js,86bb590d54ce021dcc21ccdaf2b091e646b19e53e6bdd38b5e15d682377b4b40
https://cdnjs.cloudflare.com/ajax/libs/highlight.js/11.11.1/es/languages/hy.min.js,8b8904faaed7c448410a2bf2b8bdeec06f1777595109a5e4ad2af07f3a7b3a91
https://cdnjs.cloudflare.com/ajax/libs/highlight.js/11.11.1/es/languages/inform7.min.js,16edd671451a0a601ad66bfb6235dc705b10e8144e4210120674763df07dac1a
https://cdnjs.cloudflare.com/ajax/libs/highlight.js/11.11.1/es/languages/ini.min.js,a309557ec2ffe81630e3fbe94237d870b3db28275513303ea8d9e3a6863ad04e
https://cdnjs.cloudflare.com/ajax/libs/highlight.js/11.11.1/es/languages/irpf90.min.js,ee943b9c170a72cb486ee2eb94515c2488fa22cad6bdae583f1daf8ee895c502
https://cdnjs.cloudflare.com/ajax/libs/highlight.js/11.11.1/es/languages/isbl.min.js,92e20cee04e6d2781d5ddf7280e7af5e3f63e64835007005c9e1de72e880bc9d
https://cdnjs.cloudflare.com/ajax/libs/highlight.js/11.11.1/es/languages/java.min.js,94cdadf61b344473f296d0873bf87bda1ea51fd09bc0b765bba4fd2b1e8f494c
https://cdnjs.cloudflare.com/ajax/libs/highlight.js/11.11.1/es/languages/javascript.min.js,d893654be08f10fe656739ec83cf2cdeb7ea82a26b332b9fea88d4d215c00d89
https://cdnjs.cloudflare.com/ajax/libs/highlight.js/11.11.1/es/languages/jboss-cli.min.js,d68d5c33c2ca608ceae1843d31167f685092dc538fbe41ced727291e5529aa54
https://cdnjs.cloudflare.com/ajax/libs/highlight.js/11.11.1/es/languages/json.min.js,7dd0922802ac593d34da3466175377c9efb4612ee2ea97ddafa1fce618a510d9
https://cdnjs.cloudflare.com/ajax/libs/highlight.js/11.11.1/es/languages/julia-repl.min.js,ceaf498a2d959b37d357e2e0fa25660336eca94c3530c76714719ea0a145567f
https://cdnjs.cloudflare.com/ajax/libs/highlight.js/11.11.1/es/languages/julia.min.js,23bb6b98fec3ac24cc9b16f78263c3a98f6857050cbe6f2fccb57cab2a929493
https://cdnjs.cloudflare.com/ajax/libs/highlight.js/11.11.1/es/languages/kotlin.min.js,25b777553b13af6c051ad53812c04d2e32110deb3d9445f19009dd7730589a19
https://cdnjs.cloudflare.com/ajax/libs/highlight.js/11.11.1/es/languages/lasso.min.js,0a938a33382237e287b5536d709f6c174f2681559e3f8066fc2445e673346b7a
https://cdnjs.cloudflare.com/ajax/libs/highlight.js/11.11.1/es/languages/latex.min.js,a9bd7914df4b8c40f5b7e333124266b2d88deb0d666dd3adf8d1165cac12c3bd
https://cdnjs.cloudflare.com/ajax/libs/highlight.js/11.11.1/es/languages/ldif.min.js,888ff6147cf4ae37f6a328b9fc0f92f67214242db1d19227bebc85adf520dc0c
https://cdnjs.cloudflare.com/ajax/libs/highlight.js/11.11.1/es/languages/leaf.min.js,2d44af344c155b7b5aad6ee1ee428356a74b6495ce119fa44cffa967aa0b4c79
https://cdnjs.cloudflare.com/ajax/libs/highlight.js/11.11.1/es/languages/less.min.js,300ae4e2ab05493023abcfad15ce81624a9dcaafa35b541ac712dcf330a3a85f
https://cdnjs.cloudflare.com/ajax/libs/highlight.js/11.11.1/es/languages/lisp.min.js,a4d4944e19eb9e005a954e7e908d775fe352d67f9e5aaf6f6b3cf2ec2892ddaa
https://cdnjs.cloudflare.com/ajax/libs/highlight.js/11.11.1/es/languages/livecodeserver.min.js,69119301633dcf0e587e59506e8680ff7b1995674b1d63374e8f30801d03e1ac
https://cdnjs.cloudflare.com/ajax/libs/highlight.js/11.11.1/es/languages/livescript.min.js,e124c521672eb393e95e8c27fb9d2da68932ac3298aee8046f64a5237a992168
https://cdnjs.cloudflare.com/ajax/libs/highlight.js/11.11.1/es/languages/llvm.min.js,48438032180a65eb32d5d43beb31393dd18228dbefe54dbac7941f747bb53ff6
https://cdnjs.cloudflare.com/ajax/libs/highlight.js/11.11.1/es/languages/lsl.min.js,8d0e34590609c122e28c2fb83e0d1099bd7646fb15edb826f94b847b2d268e7d
https://cdnjs.cloudflare.com/ajax/libs/highlight.js/11.11.1/es/languages/lua.min.js,0fe32dbe26f0b4579d23dfd49a449f1e91a592c560e67e68ea8a66c6994d03ad
https://cdnjs.cloudflare.com/ajax/libs/highlight.js/11.11.1/es/languages/makefile.min.js,13f6006b2b59fe2f156cc2c38ebfe481878833502f9423748fd5c9ea4e7e0b93
https://cdnjs.cloudflare.com/ajax/libs/highlight.js/11.11.1/es/languages/markdown.min.js,e8f544abc25490c51ff4bea5687a02ef4a65f1edc83dd208b6664d2672b3e3d5
https://cdnjs.cloudflare.com/ajax/libs/highlight.js/11.11.1/es/languages/mathematica.min.js,50443e6dcc3078163d4e814eab4938361975e43ce2d827cfaa638740273fd4b5
https://cdnjs.cloudflare.com/ajax/libs/highlight.js/11.11.1/es/languages/matlab.min.js,e2e0eec99c90eb2e55aadd66584a06682599161b4b8c34f5a32f1c360d06972b
https://cdnjs.cloudflare.com/ajax/libs/highlight.js/11.11.1/es/languages/maxima.min.js,bea138c4183c2cff0483a5ddeb0cce33cd2b6a0b7cb9f09bbbafdaa3c6783d09
https://cdnjs.cloudflare.com/ajax/libs/highlight.js/11.11.1/es/languages/mel.min.js,fd4b6bccda21955cfb29f5914a94465545021404a5242d514bc7a198d5068410
https://cdnjs.cloudflare.com/ajax/libs/highlight.js/11.11.1/es/languages/mercury.min.js,8370c533fca6eb1c9713b49af2f2ef17e8ec60efaaeeedb8f134ef0c02eb8356
https://cdnjs.cloudflare.com/ajax/libs/highlight.js/11.11.1/es/languages/mipsasm.min.js,96a0007f870da542897c9e15093f55cedf6709874e7899fce0cb42833edac57d
https://cdnjs.cloudflare.com/ajax/libs/highlight.js/11.11.1/es/languages/mizar.min.js,dcd293e9806b4947ed21d80e13e8f6d32f0ab1325c5026e68903953b81c708fc
https://cdnjs.cloudflare.com/ajax/libs/highlight.js/11.11.1/es/languages/mojolicious.min.js,0eac52694281abd749862094bded3f2a21af4717073ddb527285c0e0a68dfc9b
https://cdnjs.cloudflare.com/ajax/libs/highlight.js/11.11.1/es/languages/monkey.min.js,647c4f59eadf8c6011bbf766bad84ba454f7acc17eb07f1e31c5920ecb353a4f
https://cdnjs.cloudflare.com/ajax/libs/highlight.js/11.11.1/es/languages/moonscript.min.js,3db319d1e92656628d5334036c7bee0b0e9891135365312add889a6a0e212715
https://cdnjs.cloudflare.com/ajax/libs/highlight.js/11.11.1/es/languages/n1ql.min.js,3c0449d09e02650324bc7f62cffefe6eed359bee4b7e88098b890845b92a210b
https://cdnjs.cloudflare.com/ajax/libs/highlight.js/11.11.1/es/languages/nestedtext.min.js,be359de2960f26d6ce579ed7daa1d65e3e50d1e4426fa91b7f2ceeb0c0db267b
https://cdnjs.cloudflare.com/ajax/libs/highlight.js/11.11.1/es/languages/nginx.min.js,97065ab00d03efa44cf8b4c2bebed48de3f82f79d5387e4d8d78bd49cca1d542
https://cdnjs.cloudflare.com/ajax/libs/highlight.js/11.11.1/es/languages/nim.min.js,d6733be8dda007eb65fb704c620e0d8101e51fac42c97ed637652a609b9032a3
https://cdnjs.cloudflare.com/ajax/libs/highlight.js/11.11.1/es/languages/nix.min.js,9aa8c9d4e60a5bb0327cd9dbc44e9e6fa6fd0b296b976d68e42bb7c47987292b
https://cdnjs.cloudflare.com/ajax/libs/highlight.js/11.11.1/es/languages/node-repl.min.js,22cce1182a8d6ad5e0dd88499ad4f36b3289210a713b5f270f386d0e6d264764
https://cdnjs.cloudflare.com/ajax/libs/highlight.js/11.11.1/es/languages/nsis.min.js,8ce2ba6d4183d08d059ad9273144ca4508ac1ac8bfae5006f3f51093999122b8
https://cdnjs.cloudflare.com/ajax/libs/highlight.js/11.11.1/es/languages/objectivec.min.js,a323d9426a962ee22bb272c7701523384127dae3d64a3d2248334fcc24190e9b
https://cdnjs.cloudflare.com/ajax/libs/highlight.js/11.11.1/es/languages/ocaml.min.js,e00f7af39e455c20eb476b9f218390db521d330dfbbbf6c94e1e4cf15a50d5ce
https://cdnjs.cloudflare.com/ajax/libs/highlight.js/11.11.1/es/languages/openscad.min.js,6d9c2d562cef66f7eb7e7e1871a8565affc99367df22615ca8c8805b69573169
https://cdnjs.cloudflare.com/ajax/libs/highlight.js/11.11.1/es/languages/oxygene.min.js,2335080b7543c60ed749cb3a736b47f23df106d577f94a9e555939110bd6ae7d
https://cdnjs.cloudflare.com/ajax/libs/highlight.js/11.11.1/es/languages/parser3.min.js,77fcfac93a3f33fbd655f04973d940a8df2e7781e73fdb7781a3284d446b0614
https://cdnjs.cloudflare.com/ajax/libs/highlight.js/11.11.1/es/languages/perl.min.js,ac278bc37b83dbf349db2892f8692e7c4150063c642cbc34a3c1234a4f4f3640
https://cdnjs.cloudflare.com/ajax/libs/highlight.js/11.11.1/es/languages/pf.min.js,b8dd09826bf7246b19e1e910d53b4fe395164b8c35b568734cf0e5ba339c231b
https://cdnjs.cloudflare.com/ajax/libs/highlight.js/11.11.1/es/languages/pgsql.min.js,5c43047ec82cd102c845ed9fc263912b521c707d67e759f9a83d04053de5d09e
https://cdnjs.cloudflare.com/ajax/libs/highlight.js/11.11.1/es/languages/php-template.min.js,140e374b0071b9a9bbbbf5b10c5a42a9813db90bc2a84bf102cc773d914d0f9b
https://cdnjs.cloudflare.com/ajax/libs/highlight.js/11.11.1/es/languages/php.min.js,21b6762aa747e30b8f4c51effcba0511d902aa7f9cfef2e20265b29581333197
https://cdnjs.cloudflare.com/ajax/libs/highlight.js/11.11.1/es/languages/plaintext.min.js,e7a15327bc6b71fedb3db4b79385860f628845c1553d755b04d1d91df9afc164
https://cdnjs.cloudflare.com/ajax/libs/highlight.js/11.11.1/es/languages/pony.min.js,476476884685d342bfc779101a29f6b658a8060cbed38ecbac46282f7b1c7921
https://cdnjs.cloudflare.com/ajax/libs/highlight.js/11.11.1/es/languages/powershell.min.js,3d145a6083b7fcb2c0dc03323e975eb7cec499a1bce78e7e0013ac6a1cc39670
https://cdnjs.cloudflare.com/ajax/libs/highlight.js/11.11.1/es/languages/processing.min.js,8d0d214011d428533ae5c43dec1a4c26fb9286490ed3cec6891844f847a7747d
https://cdnjs.cloudflare.com/ajax/libs/highlight.js/11.11.1/es/languages/profile.min.js,ebe2498e5470194402a863e4c73286a77632b87197176cc89e46ff934b58ad1d
https://cdnjs.cloudflare.com/ajax/libs/highlight.js/11.11.1/es/languages/prolog.min.js,ff8b5af6f5fc37db45c67f9f849bcc93c3d9fb06647465886eb495e2a8480a7d
https://cdnjs.cloudflare.com/ajax/libs/highlight.js/11.11.1/es/languages/properties.min.js,cc01f9c0ee058ef724b692224dfd265002ba8062926efd37edd90e07a7750707
https://cdnjs.cloudflare.com/ajax/libs/highlight.js/11.11.1/es/languages/protobuf.min.js,c720f54c191b9f9bb9b6963ee6317ad8d1a558aa1fdd37555546f95e38173c74
https://cdnjs.cloudflare.com/ajax/libs/highlight.js/11.11.1/es/languages/puppet.min.js,305fd5a0eb1519a71d3a30d0c576f525742646e99fc635172bc76c0ac58639c8
https://cdnjs.cloudflare.com/ajax/libs/highlight.js/11.11.1/es/languages/purebasic.min.js,6a27b093c126f8986fc23613483250a8b4f7df8fa2c70b71b89dc08b3cd5ccda
https://cdnjs.cloudflare.com/ajax/libs/highlight.js/11.11.1/es/languages/python-repl.min.js,bbd7c2c28974db8ed009aacf8aaab9a14bd3726593bb16b5cc4fe430560e672c
https://cdnjs.cloudflare.com/ajax/libs/highlight.js/11.11.1/es/languages/python.min.js,4112a5c44dc7a4c56a772347bd318f246aa1ea51e0d6cb6aba78b25c3e60d524
https://cdnjs.cloudflare.com/ajax/libs/highlight.js/11.11.1/es/languages/q.min.js,fedaba67c78de4daf3bfd5c235ff7f0c595eba959800f4c7e966754e544f6650
https://cdnjs.cloudflare.com/ajax/libs/highlight.js/11.11.1/es/languages/qml.min.js,af2ab1057acb5cd3b4238e2a71daed79412bf48bd72da43f5c88329b7c882e79
https://cdnjs.cloudflare.com/ajax/libs/highlight.js/11.11.1/es/languages/r.min.js,98dac30f87bb75240c79cc0ca696f9e0f8cd9e171b409ada8c81a5e31bf4242f
https://cdnjs.cloudflare.com/ajax/libs/highlight.js/11.11.1/es/languages/reasonml.min.js,2ed4519224e1a38e246ddf50ddf1b9b2cbca6b7c3f901f89843aee75a79ae96a
https://cdnjs.cloudflare.com/ajax/libs/highlight.js/11.11.1/es/languages/rib.min.js,a96c8e885d960f3e506e0ee0c26f8b5870c9cd3fa957f0081e0d14b117817c6d
https://cdnjs.cloudflare.com/ajax/libs/highlight.js/11.11.1/es/languages/roboconf.min.js,ff66941290030c1596df861ca42cf6f738bbbbaddf3a63390bd319abd000cb6e
https://cdnjs.cloudflare.com/ajax/libs/highlight.js/11.11.1/es/languages/routeros.min.js,3cec1c82caab085be78a280cff59e372cddcaa4c3d64abfd6b07d75feff7edc4
https://cdnjs.cloudflare.com/ajax/libs/highlight.js/11.11.1/es/languages/rsl.min.js,12c45fbe174348e0012be38e223baf72ff97d001f24694821a0185057e41201d
https://cdnjs.cloudflare.com/ajax/libs/highlight.js/11.11.1/es/languages/ruby.min.js,0bd34c5356e4a388836009eb3148cf142f698ded32e02d8f649c81efa1b9da41
https://cdnjs.cloudflare.com/ajax/libs/highlight.js/11.11.1/es/languages/ruleslanguage.min.js,a8165d9cfebca8028930429daa01f058dc963a4f3aa121e5d318a49e598897ca
https://cdnjs.cloudflare.com/ajax/libs/highlight.js/11.11.1/es/languages/rust.min.js,9985e07ffd86b7172ce1499fadb1ae76677875b823fbc966009f324bffbb386e
https://cdnjs.cloudflare.com/ajax/libs/highlight.js/11.11.1/es/languages/sas.min.js,551d28546d50faa1a6ea8343c7b8ff856b775621bfdce6427d7bb33199c2bdba
https://cdnjs.cloudflare.com/ajax/libs/highlight.js/11.11.1/es/languages/scala.min.js,104d7c34ca332156d688606d5534125ab91719d856a2ce07a4cf1f5c31999f7f
https://cdnjs.cloudflare.com/ajax/libs/highlight.js/11.11.1/es/languages/scheme.min.js,2f5de6f414ed135e9adb2168e356e90f7887c46e2ab5450ae6b3900bace4ecf6
https://cdnjs.cloudflare.com/ajax/libs/highlight.js/11.11.1/es/languages/scilab.min.js,5fa3725d14bfbdb68cf76c2dbab1fd79ead510730c15d9fd47f01f2883bcf049
https://cdnjs.cloudflare.com/ajax/libs/highlight.js/11.11.1/es/languages/scss.min.js,509e373123ce0ffb2c2d8d5deb56c8e1a7731c1e1fcf1b220cea80d5440984cc
https://cdnjs.cloudflare.com/ajax/libs/highlight.js/11.11.1/es/languages/shell.min.js,2ecd002378469afc6edc09d06310f30bb5e4a3c44e82d281d16e5395dea70afa
https://cdnjs.cloudflare.com/ajax/libs/highlight.js/11.11.1/es/languages/smali.min.js,e2cfa8a808f46ebeccf553fce47efafa931a8a04936088003cf63c979bbea1e6
https://cdnjs.cloudflare.com/ajax/libs/highlight.js/11.11.1/es/languages/smalltalk.min.js,6ce8cdd1d38e84fbc27a4be15a93025a418753cc16decfa24875c549518a68a6
https://cdnjs.cloudflare.com/ajax/libs/highlight.js/11.11.1/es/languages/sml.min.js,80ba763c4a14552344fcc3c3b83ebfc3afba7a0195e6984f252759122967f3ec
https://cdnjs.cloudflare.com/ajax/libs/highlight.js/11.11.1/es/languages/sqf.min.js,d509a6ccdda962b3e58ed5fcca2ac428b72e579159965ac390d20616a33a8e6b
https://cdnjs.cloudflare.com/ajax/libs/highlight.js/11.11.1/es/languages/sql.min.js,eadde8cadf1c469031abc0c6afd9767dfa8aacf9a7f9ab739ee6edfe635e300e
https://cdnjs.cloudflare.com/ajax/libs/highlight.js/11.11.1/es/languages/stan.min.js,89fc28fd84546d24c4f55f5cd16e8ff843effe5a8930f1ebfb595bc7d5f36069
https://cdnjs.cloudflare.com/ajax/libs/highlight.js/11.11.1/es/languages/stata.min.js,49d72515c49b8a30b6e9a013e4dd419cd66cf95fe8a365221579220db1e2d987
https://cdnjs.cloudflare.com/ajax/libs/highlight.js/11.11.1/es/languages/step21.min.js,fcc82da06df56e306b613cf5acd38e1dd250e89771ff84dd635c3bca55b6bcf9
https://cdnjs.cloudflare.com/ajax/libs/highlight.js/11.11.1/es/languages/stylus.min.js,4d455dfb577641287beb88afff482a015306e4cdbeb3c1ce2509af5f8af1b236
https://cdnjs.cloudflare.com/ajax/libs/highlight.js/11.11.1/es/languages/subunit.min.js,842fec17ef713628aa8363b52d57f0bbe690f4e5f3951fb600725281e6f2dd3c
https://cdnjs.cloudflare.com/ajax/libs/highlight.js/11.11.1/es/languages/swift.min.js,441342590da84988b81152e401b34d2221dc03384f47caff4ea2744904043a39
https://cdnjs.cloudflare.com/ajax/libs/highlight.js/11.11.1/es/languages/taggerscript.min.js,d908612ade63c389b83fdbed3356726d5eb1ac58de830b0a75990f9654704fad
https://cdnjs.cloudflare.com/ajax/libs/highlight.js/11.11.1/es/languages/tap.min.js,24c0e7d4f48cf6be14e7bab8ccf446e5651348d7f7d3e89137e6b6d663dba935
https://cdnjs.cloudflare.com/ajax/libs/highlight.js/11.11.1/es/languages/tcl.min.js,c630a0099bc08ea1e792e96bb23794e9781f63c9009a859420c5ac0e2379578f
https://cdnjs.cloudflare.com/ajax/libs/highlight.js/11.11.1/es/languages/thrift.min.js,04814a6c1ba935e8bb28c882f63a39ba1f209ec3bcae0ef6ae88d7749092acc4
https://cdnjs.cloudflare.com/ajax/libs/highlight.js/11.11.1/es/languages/tp.min.js,0ac19156b342df557c5f56895e1060629833b1f7f342f9159beb3730c7eac368
https://cdnjs.cloudflare.com/ajax/libs/highlight.js/11.11.1/es/languages/twig.min.js,b117c6cdb3ef6e03058ac2eafbdc020f181b485f4a71830bc553856d1c955a6b
https://cdnjs.cloudflare.com/ajax/libs/highlight.js/11.11.1/es/languages/typescript.min.js,60f542a05921072df100b34ea9a20a765617c518f8ac11d1c2c238ae11d83fcc
https://cdnjs.cloudflare.com/ajax/libs/highlight.js/11.11.1/es/languages/vala.min.js,5652a9c3dee4448a0a00d4d98a7f2ff0be61cf34f06977d3f8580a6527c2f0b8
https://cdnjs.cloudflare.com/ajax/libs/highlight.js/11.11.1/es/languages/vbnet.min.js,aeab1bfd454002cc1c9a4f86c1af1aa452b99afd47e167a061a81731f00493ac
https://cdnjs.cloudflare.com/ajax/libs/highlight.js/11.11.1/es/languages/vbscript-html.min.js,3a0d8df4b240aa3dc66fc80b5b5e9d9ae436f28dcf84c3e82352f31aece45c15
https://cdnjs.cloudflare.com/ajax/libs/highlight.js/11.11.1/es/languages/vbscript.min.js,1da8fc3fe8725929578bc7302ad50087bf4183a7c659d91666ff5f37727ef56c
https://cdnjs.cloudflare.com/ajax/libs/highlight.js/11.11.1/es/languages/verilog.min.js,c8dbfe5cba64771d7274802587ef2584fa2c059167c19a482aab158f2e94bdb9
https://cdnjs.cloudflare.com/ajax/libs/highlight.js/11.11.1/es/languages/vhdl.min.js,7601beb2a210abd801a3ea0948929bc939a7748825a2f3d9d0ec23f0d45c32c1
https://cdnjs.cloudflare.com/ajax/libs/highlight.js/11.11.1/es/languages/vim.min.js,31eb758db34757dfffa9640badb2afc7369469035efbd77e9a9dcae2c3b91547
https://cdnjs.cloudflare.com/ajax/libs/highlight.js/11.11.1/es/languages/wasm.min.js,c026b55f6b5ebbf11649ee8181c03fc7d4a15f92d894f2985c2b49ee7aee8c95
https://cdnjs.cloudflare.com/ajax/libs/highlight.js/11.11.1/es/languages/wren.min.js,dcb4450b74fe9e05faecce42cc926e4a6c0f713efec3bbfd5e2eedfd22af1ea6
https://cdnjs.cloudflare.com/ajax/libs/highlight.js/11.11.1/es/languages/x86asm.min.js,ba6dc119f666a9283b64fbd3bba98af550638ca66b740d37cf298f54b6506e41
https://cdnjs.cloudflare.com/ajax/libs/highlight.js/11.11.1/es/languages/xl.min.js,c3afe2f5a1b5660aecbda8e8d60de5f75e9f671400567297548be526815426ca
https://cdnjs.cloudflare.com/ajax/libs/highlight.js/11.11.1/es/languages/xml.min.js,2d843265c0bdd3e50f107e6473196b5f525c0ea68de83c40f9f30ffbbea6896f
https://cdnjs.cloudflare.com/ajax/libs/highlight.js/11.11.1/es/languages/xquery.min.js,3b30f68c3658f4d83591501d0d149afbb5648c370b717c075a57b77c34699eb1
https://cdnjs.cloudflare.com/ajax/libs/highlight.js/11.11.1/es/languages/yaml.min.js,3d227e0d347021b99da5c7b8de86ec8ce647f2f15d3b97100b34f9d2507ec2e7
https://cdnjs.cloudflare.com/ajax/libs/highlight.js/11.11.1/es/languages/zephir.min.js,1ad449091d528fd0d95eafce368116d2096d5a818966b20b3079e4c7035a85ea
https://cdnjs.cloudflare.com/ajax/libs/highlight.js/11.11.1/highlight.min.js,c4a399dd6f488bc97a3546e3476747b3e714c99c57b9473154c6fb8d259b9381
https://cdnjs.cloudflare.com/ajax/libs/highlight.js/11.11.1/languages/1c.min.js,ac31c0a420160035cae663a7a316d3904a5e78fcd95bccaa6bea708795be0d9c
https://cdnjs.cloudflare.com/ajax/libs/highlight.js/11.11.1/languages/abnf.min.js,642a2ac689f5a877a7bc033a3f8e5f5e561ba289e4d221bd34a3d5b1446c6d68
https://cdnjs.cloudflare.com/ajax/libs/highlight.js/11.11.1/languages/accesslog.min.js,db30d679c3d7a19f9aeff7b0a442c9d2c4af67294e3469ae4c5f371e3b8cdff5
https://cdnjs.cloudflare.com/ajax/libs/highlight.js/11.11.1/languages/actionscript.min.js,b331d6f149a1d50ed118a0b179f1ee50c373e218c07425c28846c58f92724aa2
https://cdnjs.cloudflare.com/ajax/libs/highlight.js/11.11.1/languages/ada.min.js,813ea5b9f17db384cd288de61c0b50d757d25eba3515140bc0efe18e3d178745
https://cdnjs.cloudflare.com/ajax/libs/highlight.js/11.11.1/languages/angelscript.min.js,249b3475dbda91be2eb801517301e2d71a04bdc8fe8147aeb2ba5be80bed92c2
https://cdnjs.cloudflare.com/ajax/libs/highlight.js/11.11.1/languages/apache.min.js,2145938249f1b39814955e14f79fab85e36de4a6753f9078fef3f2817c87d31b
https://cdnjs.cloudflare.com/ajax/libs/highlight.js/11.11.1/languages/applescript.min.js,7acb4fb1602031a9026721f860b55fa726dd266753cbe84d259083713eae1cb8
https://cdnjs.cloudflare.com/ajax/libs/highlight.js/11.11.1/languages/arcade.min.js,5e2dafa38b0aa2d8c355afc3fd860930b2c541517cb200770e69be8a7389b3e6
https://cdnjs.cloudflare.com/ajax/libs/highlight.js/11.11.1/languages/arduino.min.js,f6954b40f3382cb1dc47208cadb65e61c0182ec2c82f2ab0e5915847c91c7bc1
https://cdnjs.cloudflare.com/ajax/libs/highlight.js/11.11.1/languages/armasm.min.js,714fa013caafea14d1a53d6fe85e225eb5e2de8fce42dc600363691683ca6db2
https://cdnjs.cloudflare.com/ajax/libs/highlight.js/11.11.1/languages/asciidoc.min.js,a9f7d65dcbaf15eb74dee80f865a37508a6195a753dbd84ec69afb51a2fb505d
https://cdnjs.cloudflare.com/ajax/libs/highlight.js/11.11.1/languages/aspectj.min.js,0479074a01a4e2f3679c15068568e8d867b736c140035f3e8ee1eb3397a845d6
https://cdnjs.cloudflare.com/ajax/libs/highlight.js/11.11.1/languages/autohotkey.min.js,8e8774585a93e07545a127d1cf13ea525f61b35eeabea65b30806f463e1c54f7
https://cdnjs.cloudflare.com/ajax/libs/highlight.js/11.11.1/languages/autoit.min.js,bc24be7c9134f5f7f0b55b8ab19e921663e87993bde3eb32811f7e36767263ac
https://cdnjs.cloudflare.com/ajax/libs/highlight.js/11.11.1/languages/avrasm.min.js,1bd6013b4eae5309d30d9d6820165b44444718a73ad80f9a7db82497728d6f87
https://cdnjs.cloudflare.com/ajax/libs/highlight.js/11.11.1/languages/awk.min.js,85753ca43f41b016a82b1b6ec7bdf54e1dc82f75bdc0f5c7849d8bc0fd9a6898
https://cdnjs.cloudflare.com/ajax/libs/highlight.js/11.11.1/languages/axapta.min.js,fe679ee64d4659b8c69ce5732aed30bf7ba3006a2b3cf583c70bfacb621a1cd0
https://cdnjs.cloudflare.com/ajax/libs/highlight.js/11.11.1/languages/bash.min.js,36f810086bfff8b29e4f2517d3e2750bacbca268f0998ad5e7d4e6a5257c4d69
https://cdnjs.cloudflare.com/ajax/libs/highlight.js/11.11.1/languages/basic.min.js,2ed8736403740307b06c3118b46c2a30da4f9b67864785e5194470d94f553bea
https://cdnjs.cloudflare.com/ajax/libs/highlight.js/11.11.1/languages/bnf.min.js,64765d60e3f5568585bdc2f7773a96c3e28496d658b598a8090ac4d5e8532445
https://cdnjs.cloudflare.com/ajax/libs/highlight.js/11.11.1/languages/brainfuck.min.js,ff9d284e4c56dad536e165f5df33dad6b2a0eca342535f2ed43d492f6c94830d
https://cdnjs.cloudflare.com/ajax/libs/highlight.js/11.11.1/languages/c.min.js,8e113ebaefa89536c0f1716d8545bebe537dcf30279a62f762c7d44b5aadf915
https://cdnjs.cloudflare.com/ajax/libs/highlight.js/11.11.1/languages/cal.min.js,592245f8de4deab7a28c1571ff11f165c26df4a255d96433d3df768a7230fdcc
https://cdnjs.cloudflare.com/ajax/libs/highlight.js/11.11.1/languages/capnproto.min.js,09ba40e84928aed44d69ebda76d894317228dc3af5724577a13add3b8ba1168b
https://cdnjs.cloudflare.com/ajax/libs/highlight.js/11.11.1/languages/ceylon.min.js,7d47e84d76cc89654d9c6349b866820021c04b55d2d2d8ba19fe7bc4128007b5
https://cdnjs.cloudflare.com/ajax/libs/highlight.js/11.11.1/languages/clean.min.js,9e2ab1c8b00cad597cabe531960b55eaa28bcdcb4fe8f0122f602a04d0077186
https://cdnjs.cloudflare.com/ajax/libs/highlight.js/11.11.1/languages/clojure-repl.min.js,8a4526287134a0619ae81fbe73a3f6ac6b4c4b344140169490e01664ec9923e9
https://cdnjs.cloudflare.com/ajax/libs/highlight.js/11.11.1/languages/clojure.min.js,8e3e40180a5870cdf1e76e469c86a31ca67b815742b53624d6242be5010645dd
https://cdnjs.cloudflare.com/ajax/libs/highlight.js/11.11.1/languages/cmake.min.js,f5aea94d0a349d118d14237cb350bd01b91c512e6c7c06801af1697066dfafab
https://cdnjs.cloudflare.com/ajax/libs/highlight.js/11.11.1/languages/coffeescript.min.js,8efa88f7f356340aa1d0de172beafdde9055def105fa83342ef3478315233b0a
https://cdnjs.cloudflare.com/ajax/libs/highlight.js/11.11.1/languages/coq.min.js,b615372d82fb025fb4837f6739711db85aed056dac596a4c91e3531ce95dca2d
https://cdnjs.cloudflare.com/ajax/libs/highlight.js/11.11.1/languages/cos.min.js,a041fbb3355296328dcbc69646ada65c426d5acd98ed7da27b8fb7c80768bf94
https://cdnjs.cloudflare.com/ajax/libs/highlight.js/11.11.1/languages/cpp.min.js,a624afb91d41aa4e551ee0b9dbc7d45d889e6341fc9dbc8bacfc1bf01dfe2648
https://cdnjs.cloudflare.com/ajax/libs/highlight.js/11.11.1/languages/crmsh.min.js,fe8de1c382fbd96aaee8525ec5066e294dea53f95f8149fc254af52fb9895bbc
https://cdnjs.cloudflare.com/ajax/libs/highlight.js/11.11.1/languages/crystal.min.js,1d0089746476592fcf3475749741f40404a06c9b5d17dae9233002acd08673a6
https://cdnjs.cloudflare.com/ajax/libs/highlight.js/11.11.1/languages/csharp.min.js,fa2d9d1e60cf696001a9c6b2b7f104f37131d920ce697430e6041bd32b1b48a6
https://cdnjs.cloudflare.com/ajax/libs/highlight.js/11.11.1/languages/csp.min.js,2f7b946984ec2a45466c24a1a0ef16a4aed0f7ab85f10bc9501cf643922836ab
https://cdnjs.cloudflare.com/ajax/libs/highlight.js/11.11.1/languages/css.min.js,31c6d6c105c2dfd67ecfb976313fd74d50ff79440527cc5a9d79ae657d93ad3e
https://cdnjs.cloudflare.com/ajax/libs/highlight.js/11.11.1/languages/d.min.js,97674365129c0302c0a2b6e7a1c01f93e89cd448f432cf1a15c7eb98abb6b46d
https://cdnjs.cloudflare.com/ajax/libs/highlight.js/11.11.1/languages/dart.min.js,81eb3deaf0eaaab99e82dbbda1f0d18ce70a2ad8156413e4fc1098ad07c605ce
https://cdnjs.cloudflare.com/ajax/libs/highlight.js/11.11.1/languages/delphi.min.js,feb0b6603165c60d545572b6bbccfedd61ab7130f286c5330a09165712fbd564
https://cdnjs.cloudflare.com/ajax/libs/highlight.js/11.11.1/languages/diff.min.js,8283e424a8e1fccb6e52fce74ec4134995026142d30bbc22ad9e2a1ccede748e
https://cdnjs.cloudflare.com/ajax/libs/highlight.js/11.11.1/languages/django.min.js,f72331d1003390bc14e28becce9e57b5b685accd7bd9ae0e9622dcddfa9c495e
https://cdnjs.cloudflare.com/ajax/libs/highlight.js/11.11.1/languages/dns.min.js,b303789a7eba51ebc033a90c019d5f7dc61e588a281e7892b163279f90487df7
https://cdnjs.cloudflare.com/ajax/libs/highlight.js/11.11.1/languages/dockerfile.min.js,7b11edef6889d2bf9dd30799ce2212bae9b469cbb1793d4d216b65c274c96079
https://cdnjs.cloudflare.com/ajax/libs/highlight.js/11.11.1/languages/dos.min.js,393d97ffafcda1a5b31f3a2453c24d5b5b1bcbb7bf72a2ab1e7465a4ade5ce4b
https://cdnjs.cloudflare.com/ajax/libs/highlight.js/11.11.1/languages/dsconfig.min.js,42287c780024d360d633b3c6b1aca4d529d79598a1190995b7ac91e7e8294dc7
https://cdnjs.cloudflare.com/ajax/libs/highlight.js/11.11.1/languages/dts.min.js,1eea81acf5d73d4fbbb389e30de16ccf18bd4a0340ffbe52e77ea046cd8a4d67
https://cdnjs.cloudflare.com/ajax/libs/highlight.js/11.11.1/languages/dust.min.js,1d043d9729021debb164fa688eab741dfa543d1944133ad4a4693defdb8cca78
https://cdnjs.cloudflare.com/ajax/libs/highlight.js/11.11.1/languages/ebnf.min.js,5dc3e98b9342d4e658fd3a4be69bb068465ce2a3aa1cdee66db1a0b987774269
https://cdnjs.cloudflare.com/ajax/libs/highlight.js/11.11.1/languages/elixir.min.js,594e064a59e2ff61db8828bf14b5f053ab9b7429c64065ec7d95e40433e29096
https://cdnjs.cloudflare.com/ajax/libs/highlight.js/11.11.1/languages/elm.min.js,a010e29fbefbdb2c725f450432d04149f1c16558d92b29db418c696c7242bfe1
https://cdnjs.cloudflare.com/ajax/libs/highlight.js/11.11.1/languages/erb.min.js,2ab508abab878d19d15809d9f98530e0754cd372c80fb869ef2d7d696aa473e9
https://cdnjs.cloudflare.com/ajax/libs/highlight.js/11.11.1/languages/erlang-repl.min.js,02c9b6d2bf419218975c442d99c8dd61e01599c202576470f96804ca776571f9
https://cdnjs.cloudflare.com/ajax/libs/highlight.js/11.11.1/languages/erlang.min.js,47b441e5fdd3f2aeb45489453d88338c2f1c9b1a5410964aaab5f4982c568c8f
https://cdnjs.cloudflare.com/ajax/libs/highlight.js/11.11.1/languages/excel.min.js,96660b04b8b0fd560995ba5de38378816c8701f6dcd97ce53e0d73ef0f4c4413
https://cdnjs.cloudflare.com/ajax/libs/highlight.js/11.11.1/languages/fix.min.js,ec44db477beb93a79eabc1e6f4bbf6d1770bf8d5db09235451db8ec8fb687d2b
https://cdnjs.cloudflare.com/ajax/libs/highlight.js/11.11.1/languages/flix.min.js,fcbf201fa9820a209e9a403db43b646e0bf0c5b611bad98fbb30d92b0734a0c5
https://cdnjs.cloudflare.com/ajax/libs/highlight.js/11.11.1/languages/fortran.min.js,4b4cb0de1757adc83c430c55c2ee0687baa8eb63163e395430eda24135531d5c
https://cdnjs.cloudflare.com/ajax/libs/highlight.js/11.11.1/languages/fsharp.min.js,34ee74671cf20ce7667d51d073c2aaf5f1a77849e8b5f0d7c15476f48fd075a0
https://cdnjs.cloudflare.com/ajax/libs/highlight.js/11.11.1/languages/gams.min.js,9e8565babac0e3a29ed39c9e054cba3e0a53c22cb4f525e63ed68dd6b36dd99d
https://cdnjs.cloudflare.com/ajax/libs/highlight.js/11.11.1/languages/gauss.min.js,d417117eb54d455ab4778b45ec5466d140b56c5e099995b3fbf646cbeda28bf4
https://cdnjs.cloudflare.com/ajax/libs/highlight.js/11.11.1/languages/gcode.min.js,f29cc53beeaea95f394a69d88bcb57c163b3089c85ecc50e9cd0936cf5b68097
https://cdnjs.cloudflare.com/ajax/libs/highlight.js/11.11.1/languages/gherkin.min.js,42b810140b5cf31dd8c883085c4ed71a5146e5d6609f8ba8b319e923291bafe6
https://cdnjs.cloudflare.com/ajax/libs/highlight.js/11.11.1/languages/glsl.min.js,c48667a88684963e3145a64b2b3847145d8221c13e671e8ae13565943b370736
https://cdnjs.cloudflare.com/ajax/libs/highlight.js/11.11.1/languages/gml.min.js,b269d0e2154a6869f0caa797aad03b7330099de8b1eaa407e9c5e5df82ddec98
https://cdnjs.cloudflare.com/ajax/libs/highlight.js/11.11.1/languages/go.min.js,8d9f9a7dcd604438ac3530ad85597db9329923488b8a7ccc711df551f6f37799
https://cdnjs.cloudflare.com/ajax/libs/highlight.js/11.11.1/languages/golo.min.js,9db306faeaa393beeaca277daae5759d3e9fa640df5498ce6a88a6600c1dc604
https://cdnjs.cloudflare.com/ajax/libs/highlight.js/11.11.1/languages/gradle.min.js,310e8c4fa25c1b8daca0c9aedada9be0f44b23da9ac74d5079df2c083ee80569
https://cdnjs.cloudflare.com/ajax/libs/highlight.js/11.11.1/languages/graphql.min.js,7afd2592be2499acdde914122c9830903c96fdfd432e5d728dd727c1aef43a12
https://cdnjs.cloudflare.com/ajax/libs/highlight.js/11.11.1/languages/groovy.min.js,24b7c19c049d99d2cfbdb62fbf1fb5d000e9fe23792b3d807671381897580ecb
https://cdnjs.cloudflare.com/ajax/libs/highlight.js/11.11.1/languages/haml.min.js,d347d2516ea5b7020e51cc913beaa6432c0e47aa84b78d0119c972a96aa68864
https://cdnjs.cloudflare.com/ajax/libs/highlight.js/11.11.1/languages/handlebars.min.js,7e9d4fd6ade61befe1eb23bd59f0c093ed371a3fc4e1644d97e801935571b868
https://cdnjs.cloudflare.com/ajax/libs/highlight.js/11.11.1/languages/haskell.min.js,58f159d73c815d95c1aac41abdc480c92d547c1b483ecf5e479f5591d8408c5e
https://cdnjs.cloudflare.com/ajax/libs/highlight.js/11.11.1/languages/haxe.min.js,e041db7b9d2be67d9c097a7dae1c6da603587550d0cc31a95acfb62b8619fc7b
https://cdnjs.cloudflare.com/ajax/libs/highlight.js/11.11.1/languages/hsp.min.js,82d2fff18c80d04f25566401291b9786ee39602494acb9cc4407d66c07162c68
https://cdnjs.cloudflare.com/ajax/libs/highlight.js/11.11.1/languages/http.min.js,4696d95ea122429bc8021adaa2d81431d1f93e7ec96ef79d76ccc3c9e48739c0
https://cdnjs.cloudflare.com/ajax/libs/highlight.js/11.11.1/languages/hy.min.js,27d7269a0776678234424dd564df42c29a3fc204c485fc9b27431c950b0c3cb4
https://cdnjs.cloudflare.com/ajax/libs/highlight.js/11.11.1/languages/inform7.min.js,81edfbda3d0e7ca2223943544b5f05d0fbbd630faf12258e3f8629a7c520f0af
https://cdnjs.cloudflare.com/ajax/libs/highlight.js/11.11.1/languages/ini.min.js,fe71d4afd4d522cf25669727cd7b70d32d8548f3ebd8bfc681fa119761e11a0d
https://cdnjs.cloudflare.com/ajax/libs/highlight.js/11.11.1/languages/irpf90.min.js,4b6d1fb83f7e88a6b59b81ea13b40c5748cdf25e2bcc9d0fd4bfca2f684aede5
https://cdnjs.cloudflare.com/ajax/libs/highlight.js/11.11.1/languages/isbl.min.js,7df72c83facbc0b58e2ac687dc392b7fb0efbc21c16ae5a84d40cdb448ae73d5
https://cdnjs.cloudflare.com/ajax/libs/highlight.js/11.11.1/languages/java.min.js,66d57069d6901ab930b3f01b717b2e21563f822fffeb7c76e8c6215f8085e974
https://cdnjs.cloudflare.com/ajax/libs/highlight.js/11.11.1/languages/javascript.min.js,6312d7585b642baca492b67950834590ba57b4647398f514ced26e12ed558932
https://cdnjs.cloudflare.com/ajax/libs/highlight.js/11.11.1/languages/jboss-cli.min.js,f639e3c396c2ba740d56742910eeab013c0e5e22877920373c49ea6a37bda3af
https://cdnjs.cloudflare.com/ajax/libs/highlight.js/11.11.1/languages/json.min.js,3722a769b4a150ee5548b42fc9fb1d443cee44d053f55c9428dce3393e60afcf
https://cdnjs.cloudflare.com/ajax/libs/highlight.js/11.11.1/languages/julia-repl.min.js,a6eed94e42d78efef1e9f9ed291b08e2a7de55a68dd978933cb0c88742f6214d
https://cdnjs.cloudflare.com/ajax/libs/highlight.js/11.11.1/languages/julia.min.js,03330298d96dc711b8f66fc8075ff4a1ab9f830a87c5c6c9ae0503733ba99da4
https://cdnjs.cloudflare.com/ajax/libs/highlight.js/11.11.1/languages/kotlin.min.js,67b73b5b3b1cf650777cc35c35da40e3f364571933d4bb08b7f75a8b01f36d5d
https://cdnjs.cloudflare.com/ajax/libs/highlight.js/11.11.1/languages/lasso.min.js,cfc10e37ab14407f14338b51615125876670bef46e4fc6810819033979369307
https://cdnjs.cloudflare.com/ajax/libs/highlight.js/11.11.1/languages/latex.min.js,43025f08919b68a8a890fa6315f06280dbbc86b950b07ee9df37c5071db043c6
https://cdnjs.cloudflare.com/ajax/libs/highlight.js/11.11.1/languages/ldif.min.js,5a972517399693009181da9675aa7c2fb2f6d85122157b320ef57b45c07f2d4d
https://cdnjs.cloudflare.com/ajax/libs/highlight.js/11.11.1/languages/leaf.min.js,0c5b37a17b23db9d2705e317110a8663fd6489304f791d40ee2667005a513bc7
https://cdnjs.cloudflare.com/ajax/libs/highlight.js/11.11.1/languages/less.min.js,701f37426608bbb6cd88a2ac18a5b2f7b808c2ae2eb73b058c87801b3a8bcbe1
https://cdnjs.cloudflare.com/ajax/libs/highlight.js/11.11.1/languages/lisp.min.js,e57872e29513bc88ce2823df16f008e7fc20ebf5946ad6941b3bcf64b93e08b2
https://cdnjs.cloudflare.com/ajax/libs/highlight.js/11.11.1/languages/livecodeserver.min.js,7d064b1ec63bdc566cf221235ece998d505b291c5aa94ae55c497d93d764b297
https://cdnjs.cloudflare.com/ajax/libs/highlight.js/11.11.1/languages/livescript.min.js,82df13736c67e8e110c13a84d14878796ff24c7283fc3bb38dfd45d567451c97
https://cdnjs.cloudflare.com/ajax/libs/highlight.js/11.11.1/languages/llvm.min.js,f789c3492694bdad44764dc115477f6f4ea5e83eafa4b2b41aa9c31fd74d8f12
https://cdnjs.cloudflare.com/ajax/libs/highlight.js/11.11.1/languages/lsl.min.js,ae163c1a29273a67ec52212ac5d161de0403d0b999fadb70466301eb18ec4c4e
https://cdnjs.cloudflare.com/ajax/libs/highlight.js/11.11.1/languages/lua.min.js,8ad20977831be2fdee3f2c936dd31b029c184df659586b4c8f7e435a53414e03
https://cdnjs.cloudflare.com/ajax/libs/highlight.js/11.11.1/languages/makefile.min.js,ca1f7e6505e328090115b20497144856b8c2d4c706e09af62cfd9d657221c312
https://cdnjs.cloudflare.com/ajax/libs/highlight.js/11.11.1/languages/markdown.min.js,aad7253a197341245191c6f06ba61adf4a1a1c87cb29fa4079a76209ccee971d
https://cdnjs.cloudflare.com/ajax/libs/highlight.js/11.11.1/languages/mathematica.min.js,1afde3aabae8e3282c515b1c6527f9a3e7f545a7df6f444d1a24c60ce77eb3a1
https://cdnjs.cloudflare.com/ajax/libs/highlight.js/11.11.1/languages/matlab.min.js,03b56d633e41ef2bfec8c1c005fe4290ae4583f444e9ffd0065e9ec9091ec6fc
https://cdnjs.cloudflare.com/ajax/libs/highlight.js/11.11.1/languages/maxima.min.js,a019d352f8630f671534faea0c941557288ad9c95c590a309301c16fb2c560cb
https://cdnjs.cloudflare.com/ajax/libs/highlight.js/11.11.1/languages/mel.min.js,37ef3c4c889cf1208342c202fda210f9b38359715183c69e5b597276cc56fa51
https://cdnjs.cloudflare.com/ajax/libs/highlight.js/11.11.1/languages/mercury.min.js,53f994fa21a068864e26f1f2de7a0b9d4e2b43c211040c13b6eef6d9f2902305
https://cdnjs.cloudflare.com/ajax/libs/highlight.js/11.11.1/languages/mipsasm.min.js,f1dc724075c47d0194eca8b18ba9a76abff1ec6b0c8fe32a1be3af015ac8aa01
https://cdnjs.cloudflare.com/ajax/libs/highlight.js/11.11.1/languages/mizar.min.js,2c5be34b4fed56fad2b1ad5f3444b25cbb2e98b75fc2e189325d58761fd3316a
https://cdnjs.cloudflare.com/ajax/libs/highlight.js/11.11.1/languages/mojolicious.min.js,76764f63e1f93a75242296bcd5a41a6c43d29cee7504bd56d97470e0c1eb037a
https://cdnjs.cloudflare.com/ajax/libs/highlight.js/11.11.1/languages/monkey.min.js,6feb6c146e78a16452b4d234b1f18a0c1beb4641b8ba2a4522ef1aee0597a12c
https://cdnjs.cloudflare.com/ajax/libs/highlight.js/11.11.1/languages/moonscript.min.js,e7aa7eb7012a87b33bbf35d19ec8ab0b740f8b1d3b2361c1d4fceea4eda01f92
https://cdnjs.cloudflare.com/ajax/libs/highlight.js/11.11.1/languages/n1ql.min.js,fea3f7081b8870c6e87c43429af49cf09f191b59dc4c436ff1057b64fe560402
https://cdnjs.cloudflare.com/ajax/libs/highlight.js/11.11.1/languages/nestedtext.min.js,3c748376d94723619b565b812f57507131f86a76cd97f1223a05f58f8a224973
https://cdnjs.cloudflare.com/ajax/libs/highlight.js/11.11.1/languages/nginx.min.js,8beaa869f2790739129b4b4e1b4b7d80843671813b4abb56da5d2af4ae103d9a
https://cdnjs.cloudflare.com/ajax/libs/highlight.js/11.11.1/languages/nim.min.js,cb9e15a1ed50b42282efe15f6f7b2f3218884e365251ba49fcee4f78ee60d761
https://cdnjs.cloudflare.com/ajax/libs/highlight.js/11.11.1/languages/nix.min.js,8f8766b6bafca94383a080ae3ac8278f5a234c09b16ca7b4d26139b1f1250bf2
https://cdnjs.cloudflare.com/ajax/libs/highlight.js/11.11.1/languages/node-repl.min.js,671da858e78f4bf9cfb897a7fb0a4a1bbf90f7faf942337d24e8e5ff88764cab
https://cdnjs.cloudflare.com/ajax/libs/highlight.js/11.11.1/languages/nsis.min.js,3370cb49cb90774a456af8592443bb9e1fa6114c092d886530fb9921b531644d
https://cdnjs.cloudflare.com/ajax/libs/highlight.js/11.11.1/languages/objectivec.min.js,bf08dcbde2227aabd7980830aa8ff3042138719c9900916c66003b04d49fcb0c
https://cdnjs.cloudflare.com/ajax/libs/highlight.js/11.11.1/languages/ocaml.min.js,e688c0a8a5ddeb0d6255307c046df3b719befb994a3f3b997b155d4b20d3ad36
https://cdnjs.cloudflare.com/ajax/libs/highlight.js/11.11.1/languages/openscad.min.js,560d57d5152143220c12371a6e866cf8b2aa91167a806d8a52b8681f9beeb8d4
https://cdnjs.cloudflare.com/ajax/libs/highlight.js/11.11.1/languages/oxygene.min.js,8ed5580a9e1c4228b915e1f8cd036e141f16c2262da39bc714ec333d27207bec
https://cdnjs.cloudflare.com/ajax/libs/highlight.js/11.11.1/languages/parser3.min.js,746cbb2144c8ffa1722b8fca334c61890be1deb84aaf64409ec59ba8242a6c9a
https://cdnjs.cloudflare.com/ajax/libs/highlight.js/11.11.1/languages/perl.min.js,a7c314b8439e32085506cc7ba9b90465a00cf7bea9072b08c93026fef80b2b26
https://cdnjs.cloudflare.com/ajax/libs/highlight.js/11.11.1/languages/pf.min.js,56045579ad0d579636d1d040bd0576d2d22510e84e0a0b91cfcfba028dc71b61
https://cdnjs.cloudflare.com/ajax/libs/highlight.js/11.11.1/languages/pgsql.min.js,13e440e05bce2ea3865bab2d959bcbe0b016816f55e6ca565b894ff07dcb34fa
https://cdnjs.cloudflare.com/ajax/libs/highlight.js/11.11.1/languages/php-template.min.js,1f35d0cb16c1c400be428dc5679be014e5e4c020212f3df5071686d11faa9b7f
https://cdnjs.cloudflare.com/ajax/libs/highlight.js/11.11.1/languages/php.min.js,b8fcae8f271d4907a9c0a461ac7cc851ad0bb92fd15c46a5ee06659c6531e08c
https://cdnjs.cloudflare.com/ajax/libs/highlight.js/11.11.1/languages/plaintext.min.js,11bfeaf2da9d4c078a6ef49ae92f3e2c33dddbe766584beecb2b242dffac1898
https://cdnjs.cloudflare.com/ajax/libs/highlight.js/11.11.1/languages/pony.min.js,b61e26dad4f4dbdf7a6081c34f8581c69d2694922ccd6e2fe8704c774c5fe0aa
https://cdnjs.cloudflare.com/ajax/libs/highlight.js/11.11.1/languages/powershell.min.js,8357484cd585fb36f36d0b3eab33518e7fdfdc2e54f1066a4ce73e505567e166
https://cdnjs.cloudflare.com/ajax/libs/highlight.js/11.11.1/languages/processing.min.js,5b2777db2ee8afa8656fa8c53bbfec18cb614b9956b0151a656fd804408f1f80
https://cdnjs.cloudflare.com/ajax/libs/highlight.js/11.11.1/languages/profile.min.js,aa0617d47343572e9eda6a90239231f216e6675c70b0f81be0568ff3d3cbeb34
https://cdnjs.cloudflare.com/ajax/libs/highlight.js/11.11.1/languages/prolog.min.js,6c511708332d26311a4496165f1522bc6664f0075de79ba62ab8fa8a945633ff
https://cdnjs.cloudflare.com/ajax/libs/highlight.js/11.11.1/languages/properties.min.js,f8cc1a440176673748f145c4346d5e067a2d884fc2e64444229fe8523605507e
https://cdnjs.cloudflare.com/ajax/libs/highlight.js/11.11.1/languages/protobuf.min.js,cd2c97c8f6620b9c6c85afa013c614c1d5ad6aac115fc47717401c832a0ba76d
https://cdnjs.cloudflare.com/ajax/libs/highlight.js/11.11.1/languages/puppet.min.js,8c0c26fd254060322e32a15bec42e07f864c4cef2c3da0373976224fefdb9b10
https://cdnjs.cloudflare.com/ajax/libs/highlight.js/11.11.1/languages/purebasic.min.js,c1d1e0625c886640f2fa1574e36b3dfd066a3db40fa6469e9162e45b8ee7a68a
https://cdnjs.cloudflare.com/ajax/libs/highlight.js/11.11.1/languages/python-repl.min.js,fac6b10f0b77bfd7952eaaf74612493472977bf0cdf6c9e3328ca2ac49fa7b67
https://cdnjs.cloudflare.com/ajax/libs/highlight.js/11.11.1/languages/python.min.js,0bb2a7c90ac144e871766e180167e045d6d397f8714963b5ab0d0b781cc2beaa
https://cdnjs.cloudflare.com/ajax/libs/highlight.js/11.11.1/languages/q.min.js,628d44de45dc6a3cad17caa2ee42ecef8193806b56095dfdd6bf74b1ad328e27
https://cdnjs.cloudflare.com/ajax/libs/highlight.js/11.11.1/languages/qml.min.js,e643766b675d40d8e6685f9b539ac9de907063738f6e869a951244bcff54f0d6
https://cdnjs.cloudflare.com/ajax/libs/highlight.js/11.11.1/languages/r.min.js,c74d8d80056a65604808375764fa672109e80159892947f327187b436e13968b
https://cdnjs.cloudflare.com/ajax/libs/highlight.js/11.11.1/languages/reasonml.min.js,4d0e3fc2f7297969718c7f3f54ce40daa4430efa5fc30cff1710f332f53beeeb
https://cdnjs.cloudflare.com/ajax/libs/highlight.js/11.11.1/languages/rib.min.js,ce35365887f7115d1d1c20c8ed9dd8366623e1135a3dc969d9901deae85c9b62
https://cdnjs.cloudflare.com/ajax/libs/highlight.js/11.11.1/languages/roboconf.min.js,3216781443ec823eb85927628410e17252b24756e418a67bbf398b8659225f38
https://cdnjs.cloudflare.com/ajax/libs/highlight.js/11.11.1/languages/routeros.min.js,e4585d3354cb393643d28548ce088d955f2831e995bb31f2fd415c3b996a4c65
https://cdnjs.cloudflare.com/ajax/libs/highlight.js/11.11.1/languages/rsl.min.js,fab00f950a35ef9fc8d10086d94dea91c4636e3ef748318e8a989446f47bc643
https://cdnjs.cloudflare.com/ajax/libs/highlight.js/11.11.1/languages/ruby.min.js,119352dd97585e42ee60df0e18046ccb96c4c6f3756adba29d200f2cdbeb53d4
https://cdnjs.cloudflare.com/ajax/libs/highlight.js/11.11.1/languages/ruleslanguage.min.js,d52ad26f99f1d8938202e7fefd91d8c9673e9f03965a193ba13a0d71cb392519
https://cdnjs.cloudflare.com/ajax/libs/highlight.js/11.11.1/languages/rust.min.js,d11aa2cd90dc9b80523fe870f739b5c98c6785d3bd548e9441cf650c8d9b9d60
https://cdnjs.cloudflare.com/ajax/libs/highlight.js/11.11.1/languages/sas.min.js,377cfe6fbe905fc21eb799ddd2d97658a345e012e0e536cd55ce3f9a16d67ec7
https://cdnjs.cloudflare.com/ajax/libs/highlight.js/11.11.1/languages/scala.min.js,763f25a45558658f29b5bff9989e8ef09d9bc927be90c349743c333c9fe9cce8
https://cdnjs.cloudflare.com/ajax/libs/highlight.js/11.11.1/languages/scheme.min.js,b16f50dbe365947bdc670369a4bf079bfea2804a09e4b9e89c0faa87fd7f46d8
https://cdnjs.cloudflare.com/ajax/libs/highlight.js/11.11.1/languages/scilab.min.js,ad8a0e20e05c73fbacbe155028ca236b5baeaec67a0e6585e774f98f1bd54e68
https://cdnjs.cloudflare.com/ajax/libs/highlight.js/11.11.1/languages/scss.min.js,523743b1f1e974b4fe061324e174bb032b65644ac77eda0ad8221c47f89c1427
https://cdnjs.cloudflare.com/ajax/libs/highlight.js/11.11.1/languages/shell.min.js,f1fe6f51e3708c3439068a16bd91b730bb3d438a0750f53541db6a96e243ed97
https://cdnjs.cloudflare.com/ajax/libs/highlight.js/11.11.1/languages/smali.min.js,3a9dbb346921d40a6fc7b2f5e158654fbeb92a75c1a72cf0287adc33c708e02e
https://cdnjs.cloudflare.com/ajax/libs/highlight.js/11.11.1/languages/smalltalk.min.js,f418eadba4121e542440e2155de34f0a9766bb7e0100d9bda94a327efe290562
https://cdnjs.cloudflare.com/ajax/libs/highlight.js/11.11.1/languages/sml.min.js,df0effb811a1f7e824d7998cdf042f3edd609f833f6797661fdd3c851c461bfc
https://cdnjs.cloudflare.com/ajax/libs/highlight.js/11.11.1/languages/sqf.min.js,2c1b0b58881ac5bd9fb7b9ba9eaf66f692a4f8773a53749f7b770f94d349feb8
https://cdnjs.cloudflare.com/ajax/libs/highlight.js/11.11.1/languages/sql.min.js,6dbbf64b94b65f9216f046b6c6ff53f55479a406041a0b73ca87e141c9e76f25
https://cdnjs.cloudflare.com/ajax/libs/highlight.js/11.11.1/languages/stan.min.js,0fac3ae176b349b40ac0ead69b54f9fbf93da5dba891c0277c3143141c18dc7d
https://cdnjs.cloudflare.com/ajax/libs/highlight.js/11.11.1/languages/stata.min.js,0ec03734d51ad08f5a6db10186620a3766458a557c24d33172dc02819c21a687
https://cdnjs.cloudflare.com/ajax/libs/highlight.js/11.11.1/languages/step21.min.js,feffc7707f3ee1a337fcf7adb471dc5e8de92357c1c5e48e664f94b0537e24bc
https://cdnjs.cloudflare.com/ajax/libs/highlight.js/11.11.1/languages/stylus.min.js,7bd18c15adb060737ccd8f8cfafd66ae8ec50efe3a3f5ae75ab7afaf297915ee
https://cdnjs.cloudflare.com/ajax/libs/highlight.js/11.11.1/languages/subunit.min.js,094dbd0c6f3a5f4548185028c37efa987507d90317913f035745025676b76c54
https://cdnjs.cloudflare.com/ajax/libs/highlight.js/11.11.1/languages/swift.min.js,79db4abee2600db2deafcabac2daa49cfd764a81e11155a0985e22e3389ce4ac
https://cdnjs.cloudflare.com/ajax/libs/highlight.js/11.11.1/languages/taggerscript.min.js,1a83051ec7b8475e8fbff575006c0194195ddfba4f3b17ff5b3c8f4c55c169c1
https://cdnjs.cloudflare.com/ajax/libs/highlight.js/11.11.1/languages/tap.min.js,25c0a9ba45b82ab9558f66d71e4be9799121f274e2aed8528ea7d04e80ae3000
https://cdnjs.cloudflare.com/ajax/libs/highlight.js/11.11.1/languages/tcl.min.js,1d97a91a4a5d109f98a89f08a36425f2ba09673046cd9c7fba7a37d7f6c06bed
https://cdnjs.cloudflare.com/ajax/libs/highlight.js/11.11.1/languages/thrift.min.js,b7e4d88c63f1777665062d1861f22cf653d9d75c88bcb18e442a77b6e38168dd
https://cdnjs.cloudflare.com/ajax/libs/highlight.js/11.11.1/languages/tp.min.js,7e8577d61aa7ea979b09441908cbe6ca603ccd7094fb579458da6d561455e655
https://cdnjs.cloudflare.com/ajax/libs/highlight.js/11.11.1/languages/twig.min.js,f67781dfb6632079d22310cbe14c59ebfce72c4864ffa6e68125d790751b0eed
https://cdnjs.cloudflare.com/ajax/libs/highlight.js/11.11.1/languages/typescript.min.js,5015b0805a38d6b3df7225259aa0d4488e3b2b6e42b757928d1189776e811322
https://cdnjs.cloudflare.com/ajax/libs/highlight.js/11.11.1/languages/vala.min.js,01f0ae8ad40d3daf8e698beeb45f09f0fc4f815108846a1f9d9d345a2ea716cd
https://cdnjs.cloudflare.com/ajax/libs/highlight.js/11.11.1/languages/vbnet.min.js,05e574cc80446ae29610a51e148766dca68788e43934bc1d3dca8cf3cd1a0575
https://cdnjs.cloudflare.com/ajax/libs/highlight.js/11.11.1/languages/vbscript-html.min.js,b5a19264531b8743b82e5dcaf49e54eb859c120a9977a93fde9cf94fa554c2ea
https://cdnjs.cloudflare.com/ajax/libs/highlight.js/11.11.1/languages/vbscript.min.js,3cc262da788b9b17e82346c7d76102441112bd615bfbc066e3aa637a0e5f10a3
https://cdnjs.cloudflare.com/ajax/libs/highlight.js/11.11.1/languages/verilog.min.js,1b8b740c9865a7f73a4552ab572cd8f83b2255c98236718dca113f3ab73bf9ce
https://cdnjs.cloudflare.com/ajax/libs/highlight.js/11.11.1/languages/vhdl.min.js,0ca236ce7bf8577c500415b25101d7ac9e60e79dd88227e165593ca34bc2d204
https://cdnjs.cloudflare.com/ajax/libs/highlight.js/11.11.1/languages/vim.min.js,327831c85b98f73253085baa7a16bfffabde0835585ceafb852ebee5372d401d
https://cdnjs.cloudflare.com/ajax/libs/highlight.js/11.11.1/languages/wasm.min.js,f2072cfd7f65aa2570ecb85c6a417946b1ebacb9f3699ec72c6ba1df9c8df7f4
https://cdnjs.cloudflare.com/ajax/libs/highlight.js/11.11.1/languages/wren.min.js,f9062ffe2e489864acec4e45b82abcdfac927cb80dd02279dc5206b9979a25f7
https://cdnjs.cloudflare.com/ajax/libs/highlight.js/11.11.1/languages/x86asm.min.js,3e42088fe600ed47799955f25e459c25c25cc3b7fc7b08d18c54028d5cd66dd6
https://cdnjs.cloudflare.com/ajax/libs/highlight.js/11.11.1/languages/xl.min.js,ba4715abfd3a8c538e1e6b98fac2602d77ea915b2c6ffeb9747f9763e1c24b66
https://cdnjs.cloudflare.com/ajax/libs/highlight.js/11.11.1/languages/xml.min.js,f4acc60ff72b4a06ad47a6daf47911de195cd50020cebce6107c995c80a39fc2
https://cdnjs.cloudflare.com/ajax/libs/highlight.js/11.11.1/languages/xquery.min.js,4b2e8f1220afd4c626d64ab97cdad3cd7595b158df6819bbae7fed49d0828c8f
https://cdnjs.cloudflare.com/ajax/libs/highlight.js/11.11.1/languages/yaml.min.js,672cd1cee2a4a9f8c2500ada9b896ef22c27e0444aecbea592e64340c9f0398a
https://cdnjs.cloudflare.com/ajax/libs/highlight.js/11.11.1/languages/zephir.min.js,8b537d3c0959fe16111014722b57f5460a5fbbcd56cf42ea80cb07d4980c3b3f
https://cdnjs.cloudflare.com/ajax/libs/highlight.js/11.11.1/styles/1c-light.css,110687539e3654523342a8f12ca615d2b56e7e2a015b642fe78835012f0f8121
https://cdnjs.cloudflare.com/ajax/libs/highlight.js/11.11.1/styles/1c-light.min.css,dda31c6aeb8473700ffecb92227ab6ab045d47e8be2a283deb868de878f730f7
https://cdnjs.cloudflare.com/ajax/libs/highlight.js/11.11.1/styles/a11y-dark.css,82cb01b81e1fb13be57edad44fa019b9a973368a738257e049d07a54310d0b98
https://cdnjs.cloudflare.com/ajax/libs/highlight.js/11.11.1/styles/a11y-dark.min.css,cb30e0c12d8ad8be9c0c517226ba4ffa88802ce495dada60b6f7494075a8a133
https://cdnjs.cloudflare.com/ajax/libs/highlight.js/11.11.1/styles/a11y-light.css,e0b6923be72ee7138b293c59bce2bd236a484d152ebcaa82b0ee3371f81f7635
https://cdnjs.cloudflare.com/ajax/libs/highlight.js/11.11.1/styles/a11y-light.min.css,0f213ada60182ec80375ed15ce2d5b5524a4914cec29e0a1daf08468cc4dea92
https://cdnjs.cloudflare.com/ajax/libs/highlight.js/11.11.1/styles/agate.css,63325a6a7a37769dcd1f2266a427ca49ba3ef2141b3a1672cb6acf43562eab9e
https://cdnjs.cloudflare.com/ajax/libs/highlight.js/11.11.1/styles/agate.min.css,133d93de7443441e840db08ddcf4049fc8561cd50fca248cd4d1b158ca125b09
https://cdnjs.cloudflare.com/ajax/libs/highlight.js/11.11.1/styles/an-old-hope.css,fe7a005aeb2ea350a1127f71dacdff3ee0c4f5d45b9ce0abdc852cce37ca1ee7
https://cdnjs.cloudflare.com/ajax/libs/highlight.js/11.11.1/styles/an-old-hope.min.css,a69a6fd11a529a690f2bcd2c2c43a9ad7fe3d5f8a5f4d3b2e12da23b1249be79
https://cdnjs.cloudflare.com/ajax/libs/highlight.js/11.11.1/styles/androidstudio.css,c327d207526749136866ba116001127b5af834090bbe89ea480683f162a36058
https://cdnjs.cloudflare.com/ajax/libs/highlight.js/11.11.1/styles/androidstudio.min.css,c0869a17349d3f1bdd078763e8c11ec9808c9f38239bb254720577662fba87bf
https://cdnjs.cloudflare.com/ajax/libs/highlight.js/11.11.1/styles/arduino-light.css,4fe5d1035143c659ecbce2ce7a853497a4b5a11d0a2d86781946ed2bba1d6228
https://cdnjs.cloudflare.com/ajax/libs/highlight.js/11.11.1/styles/arduino-light.min.css,13ec00189091ad0345c6d0907b59c4a8e2a00f47dba809d3684ca0aafbcc988f
https://cdnjs.cloudflare.com/ajax/libs/highlight.js/11.11.1/styles/arta.css,7883930e84eba60909d84e95f41b59155b2f7ced664b5d33af0f5b9e94c81eaa
https://cdnjs.cloudflare.com/ajax/libs/highlight.js/11.11.1/styles/arta.min.css,fc393c86f9ac4eafe3309e5765f43224d9ce1e40d637ba769764b42611f8b2dc
https://cdnjs.cloudflare.com/ajax/libs/highlight.js/11.11.1/styles/ascetic.css,0397ed3b25174497e4d11c909681a53574ad2ff1ee571f73ca92a9d7a0759615
https://cdnjs.cloudflare.com/ajax/libs/highlight.js/11.11.1/styles/ascetic.min.css,c7172b2f5414300d8e8c35218c4359942716e1724dd25a7804a652588c3201ec
https://cdnjs.cloudflare.com/ajax/libs/highlight.js/11.11.1/styles/atom-one-dark-reasonable.css,516066d69994ed24ece3f80319f1e85cf26086d051b7e9c6760b51c6be857750
https://cdnjs.cloudflare.com/ajax/libs/highlight.js/11.11.1/styles/atom-one-dark-reasonable.min.css,81ac553d7c137f253788c8d298b25ad25c6150d1e394aa41e919c4b967064611
https://cdnjs.cloudflare.com/ajax/libs/highlight.js/11.11.1/styles/atom-one-dark.css,5712e31de4df28eed107cd242eb50d280a6578e850fb671e20bc82a137de3fa1
https://cdnjs.cloudflare.com/ajax/libs/highlight.js/11.11.1/styles/atom-one-dark.min.css,4237ffca7ce6aadb438c457e0a675b125c534bbdda5b87f41f3a1495603bcc9b
https://cdnjs.cloudflare.com/ajax/libs/highlight.js/11.11.1/styles/atom-one-light.css,58597393821b7d76f64862249d305ea5dea2c54f617fbe4bd9d6e62ad83bf8ad
https://cdnjs.cloudflare.com/ajax/libs/highlight.js/11.11.1/styles/atom-one-light.min.css,593ee2475d42ac9ae701a177a353825bd661b6249fa1ad4bad232540825e9e83
https://cdnjs.cloudflare.com/ajax/libs/highlight.js/11.11.1/styles/base16/3024.css,b07af177ddf9e797faed53dc85de1d166da2905cd1631246b12ffaa14ca03e0f
https://cdnjs.cloudflare.com/ajax/libs/highlight.js/11.11.1/styles/base16/3024.min.css,3119c33dfeb49d6339f7d13be041322793206558f809ee03a7522a12f18dd6bc
https://cdnjs.cloudflare.com/ajax/libs/highlight.js/11.11.1/styles/base16/apathy.css,f6fd250a0a578f6e3e7b9123b60ca6c4a2bc5af18cd412bc54119f1375eae833
https://cdnjs.cloudflare.com/ajax/libs/highlight.js/11.11.1/styles/base16/apathy.min.css,5a1f1c831ea0c95ad3a8bd78b7c3ce0b63e06c3f39b3848309c246ce4ef2ab05
https://cdnjs.cloudflare.com/ajax/libs/highlight.js/11.11.1/styles/base16/apprentice.css,de23e3f71595e72d54012458b47a9cbf89c760109d8cf04d1a857234f765aaff
https://cdnjs.cloudflare.com/ajax/libs/highlight.js/11.11.1/styles/base16/apprentice.min.css,61de652a525f4555d57ad4eeb46e177abd641cd5adc3ec60bdb342738e59c6ae
https://cdnjs.cloudflare.com/ajax/libs/highlight.js/11.11.1/styles/base16/ashes.css,30bc9df690ecc50ee02ef2f190131765f843ad46dd06b1f7664a1bdca7ed6196
https://cdnjs.cloudflare.com/ajax/libs/highlight.js/11.11.1/styles/base16/ashes.min.css,5258c93bdf82c2c161d5f03943d08fa0896fec9d6dddfd77b5c013414599a653
https://cdnjs.cloudflare.com/ajax/libs/highlight.js/11.11.1/styles/base16/atelier-cave-light.css,6c2afe7d1928a4603cf9f6540bdbd0d25f08d9d76eaaaaac5aff18c1a726ceba
https://cdnjs.cloudflare.com/ajax/libs/highlight.js/11.11.1/styles/base16/atelier-cave-light.min.css,aab4fdb679352118d3846d8c8843aa5d954bfa0358e4941b5afc733b778cf784
https://cdnjs.cloudflare.com/ajax/libs/highlight.js/11.11.1/styles/base16/atelier-cave.css,e6c15a14f3112fa18655dcc6a3c3c99520b6c4e0ac669e7b33e6b35de77fc6c8
https://cdnjs.cloudflare.com/ajax/libs/highlight.js/11.11.1/styles/base16/atelier-cave.min.css,1eba1d88d55ffbbb4452845f0e2caaf3ea5367186b010a4a86d00f0ac4ed7944
https://cdnjs.cloudflare.com/ajax/libs/highlight.js/11.11.1/styles/base16/atelier-dune-light.css,09db07f456970635d2df760157f6bdbfe7fca0873eef17e9aaef7449e0b2738c
https://cdnjs.cloudflare.com/ajax/libs/highlight.js/11.11.1/styles/base16/atelier-dune-light.min.css,45ebeaa23fc5bf030b5a47f7ee4b8413d43dcce90250f587effcbb7a7ab7e295
https://cdnjs.cloudflare.com/ajax/libs/highlight.js/11.11.1/styles/base16/atelier-dune.css,40520e6421c3fc9b9bf47945171de1f3c01b0f8e4eddac7ec4673e1c3423a24f
https://cdnjs.cloudflare.com/ajax/libs/highlight.js/11.11.1/styles/base16/atelier-dune.min.css,c18413706dfd1017728db5c983619621c935c6a70405ed591cda0242fa04acaf
https://cdnjs.cloudflare.com/ajax/libs/highlight.js/11.11.1/styles/base16/atelier-estuary-light.css,8a4aa918b5baf5ef733ad8645daae436e8b2f8d0a9ee9c74740e02d9454d6143
https://cdnjs.cloudflare.com/ajax/libs/highlight.js/11.11.1/styles/base16/atelier-estuary-light.min.css,b9bcd467a5ae7670978e852acc897da2c187662f983140ad0313a2c9a9aa8728
https://cdnjs.cloudflare.com/ajax/libs/highlight.js/11.11.1/styles/base16/atelier-estuary.css,b0c7dd30ba4e46e6b41ad8bdd507290b7c64bb34f831328ced1c50e36be320de
https://cdnjs.cloudflare.com/ajax/libs/highlight.js/11.11.1/styles/base16/atelier-estuary.min.css,a6707e1bd075616fe446a7dc24fb60d1533c2d9c28f43c014d6c842d47ead750
https://cdnjs.cloudflare.com/ajax/libs/highlight.js/11.11.1/styles/base16/atelier-forest-light.css,efe64eda15e5fe399d6243965832a1b590ea91dca7e667154731c1d38850c11a
https://cdnjs.cloudflare.com/ajax/libs/highlight.js/11.11.1/styles/base16/atelier-forest-light.min.css,1141c61502256451addd784a046f842b4147153b141d34d0a16790e00c889ecc
https://cdnjs.cloudflare.com/ajax/libs/highlight.js/11.11.1/styles/base16/atelier-forest.css,50bfc321bbf545224201a80a31d98df53cd7cc6233bbc6eec71ff41742175ece
https://cdnjs.cloudflare.com/ajax/libs/highlight.js/11.11.1/styles/base16/atelier-forest.min.css,31d470dfaaf88d5b821ced9f16a29314d287ded4f530320df00ed806c15ef962
https://cdnjs.cloudflare.com/ajax/libs/highlight.js/11.11.1/styles/base16/atelier-heath-light.css,baa6f14cb7748c753f9c487874ae0f781347ee56c38e888de871a0dbb9eec8dd
https://cdnjs.cloudflare.com/ajax/libs/highlight.js/11.11.1/styles/base16/atelier-heath-light.min.css,59f8bc5617d23ba58e87e8bd1bbc87b5da2cf3531d27ee88e1978bac1c6d7dcb
https://cdnjs.cloudflare.com/ajax/libs/highlight.js/11.11.1/styles/base16/atelier-heath.css,a2dc354d37fbfe808ad2a675db83f6dc49582a1ddbde1c0d6e8b0bc694b9bca1
https://cdnjs.cloudflare.com/ajax/libs/highlight.js/11.11.1/styles/base16/atelier-heath.min.css,fdf9bc47eb08a42204e420f15ac072e1d4fdf4faad1717e62e30dc489fee593e
https://cdnjs.cloudflare.com/ajax/libs/highlight.js/11.11.1/styles/base16/atelier-lakeside-light.css,77d7c498e407df6229b467658b62aa6b7420098404ddc7b35b2757ccfb58186d
https://cdnjs.cloudflare.com/ajax/libs/highlight.js/11.11.1/styles/base16/atelier-lakeside-light.min.css,f02c6e0f23915438c846c347a958df7d75d8880d84ecf2bb7b68aaa3c41643bd
https://cdnjs.cloudflare.com/ajax/libs/highlight.js/11.11.1/styles/base16/atelier-lakeside.css,d0913593236a415cac2709de3f3013e91c3d03124a2ba87af5a79f5c6f652005
https://cdnjs.cloudflare.com/ajax/libs/highlight.js/11.11.1/styles/base16/atelier-lakeside.min.css,2a02a98b2bb1a71936c6d9e97617288aabab8dba7f91aee8c85855c3854f0f33
https://cdnjs.cloudflare.com/ajax/libs/highlight.js/11.11.1/styles/base16/atelier-plateau-light.css,aed82665813fed273f05b3f2b65bbb8007ee861365a925b145a90de78ce18ae9
https://cdnjs.cloudflare.com/ajax/libs/highlight.js/11.11.1/styles/base16/atelier-plateau-light.min.css,1301228a2fa73b0d96b759a22d5fff9fda49d935168cfd12826cad0383d9e62f
https://cdnjs.cloudflare.com/ajax/libs/highlight.js/11.11.1/styles/base16/atelier-plateau.css,7b3a514be5b9622855790885732f0bc805e2d652d1f5dd549213a0b1c4a79ffa
https://cdnjs.cloudflare.com/ajax/libs/highlight.js/11.11.1/styles/base16/atelier-plateau.min.css,77e21e0264cd27a46a3eed418c1fddfd9d0007e38244fdf404fa1cab48a4fe46
https://cdnjs.cloudflare.com/ajax/libs/highlight.js/11.11.1/styles/base16/atelier-savanna-light.css,cec7b3a1d8535e872e00fe6bbdd960009b52ee8ac578c5b554b50cb7e5c69406
https://cdnjs.cloudflare.com/ajax/libs/highlight.js/11.11.1/styles/base16/atelier-savanna-light.min.css,1e149c08465541c4dee0e5640d729dd24ae065d05ac692cbc15565e0a56bffa2
https://cdnjs.cloudflare.com/ajax/libs/highlight.js/11.11.1/styles/base16/atelier-savanna.css,ec2a55646ce6b1400f7c67f4fa8fa0b68374335c0667d87238b0095f2d1cba24
https://cdnjs.cloudflare.com/ajax/libs/highlight.js/11.11.1/styles/base16/atelier-savanna.min.css,f8b9f1c176988611dd3020cb0ddcc47154edddee1680b8bfcacbc7692c8bff31
https://cdnjs.cloudflare.com/ajax/libs/highlight.js/11.11.1/styles/base16/atelier-seaside-light.css,d8a02d1b7a2edefa450c87c202231b9f31bcb5bba167995776197b08f98eda12
https://cdnjs.cloudflare.com/ajax/libs/highlight.js/11.11.1/styles/base16/atelier-seaside-light.min.css,c966f49626367e82e248d205bc0470c6bc31199c64a9de3f1f60b63a54ecfd58
https://cdnjs.cloudflare.com/ajax/libs/highlight.js/11.11.1/styles/base16/atelier-seaside.css,86787d7dcc76ed391084ae15a3ad35242ede07bdecd7a54c3e56b91ba5adfc2a
https://cdnjs.cloudflare.com/ajax/libs/highlight.js/11.11.1/styles/base16/atelier-seaside.min.css,dd7978fe9ed615339ee7016968d5f907647f170cc3d5cfcd4cac7a84ac505cd8
https://cdnjs.cloudflare.com/ajax/libs/highlight.js/11.11.1/styles/base16/atelier-sulphurpool-light.css,6704b7cef1a6ea1bb455221829f014276c2c7e13b7580643ad1cf012ea22d732
https://cdnjs.cloudflare.com/ajax/libs/highlight.js/11.11.1/styles/base16/atelier-sulphurpool-light.min.css,b0214636fa093d8be3c1c0a2917552ed435dc64042a1acfcdaab8013ddee3c13
https://cdnjs.cloudflare.com/ajax/libs/highlight.js/11.11.1/styles/base16/atelier-sulphurpool.css,15357f3af9e10138681777b6e1285f79e696c96fa74cde1bfeb5a026b2a893d8
https://cdnjs.cloudflare.com/ajax/libs/highlight.js/11.11.1/styles/base16/atelier-sulphurpool.min.css,d30e07a683d35a350e4bd469f4bd492354c3bab53491a4585fb48f6ef85979df
https://cdnjs.cloudflare.com/ajax/libs/highlight.js/11.11.1/styles/base16/atlas.css,823cd3145259ae7ebe97bd38cce0bedbdc0997b74784fd9493a17166ae1a44b6
https://cdnjs.cloudflare.com/ajax/libs/highlight.js/11.11.1/styles/base16/atlas.min.css,9311b6f03dece164715974e5c070475f20813bff73fefe16e820d4b8a5568d75
https://cdnjs.cloudflare.com/ajax/libs/highlight.js/11.11.1/styles/base16/bespin.css,329345d48c78a805d9a90c2e866bc6cc5133759719c17935c9cfa51b0b5ce0fe
https://cdnjs.cloudflare.com/ajax/libs/highlight.js/11.11.1/styles/base16/bespin.min.css,08852de231847eb5e3c755ae1659a336aaf2018d9d1ac245e38ee30c933cbc42
https://cdnjs.cloudflare.com/ajax/libs/highlight.js/11.11.1/styles/base16/black-metal-bathory.css,3faa51bc20f7166be12c27de43aec6811f26d87e8812c29e06c151820e21c084
https://cdnjs.cloudflare.com/ajax/libs/highlight.js/11.11.1/styles/base16/black-metal-bathory.min.css,5f154f939c0ce08fd4404652e3e781a5344020f77799bda2b0d4d08f292d1158
https://cdnjs.cloudflare.com/ajax/libs/highlight.js/11.11.1/styles/base16/black-metal-burzum.css,7542d29dcca6e53ac6b824bfc8852424b0abc52a6ee2a0f254e5378dace97d65
https://cdnjs.cloudflare.com/ajax/libs/highlight.js/11.11.1/styles/base16/black-metal-burzum.min.css,147314a18344ffcd417d0e83befd9f7b3f55e71bb345b3e9f535526958a8a2ba
https://cdnjs.cloudflare.com/ajax/libs/highlight.js/11.11.1/styles/base16/black-metal-dark-funeral.css,08672893d17e08cad08f29e12d2c64bbbf37c267a8fb3af9e1717ddd69532859
https://cdnjs.cloudflare.com/ajax/libs/highlight.js/11.11.1/styles/base16/black-metal-dark-funeral.min.css,cda602580fa4ecc60ada27a0731ec083f43c22bf9ea9a5b533ee210772d0cb91
https://cdnjs.cloudflare.com/ajax/libs/highlight.js/11.11.1/styles/base16/black-metal-gorgoroth.css,cc12b358d62582bb19d59e6e10c04f1f0855199c531eda7fe132ebaf030b8dcf
https://cdnjs.cloudflare.com/ajax/libs/highlight.js/11.11.1/styles/base16/black-metal-gorgoroth.min.css,3e9df24cd2abf2d924d45bba986294fc21cd63be71b7b2f97dff88b1184b2ad1
https://cdnjs.cloudflare.com/ajax/libs/highlight.js/11.11.1/styles/base16/black-metal-immortal.css,b3a729327e8fa09e3941b1f24a6749f8232ac44f7568dfa09f963a8b4c25b9a7
https://cdnjs.cloudflare.com/ajax/libs/highlight.js/11.11.1/styles/base16/black-metal-immortal.min.css,4d111c5fc3aacb04b02ce5dc4967f33d45558ed247033edc3f7a341e8ae995c5
https://cdnjs.cloudflare.com/ajax/libs/highlight.js/11.11.1/styles/base16/black-metal-khold.css,ce7155cfb27f45ea7b785828d5d14e4edfa4389af9404d37b9100a6294469d30
https://cdnjs.cloudflare.com/ajax/libs/highlight.js/11.11.1/styles/base16/black-metal-khold.min.css,f322eb116c9a2d24a449e0fb5258e5644a9f23c4063411b2f4df9a68889f5b12
https://cdnjs.cloudflare.com/ajax/libs/highlight.js/11.11.1/styles/base16/black-metal-marduk.css,cdbfebbaba40a84ad9b51bd146575b25ee5dcf6703f1a53cfc43e23e776ba321
https://cdnjs.cloudflare.com/ajax/libs/highlight.js/11.11.1/styles/base16/black-metal-marduk.min.css,68a3951f312e873c9793b9996b1ceb9112a429942fe85c59a5af1135fcce7159
https://cdnjs.cloudflare.com/ajax/libs/highlight.js/11.11.1/styles/base16/black-metal-mayhem.css,262637ef76f6050d07c68c7d1df984c1e19ffba2cf0907018bd46d1fd08e1e50
https://cdnjs.cloudflare.com/ajax/libs/highlight.js/11.11.1/styles/base16/black-metal-mayhem.min.css,be6ec0d6ec3de423afb02f2897e470f3ef937d5560c02dd946dbe82dfebc9299
https://cdnjs.cloudflare.com/ajax/libs/highlight.js/11.11.1/styles/base16/black-metal-nile.css,a67e9b94fb41ad8a322fd3d667f2cef3ea5359acbe2b16c32024c6caf5c14d2f
https://cdnjs.cloudflare.com/ajax/libs/highlight.js/11.11.1/styles/base16/black-metal-nile.min.css,29a76d2572c21eaa63af6bbcc75113037f60d1d315e36bf90db1d24e8de05172
https://cdnjs.cloudflare.com/ajax/libs/highlight.js/11.11.1/styles/base16/black-metal-venom.css,e800f8624aad3d2779d94fc563e60c14bdf4b0229adc01df9ec162c5f38dc179
https://cdnjs.cloudflare.com/ajax/libs/highlight.js/11.11.1/styles/base16/black-metal-venom.min.css,950f0882224c444e2d77b69cf3be0f855cdcadae31fa3e3990dd46f323460360
https://cdnjs.cloudflare.com/ajax/libs/highlight.js/11.11.1/styles/base16/black-metal.css,1b9aef84a29e39095a2b98a42b264f34b239e427de94bc5527893a740a6e9915
https://cdnjs.cloudflare.com/ajax/libs/highlight.js/11.11.1/styles/base16/black-metal.min.css,041e2a7a34097bf846e823643a732bc86e3adc0f8101b9e8f326321feb774142
https://cdnjs.cloudflare.com/ajax/libs/highlight.js/11.11.1/styles/base16/brewer.css,068b789e99c703e97fcf468b2eceb9e567ef47a97943f88d5e6094ba82983a4b
https://cdnjs.cloudflare.com/ajax/libs/highlight.js/11.11.1/styles/base16/brewer.min.css,0a4f1e05cd79751dd0cbd17843c0ce982ef9479770907a7de188e7f390dc986b
https://cdnjs.cloudflare.com/ajax/libs/highlight.js/11.11.1/styles/base16/bright.css,5b38ffacb636dbbcfd4a4f3e91f3d7734913beb81cb0bec61d8c2f45e065b9f7
https://cdnjs.cloudflare.com/ajax/libs/highlight.js/11.11.1/styles/base16/bright.min.css,cee7b1dcc84a05fb842d45dbd5a3963fc5c9af59cfb9302bb5e651cd5957b00a
https://cdnjs.cloudflare.com/ajax/libs/highlight.js/11.11.1/styles/base16/brogrammer.css,435b313d775ba6d8e106ee8bb23f4e18fcf528c403e07bf0f3ef575e4f8059b5
https://cdnjs.cloudflare.com/ajax/libs/highlight.js/11.11.1/styles/base16/brogrammer.min.css,87e7df460d8e0fc8a616b5fb750e66c19efaee5645f61491398c8e7f95889f5f
https://cdnjs.cloudflare.com/ajax/libs/highlight.js/11.11.1/styles/base16/brush-trees-dark.css,9b3937acf72040162f9082631b6ec7ec482a2481f4e121d79968f92de1ce9090
https://cdnjs.cloudflare.com/ajax/libs/highlight.js/11.11.1/styles/base16/brush-trees-dark.min.css,2b8d457e2b8900a0ac560ecf4978d19efaba83ffaef23c8571e8c93218505711
https://cdnjs.cloudflare.com/ajax/libs/highlight.js/11.11.1/styles/base16/brush-trees.css,3d18bc42aead6e935026b96af85298cb6413d1772cf2d83e87faddf2e3d79c52
https://cdnjs.cloudflare.com/ajax/libs/highlight.js/11.11.1/styles/base16/brush-trees.min.css,9e8fbe32dccee2e487dd0a0eab6f693de202afa2ed881f99393efc4be22a2b7f
https://cdnjs.cloudflare.com/ajax/libs/highlight.js/11.11.1/styles/base16/chalk.css,822efec99183c66fea5e18144fc568e3533d8ef64423dd6c2bff9bdbf49520d3
https://cdnjs.cloudflare.com/ajax/libs/highlight.js/11.11.1/styles/base16/chalk.min.css,e93b2bdf01a51ed228776d9740d8dc138da3dcf8823928693e359814f113fbad
https://cdnjs.cloudflare.com/ajax/libs/highlight.js/11.11.1/styles/base16/circus.css,c3faa3b7f8c9884f932a1fcd1f9a13b53ee8b0742ec40341d30edba403082a45
https://cdnjs.cloudflare.com/ajax/libs/highlight.js/11.11.1/styles/base16/circus.min.css,773e8ea4e2cbcc1d5db34d5b76fd7de8d73e75aaa5281ee716bdb24e4b862f66
https://cdnjs.cloudflare.com/ajax/libs/highlight.js/11.11.1/styles/base16/classic-dark.css,4440abe8ab2d1323fb38d59a1d9526badcc64eb05d55269398e5d4018fa7c163
https://cdnjs.cloudflare.com/ajax/libs/highlight.js/11.11.1/styles/base16/classic-dark.min.css,9dcb052583a8918c41afe147da755b257e19cb6811fa62d23837d1662600ceba
https://cdnjs.cloudflare.com/ajax/libs/highlight.js/11.11.1/styles/base16/classic-light.css,a8e8b8d5ddf4c84baec5c87517f745d95cac7269e5699ef9a5126413cd6341c6
https://cdnjs.cloudflare.com/ajax/libs/highlight.js/11.11.1/styles/base16/classic-light.min.css,89e411fe886dce70ecedfc089ebea396541882321ef9aec0b1a807c49b0dc1a7
https://cdnjs.cloudflare.com/ajax/libs/highlight.js/11.11.1/styles/base16/codeschool.css,6059379ab40d9f1d1c251e367f96fdc01b01ba1f88d837f5c8ee3cd97963ef8b
https://cdnjs.cloudflare.com/ajax/libs/highlight.js/11.11.1/styles/base16/codeschool.min.css,4a9b5cc52afc2570514a1c08380a02a6ca6e0d038ece2a9a927dabb8422222d6
https://cdnjs.cloudflare.com/ajax/libs/highlight.js/11.11.1/styles/base16/colors.css,396cd404820b4689689a9c58b508ca299906686b69930d47a176ece099af1bdc
https://cdnjs.cloudflare.com/ajax/libs/highlight.js/11.11.1/styles/base16/colors.min.css,5664578b291a96c97c8881c80d3f33969bbf47552a4e3305dadd15358303b4e4
https://cdnjs.cloudflare.com/ajax/libs/highlight.js/11.11.1/styles/base16/cupcake.css,d69bd0e7012df8e67dd2034f886f8b84e552e2a85f625abf920e1959b323fa14
https://cdnjs.cloudflare.com/ajax/libs/highlight.js/11.11.1/styles/base16/cupcake.min.css,a77a54e5d821032ac0f966b437da0950c5ed26dd613d4d711da739eb2ccbe525
https://cdnjs.cloudflare.com/ajax/libs/highlight.js/11.11.1/styles/base16/cupertino.css,68ab87ae70a7f2dd790ece3eb03386ebc0a4a4a7383beac2f97baf1ab98b044a
https://cdnjs.cloudflare.com/ajax/libs/highlight.js/11.11.1/styles/base16/cupertino.min.css,45b24da917db478347a587401c3f7cc12b42950bdc8401e42a715914cc1bb440
https://cdnjs.cloudflare.com/ajax/libs/highlight.js/11.11.1/styles/base16/danqing.css,099726f784631946ce3301165a3a1b3228c1837de821d468fe9969e361198b42
https://cdnjs.cloudflare.com/ajax/libs/highlight.js/11.11.1/styles/base16/danqing.min.css,cee813d40ee67c3c9c027fe32b1940839ba5a6cd9a7c1f23c05430fa04b7b7b5
https://cdnjs.cloudflare.com/ajax/libs/highlight.js/11.11.1/styles/base16/darcula.css,073c0be2addc343bee96738e5da78ca0d95762a5bdde20390416c533765bceb1
https://cdnjs.cloudflare.com/ajax/libs/highlight.js/11.11.1/styles/base16/darcula.min.css,a7016782d164a6683520ec36c5a5c1fc90226568f857ea0c00c7f9af7d916bce
https://cdnjs.cloudflare.com/ajax/libs/highlight.js/11.11.1/styles/base16/dark-violet.css,3cb2957d1764bd7f697874739616f4358c3a40f4af08c3d69ff838edfee816fd
https://cdnjs.cloudflare.com/ajax/libs/highlight.js/11.11.1/styles/base16/dark-violet.min.css,aeb670edf0e4a956bf9acd4817f265de04e049ee0954d48c75fdd31fd310d939
https://cdnjs.cloudflare.com/ajax/libs/highlight.js/11.11.1/styles/base16/darkmoss.css,150622ef8c14aabc047ca5c91a7398c6db2779cf042991040c6eb61e67b1f5bf
https://cdnjs.cloudflare.com/ajax/libs/highlight.js/11.11.1/styles/base16/darkmoss.min.css,80b059eef105bead5da3382cff672da69af414b17ef8d4cd08b058e14551fa01
https://cdnjs.cloudflare.com/ajax/libs/highlight.js/11.11.1/styles/base16/darktooth.css,820c2dd7a880fb11f7f1e7c9f44ea99aca24c7e07d04da867f8bd18c5fda256e
https://cdnjs.cloudflare.com/ajax/libs/highlight.js/11.11.1/styles/base16/darktooth.min.css,32d18bc50c695bdbffa06aaddd57ef5746a09d782a48a45959e714a6e3afc7c2
https://cdnjs.cloudflare.com/ajax/libs/highlight.js/11.11.1/styles/base16/decaf.css,920dfa8c62c9b073bd21d0d89e6b11763b880419f273a31c7816589458eecf54
https://cdnjs.cloudflare.com/ajax/libs/highlight.js/11.11.1/styles/base16/decaf.min.css,1044e299e02527b403a60c2421f7035033d1e42d0df557cdd578e901c3714d06
https://cdnjs.cloudflare.com/ajax/libs/highlight.js/11.11.1/styles/base16/default-dark.css,b0d832c754c1521e83065898f2cea75b3f3b60b6a0f915bf290b59071cdb3652
https://cdnjs.cloudflare.com/ajax/libs/highlight.js/11.11.1/styles/base16/default-dark.min.css,44b04d4a28b62f892134296b3360cd3d60361230fdec2cede273bdb727f1bd6c
https://cdnjs.cloudflare.com/ajax/libs/highlight.js/11.11.1/styles/base16/default-light.css,6ad33deabaa57024d2ffa82a9b79f4c665e725e8ae0e5ec94a9315ce6fa9b27b
https://cdnjs.cloudflare.com/ajax/libs/highlight.js/11.11.1/styles/base16/default-light.min.css,cec366ce16e89d95f93ae1059465b4d445335345583bb0d981476504b760e649
https://cdnjs.cloudflare.com/ajax/libs/highlight.js/11.11.1/styles/base16/dirtysea.css,5dedf22f6a141c03210a33b7f67f61060e561e4a054987cb0ca1650214b3d6f5
https://cdnjs.cloudflare.com/ajax/libs/highlight.js/11.11.1/styles/base16/dirtysea.min.css,9fa77bde98f9b9c6ce1506525e3d7547ee0cb3f497ca2c5be3324d7776762b72
https://cdnjs.cloudflare.com/ajax/libs/highlight.js/11.11.1/styles/base16/dracula.css,2470696cf696712eae5161f9e856d0bae55285deded99a647741dfc3dad840a2
https://cdnjs.cloudflare.com/ajax/libs/highlight.js/11.11.1/styles/base16/dracula.min.css,827b0595ff2e5ad9610b51b524de04cf32e729e4485101271f451005faa6e8f4
https://cdnjs.cloudflare.com/ajax/libs/highlight.js/11.11.1/styles/base16/edge-dark.css,488d255a2682ad3d559b864f0fd45a9042112bd50c9abcae0b8fbdc98ad9b40c
https://cdnjs.cloudflare.com/ajax/libs/highlight.js/11.11.1/styles/base16/edge-dark.min.css,3db91d562995c01496fd00528b06870074d0a5a6d379c15c678158f32540343e
https://cdnjs.cloudflare.com/ajax/libs/highlight.js/11.11.1/styles/base16/edge-light.css,1e26b8fd67af9255b2b3f15da4320211abbd2c354a6f509d4f58ce329b30dbb4
https://cdnjs.cloudflare.com/ajax/libs/highlight.js/11.11.1/styles/base16/edge-light.min.css,492827a50338d5ede69e0013a4d819f0e7e061ea8e51f7d8ed196bb35be27674
https://cdnjs.cloudflare.com/ajax/libs/highlight.js/11.11.1/styles/base16/eighties.css,3d5950789f7e4fc0a8ebd6a5aca7aa2eef18166a48115ff6d9620b2119335574
https://cdnjs.cloudflare.com/ajax/libs/highlight.js/11.11.1/styles/base16/eighties.min.css,f6b9bdd7f9555d45f261af1a3ed4f4eacbddb80ba697d56364dd895df9706de1
https://cdnjs.cloudflare.com/ajax/libs/highlight.js/11.11.1/styles/base16/embers.css,9c4682660abeff1d08fd6c0d8e30079e9787077bebfe08bf833f5f64fc079c12
https://cdnjs.cloudflare.com/ajax/libs/highlight.js/11.11.1/styles/base16/embers.min.css,9a62dbc19ee3818ffbed0d528dd055647c92838a38223a55bf8d946ceebead2a
https://cdnjs.cloudflare.com/ajax/libs/highlight.js/11.11.1/styles/base16/equilibrium-dark.css,30bce6674f225ff37622911feb602af0fb725437b029bca944444643cd19e712
https://cdnjs.cloudflare.com/ajax/libs/highlight.js/11.11.1/styles/base16/equilibrium-dark.min.css,fde6c48ab1e9b2e1145521dfdec8231b322dfe3deeb5f544422c87fa9040bb51
https://cdnjs.cloudflare.com/ajax/libs/highlight.js/11.11.1/styles/base16/equilibrium-gray-dark.css,8c989ce68d201e4e86d2bb5658015747468d4a6bf454d6eac0a6b85cb2f4aeaf
https://cdnjs.cloudflare.com/ajax/libs/highlight.js/11.11.1/styles/base16/equilibrium-gray-dark.min.css,be3a55169bb26f0b6c0e5af7d782a105ea2e9cf8f2a7a918ed2c76894a81c881
https://cdnjs.cloudflare.com/ajax/libs/highlight.js/11.11.1/styles/base16/equilibrium-gray-light.css,f2115f42fce4901739b3f0bf9d79016b4a78c7619540603385fd855e03eff080
https://cdnjs.cloudflare.com/ajax/libs/highlight.js/11.11.1/styles/base16/equilibrium-gray-light.min.css,8c39cdb7430ff48dd7adfdc8ba08d7ff3778a61f755509907543f620c535a2cf
https://cdnjs.cloudflare.com/ajax/libs/highlight.js/11.11.1/styles/base16/equilibrium-light.css,768279f95d5636fc0c05936806984c5004f403169a4414ebcfd5647654179aa3
https://cdnjs.cloudflare.com/ajax/libs/highlight.js/11.11.1/styles/base16/equilibrium-light.min.css,4d8157249d36906094dc6980d493f82a727f7589a9b51eb9084b3d18f5b3a9c9
https://cdnjs.cloudflare.com/ajax/libs/highlight.js/11.11.1/styles/base16/espresso.css,3e2a4431454e6623b87bec4de49621e78fec04d7c2fc85e071986be4ad660241
https://cdnjs.cloudflare.com/ajax/libs/highlight.js/11.11.1/styles/base16/espresso.min.css,e826270c7680507ba883c530e794b94d786f8fb95d08976150982a1e60a204c0
https://cdnjs.cloudflare.com/ajax/libs/highlight.js/11.11.1/styles/base16/eva-dim.css,5b9c5c152aac388e2529451b5435b8f64334d8ba77ddcb7384be8454f6c6f050
https://cdnjs.cloudflare.com/ajax/libs/highlight.js/11.11.1/styles/base16/eva-dim.min.css,4076e0e7bd7e1b50b82357a3afb0e9c9dc63a0aaf673679c68081359768a43d2
https://cdnjs.cloudflare.com/ajax/libs/highlight.js/11.11.1/styles/base16/eva.css,13280d1e07fe3afd4a6b136a304f13ac983ea1bb59ea328889bef87399e2eeda
https://cdnjs.cloudflare.com/ajax/libs/highlight.js/11.11.1/styles/base16/eva.min.css,9a30b17b35a69aab245016679822d232aef16a0eb4a0d7a76636831471548471
https://cdnjs.cloudflare.com/ajax/libs/highlight.js/11.11.1/styles/base16/flat.css,5d0eb8269d1a97c5d2d3caf4b58280a10211d6d57e2c7fee4e2326b837bf538c
https://cdnjs.cloudflare.com/ajax/libs/highlight.js/11.11.1/styles/base16/flat.min.css,f7180d2beedadb684e7ea682bd4a71320df892ec87538ef7d714ac5c66f77e15
https://cdnjs.cloudflare.com/ajax/libs/highlight.js/11.11.1/styles/base16/framer.css,ff699156c88292a3ceabd2ff042c9a1f810bc839ff610673fa9f778517502643
https://cdnjs.cloudflare.com/ajax/libs/highlight.js/11.11.1/styles/base16/framer.min.css,f5195bd5e34854bd2f1cddb93a2ff9fb90d489f574a08ad5ec8101a9ca3515b1
https://cdnjs.cloudflare.com/ajax/libs/highlight.js/11.11.1/styles/base16/fruit-soda.css,a184cb645d4125362c4b9ef5d1305504171e43d7ad3442858bed1a949332a40a
https://cdnjs.cloudflare.com/ajax/libs/highlight.js/11.11.1/styles/base16/fruit-soda.min.css,b4c86ac4a0396f74b1448633a3675204e51ce469dda0318c418ff2177200c744
https://cdnjs.cloudflare.com/ajax/libs/highlight.js/11.11.1/styles/base16/gigavolt.css,57a9fae4ce01aacd88b64175197bca7fdcd1d7022f671649f0e1638cc812a8df
https://cdnjs.cloudflare.com/ajax/libs/highlight.js/11.11.1/styles/base16/gigavolt.min.css,e5579a62f5f419e03c3a681646e00203160ccb6ace3c77f07608c0fd12e75146
https://cdnjs.cloudflare.com/ajax/libs/highlight.js/11.11.1/styles/base16/github.css,6c87c25275e7f2af5b434046d774e4b1d6a9ec636f7f6a315996b5fd938b65e2
https://cdnjs.cloudflare.com/ajax/libs/highlight.js/11.11.1/styles/base16/github.min.css,2c8b3658e02bbcbdde940ed71fa55b8d092101be5b6fb78aed52e335b452625d
https://cdnjs.cloudflare.com/ajax/libs/highlight.js/11.11.1/styles/base16/google-dark.css,f6767745bfc99bf565c19419cbb703a602953154a1f0c81f627557e332bb6632
https://cdnjs.cloudflare.com/ajax/libs/highlight.js/11.11.1/styles/base16/google-dark.min.css,68beaa4f27206fa161bc24a871bcb9a7d6a1417c7e0b66cd95d47ff254f00369
https://cdnjs.cloudflare.com/ajax/libs/highlight.js/11.11.1/styles/base16/google-light.css,699de8856e76e8a3229a5b4a7cf77e8af21f97c5506dfeb32a1855be086dc965
https://cdnjs.cloudflare.com/ajax/libs/highlight.js/11.11.1/styles/base16/google-light.min.css,740dd33326f5861da7151d486a60d01714a22f7816de3bb3b90d0249e009f7fc
https://cdnjs.cloudflare.com/ajax/libs/highlight.js/11.11.1/styles/base16/grayscale-dark.css,275be9543db2679fefc96ac7cd7401876d32a75d83c3688affe1bf43e078533d
https://cdnjs.cloudflare.com/ajax/libs/highlight.js/11.11.1/styles/base16/grayscale-dark.min.css,6e881cd9d631ff78d973bc34e210f186c812c93d7c68cd65bbd120823f1b9e06
https://cdnjs.cloudflare.com/ajax/libs/highlight.js/11.11.1/styles/base16/grayscale-light.css,86eafc9068618ac509b933013380f202b19081808cc68ee1534423b57c2c389e
https://cdnjs.cloudflare.com/ajax/libs/highlight.js/11.11.1/styles/base16/grayscale-light.min.css,743fb58ed6f9556e29b32d46c8d7a8929cfbd0bdf4e76ed95b9b82ba3bbd7acb
https://cdnjs.cloudflare.com/ajax/libs/highlight.js/11.11.1/styles/base16/green-screen.css,83d4e8ffe62cbc70b55eec67d87b95f5f6fc56d052f903fa791b34470f7e6bfb
https://cdnjs.cloudflare.com/ajax/libs/highlight.js/11.11.1/styles/base16/green-screen.min.css,afc141c3c01e8280f2b00db1298ab61f1e7a15f9d555ace187cbb5f6ecf751f4
https://cdnjs.cloudflare.com/ajax/libs/highlight.js/11.11.1/styles/base16/gruvbox-dark-hard.css,b9bb4e93ded131eb837e3521447534847c1fc042f366855a0a4cf7940f285234
https://cdnjs.cloudflare.com/ajax/libs/highlight.js/11.11.1/styles/base16/gruvbox-dark-hard.min.css,0460ddc81447a95addfe6bcc94f83373f04d7f0469ac4e0baa7a1df0ab46ad93
https://cdnjs.cloudflare.com/ajax/libs/highlight.js/11.11.1/styles/base16/gruvbox-dark-medium.css,807cc20f717395d36335bc0720ad7de3c176c73f1371df05d2284b596f84d669
https://cdnjs.cloudflare.com/ajax/libs/highlight.js/11.11.1/styles/base16/gruvbox-dark-medium.min.css,007f6c95f9a9e9148e589b9f654bde9413703bcc7bd1ddd6a02855ee1e082dbb
https://cdnjs.cloudflare.com/ajax/libs/highlight.js/11.11.1/styles/base16/gruvbox-dark-pale.css,d9424bf8afadb64cd3cf418806b8345e3b112f274601c1bca487c38d3c72109c
https://cdnjs.cloudflare.com/ajax/libs/highlight.js/11.11.1/styles/base16/gruvbox-dark-pale.min.css,d83f32b1e47260f14fa11017e199c42d740ac36ecc4f4d5002313d9b11d6db98
https://cdnjs.cloudflare.com/ajax/libs/highlight.js/11.11.1/styles/base16/gruvbox-dark-soft.css,851bb2f3b6f8b85f4d54355fd2c934ab49577fe5547a6a097886fca1f0e5ee1a
https://cdnjs.cloudflare.com/ajax/libs/highlight.js/11.11.1/styles/base16/gruvbox-dark-soft.min.css,0f8d9652fdac653d485237de6e262084f59eab1d27e7df00e70ccbf6e2c021a4
https://cdnjs.cloudflare.com/ajax/libs/highlight.js/11.11.1/styles/base16/gruvbox-light-hard.css,5d2ac1207476309e64cd184bafbb3a39617db9a8aebd82a9aaeb141e1ed9980f
https://cdnjs.cloudflare.com/ajax/libs/highlight.js/11.11.1/styles/base16/gruvbox-light-hard.min.css,6c54f264f4e5cf3b5f8c6eae9ce559bf478acb4bcb6c2ab2c413ede9024d7733
https://cdnjs.cloudflare.com/ajax/libs/highlight.js/11.11.1/styles/base16/gruvbox-light-medium.css,4f6b8a38ab2b086236a3f616102179a27cfbcc6075fd002ba99dc798318e66eb
https://cdnjs.cloudflare.com/ajax/libs/highlight.js/11.11.1/styles/base16/gruvbox-light-medium.min.css,c71a82079175866e1b50bf4226fb90594060bdfe70e48193fe1fbfc86f66b015
https://cdnjs.cloudflare.com/ajax/libs/highlight.js/11.11.1/styles/base16/gruvbox-light-soft.css,cb18e9f636e63960c8fcb6f8ecc5676340ed6f9ff3b102b9cf9a897d5eafb7a2
https://cdnjs.cloudflare.com/ajax/libs/highlight.js/11.11.1/styles/base16/gruvbox-light-soft.min.css,cc4fe8ea52609f650e49b80c1bb8c12ae186351726ad0e42c3358526e067472f
https://cdnjs.cloudflare.com/ajax/libs/highlight.js/11.11.1/styles/base16/hardcore.css,2d362a940d4e5975b6f30224045da3fd73bd3c5d4fdf14a6a9338e46b0158829
https://cdnjs.cloudflare.com/ajax/libs/highlight.js/11.11.1/styles/base16/hardcore.min.css,3382adf534086b16860b85b651f1c2c08fae2e0c421d19e9a9722602333e63d2
https://cdnjs.cloudflare.com/ajax/libs/highlight.js/11.11.1/styles/base16/harmonic16-dark.css,dbd290d1e86500c79d0cbf2ad23a54d06d2d834ff10cd2f09d9c38556e898c61
https://cdnjs.cloudflare.com/ajax/libs/highlight.js/11.11.1/styles/base16/harmonic16-dark.min.css,39ce3425148bee3905ed31a1e80819db007f8bf62cce5caa7797d25fe89d38fe
https://cdnjs.cloudflare.com/ajax/libs/highlight.js/11.11.1/styles/base16/harmonic16-light.css,55cdc58c74eb8bc853492f2fe47793792d2db3faf973fdeeb40f206584c905a9
https://cdnjs.cloudflare.com/ajax/libs/highlight.js/11.11.1/styles/base16/harmonic16-light.min.css,57781ecda63a8f3af7c7ffd13ff94d59f0ba5f03c70bb3be32ccd0ebc5286858
https://cdnjs.cloudflare.com/ajax/libs/highlight.js/11.11.1/styles/base16/heetch-dark.css,69407927ce62967f0d5773bcb20adf81bd6d2db8aec8502d70c687d45bfae0fe
https://cdnjs.cloudflare.com/ajax/libs/highlight.js/11.11.1/styles/base16/heetch-dark.min.css,ecaad6ee5ee948fbf69b36c0128100df1ef08575f97ee82b124a9e933c006f13
https://cdnjs.cloudflare.com/ajax/libs/highlight.js/11.11.1/styles/base16/heetch-light.css,fea65c84e9353585007b00886317cb3dc3a5f1d4a0861147365633543c571017
https://cdnjs.cloudflare.com/ajax/libs/highlight.js/11.11.1/styles/base16/heetch-light.min.css,5ec4608ae682fa06946d66e7d194978519d1184ee43e787938d86ce47235c735
https://cdnjs.cloudflare.com/ajax/libs/highlight.js/11.11.1/styles/base16/helios.css,b1eef27281b3da5c98476fa5899f2aa681313f5a2136baaabaf2bed64dbc5f0a
https://cdnjs.cloudflare.com/ajax/libs/highlight.js/11.11.1/styles/base16/helios.min.css,84d626c5dca395a544552a24b320b24c3c886440410300307b017232d0625539
https://cdnjs.cloudflare.com/ajax/libs/highlight.js/11.11.1/styles/base16/hopscotch.css,c65e84d86d272f724eeb45f2410d119a8aef6f5276bd0a33e63364b7524904fa
https://cdnjs.cloudflare.com/ajax/libs/highlight.js/11.11.1/styles/base16/hopscotch.min.css,72974e513e8e87d193d57181783513df4ec2058639b796b9b5f7af3e36e2bb00
https://cdnjs.cloudflare.com/ajax/libs/highlight.js/11.11.1/styles/base16/horizon-dark.css,a4189b0585b5bd3012a2942e307fddefb2e5f20c8c75e65c45553a9f0d08ae2e
https://cdnjs.cloudflare.com/ajax/libs/highlight.js/11.11.1/styles/base16/horizon-dark.min.css,edd3236fcaa85c7bc560abe53737039bfb163d6db01fcfe19398449656bfe1ec
https://cdnjs.cloudflare.com/ajax/libs/highlight.js/11.11.1/styles/base16/horizon-light.css,0245e8921fe12a9b26f96703d2c530edba85e609f44fba8825549b0761fbb532
https://cdnjs.cloudflare.com/ajax/libs/highlight.js/11.11.1/styles/base16/horizon-light.min.css,c598d41681274f66aa1a60f2e09cd4c60a2323e972c3515eba1d1dc6574e980f
https://cdnjs.cloudflare.com/ajax/libs/highlight.js/11.11.1/styles/base16/humanoid-dark.css,abeb0b4701b60305eb225ce829bf28abe01d6c6af0c085fb6332175921d568c3
https://cdnjs.cloudflare.com/ajax/libs/highlight.js/11.11.1/styles/base16/humanoid-dark.min.css,1cc9b7ad1b4fa9466812880cd22b63e058edc7aae0d4cc26941f58656bc028d0
https://cdnjs.cloudflare.com/ajax/libs/highlight.js/11.11.1/styles/base16/humanoid-light.css,4167709a24bfcc4c262e72c6b7ad16b5ed4a30c7bf7fe5876c5417164330c3b0
https://cdnjs.cloudflare.com/ajax/libs/highlight.js/11.11.1/styles/base16/humanoid-light.min.css,9f371110d3777ceee1a70e7572d2d50d3e400b8689a65a076050e7a761ad9c50
https://cdnjs.cloudflare.com/ajax/libs/highlight.js/11.11.1/styles/base16/ia-dark.css,695c03e4b2955991c62f9fb9ae8f4103f9de7d60ff1d1384fc27b747afc5a94a
https://cdnjs.cloudflare.com/ajax/libs/highlight.js/11.11.1/styles/base16/ia-dark.min.css,18cae20e7329422f08a4b93010a5caa28a7821eb47fd030b60b4dc5e0c6e3239
https://cdnjs.cloudflare.com/ajax/libs/highlight.js/11.11.1/styles/base16/ia-light.css,013d645f89eb690c6d54a1001b9ba20bad7cb42909eb09a31cd9b495efc9c826
https://cdnjs.cloudflare.com/ajax/libs/highlight.js/11.11.1/styles/base16/ia-light.min.css,e50f134339f8e0c69e5e143ec23e1816df49711c234c925008f0316f3f232d68
https://cdnjs.cloudflare.com/ajax/libs/highlight.js/11.11.1/styles/base16/icy-dark.css,376b2d7c357f43b9ef6adeada7b4276ff5d4b38eae7fa8386c21afa28ef38671
https://cdnjs.cloudflare.com/ajax/libs/highlight.js/11.11.1/styles/base16/icy-dark.min.css,901df481668351216892c0e23c07c96276fc30799134b8138c656ddd3282798f
https://cdnjs.cloudflare.com/ajax/libs/highlight.js/11.11.1/styles/base16/ir-black.css,4880aef3beec19edd4a4d59610d637b1ce96eeb4fea5ea90c8d06750cd95556d
https://cdnjs.cloudflare.com/ajax/libs/highlight.js/11.11.1/styles/base16/ir-black.min.css,6504a13aacb7f845134207fda481ccfc272c19dd50295edf3b4bcb358bb66a89
https://cdnjs.cloudflare.com/ajax/libs/highlight.js/11.11.1/styles/base16/isotope.css,34f213f5d8ecb3f61b543fc758022b3c4526f666e78275f7afb42798a4fccd6d
https://cdnjs.cloudflare.com/ajax/libs/highlight.js/11.11.1/styles/base16/isotope.min.css,4d6702bcce280db3cb498f2ee1ef8de4ae2dda0f0f30f9375c3feea87499745e
https://cdnjs.cloudflare.com/ajax/libs/highlight.js/11.11.1/styles/base16/kimber.css,3f7bf1dface1b745551478c866745c4770e917514bae8a629aa634e05bb97537
https://cdnjs.cloudflare.com/ajax/libs/highlight.js/11.11.1/styles/base16/kimber.min.css,349825af461521fba2afeb347e084ae544a0dbaf33fd2b29264c3055336ebbb7
https://cdnjs.cloudflare.com/ajax/libs/highlight.js/11.11.1/styles/base16/london-tube.css,b4262411146a741f4ddda8c464ac95afd1327ceaf17ea1d7829bcb1cea56c1f0
https://cdnjs.cloudflare.com/ajax/libs/highlight.js/11.11.1/styles/base16/london-tube.min.css,6e493eacc2266a5a77646808da33a80896c8a130183fbaafce9ab5811bdce37a
https://cdnjs.cloudflare.com/ajax/libs/highlight.js/11.11.1/styles/base16/macintosh.css,cd5ff309d6c4f3d02c8efb0dfdc8831777f06216e92e1dc8a8e1c9a24a0b22d8
https://cdnjs.cloudflare.com/ajax/libs/highlight.js/11.11.1/styles/base16/macintosh.min.css,4fb92fa6864c1eb5ec4b19d139647f72360a2ceaf898598f88837143928ab5bc
https://cdnjs.cloudflare.com/ajax/libs/highlight.js/11.11.1/styles/base16/marrakesh.css,d029de15721a49fe7cdefd9ceb4389c514ccec00a82f03962848caffe591d88c
https://cdnjs.cloudflare.com/ajax/libs/highlight.js/11.11.1/styles/base16/marrakesh.min.css,3f8e5fa7a63660eaa289a0312ba0d90d5c069548923f86784dc4b3f33e9ff485
https://cdnjs.cloudflare.com/ajax/libs/highlight.js/11.11.1/styles/base16/materia.css,51b2c6b4a9b9141839d7affe596c0e5e4e16581746f582a1e4f3d256c930bfd1
https://cdnjs.cloudflare.com/ajax/libs/highlight.js/11.11.1/styles/base16/materia.min.css,e7bf46b533349f719a0712168eb0fe308eb2dd9c253920c9125400c8ed24307b
https://cdnjs.cloudflare.com/ajax/libs/highlight.js/11.11.1/styles/base16/material-darker.css,cb6c4e39b1099c2e122a2204303b54fc85a5aaf5c0bd32239cc945b61f258268
https://cdnjs.cloudflare.com/ajax/libs/highlight.js/11.11.1/styles/base16/material-darker.min.css,b463747fa9a879667ef45b3dc094c7a55e2270cc3aed072e1b1739daa2a4cc43
https://cdnjs.cloudflare.com/ajax/libs/highlight.js/11.11.1/styles/base16/material-lighter.css,9957e00ad46b6bbaddb97b76624119d5cf06a4de2d9f150a06785b2b1bd498c7
https://cdnjs.cloudflare.com/ajax/libs/highlight.js/11.11.1/styles/base16/material-lighter.min.css,7c0ae4854a8e2af77b55efec026da73a975c012395672ec63f02d02b6649fa8e
https://cdnjs.cloudflare.com/ajax/libs/highlight.js/11.11.1/styles/base16/material-palenight.css,935759de43235ff0bf9e8f608523864e57089590c878d8086ae4792467108fa0
https://cdnjs.cloudflare.com/ajax/libs/highlight.js/11.11.1/styles/base16/material-palenight.min.css,2eea308ea43efdf000c2a0b12c380822e82604940deb63178e043f9bf813d553
https://cdnjs.cloudflare.com/ajax/libs/highlight.js/11.11.1/styles/base16/material-vivid.css,e43e0c9982432764d3c47551a3adbb7505bdc792771bf519f1107313a1db81a5
https://cdnjs.cloudflare.com/ajax/libs/highlight.js/11.11.1/styles/base16/material-vivid.min.css,3ea4edcc429f288c52ff80e270f6c8794c4ec900e97f27d9f288c287c91d08b5
https://cdnjs.cloudflare.com/ajax/libs/highlight.js/11.11.1/styles/base16/material.css,77ed4af2607dddcbe4b80f882ddd08473755493550a3fec18339511cac7b6653
https://cdnjs.cloudflare.com/ajax/libs/highlight.js/11.11.1/styles/base16/material.min.css,2a0d435eeb694b183259231f0246660872f8881866dd46b33502849472577f06
https://cdnjs.cloudflare.com/ajax/libs/highlight.js/11.11.1/styles/base16/mellow-purple.css,f5771a6ba85ecdb6713ec77cc087702828d6ffaf1f9af7bda5efb3080102cf0e
https://cdnjs.cloudflare.com/ajax/libs/highlight.js/11.11.1/styles/base16/mellow-purple.min.css,9d0a85a2d04ddef48566270fd378c5f98a2f7de5e903e44158c36fbe89283410
https://cdnjs.cloudflare.com/ajax/libs/highlight.js/11.11.1/styles/base16/mexico-light.css,35deeef37e43035007811cd3b282052db7b9478a5acbb9069e7deb0e9dc5a33a
https://cdnjs.cloudflare.com/ajax/libs/highlight.js/11.11.1/styles/base16/mexico-light.min.css,b2c4921811c373a11f4393a0cca06a5535473cab315ccbf542a5c3e6050447d7
https://cdnjs.cloudflare.com/ajax/libs/highlight.js/11.11.1/styles/base16/mocha.css,37855048aa2781958d9b6f1e2d7c74bf25d2fbcde00e772dd0c96558a2bf815b
https://cdnjs.cloudflare.com/ajax/libs/highlight.js/11.11.1/styles/base16/mocha.min.css,14ccc73d7a8d91ea209cf391e5f717316e7d785c875bafa538e163c1ed71f276
https://cdnjs.cloudflare.com/ajax/libs/highlight.js/11.11.1/styles/base16/monokai.css,b2dd721a554f118a5e5bd9efef2d8276ebb2713753b35598a37b7a059d657194
https://cdnjs.cloudflare.com/ajax/libs/highlight.js/11.11.1/styles/base16/monokai.min.css,56ea05d6e36969ee2b9378ff6f4d19bf746a32e174a3d8ef159a7179e60f973d
https://cdnjs.cloudflare.com/ajax/libs/highlight.js/11.11.1/styles/base16/nebula.css,28e00a31bdfc649845a60d9eca95687e02a9f51ac8ab12a3955f810aa2366f70
https://cdnjs.cloudflare.com/ajax/libs/highlight.js/11.11.1/styles/base16/nebula.min.css,511776581c58d550f14eefba3ddca43426d95986d364b8723b54b92452efbcb0
https://cdnjs.cloudflare.com/ajax/libs/highlight.js/11.11.1/styles/base16/nord.css,126a3f305ca3b09d7b16ad8a52693f3639f6af885ec67ac88eae9c129fd15f45
https://cdnjs.cloudflare.com/ajax/libs/highlight.js/11.11.1/styles/base16/nord.min.css,c573a1b169aae6c602d8d875de5164d133e209c016d7a12ee0e4d050fa1f9379
https://cdnjs.cloudflare.com/ajax/libs/highlight.js/11.11.1/styles/base16/nova.css,7d521b0178abf1355aab8ab9080f0e1851d3ce7e33a60a485f7c03ca6b378009
https://cdnjs.cloudflare.com/ajax/libs/highlight.js/11.11.1/styles/base16/nova.min.css,6de6fc451086d3b925b5b689ebf527a056f6404a0f7e5c84a468def22f617076
https://cdnjs.cloudflare.com/ajax/libs/highlight.js/11.11.1/styles/base16/ocean.css,c772b4ec239295cf0a61572f3deeb7bd595e0df2eb3eb72c1bb8e52206278a21
https://cdnjs.cloudflare.com/ajax/libs/highlight.js/11.11.1/styles/base16/ocean.min.css,c1df183600dbf29c10d5aa236b0c339b3e93fe3a0f75d34bb59a8fa93a50573f
https://cdnjs.cloudflare.com/ajax/libs/highlight.js/11.11.1/styles/base16/oceanicnext.css,e277bbbe065fe7f82f4a4db98d7957e8b9f62bb687d7054a3039144bafae4d9e
https://cdnjs.cloudflare.com/ajax/libs/highlight.js/11.11.1/styles/base16/oceanicnext.min.css,4c6f8e8be6d65071d9c9a3c098cd5f4c81e5afa4fec1cc729608227991e6960b
https://cdnjs.cloudflare.com/ajax/libs/highlight.js/11.11.1/styles/base16/one-light.css,96034c0cc936c9683c70f500cb9ffd650724aa6648a247135b8ba461e187755e
https://cdnjs.cloudflare.com/ajax/libs/highlight.js/11.11.1/styles/base16/one-light.min.css,2322c78687f3f9191c38f27092011a74a4757ea0cb1254ce71cda5161d4b07a9
https://cdnjs.cloudflare.com/ajax/libs/highlight.js/11.11.1/styles/base16/onedark.css,188b02c57dc8a714dafabaae4f6fce71c04fdbd31ef89426071bc1b34cf9d96a
https://cdnjs.cloudflare.com/ajax/libs/highlight.js/11.11.1/styles/base16/onedark.min.css,bdf97c1db3a426fbc52706a40851419b8728c187916e2bbb977ef0e4371fdf99
https://cdnjs.cloudflare.com/ajax/libs/highlight.js/11.11.1/styles/base16/outrun-dark.css,d7ecd79be1fddc2a5a396d91aec136236a35a2fcc28463bd9a7aa17119e4ed0b
https://cdnjs.cloudflare.com/ajax/libs/highlight.js/11.11.1/styles/base16/outrun-dark.min.css,30c1450f2c02b62f1e7127d4b5c2dff8217bf46eb5a742f05d8925705bdedbec
https://cdnjs.cloudflare.com/ajax/libs/highlight.js/11.11.1/styles/base16/papercolor-dark.css,fb0714ec16d2a10dbc56d40175a87b17622c1390851005af989d4678030804a6
https://cdnjs.cloudflare.com/ajax/libs/highlight.js/11.11.1/styles/base16/papercolor-dark.min.css,2454f2b871d5c111e4a90fdae24ef100e2afe169f4b89a2cdd679ee73ef18a83
https://cdnjs.cloudflare.com/ajax/libs/highlight.js/11.11.1/styles/base16/papercolor-light.css,3b90fc37898a0d106862072375de0ac8d22e9a286e7ea0c23f13dc1f4fdfd31f
https://cdnjs.cloudflare.com/ajax/libs/highlight.js/11.11.1/styles/base16/papercolor-light.min.css,eeb1dae3cb38e5e8f4e45ee513840885086fa7ead6dd5f4d8d1d01924a0c7d3e
https://cdnjs.cloudflare.com/ajax/libs/highlight.js/11.11.1/styles/base16/paraiso.css,d3a52372e3e88fac573121f578d01445def64252c93c3063f1cdd08fd14a9573
https://cdnjs.cloudflare.com/ajax/libs/highlight.js/11.11.1/styles/base16/paraiso.min.css,2eb4256ec757cd93814ebe927974e09820b3b942517b3e5cec27a40cba131420
https://cdnjs.cloudflare.com/ajax/libs/highlight.js/11.11.1/styles/base16/pasque.css,93ab62a704f2f9438ccc6610f7adc7fcd9400b0a85de7377c184c78545de9c31
https://cdnjs.cloudflare.com/ajax/libs/highlight.js/11.11.1/styles/base16/pasque.min.css,22e4c3604151ed1c58e83f182298144efd03aa43b62fef5e1fcfa1b76ca45982
https://cdnjs.cloudflare.com/ajax/libs/highlight.js/11.11.1/styles/base16/phd.css,377ed9a24b6a9c095c295bfaa0a29b1b73ff21c87577ab344b8cb5f0ed6ec5de
https://cdnjs.cloudflare.com/ajax/libs/highlight.js/11.11.1/styles/base16/phd.min.css,be322d6f4f5c1945f08ec7aab58e53c9d97e4ddd3d44d2997b64b4fe2e59d3f7
https://cdnjs.cloudflare.com/ajax/libs/highlight.js/11.11.1/styles/base16/pico.css,14a94c01198898aa6404805a9c8f1930b83d469b3246929f271e2165cae412dc
https://cdnjs.cloudflare.com/ajax/libs/highlight.js/11.11.1/styles/base16/pico.min.css,a9500a6ecd7e469a80553c35bee833ed6a8509b7b9b570d5b3253a894aee0e12
https://cdnjs.cloudflare.com/ajax/libs/highlight.js/11.11.1/styles/base16/pop.css,ae4bcfc00baf9e643a6605b2977ce03f171b02119194ab46abd7c74022957de9
https://cdnjs.cloudflare.com/ajax/libs/highlight.js/11.11.1/styles/base16/pop.min.css,30626733a35878d061f248a08f06cdb07079e8f978d42e58b5beedd6d15d64f2
https://cdnjs.cloudflare.com/ajax/libs/highlight.js/11.11.1/styles/base16/porple.css,7612d34664cc0d4d3c8dc6e9fe5044b893f81c72e209a5e93f26d0e1c15c26d9
https://cdnjs.cloudflare.com/ajax/libs/highlight.js/11.11.1/styles/base16/porple.min.css,b41fa0d5be928ac9a2c1b6c21cf849221b26e132b94e2063db9c8a2f54e5c25a
https://cdnjs.cloudflare.com/ajax/libs/highlight.js/11.11.1/styles/base16/qualia.css,857b86f725f985e6d5a9f9cd177b5ebe7ab6396db7aa5309b9245519ec1f1a81
https://cdnjs.cloudflare.com/ajax/libs/highlight.js/11.11.1/styles/base16/qualia.min.css,072f2b1af2566a554be7651441a4c84ff7438b19b8769a1aa0f00ebc967ab1e6
https://cdnjs.cloudflare.com/ajax/libs/highlight.js/11.11.1/styles/base16/railscasts.css,752ce08dd37b5e70b1bf75ed913af09faccfa93410ed16ef10010c1543dfb84b
https://cdnjs.cloudflare.com/ajax/libs/highlight.js/11.11.1/styles/base16/railscasts.min.css,9cc7f43b16a3dec6098b0182b1fa8da469c16dca1f9f393ecf3df14f1b5d2c44
https://cdnjs.cloudflare.com/ajax/libs/highlight.js/11.11.1/styles/base16/rebecca.css,2108d0880301d02b71b4459bff532bfb68ca90875d616faf902ae7b074bfb30b
https://cdnjs.cloudflare.com/ajax/libs/highlight.js/11.11.1/styles/base16/rebecca.min.css,e23e266c29319b1430c029d910185124e7d574183ab730f81718f267b177dcb1
https://cdnjs.cloudflare.com/ajax/libs/highlight.js/11.11.1/styles/base16/ros-pine-dawn.css,c731112e74fa364391beb1e897d7dce433309d411fe136558141703382a6c855
https://cdnjs.cloudflare.com/ajax/libs/highlight.js/11.11.1/styles/base16/ros-pine-dawn.min.css,a6879c4cc8aa744e648eb3c8b847ffa1521ec95aa1e416b084ea6d3743432f70
https://cdnjs.cloudflare.com/ajax/libs/highlight.js/11.11.1/styles/base16/ros-pine-moon.css,e1daacfd1e7c520be785f83426b430ed339f9a020dc1bb40782d1f88e82bc157
https://cdnjs.cloudflare.com/ajax/libs/highlight.js/11.11.1/styles/base16/ros-pine-moon.min.css,8329cda598cc795854387fc41e5283644b7282d226f11791abb6041717218e53
https://cdnjs.cloudflare.com/ajax/libs/highlight.js/11.11.1/styles/base16/ros-pine.css,6fac2fc8d11fe773a9ad7d9ae337bceb1bb50cfe86d455fbe287d2a1a46c3f0f
https://cdnjs.cloudflare.com/ajax/libs/highlight.js/11.11.1/styles/base16/ros-pine.min.css,3fa6c22917299962944bcdfa2402a09c32df4bd2ed1f4e65f746b7c18835dc27
https://cdnjs.cloudflare.com/ajax/libs/highlight.js/11.11.1/styles/base16/sagelight.css,d59b01a06dd3daa97a88c31966b1f0a188695c972a6851a7c1fc71c2c01aae66
https://cdnjs.cloudflare.com/ajax/libs/highlight.js/11.11.1/styles/base16/sagelight.min.css,0f9a8980c150b31cad0469149160057b8a9e40dca761d7ae0fc82c95dda5c231
https://cdnjs.cloudflare.com/ajax/libs/highlight.js/11.11.1/styles/base16/sandcastle.css,42627a78d65a8315fe745a72b48b895b5aaa778e44e3da0af460451beb972910
https://cdnjs.cloudflare.com/ajax/libs/highlight.js/11.11.1/styles/base16/sandcastle.min.css,fc84f593a56febec9b38acb80c791982902296289cfacd08a1ab8126950c00d4
https://cdnjs.cloudflare.com/ajax/libs/highlight.js/11.11.1/styles/base16/seti-ui.css,edcff5524a5b2cdfe8fc58bb7a4d218719294d8d6a118e06fea891eeff6c1b2c
https://cdnjs.cloudflare.com/ajax/libs/highlight.js/11.11.1/styles/base16/seti-ui.min.css,8590258d49ba2d16d4000bb6533149e4f5a1d5d3a737c1a14ffc8afc825bc940
https://cdnjs.cloudflare.com/ajax/libs/highlight.js/11.11.1/styles/base16/shapeshifter.css,9fdefe233ad54b73798b8af0d05ee0e0c357a08a3daf083bf28e4177f7357586
https://cdnjs.cloudflare.com/ajax/libs/highlight.js/11.11.1/styles/base16/shapeshifter.min.css,54bb7e2cb4b5f7bc00e75c34a53b783930a687275fcd5b9e4d60cda4473064cd
https://cdnjs.cloudflare.com/ajax/libs/highlight.js/11.11.1/styles/base16/silk-dark.css,1914e95c238d7df39be9c18f524b96b2a7ecc4efae90ecc2d0a6066133886f98
https://cdnjs.cloudflare.com/ajax/libs/highlight.js/11.11.1/styles/base16/silk-dark.min.css,625748fd816cd673f03c4756bfc63c20b37212e17dbccc859454de18f3195735
https://cdnjs.cloudflare.com/ajax/libs/highlight.js/11.11.1/styles/base16/silk-light.css,4d0c42b76e939a962971d4a2f92dc6360d3a0eeab8538c4e0e5ca9c73a1f320b
https://cdnjs.cloudflare.com/ajax/libs/highlight.js/11.11.1/styles/base16/silk-light.min.css,f7cbd191f1c0f73d6030ea63b81204862511c92738dce6ce374e2dad76f14a47
https://cdnjs.cloudflare.com/ajax/libs/highlight.js/11.11.1/styles/base16/snazzy.css,e11b191718dc78645a0899dc604062f3638a3b80f06677afde5db725b112d37b
https://cdnjs.cloudflare.com/ajax/libs/highlight.js/11.11.1/styles/base16/snazzy.min.css,e138e9e3dd33f1ff050fe1ccce69263513bd85e178a174cfacdc87da28a1b4d7
https://cdnjs.cloudflare.com/ajax/libs/highlight.js/11.11.1/styles/base16/solar-flare-light.css,ff3fd8d866903cb4d9539e6fbfabd03254a138386d45f7ac9a3801fe2d37c6a3
https://cdnjs.cloudflare.com/ajax/libs/highlight.js/11.11.1/styles/base16/solar-flare-light.min.css,04c79059698dba133d6e0def513a60e6f71a4f6492552b3279481cf326513b8d
https://cdnjs.cloudflare.com/ajax/libs/highlight.js/11.11.1/styles/base16/solar-flare.css,5c9b46903805e9a3eac4cf3b3bc122fce0ff7422406654970daf012fddcacb26
https://cdnjs.cloudflare.com/ajax/libs/highlight.js/11.11.1/styles/base16/solar-flare.min.css,0a71658d0cbe4b4479e707655103cd1d936663fa1cb2a51cf1f6035b66e801a5
https://cdnjs.cloudflare.com/ajax/libs/highlight.js/11.11.1/styles/base16/solarized-dark.css,3fb3aeabfcc22edfa52a8879789fd9e40460168a7196c5400caaf9770f30d248
https://cdnjs.cloudflare.com/ajax/libs/highlight.js/11.11.1/styles/base16/solarized-dark.min.css,04b57f0ad5f80cd85293bf5425fe354c898622c06c8f62d6c185079ba20ac802
https://cdnjs.cloudflare.com/ajax/libs/highlight.js/11.11.1/styles/base16/solarized-light.css,db3cd9132d98de15b94f6227b83bd4ca5a80e377ce552b3a7121a640579827ff
https://cdnjs.cloudflare.com/ajax/libs/highlight.js/11.11.1/styles/base16/solarized-light.min.css,226f93ad5a7e7506c14b5f233f141100f1cbbbb1227bf337ed5c7ca78e25275b
https://cdnjs.cloudflare.com/ajax/libs/highlight.js/11.11.1/styles/base16/spacemacs.css,d2ec80cb8f0431709104b9e5bfad4e61da56183e59f523ddc9f7d9ac634108ac
https://cdnjs.cloudflare.com/ajax/libs/highlight.js/11.11.1/styles/base16/spacemacs.min.css,5676d27507cb91416f956aea0526310e467ac212cbc49ac74ee934f76961ac7d
https://cdnjs.cloudflare.com/ajax/libs/highlight.js/11.11.1/styles/base16/summercamp.css,bdff43cec6261c9e4a33099c1edbd2db6c5ca84e9071c528944f5cce79847b0b
https://cdnjs.cloudflare.com/ajax/libs/highlight.js/11.11.1/styles/base16/summercamp.min.css,bed70fb5fb5187104dbdc3bc0304b6b1ec6d059b5af92877d2964ea5f9ec1fed
https://cdnjs.cloudflare.com/ajax/libs/highlight.js/11.11.1/styles/base16/summerfruit-dark.css,d624ade21a337f7a0d298b4e237db5f0bd5492cf6f4e9e01981ae5f11e39c0fd
https://cdnjs.cloudflare.com/ajax/libs/highlight.js/11.11.1/styles/base16/summerfruit-dark.min.css,86cccb8bfe164a3a5a3ca49e8e77cb72d46709aa88739d08b8a67f40677fd360
https://cdnjs.cloudflare.com/ajax/libs/highlight.js/11.11.1/styles/base16/summerfruit-light.css,a2b8509b8c88fd90868bb98be7b6d59bf4a88d8e54bd64d06fa5bef9d546871c
https://cdnjs.cloudflare.com/ajax/libs/highlight.js/11.11.1/styles/base16/summerfruit-light.min.css,93f3930e517d3789dc98b2333011efed68010e9b8e6bff562ad76a7e3046d3c4
https://cdnjs.cloudflare.com/ajax/libs/highlight.js/11.11.1/styles/base16/synth-midnight-terminal-dark.css,a0ad2f836d167ec6b890f84318ec9ca9b7edddc2f3b58d427ed5bf92ac91ce23
https://cdnjs.cloudflare.com/ajax/libs/highlight.js/11.11.1/styles/base16/synth-midnight-terminal-dark.min.css,3b1dd2e55495a8c9ec5f3c006dbfe7b150b00edf5838bd4617e67022a0bbb3d9
https://cdnjs.cloudflare.com/ajax/libs/highlight.js/11.11.1/styles/base16/synth-midnight-terminal-light.css,94470a318278e0fe42b906b4c1cb68ee526253dd6bbf9ac526c46cd603d9d49d
https://cdnjs.cloudflare.com/ajax/libs/highlight.js/11.11.1/styles/base16/synth-midnight-terminal-light.min.css,441688ebf602061ab775465c11e358520d9d68c0a387f35c618c71d0e1f36944
https://cdnjs.cloudflare.com/ajax/libs/highlight.js/11.11.1/styles/base16/tango.css,5d1339e4ddf83106cb2617161a6c153ab461a903cff88c58f4f99a737fee6223
https://cdnjs.cloudflare.com/ajax/libs/highlight.js/11.11.1/styles/base16/tango.min.css,b5e4bba15f85d94984055b02d9a65276c196ae340ba21690812298fd3f3c2abc
https://cdnjs.cloudflare.com/ajax/libs/highlight.js/11.11.1/styles/base16/tender.css,22b3fea51f53304187d241b59ac2de5d1986531004a3b9313434513a93eb08c4
https://cdnjs.cloudflare.com/ajax/libs/highlight.js/11.11.1/styles/base16/tender.min.css,8fa66243abeb5ac5dfa434ae5d0b3baccf68a7ea64d7b764a62c2b1ea5c1877e
https://cdnjs.cloudflare.com/ajax/libs/highlight.js/11.11.1/styles/base16/tomorrow-night.css,f23bb15b5de30b7fb119ea55bf6c69dee09b1de5aae2767f670955914466f877
https://cdnjs.cloudflare.com/ajax/libs/highlight.js/11.11.1/styles/base16/tomorrow-night.min.css,89b1a719fe093c454ae4075f700cd96a814383e2b6a8b3b5dfa43ba8aa33348d
https://cdnjs.cloudflare.com/ajax/libs/highlight.js/11.11.1/styles/base16/tomorrow.css,f22ad661dee7756eb2dd3799b258c43f6d2ba321c863e4bbca265ad72ee17428
https://cdnjs.cloudflare.com/ajax/libs/highlight.js/11.11.1/styles/base16/tomorrow.min.css,fec4092559af5e2640f6d81f4488830f3117959acbe8fefb9b6ff8b2df3e4df1
https://cdnjs.cloudflare.com/ajax/libs/highlight.js/11.11.1/styles/base16/twilight.css,f33f6a866e8f75cf2bfd8e2e799854c062b1571884320416378543ae37730a07
https://cdnjs.cloudflare.com/ajax/libs/highlight.js/11.11.1/styles/base16/twilight.min.css,c5dd8cd1e41e0a751d9687d0e9cc7607e13ef0b9b6505c5c0cb4c00f312729a9
https://cdnjs.cloudflare.com/ajax/libs/highlight.js/11.11.1/styles/base16/unikitty-dark.css,b831959838923734835afcac1e22d8b56a8bafed9a5423ca322c7206bd3949f5
https://cdnjs.cloudflare.com/ajax/libs/highlight.js/11.11.1/styles/base16/unikitty-dark.min.css,dde5c80e351ec5db9c824c4dd2edfd0d1dea283786426560cfdde1e4423d3b29
https://cdnjs.cloudflare.com/ajax/libs/highlight.js/11.11.1/styles/base16/unikitty-light.css,629aba052c3514d1bdf7eb3bfbe28fbec358dd8cd6488f046ffd7d88d17871c6
https://cdnjs.cloudflare.com/ajax/libs/highlight.js/11.11.1/styles/base16/unikitty-light.min.css,6da31f59b997c62098ba4ca1f482e41ad279402942c9daf068b26a002b0ccfe1
https://cdnjs.cloudflare.com/ajax/libs/highlight.js/11.11.1/styles/base16/vulcan.css,6d0c6f2eb71d4a1162aa8619b0ebbcf6a39967a0e3817e1282767a8b893c5b52
https://cdnjs.cloudflare.com/ajax/libs/highlight.js/11.11.1/styles/base16/vulcan.min.css,66b3494b20b68d5cc7e47cbbde8f6d38ae22585a94ba8fbd68a6ec0e36bfbb28
https://cdnjs.cloudflare.com/ajax/libs/highlight.js/11.11.1/styles/base16/windows-10-light.css,b10e1d26a0d0ac3a6994bff0edfd16342e80eede7772785d7c5347fda062d611
https://cdnjs.cloudflare.com/ajax/libs/highlight.js/11.11.1/styles/base16/windows-10-light.min.css,856a48597b704fc6bbd496749dccff553d9c7dcc119c2cfc96a5ab1adb08ae4a
https://cdnjs.cloudflare.com/ajax/libs/highlight.js/11.11.1/styles/base16/windows-10.css,58ba7f33095516b15bfd6cf19da6b429ffd074ae28eb1f7233453ecf7671231b
https://cdnjs.cloudflare.com/ajax/libs/highlight.js/11.11.1/styles/base16/windows-10.min.css,efb1975448f85efde804e7d3dc141f7c6429afbbd665be4a7f697db8b8918507
https://cdnjs.cloudflare.com/ajax/libs/highlight.js/11.11.1/styles/base16/windows-95-light.css,614b0a170f3c5b17301e1d0ca1d0bcda0e1a082fee42f06d6757c147e46fcb4e
https://cdnjs.cloudflare.com/ajax/libs/highlight.js/11.11.1/styles/base16/windows-95-light.min.css,696bf3c49830e674e857f82136100dfb22eb415beb079b6fa6988328e7775baf
https://cdnjs.cloudflare.com/ajax/libs/highlight.js/11.11.1/styles/base16/windows-95.css,0d10efa381998f3830fde60779b0a588e7be3e76105e04aa78af852f96cffb8a
https://cdnjs.cloudflare.com/ajax/libs/highlight.js/11.11.1/styles/base16/windows-95.min.css,fd18441ef1103610a38a556d7f2ccdd1aef07f9d397c5509bda195ac976de194
https://cdnjs.cloudflare.com/ajax/libs/highlight.js/11.11.1/styles/base16/windows-high-contrast-light.css,cd45b50daaf11a5669dae0b9c873d6b11ea52f7dfd9870dcf75c5916ea9caf34
https://cdnjs.cloudflare.com/ajax/libs/highlight.js/11.11.1/styles/base16/windows-high-contrast-light.min.css,e921f8f378f7072c8471c551eb2d397ad17477aec8c8a66b8e07e7d52cf6e6ab
https://cdnjs.cloudflare.com/ajax/libs/highlight.js/11.11.1/styles/base16/windows-high-contrast.css,9e0dca7bab928053df6b83b8a7db0581f47311a1d965a36e30de5a9c8a659010
https://cdnjs.cloudflare.com/ajax/libs/highlight.js/11.11.1/styles/base16/windows-high-contrast.min.css,20730935de999aad0210eb26c64a6f73f74311084567f78a1931237f7bf76b25
https://cdnjs.cloudflare.com/ajax/libs/highlight.js/11.11.1/styles/base16/windows-nt-light.css,8087a62d5144396f4a4cf8543933d6b68cdf939c9278a15e24b0632ddd655aa7
https://cdnjs.cloudflare.com/ajax/libs/highlight.js/11.11.1/styles/base16/windows-nt-light.min.css,65df49c303adcbedee70ec5d9242a3af8a3a705eca3157f1ccb58ad6c9847f72
https://cdnjs.cloudflare.com/ajax/libs/highlight.js/11.11.1/styles/base16/windows-nt.css,25705e293281818875caaf65b9b3e7d6339a586e4f8efc14e26105a562cc9970
https://cdnjs.cloudflare.com/ajax/libs/highlight.js/11.11.1/styles/base16/windows-nt.min.css,60b7f8b1454384586654471430411a7b732d1fa5c21f904cc90d1b931e2a2b3e
https://cdnjs.cloudflare.com/ajax/libs/highlight.js/11.11.1/styles/base16/woodland.css,5c2b2130b5cbcb0ef2a45eb470fb3ce3c343e7ae4f3d953cd404880152e15512
https://cdnjs.cloudflare.com/ajax/libs/highlight.js/11.11.1/styles/base16/woodland.min.css,a9f68e997ec61af8b85d2cfe0c423a4473b6ebaa8b9995ad64a45389dd984e41
https://cdnjs.cloudflare.com/ajax/libs/highlight.js/11.11.1/styles/base16/xcode-dusk.css,6029452ade2387b8e4b24a654caaca1aaa448f79bf4ca4b5429271de14d7b3e7
https://cdnjs.cloudflare.com/ajax/libs/highlight.js/11.11.1/styles/base16/xcode-dusk.min.css,48a743ab01aeed83843d2f99da1a59257b3cfc05d2a3269a9eda6efaaa7e86dd
https://cdnjs.cloudflare.com/ajax/libs/highlight.js/11.11.1/styles/base16/zenburn.css,993deb0600adc5799ed4db4a0e509d9df7bd679468eb22c939fab4ad9b2fbc65
https://cdnjs.cloudflare.com/ajax/libs/highlight.js/11.11.1/styles/base16/zenburn.min.css,f636bd6e3aebf87082a031eb4c72f84b27b36fc7defe458c091a87ead88de6e4
https://cdnjs.cloudflare.com/ajax/libs/highlight.js/11.11.1/styles/brown-paper.css,67081c3bacd8d9908cdf9c93895055d8c90dd17df27e6428d94acd51bae8094e
https://cdnjs.cloudflare.com/ajax/libs/highlight.js/11.11.1/styles/brown-paper.min.css,276937c2a139476af190e8e29fbd53603ac1a8e79786ee335c9240b961b8977a
https://cdnjs.cloudflare.com/ajax/libs/highlight.js/11.11.1/styles/codepen-embed.css,380ed5b40b58c24e18b20e01c18d1690a6890272161d709c00e3d46e449d21f0
https://cdnjs.cloudflare.com/ajax/libs/highlight.js/11.11.1/styles/codepen-embed.min.css,e570b51ac6e07a5c3860ffd837a976348926eadfc2508d5cb0f43c87bd856b17
https://cdnjs.cloudflare.com/ajax/libs/highlight.js/11.11.1/styles/color-brewer.css,b037cf9063963ffa2dbc374890405152af2f464b777131880f280fa882afffd1
https://cdnjs.cloudflare.com/ajax/libs/highlight.js/11.11.1/styles/color-brewer.min.css,9e93cdccfb01ea9050c43d2cfe312174bdc06e3c129137decf956935ae8de395
https://cdnjs.cloudflare.com/ajax/libs/highlight.js/11.11.1/styles/cybertopia-cherry.css,2ba038443739e30c654fd31599a1d4551a927e3d087c318009ded8af9462b2ad
https://cdnjs.cloudflare.com/ajax/libs/highlight.js/11.11.1/styles/cybertopia-cherry.min.css,5d755372af218b8dda4156f24a15fc140e69e1eb43fd2fb9aead52a5c0fc192e
https://cdnjs.cloudflare.com/ajax/libs/highlight.js/11.11.1/styles/cybertopia-dimmer.css,58fd69b0bd40d447be796c95127df0030aef1e8286877bd6cb9f9c3c1c6085d6
https://cdnjs.cloudflare.com/ajax/libs/highlight.js/11.11.1/styles/cybertopia-dimmer.min.css,900f82a70375596aa90953ef09ad76d2078058b693b9b0c5be8d5b44ce9760e6
https://cdnjs.cloudflare.com/ajax/libs/highlight.js/11.11.1/styles/cybertopia-icecap.css,a0cc7ed1b0bdbb29d64099bfdca7ddf9ca25ec7936640e0da464ee9b68609f1f
https://cdnjs.cloudflare.com/ajax/libs/highlight.js/11.11.1/styles/cybertopia-icecap.min.css,5084ea62f7bde5e5584a0d0097d503ca3c54b6873b30df4beb3529d98aa7fb15
https://cdnjs.cloudflare.com/ajax/libs/highlight.js/11.11.1/styles/cybertopia-saturated.css,1d1a7e7016986d6b036591221ff8bcf0e3ac5f7ac61118bf21831828e72ae20c
https://cdnjs.cloudflare.com/ajax/libs/highlight.js/11.11.1/styles/cybertopia-saturated.min.css,d90f75e5f727465a388809a00d837f4a21963b937bbf808064e06b2e934827b9
https://cdnjs.cloudflare.com/ajax/libs/highlight.js/11.11.1/styles/dark.css,a0a42ac591f8beaae8a9d5ff1706f2bfcc64b5fdac90661c9e4b80403bf74305
https://cdnjs.cloudflare.com/ajax/libs/highlight.js/11.11.1/styles/dark.min.css,bf437be81145907d1d081f1b52be1c1d254df00ff309a3a8a4cb92989595ff9c
https://cdnjs.cloudflare.com/ajax/libs/highlight.js/11.11.1/styles/default.css,70f4df7ea7686afde83192abb82e5a3e291e0b8d1b2de44549f90af23ee41a8e
https://cdnjs.cloudflare.com/ajax/libs/highlight.js/11.11.1/styles/default.min.css,fbde0ac0921d86c356c41532e7319c887a23bd1b8ff00060cab447249f03c7cf
https://cdnjs.cloudflare.com/ajax/libs/highlight.js/11.11.1/styles/devibeans.css,8f6d53f70bf09acfeb431b89a72bd874aff220586cf1219a8fa1b9ff8c40c06f
https://cdnjs.cloudflare.com/ajax/libs/highlight.js/11.11.1/styles/devibeans.min.css,088b0d02466750db57b224a910bb1d14b0b7ae8d8cae043824a53e99ad533630
https://cdnjs.cloudflare.com/ajax/libs/highlight.js/11.11.1/styles/docco.css,5487655c296ae58d59564110647561b7b33732d87580878f1da252c73dab52d6
https://cdnjs.cloudflare.com/ajax/libs/highlight.js/11.11.1/styles/docco.min.css,7f4d1279ae8626c8029981bf8a11bcf09e28264ac0d4ca565959b41193c25f2c
https://cdnjs.cloudflare.com/ajax/libs/highlight.js/11.11.1/styles/far.css,40db78001aa1c71345ef93ad1296896547fe99a38216ae6fb6ec1758e954cdcf
https://cdnjs.cloudflare.com/ajax/libs/highlight.js/11.11.1/styles/far.min.css,72bbf97a96ef6443bdef69a73c860d8614673a062fb5cc154652c811e28cd4c0
https://cdnjs.cloudflare.com/ajax/libs/highlight.js/11.11.1/styles/felipec.css,1c7ca3abe7666cd199f7c47da808872ae5977bccac1098a6f7420a442e30b055
https://cdnjs.cloudflare.com/ajax/libs/highlight.js/11.11.1/styles/felipec.min.css,b805b638b6b0a6421b9edb3c65fda9d3673f15e187dca13a237543a82047e79f
https://cdnjs.cloudflare.com/ajax/libs/highlight.js/11.11.1/styles/foundation.css,1eda83248980468bcd154d9fb745d3193191a234d5d079c419922c74c0ccf51e
https://cdnjs.cloudflare.com/ajax/libs/highlight.js/11.11.1/styles/foundation.min.css,56a4ff93d5c3227db7f315077b6273ab92f5c43d2bf115e8b8f8460eda5b1828
https://cdnjs.cloudflare.com/ajax/libs/highlight.js/11.11.1/styles/github-dark-dimmed.css,738e8be4fd42d674efc4b8cfd1e4e2b4b33ab2fc2194141d604900b09075bb6f
https://cdnjs.cloudflare.com/ajax/libs/highlight.js/11.11.1/styles/github-dark-dimmed.min.css,bc1116bfba58ee83794d53b8bd08e5ab13cba81bf03454cf67d6cfe435033cae
https://cdnjs.cloudflare.com/ajax/libs/highlight.js/11.11.1/styles/github-dark.css,603240e9a7c78cbb006986228155c433b14ac61236805eaa79bfeb96d3c73f75
https://cdnjs.cloudflare.com/ajax/libs/highlight.js/11.11.1/styles/github-dark.min.css,9f208d022102b1d0c7aebfecd8e42ca7997d5de636649d2b31ea63093d809019
https://cdnjs.cloudflare.com/ajax/libs/highlight.js/11.11.1/styles/github.css,4164771f545d87f697360d9b1fa176ce8759a9acf83f1c47212aa1c2d2e0d619
https://cdnjs.cloudflare.com/ajax/libs/highlight.js/11.11.1/styles/github.min.css,3a9a5def8b9c311e5ae43abde85c63133185eed4f0d9f67fea4b00a8308cf066
https://cdnjs.cloudflare.com/ajax/libs/highlight.js/11.11.1/styles/gml.css,b8316ee11495aa48e8f36f483a489afe4136e5d762a0759e1073813f612fbc16
https://cdnjs.cloudflare.com/ajax/libs/highlight.js/11.11.1/styles/gml.min.css,25f372ec6124021543297b5736d32a73f1081ba44ee64be1d0230d45c648dbc2
https://cdnjs.cloudflare.com/ajax/libs/highlight.js/11.11.1/styles/googlecode.css,5b0bdeb9c7a104979a22de791171dc780a1f4d0f113b466da8dfecf2639e4e1a
https://cdnjs.cloudflare.com/ajax/libs/highlight.js/11.11.1/styles/googlecode.min.css,52efe30b381cd0dcc3f2ed2d37678e2ddbd3912b503702e93f835f2d92aef115
https://cdnjs.cloudflare.com/ajax/libs/highlight.js/11.11.1/styles/gradient-dark.css,071d0cb303d89a60f2d2b5ae30f4f30830fc59e0346cfdc90c6912005cc70bd3
https://cdnjs.cloudflare.com/ajax/libs/highlight.js/11.11.1/styles/gradient-dark.min.css,49a789ccd318fe17ddb04b3bb047620e09351d371c03e0d2410428516ed87735
https://cdnjs.cloudflare.com/ajax/libs/highlight.js/11.11.1/styles/gradient-light.css,941ccdecd8a9be8594b4436ce31368ad224b9fa72198e86745dcd2d1dffa3f76
https://cdnjs.cloudflare.com/ajax/libs/highlight.js/11.11.1/styles/gradient-light.min.css,6fdea1b4e507e8193894a3ba1ce099176c98b539c059e03f196772d63a49bf60
https://cdnjs.cloudflare.com/ajax/libs/highlight.js/11.11.1/styles/grayscale.css,29cbf3f530523f52a07965733f87964d050ca128663ab2c8f2a8b34cf8b90f42
https://cdnjs.cloudflare.com/ajax/libs/highlight.js/11.11.1/styles/grayscale.min.css,01dc402d1a98f9bc397c9a4e2e2c28337de6aadafa2a646d33b08bf1943eca2c
https://cdnjs.cloudflare.com/ajax/libs/highlight.js/11.11.1/styles/hybrid.css,4eabee8f4f62bb344585330b5a36389f63f27a68ee6e46748b584123e0e8460c
https://cdnjs.cloudflare.com/ajax/libs/highlight.js/11.11.1/styles/hybrid.min.css,57630d112dd15f5b85fcc1ad5add955f6475234af00e6c4414a72fda4d9bd363
https://cdnjs.cloudflare.com/ajax/libs/highlight.js/11.11.1/styles/idea.css,095293940d819ee787e107a7d3e2fde3fc452164c383003fc9a51334b023245b
https://cdnjs.cloudflare.com/ajax/libs/highlight.js/11.11.1/styles/idea.min.css,9af8a16e829fc33cf91992ae4c360eeeb698a5a200c7fdc26a68d55360d4643e
https://cdnjs.cloudflare.com/ajax/libs/highlight.js/11.11.1/styles/intellij-light.css,0efe9e5fa0a683d69f714b2559847e369f2121352ed0886cc36a962c2bd9e54e
https://cdnjs.cloudflare.com/ajax/libs/highlight.js/11.11.1/styles/intellij-light.min.css,c6355ce31828b0a9e533cec46886910e0b5a490efc726fe0e2f00e0b786709dd
https://cdnjs.cloudflare.com/ajax/libs/highlight.js/11.11.1/styles/ir-black.css,217d8fa5e221a8b310bc3dde041c3f837d01338ff962cae6e61578a08a341c98
https://cdnjs.cloudflare.com/ajax/libs/highlight.js/11.11.1/styles/ir-black.min.css,7b95aa046b9a9cee4af547c59af2f598c3a04085e7df61b9e3f4476ce771ec00
https://cdnjs.cloudflare.com/ajax/libs/highlight.js/11.11.1/styles/isbl-editor-dark.css,fd544cae68f8187b74235f2fabf2b3bf81c0c240d18885c778e54084480f5243
https://cdnjs.cloudflare.com/ajax/libs/highlight.js/11.11.1/styles/isbl-editor-dark.min.css,9587b47988195e93a0d8cb14bfd5fdb88069f6f623a1f2979e0c6049bedba329
https://cdnjs.cloudflare.com/ajax/libs/highlight.js/11.11.1/styles/isbl-editor-light.css,debb71f9cd06c5e06da8904788bf8c0611f3dc1d9e9ba596871bee7c89fc61cd
https://cdnjs.cloudflare.com/ajax/libs/highlight.js/11.11.1/styles/isbl-editor-light.min.css,10eafc5ec24c70c1f417cccb252d5d5bdb9b4b1f64018a44cc65d07b3d604f33
https://cdnjs.cloudflare.com/ajax/libs/highlight.js/11.11.1/styles/kimbie-dark.css,09ad8a9a941d9127ada18f2ee63c28ba3181670fd246c402bd8de5d7fe693633
https://cdnjs.cloudflare.com/ajax/libs/highlight.js/11.11.1/styles/kimbie-dark.min.css,fc16ff6dca74b92b99480f07f6c66f8df5673550a3ed140c8896b5f93dcc9107
https://cdnjs.cloudflare.com/ajax/libs/highlight.js/11.11.1/styles/kimbie-light.css,e6cf460a644d9f138da19c0495e01fd9c90f5bcff3fd357d4d59d988517a35fa
https://cdnjs.cloudflare.com/ajax/libs/highlight.js/11.11.1/styles/kimbie-light.min.css,d34b4751751d8c628b58aff8e60cf11760a9e69b5d9cb14849eaa4a977a552e3
https://cdnjs.cloudflare.com/ajax/libs/highlight.js/11.11.1/styles/lightfair.css,dc9f409253d1f6fde1e184738fab907a982638bc5a655a80050e99ec75299725
https://cdnjs.cloudflare.com/ajax/libs/highlight.js/11.11.1/styles/lightfair.min.css,461a84c65812a99149ffe720f212926d38f28a4ac164505d850b9978f2ee1483
https://cdnjs.cloudflare.com/ajax/libs/highlight.js/11.11.1/styles/lioshi.css,f67fb8a1471425ffe78db74e5dc4ed64866d4dc4cc99e0d5f18c824dbc6575c5
https://cdnjs.cloudflare.com/ajax/libs/highlight.js/11.11.1/styles/lioshi.min.css,7a4783b5b182edcf6d57cfa8c87367957184d3b4e8e04dc8ad3ba2ca66e9e2a9
https://cdnjs.cloudflare.com/ajax/libs/highlight.js/11.11.1/styles/magula.css,5fbe7eef1b0281172c3f166507b29129af488cb32ab02c5c0505244c3a194b4e
https://cdnjs.cloudflare.com/ajax/libs/highlight.js/11.11.1/styles/magula.min.css,e331c3f6fdf366be9b57e9383107280188a07655adb8b4311e06086c85b2646c
https://cdnjs.cloudflare.com/ajax/libs/highlight.js/11.11.1/styles/mono-blue.css,cce7dd5c6c3f52ba5e5a1e51398894604e8c591c3942d1f90f6eb9b855144e39
https://cdnjs.cloudflare.com/ajax/libs/highlight.js/11.11.1/styles/mono-blue.min.css,13275dc14a220195ebca63c6769ec648bb1c684d84e94bbb444b6ad14db100b2
https://cdnjs.cloudflare.com/ajax/libs/highlight.js/11.11.1/styles/monokai-sublime.css,30ff521da3af6682c1bb9309c4ec5f2ac470d8fd7a4c0ab3eae61ad0ee821c00
https://cdnjs.cloudflare.com/ajax/libs/highlight.js/11.11.1/styles/monokai-sublime.min.css,e0c1c5cd8d2f6b68c642f93d1ffa28f90723261cff61f17c59ff79c87b576ac7
https://cdnjs.cloudflare.com/ajax/libs/highlight.js/11.11.1/styles/monokai.css,3e049cb22987c0540fb1734061bfb3bca52b47585a2e7be198b5604c6c87438d
https://cdnjs.cloudflare.com/ajax/libs/highlight.js/11.11.1/styles/monokai.min.css,75ef0c9fb2ff433e575f3256d6a530894fa4d689f8c0e3bd873cb62970763463
https://cdnjs.cloudflare.com/ajax/libs/highlight.js/11.11.1/styles/night-owl.css,1c0979c7a4e063a8c2007a0d3f3cfa81a57946da9ba3db23d984032f708e9b39
https://cdnjs.cloudflare.com/ajax/libs/highlight.js/11.11.1/styles/night-owl.min.css,d8dfd126e376afbeadd941be47bc4ee88df1a82ccad09a25d03b3fc68d7d6a2e
https://cdnjs.cloudflare.com/ajax/libs/highlight.js/11.11.1/styles/nnfx-dark.css,8124032f1fac36882c768d55c90c1f9210afaebfc64b728e38dcdb02fcf68b31
https://cdnjs.cloudflare.com/ajax/libs/highlight.js/11.11.1/styles/nnfx-dark.min.css,6996263d6d0560c049d8b02ff92f1cb9573b90251a2aaa2ad76a5fe1831a9056
https://cdnjs.cloudflare.com/ajax/libs/highlight.js/11.11.1/styles/nnfx-light.css,aa290361db5fa0bd3ebc04aed902f1da7649c9403225b49831cc526e947f0be1
https://cdnjs.cloudflare.com/ajax/libs/highlight.js/11.11.1/styles/nnfx-light.min.css,ae81c3742a73247aee673834f53d319fc059432e8f0c85824769a3cb74a9d620
https://cdnjs.cloudflare.com/ajax/libs/highlight.js/11.11.1/styles/nord.css,a60201f99bcef8a3104d598182666549389118d732f8eb7829f8f00d09576e0b
https://cdnjs.cloudflare.com/ajax/libs/highlight.js/11.11.1/styles/nord.min.css,c7410d495c8bab285472be5836a02c3d828065e34e61bc50902678052fc7b8a9
https://cdnjs.cloudflare.com/ajax/libs/highlight.js/11.11.1/styles/obsidian.css,b8b96a2d104c54b13d980287ce994c6795e63abcca0f789db98d93582d54984c
https://cdnjs.cloudflare.com/ajax/libs/highlight.js/11.11.1/styles/obsidian.min.css,85ee91acffb5e3728aa311af3e96fc3e4526f6a03c7f59eeee14d5eb5633f9f6
https://cdnjs.cloudflare.com/ajax/libs/highlight.js/11.11.1/styles/panda-syntax-dark.css,dfd04089778445b0cc6a72cde7c90437e922d2b74b971074aa1d8662674341e9
https://cdnjs.cloudflare.com/ajax/libs/highlight.js/11.11.1/styles/panda-syntax-dark.min.css,0ef6d3034fae710e58203b4e1d029251a121af50667b6b55e41153643c194361
https://cdnjs.cloudflare.com/ajax/libs/highlight.js/11.11.1/styles/panda-syntax-light.css,aa78aa107d2af29a183d914566ac35908e4276a34db21d3005d09ac28f3ed63c
https://cdnjs.cloudflare.com/ajax/libs/highlight.js/11.11.1/styles/panda-syntax-light.min.css,f931683870e2fc8a5856f14dbf5a694c0107131ff660c40637fb14bfbcd12c9b
https://cdnjs.cloudflare.com/ajax/libs/highlight.js/11.11.1/styles/paraiso-dark.css,a83f2b0fe6c73750261681b221951b9edef2f7c5e865d0b3dc4ff58891038def
https://cdnjs.cloudflare.com/ajax/libs/highlight.js/11.11.1/styles/paraiso-dark.min.css,e3555e7814cead808c44cfab981694064723bde0062921519c0df7518758c2e1
https://cdnjs.cloudflare.com/ajax/libs/highlight.js/11.11.1/styles/paraiso-light.css,8c9d5da43862270f3b8f7b2c0d9f25a17f93a6272da9d932c0ba187a704e6df0
https://cdnjs.cloudflare.com/ajax/libs/highlight.js/11.11.1/styles/paraiso-light.min.css,ef103032d0fac832caf8d23155de61cf2abadb72a6a62128a4e13a0277176347
https://cdnjs.cloudflare.com/ajax/libs/highlight.js/11.11.1/styles/pojoaque.css,765689de0ca14abfcd67863366efdb04d5d59523b1198aacf411265b05f42867
https://cdnjs.cloudflare.com/ajax/libs/highlight.js/11.11.1/styles/pojoaque.min.css,88ff69e2c0f7bf10dc6025043ae58ee1e20437b0ecee59b40c9c9b7a2dd9ebbc
https://cdnjs.cloudflare.com/ajax/libs/highlight.js/11.11.1/styles/purebasic.css,2dd96fa1e31e9e80e160c92724d181cb55a23735aa47fa3d999bf2802a559198
https://cdnjs.cloudflare.com/ajax/libs/highlight.js/11.11.1/styles/purebasic.min.css,f6929961a6688156a9fbc14974963054f1eeb539f39a953ff416f9d78b965d00
https://cdnjs.cloudflare.com/ajax/libs/highlight.js/11.11.1/styles/qtcreator-dark.css,6a51fa289c464d1f65e8c3f5037cbe20ffa49c46a0b7cd0f7ef2f76f130e3bc7
https://cdnjs.cloudflare.com/ajax/libs/highlight.js/11.11.1/styles/qtcreator-dark.min.css,68d1dbdb1b7bc33c12db0b4f8251d2b2426c19617eb513bfcef0f3ac9913d0f6
https://cdnjs.cloudflare.com/ajax/libs/highlight.js/11.11.1/styles/qtcreator-light.css,82c4d1020a73e81be95bbf696b90a8bd2ab478bfc6b5d4234a2ab5ab17116cee
https://cdnjs.cloudflare.com/ajax/libs/highlight.js/11.11.1/styles/qtcreator-light.min.css,c507cdf158e7fa2555cadaee8d58caf03dff1ea1de73438c1bf96d8c4e2822e7
https://cdnjs.cloudflare.com/ajax/libs/highlight.js/11.11.1/styles/rainbow.css,d3de19b2323b2c725e3185de891e27c101ecb3e01c8c1cec12bdfb2ec71cb63b
https://cdnjs.cloudflare.com/ajax/libs/highlight.js/11.11.1/styles/rainbow.min.css,2a6dd631f54bc02c3df7cfe84512537438b188f941b5f42eddcce95a00452183
https://cdnjs.cloudflare.com/ajax/libs/highlight.js/11.11.1/styles/rose-pine-dawn.css,0f08530255404b611362869481ca9c470659ac0a09f12e3eb2980ea0e21d1450
https://cdnjs.cloudflare.com/ajax/libs/highlight.js/11.11.1/styles/rose-pine-dawn.min.css,cd910d68d0bb836e03128fbc81eb87295c03baa8aae9cc57ce760c711ee33a29
https://cdnjs.cloudflare.com/ajax/libs/highlight.js/11.11.1/styles/rose-pine-moon.css,9d88488db3f19b2392a714951ff0c4901322129780ffb71f5070effb9199866b
https://cdnjs.cloudflare.com/ajax/libs/highlight.js/11.11.1/styles/rose-pine-moon.min.css,8fc98af80e61548a8f10c63a7bc128ebb42ae64e63d242db7cb8ed12c67c6943
https://cdnjs.cloudflare.com/ajax/libs/highlight.js/11.11.1/styles/rose-pine.css,8d999bb7b427caf61dd6c26f33c65c5696a746555b077a9c78b2c555575d4ed3
https://cdnjs.cloudflare.com/ajax/libs/highlight.js/11.11.1/styles/rose-pine.min.css,d76ed9d228b2152c15f5bb9017a23154894de23937ed527ef7d999fe52706d6b
https://cdnjs.cloudflare.com/ajax/libs/highlight.js/11.11.1/styles/routeros.css,727f9ba05e5b45a156c2bf8c3c4a8c0486c78bdc4e1f489a60916737a4a37b8f
https://cdnjs.cloudflare.com/ajax/libs/highlight.js/11.11.1/styles/routeros.min.css,4805dfa137e8bfbf26bb12e375327b2f081fd46cb81eaa6a0b65be3431acd8fa
https://cdnjs.cloudflare.com/ajax/libs/highlight.js/11.11.1/styles/school-book.css,4adca54360d3e0b76c810f1f7b0e9dcd2800ae119d14e86ee65f0cc0ab0fd017
https://cdnjs.cloudflare.com/ajax/libs/highlight.js/11.11.1/styles/school-book.min.css,0c6ddfa1b1e62e83a14a912b93403efe296842d9cea0ec252db7def208fe0e79
https://cdnjs.cloudflare.com/ajax/libs/highlight.js/11.11.1/styles/shades-of-purple.css,a0c5184055031bdafb4e6ef91683c740f30060452f600ddb77bdd01fa55ea95c
https://cdnjs.cloudflare.com/ajax/libs/highlight.js/11.11.1/styles/shades-of-purple.min.css,7f1563277b62ab9662ead94fbae3bab683bfc21190ddaf8df5b59fe20fa272ad
https://cdnjs.cloudflare.com/ajax/libs/highlight.js/11.11.1/styles/srcery.css,afabd02d50dc4c5eac8d1f2a017a999d04f71cb41757c83c7db0a74f299444af
https://cdnjs.cloudflare.com/ajax/libs/highlight.js/11.11.1/styles/srcery.min.css,e4bd6b5727bd9c473855eb8b3328ba23a613aab7115758e8f888e53248dbba74
https://cdnjs.cloudflare.com/ajax/libs/highlight.js/11.11.1/styles/stackoverflow-dark.css,a0abe130a7f3e5014434bb6d82c6091054a6aaca964da70a7b8aa3ad88715621
https://cdnjs.cloudflare.com/ajax/libs/highlight.js/11.11.1/styles/stackoverflow-dark.min.css,49025886ee4fd405fb39648de5592247fe8f3571dad73147d69538685c0de063
https://cdnjs.cloudflare.com/ajax/libs/highlight.js/11.11.1/styles/stackoverflow-light.css,2d0cb630cb32fa8afceca9f855dcf7c3da463b1928278fa79094b594ca884718
https://cdnjs.cloudflare.com/ajax/libs/highlight.js/11.11.1/styles/stackoverflow-light.min.css,2feefa8b491f92be5647b4fdec50446b179ecaf0c1bc463a53a45d3520d7150d
https://cdnjs.cloudflare.com/ajax/libs/highlight.js/11.11.1/styles/sunburst.css,a7a727089bbfbac1620f3bcc8d39e49a412ed5c1204be9d66eff8212777f54f9
https://cdnjs.cloudflare.com/ajax/libs/highlight.js/11.11.1/styles/sunburst.min.css,a869d0c5b3652829169cad4877e17a4e3325202ba04318984c4774a473dc2b31
https://cdnjs.cloudflare.com/ajax/libs/highlight.js/11.11.1/styles/tokyo-night-dark.css,4991816dff2c83cad09a4c6738734e74018b067ac38c34ca09178cbde3a22d8d
https://cdnjs.cloudflare.com/ajax/libs/highlight.js/11.11.1/styles/tokyo-night-dark.min.css,3c24d046d2e1e02b9e8beb641f9dc639c76ff44ad89f0fbac9eab9062d55f51b
https://cdnjs.cloudflare.com/ajax/libs/highlight.js/11.11.1/styles/tokyo-night-light.css,18b48d2869c6e76fe0217ba3edbe5f883085f2a907057e9d79f80aa552f59417
https://cdnjs.cloudflare.com/ajax/libs/highlight.js/11.11.1/styles/tokyo-night-light.min.css,98a054932b5f3df996457c0143fbad699502b872d2b6509859e6144ae89cb396
https://cdnjs.cloudflare.com/ajax/libs/highlight.js/11.11.1/styles/tomorrow-night-blue.css,6436cc72cea5af22c0dae93323b9109b12b0aaff327e889b6a483dcef5099852
https://cdnjs.cloudflare.com/ajax/libs/highlight.js/11.11.1/styles/tomorrow-night-blue.min.css,45beaaf08940eb7588b70dec43820cb218201b3ab678009244a9ce78983612ec
https://cdnjs.cloudflare.com/ajax/libs/highlight.js/11.11.1/styles/tomorrow-night-bright.css,f0b600ffb5e0a7a1301c8043ae31937fdc638935bacb1b655926379fcaa913a9
https://cdnjs.cloudflare.com/ajax/libs/highlight.js/11.11.1/styles/tomorrow-night-bright.min.css,12dc3a769f085d91d1b6dbf65625afaefd7570fdc58158708b84eede8699037b
https://cdnjs.cloudflare.com/ajax/libs/highlight.js/11.11.1/styles/vs.css,d97e3ee1641c9d7f93177f37da936d41ccc04f5569db606601bcaad30ce0515e
https://cdnjs.cloudflare.com/ajax/libs/highlight.js/11.11.1/styles/vs.min.css,13591f69f8f988ef93c3fd388717521be3a7bdcce88ce5cad8ad2208461fcd2c
https://cdnjs.cloudflare.com/ajax/libs/highlight.js/11.11.1/styles/vs2015.css,3561738dbae09d333357e7531cb08b280bd4fb12b490c3a84712245e480356b4
https://cdnjs.cloudflare.com/ajax/libs/highlight.js/11.11.1/styles/vs2015.min.css,3e2efbd7efa306bc2078755818e6b5b2337c89d5e5aeb612290548efe240e789
https://cdnjs.cloudflare.com/ajax/libs/highlight.js/11.11.1/styles/xcode.css,ee14aaab1b6104af001205d5e7e1cbf44232b0f5f28c5e6cadfc50a6299c8a11
https://cdnjs.cloudflare.com/ajax/libs/highlight.js/11.11.1/styles/xcode.min.css,5152183724f5ebb632ddd5a8262f7bf98a9df421225da51b38df60a831c26a82
https://cdnjs.cloudflare.com/ajax/libs/highlight.js/11.11.1/styles/xt256.css,1b6c7f48f5505e2abe3389f6dc82fc6278a7449fd960c98529afc2537a5fa222
https://cdnjs.cloudflare.com/ajax/libs/highlight.js/11.11.1/styles/xt256.min.css,37d4879923bbac594490ca0c298e66151f90b828fc85fd0296eb41a13ca9dab3
https://cdnjs.cloudflare.com/ajax/libs/redux-thunk/3.1.0/redux-thunk.legacy-esm.js,1fef2796d3e74a8ff82e487f7dfedb73d6933980667436cff665657f86485ffa
https://cdnjs.cloudflare.com/ajax/libs/redux-thunk/3.1.0/redux-thunk.legacy-esm.min.js,7e3befd5795fbdca49203900c8b976fc98cc7a1b4220033c3d48e8f009de7f9c
https://cdnjs.cloudflare.com/ajax/libs/preact/10.27.2/compat.js,2760380d4b6f74267db4443c1f5d4f04eea2b7391601d6b9bd09e43529bf1be0
https://cdnjs.cloudflare.com/ajax/libs/preact/10.27.2/compat.min.js,f4d342a944e1b9fc4661a56ada32bb2b881b26e6f741142ec75c6e62a53b4fb5
https://cdnjs.cloudflare.com/ajax/libs/preact/10.27.2/compat.module.js,5bdf69efed939065f281e2e691c48b20a3a087f28e744e8203bc973a4ebb214d
https://cdnjs.cloudflare.com/ajax/libs/preact/10.27.2/compat.module.min.js,e66ff4ff4d39525675c2c77536f32500736980f350b4d4c79d0ecbeacdfdd26a
https://cdnjs.cloudflare.com/ajax/libs/preact/10.27.2/compat.umd.js,17dceffd5a81f6081e30aa6f11c1c630a7c603bdf0ac5266faae131b4ad64e8f
https://cdnjs.cloudflare.com/ajax/libs/preact/10.27.2/compat.umd.min.js,fea0f9f886c2cbbf8ebb9867c9375340e8de4594d15fea63b6e2c34a29a7d6a9
https://cdnjs.cloudflare.com/ajax/libs/preact/10.27.2/hooks.js,936b00264d1c7a877e7b9fb8af2bd55a0c3a1dce48ffccacfc6240baafafb7fe
https://cdnjs.cloudflare.com/ajax/libs/preact/10.27.2/hooks.min.js,1bdca591703a332a06d5cb0c4a0438a75e1e4d4c827d4fb9e3b0cde9ac1dbf2d
https://cdnjs.cloudflare.com/ajax/libs/preact/10.27.2/hooks.module.js,9295b344df14b5395a612fed63350619d029e91cc2e80e9a2a5f920e38b88972
https://cdnjs.cloudflare.com/ajax/libs/preact/10.27.2/hooks.module.min.js,58527f128a4922129d02ba8830358c634b40e4ab7d926fe75e54002c86398e81
https://cdnjs.cloudflare.com/ajax/libs/preact/10.27.2/hooks.umd.js,c2a0121123419a0788e7a3e0adde79f9f9dc9d455c918abbfe6f74651b4be054
https://cdnjs.cloudflare.com/ajax/libs/preact/10.27.2/hooks.umd.min.js,fb37c348ede96e332fccbd6471fa5f248a3aeed1a045c08db3b50b10c9873eb3
https://cdnjs.cloudflare.com/ajax/libs/preact/10.27.2/preact.js,a2e945f0e34b6c2663e6ccc571a4bdc7a1981d0af43ec29970eb441c811a23ac
https://cdnjs.cloudflare.com/ajax/libs/preact/10.27.2/preact.min.js,b05a499d157d46655488c00cc5b3c850c34ce2952869f638d7551559fd9cea65
https://cdnjs.cloudflare.com/ajax/libs/preact/10.27.2/preact.min.module.js,203eacb56ace5c15de56560bda7e399e3c111c21bc70e9167e2bb5db5f67720e
https://cdnjs.cloudflare.com/ajax/libs/preact/10.27.2/preact.min.module.min.js,c1d3d35cd11dad9e5e28f9076a699f5608d541bfcdf04e711ff946939bd51f24
https://cdnjs.cloudflare.com/ajax/libs/preact/10.27.2/preact.min.umd.js,b3c0d9e2c09b1c62925cb0f0055e5f354f360345ac5ffbf8b8367585e4e271b4
https://cdnjs.cloudflare.com/ajax/libs/preact/10.27.2/preact.min.umd.min.js,bce9feab9e1bb2371ce5f942113942b13ed2d1886a0672b299b40df6f3b87427
https://cdnjs.cloudflare.com/ajax/libs/preact/10.27.2/preact.module.js,a1cefabf06ec626adcb92731537e1e04fd09a7908e22551bab50540106dc950d
https://cdnjs.cloudflare.com/ajax/libs/preact/10.27.2/preact.module.min.js,e5b0c74e6d97517dad8b4f5311affaf6376cd59d2564ba661accfd9ca5fea85d
https://cdnjs.cloudflare.com/ajax/libs/preact/10.27.2/preact.umd.js,c4f1db5a7db8fdc142158e13687c24a4376cbd8eafdbc5b924da0f5b048aacf9
https://cdnjs.cloudflare.com/ajax/libs/preact/10.27.2/preact.umd.min.js,50bdf14d72229372cf3751195e80f3659d4bf94eadc4a059452afcee969f8a19
https://cdnjs.cloudflare.com/ajax/libs/superagent/10.2.3/superagent.js,326e0be4fc0a3c0ef2dc88def3b79a13ec0b21a641b2abd84ed355cd475224c2
https://cdnjs.cloudflare.com/ajax/libs/superagent/10.2.3/superagent.min.js,98276de203ec661effd9191ff7164c7d261b0664b6f50528179266e63f21f924
https://cdnjs.cloudflare.com/ajax/libs/jquery/3.7.1/jquery.js,78a85aca2f0b110c29e0d2b137e09f0a1fb7a8e554b499f740d6744dc8962cfe
https://cdnjs.cloudflare.com/ajax/libs/jquery/3.7.1/jquery.min.js,fc9a93dd241f6b045cbff0481cf4e1901becd0e12fb45166a8f17f95823f0b1a
https://cdnjs.cloudflare.com/ajax/libs/jquery/3.7.1/jquery.slim.js,520bef37cbc19203b496e3d2525dacf13225392611a061405f88e50889bd01d7
https://cdnjs.cloudflare.com/ajax/libs/jquery/3.7.1/jquery.slim.min.js,9261efb3407e3a9096e4654750d8eff6b3a663422f48845c7fbcc65034c340cf
https://cdnjs.cloudflare.com/ajax/libs/i18next/25.5.2/i18next.js,fa89d30b7e8acfd6a0200ac3e3eab645dfb0969806d16282fe5325e4897801d2
https://cdnjs.cloudflare.com/ajax/libs/i18next/25.5.2/i18next.min.js,8d1898ad195a174950dc950eedc9637eddb0197f90f4bcc0d08c976171a7a17d
https://cdnjs.cloudflare.com/ajax/libs/crypto-js/4.2.0/aes.js,d6bb48feacbd63fd455becce7a5528877242f70e73ba1f7838c186ed8f35fd3c
https://cdnjs.cloudflare.com/ajax/libs/crypto-js/4.2.0/aes.min.js,9caaa0e0d73d60a2fb0c7ee8871587968630c9cfa535c20b9ea35fe4b287f0bf
https://cdnjs.cloudflare.com/ajax/libs/crypto-js/4.2.0/blowfish.js,dce696d0842412093ec68ceef095d0db470a358628dbc352867bf535ef3edfb6
https://cdnjs.cloudflare.com/ajax/libs/crypto-js/4.2.0/blowfish.min.js,192e3a137339f89792796cc23d6130f75dd7ec2f3abf660f8138f9c985a867aa
https://cdnjs.cloudflare.com/ajax/libs/crypto-js/4.2.0/cipher-core.js,1b3331c29f4a1e222ebf7d3b9bd3458a308c2a47fc5e6cccb93f7d2d5c57533d
https://cdnjs.cloudflare.com/ajax/libs/crypto-js/4.2.0/cipher-core.min.js,f0e4239fedabcb22505d1ab7e36df982a90cbdf8f51171b8d58e7838c1d32031
https://cdnjs.cloudflare.com/ajax/libs/crypto-js/4.2.0/core.js,2638bdd7224472f801890636d42df16c144ca46c84229ef3087190d21f935daf
https://cdnjs.cloudflare.com/ajax/libs/crypto-js/4.2.0/core.min.js,4194e1e79cb8dddc9cabfd0af9fd2ab68c5e00ada2a01087a437412ddb999b98
https://cdnjs.cloudflare.com/ajax/libs/crypto-js/4.2.0/crypto-js.js,ee02257ffbaf0a9b481c7039b0f3bb20c360c9674fe4be8b38ae709b2ea59bbe
https://cdnjs.cloudflare.com/ajax/libs/crypto-js/4.2.0/crypto-js.min.js,769a555de553babc35a3338f344dd7aa16260c93cea2c7db290707c90484e7cc
https://cdnjs.cloudflare.com/ajax/libs/crypto-js/4.2.0/enc-base64.js,84b69d1625474179d55622a8333c3aac376dd8bc77de7b06c21695762cb69cab
https://cdnjs.cloudflare.com/ajax/libs/crypto-js/4.2.0/enc-base64.min.js,c555c7fb47e4ab1aec08e9206109ca85fd05070eab85b095a68bc55b9e3886a1
https://cdnjs.cloudflare.com/ajax/libs/crypto-js/4.2.0/enc-base64url.js,8747798ddd53f467bebd7101bcd053b3f12ef028b3e6c012aede147732c8a9c6
https://cdnjs.cloudflare.com/ajax/libs/crypto-js/4.2.0/enc-base64url.min.js,4f69426c62c0cb2538cbb9bb8b928c79b5cacf7d1f438f8a9c4e48809b56e9a3
https://cdnjs.cloudflare.com/ajax/libs/crypto-js/4.2.0/enc-hex.js,c7dad9931250921c24508ba9949abb818745b38891da44693359249b11ed143d
https://cdnjs.cloudflare.com/ajax/libs/crypto-js/4.2.0/enc-hex.min.js,25d219431e5a018f5175a271e6b11c34ff51990a68e38a12e799752efb16ff51
https://cdnjs.cloudflare.com/ajax/libs/crypto-js/4.2.0/enc-latin1.js,24dfee2cc51ec0481aad1f62933bd0ae1238c34c5b0e73aeb1729027c913a26b
https://cdnjs.cloudflare.com/ajax/libs/crypto-js/4.2.0/enc-latin1.min.js,215ca7b3c6edcae903cb900102286450a38877014c65e62abdddd9c7d42b7601
https://cdnjs.cloudflare.com/ajax/libs/crypto-js/4.2.0/enc-utf16.js,c35339900b45fa701c390c924009a95270b4b4d91b427e40984f117c2f7ec67d
https://cdnjs.cloudflare.com/ajax/libs/crypto-js/4.2.0/enc-utf16.min.js,ee4fb0d40ec1d122dbf099aa6dfd4c98eb086ea7e2d4d5cdc0a69aff2d75177f
https://cdnjs.cloudflare.com/ajax/libs/crypto-js/4.2.0/enc-utf8.js,8c7e44dc2d49b20fd78a44827fa962a28a5e22e0adfe036aa0fdcfc7adb89984
https://cdnjs.cloudflare.com/ajax/libs/crypto-js/4.2.0/enc-utf8.min.js,d7508e492e66dfd8a8a6b2ef5309624dbd8889ee7c74f8bdaf64177ead978000
https://cdnjs.cloudflare.com/ajax/libs/crypto-js/4.2.0/evpkdf.js,03a8ec00db105b3b813902400ed65169d12ecd382fa13402fd62c55e251caacc
https://cdnjs.cloudflare.com/ajax/libs/crypto-js/4.2.0/evpkdf.min.js,677ce8543c2e2ebbd678f5fafd7b5aada2a057cc2aed1f432ee810e93112ade3
https://cdnjs.cloudflare.com/ajax/libs/crypto-js/4.2.0/format-hex.js,040a2918bec8cb8ba0a6303fa3c1bbfd899bc8644643e8ac493e3c08a0c09097
https://cdnjs.cloudflare.com/ajax/libs/crypto-js/4.2.0/format-hex.min.js,4fb9de0ba12deacbe17680fb1c774f55332a32039c2d6a37cb62562f88b22e67
https://cdnjs.cloudflare.com/ajax/libs/crypto-js/4.2.0/format-openssl.js,1ffa86862e66b6c0fff35cb96875e97a793aaf86ca749b29381cbc67a0877bba
https://cdnjs.cloudflare.com/ajax/libs/crypto-js/4.2.0/format-openssl.min.js,e4aaad0453d4d4142fe3046bc46b4420fcbebf2005deace29bd36eed8da2d25f
https://cdnjs.cloudflare.com/ajax/libs/crypto-js/4.2.0/hmac-md5.js,d3072014eb4186d02e335c511b3cc6e163a5cfebaa8c4ae13634af24887078e6
https://cdnjs.cloudflare.com/ajax/libs/crypto-js/4.2.0/hmac-md5.min.js,dae37a0dabdc20ef4d6e376eae4dd100c7276c8d660a6064cb8215065ab17cfa
https://cdnjs.cloudflare.com/ajax/libs/crypto-js/4.2.0/hmac-ripemd160.js,28e2bdcb143840e4e01eff312a728e0f652d7dcb0d1bbdceab0bf48ff5cae8ac
https://cdnjs.cloudflare.com/ajax/libs/crypto-js/4.2.0/hmac-ripemd160.min.js,ab2ef5bd32ee1200413323b88146c241c51669548f444198974c8855ad002e50
https://cdnjs.cloudflare.com/ajax/libs/crypto-js/4.2.0/hmac-sha1.js,e104acb7379b834bd9249e3cfcb2196acbf90a22bb10947feb2a1fbe30ded105
https://cdnjs.cloudflare.com/ajax/libs/crypto-js/4.2.0/hmac-sha1.min.js,aaf90d89058f2ac31a00ae50cca6430c58a18bc3a3d1df434c05e3b0d03dcc69
https://cdnjs.cloudflare.com/ajax/libs/crypto-js/4.2.0/hmac-sha224.js,35208e1e4631ff5f9bd83220dbfbef63290eb93e914055b35583fbf19eb76693
https://cdnjs.cloudflare.com/ajax/libs/crypto-js/4.2.0/hmac-sha224.min.js,108a879e6a91921b36cc880cf899afaa2b363c0078189af0b3753d8843d70dd1
https://cdnjs.cloudflare.com/ajax/libs/crypto-js/4.2.0/hmac-sha256.js,11d26c11f858b74bf0f106c74ddb579a112d3e7321fd684365a77ba2a7a5dffc
https://cdnjs.cloudflare.com/ajax/libs/crypto-js/4.2.0/hmac-sha256.min.js,36c1feb5a8c1030f6e933aeb9971ed617bdd833b574e8c07b4db09bd3f003b06
https://cdnjs.cloudflare.com/ajax/libs/crypto-js/4.2.0/hmac-sha3.js,bc63c36741416fb55fbbe3c7c4a78b5e056d9b902a471bb16b6f5672fbbacbf8
https://cdnjs.cloudflare.com/ajax/libs/crypto-js/4.2.0/hmac-sha3.min.js,557e0303149c64ed140d71b96843a8f1ceae5f440b986ee8070b811a02e8003b
https://cdnjs.cloudflare.com/ajax/libs/crypto-js/4.2.0/hmac-sha384.js,93494b918b2eb79cd1be66145a41137ac0d65739ed6cb9e04f82bf1d7cdc7019
https://cdnjs.cloudflare.com/ajax/libs/crypto-js/4.2.0/hmac-sha384.min.js,e846e52851536028e5a207ace1e1d4fcaac031181a5886913e32639e70c80dde
https://cdnjs.cloudflare.com/ajax/libs/crypto-js/4.2.0/hmac-sha512.js,6c2b59ac5e27099986b28d32e425ed3d65a4621c1c6512d03d40b336c6e88a2d
https://cdnjs.cloudflare.com/ajax/libs/crypto-js/4.2.0/hmac-sha512.min.js,e8b129ccb84fdfbf3865fff51833a28d975c139f0eaa79236ebe43435edb8cd9
https://cdnjs.cloudflare.com/ajax/libs/crypto-js/4.2.0/hmac.js,c89f8f08ae06990edbc0763cd46853d16c70eaf513de8592b1ffb74a2ad2f7da
https://cdnjs.cloudflare.com/ajax/libs/crypto-js/4.2.0/hmac.min.js,ee8c45c905910542a704a416440ec3ddc8940f76304bf70b444dff79c233babb
https://cdnjs.cloudflare.com/ajax/libs/crypto-js/4.2.0/index.js,7de6a6041ebd1a43ecd79b59708795ac273930bb36265b41fff832d781e7bb27
https://cdnjs.cloudflare.com/ajax/libs/crypto-js/4.2.0/index.min.js,f6a508c998751bb2313fde554915c7821f0f952cdc5656a0f66499a57385b7e5
https://cdnjs.cloudflare.com/ajax/libs/crypto-js/4.2.0/lib-typedarrays.js,a5875f287e6cc6dea0ab64024db32783229a7db55f74deccf6566973bbd76ec9
https://cdnjs.cloudflare.com/ajax/libs/crypto-js/4.2.0/lib-typedarrays.min.js,5786c80450e4a357318384dd0f79bdbab0807eaa0e25f41f49f0e5408d017372
https://cdnjs.cloudflare.com/ajax/libs/crypto-js/4.2.0/md5.js,ffce8dc6b782620c6238a5b2280c5a98f6bef8c77fa80e581fac8cce0f08effe
https://cdnjs.cloudflare.com/ajax/libs/crypto-js/4.2.0/md5.min.js,585e38688ec7da5f9146026a9cbf624e0ea2abb5f741385eda0c0aa02ef44255
https://cdnjs.cloudflare.com/ajax/libs/crypto-js/4.2.0/mode-cfb.js,a3626b78fe53d7d32fbcaeaeb92750db305e84e2ccb84e61d735ac7a4dc7345c
https://cdnjs.cloudflare.com/ajax/libs/crypto-js/4.2.0/mode-cfb.min.js,b1c91f4020e2982ba27ea4e116bbdda54ba4aa3384aaab424a281ec63c5a014f
https://cdnjs.cloudflare.com/ajax/libs/crypto-js/4.2.0/mode-ctr-gladman.js,fcd6166981435cc01bdfd2fb8f9e2773acfb144ab8c47e0c71473d9bdee755b0
https://cdnjs.cloudflare.com/ajax/libs/crypto-js/4.2.0/mode-ctr-gladman.min.js,246b58fdaee11470801e719500160bba4d6ae3f421d998dddf1c3e5f81e422ef
https://cdnjs.cloudflare.com/ajax/libs/crypto-js/4.2.0/mode-ctr.js,9e67161f61922a475b142b2e18cb4470ed7860ef61bc6e7a41f327f7a59be96f
https://cdnjs.cloudflare.com/ajax/libs/crypto-js/4.2.0/mode-ctr.min.js,c506149738f7ecb55503027cb8c70c5f186203c9e471c267c9c1e3da51400512
https://cdnjs.cloudflare.com/ajax/libs/crypto-js/4.2.0/mode-ecb.js,4f563373ba4af442e1b425b7b7dd1030ed84b9babe9821949922d9677bf14701
https://cdnjs.cloudflare.com/ajax/libs/crypto-js/4.2.0/mode-ecb.min.js,1a797464eae83bbad74f82c40953128a596448f97447f97a0b8df101f34c28ee
https://cdnjs.cloudflare.com/ajax/libs/crypto-js/4.2.0/mode-ofb.js,b49077bf4bf5e8f2cbb2de0e2d48c4d941a3feba2bc7c629abd51fe2ac8bdb2f
https://cdnjs.cloudflare.com/ajax/libs/crypto-js/4.2.0/mode-ofb.min.js,32f505444fb4aabf7402fe229c0d1712208ec4109c3b3784a37cc1fb90933be0
https://cdnjs.cloudflare.com/ajax/libs/crypto-js/4.2.0/pad-ansix923.js,7d950bc42f262159a2786eea30d1153a3d0bca9aab9acdbcc1a981a8d2854ef7
https://cdnjs.cloudflare.com/ajax/libs/crypto-js/4.2.0/pad-ansix923.min.js,2d72d9259f45cf3edf6cf0ca0dcc32e41a9c1933489545009b773a697fe4e973
https://cdnjs.cloudflare.com/ajax/libs/crypto-js/4.2.0/pad-iso10126.js,d3695304e8e7a001cc6e1b84d4b58abd429dd7e3f09514c260bcd3122a3aa685
https://cdnjs.cloudflare.com/ajax/libs/crypto-js/4.2.0/pad-iso10126.min.js,dd168295ca5f750baf11781001d1fc191ad9d75e491cd34cd0868d65bf669698
https://cdnjs.cloudflare.com/ajax/libs/crypto-js/4.2.0/pad-iso97971.js,f7f7179b8bea5b6ef4f0891f23b563db8aa530376795cd99ef84942cfc62d328
https://cdnjs.cloudflare.com/ajax/libs/crypto-js/4.2.0/pad-iso97971.min.js,62290be32156783082b33df401d82defd7d2ba1ff5b31a1c9a39c33fc9c541f8
https://cdnjs.cloudflare.com/ajax/libs/crypto-js/4.2.0/pad-nopadding.js,a722d1f1486b807b34076ec3277ea3a65f21837db2d9f76eb5daa7de312479a6
https://cdnjs.cloudflare.com/ajax/libs/crypto-js/4.2.0/pad-nopadding.min.js,bbfcc962e8e2d7e08a38946f0a4ce59d5a1fd33f0b0973997e92ca0a1e75bd2b
https://cdnjs.cloudflare.com/ajax/libs/crypto-js/4.2.0/pad-pkcs7.js,9a3c909e8c3b6604bfd7a48a3c7e61504292744d894bce1266b44691b857c1bc
https://cdnjs.cloudflare.com/ajax/libs/crypto-js/4.2.0/pad-pkcs7.min.js,6f567cead784eb6decd8974536597ec17a0adffefb124f26d202267f68ceb9ad
https://cdnjs.cloudflare.com/ajax/libs/crypto-js/4.2.0/pad-zeropadding.js,d99e781985e817da7c6af30d957c45419b1a7e176bf52160424ebbbf970df906
https://cdnjs.cloudflare.com/ajax/libs/crypto-js/4.2.0/pad-zeropadding.min.js,9744827f9a38e4bcf42b95466cb61051b2bcc3cc4cc9722931f4595f59842d6f
https://cdnjs.cloudflare.com/ajax/libs/crypto-js/4.2.0/pbkdf2.js,89cca1be3926c8d89b6f827d70970bb3bc94ae47943342ca8949992faf8d2b60
https://cdnjs.cloudflare.com/ajax/libs/crypto-js/4.2.0/pbkdf2.min.js,f069e535938b77a9eb0770cedf0b883f207189c077dd97fe9fd5f60148c0475c
https://cdnjs.cloudflare.com/ajax/libs/crypto-js/4.2.0/rabbit-legacy.js,cf9afefa87b216dd4d8be00524f8904bba1147fbb90273e5e6a7b2824b52e56f
https://cdnjs.cloudflare.com/ajax/libs/crypto-js/4.2.0/rabbit-legacy.min.js,f2a21a30fd7a444a7e8f1e96c0279a4661de8c302c7033a768a7a9eeb2287800
https://cdnjs.cloudflare.com/ajax/libs/crypto-js/4.2.0/rabbit.js,dc93dba650db41783f8a3faba6ba17ad82cb0eb1b6fa84df406f71d520d84b42
https://cdnjs.cloudflare.com/ajax/libs/crypto-js/4.2.0/rabbit.min.js,957a0e06c48d75bc6c0f1eb4337617dabd551a8d860afa0dc323cc64f3db220e
https://cdnjs.cloudflare.com/ajax/libs/crypto-js/4.2.0/rc4.js,571eca05c055a26c729f757f83b9f849968ae0dc0ba9870e5be9526019c53a33
https://cdnjs.cloudflare.com/ajax/libs/crypto-js/4.2.0/rc4.min.js,7457087d542b320b9e94e3426ce72738bbccdbbb6fd7723ed2eb97deebb156eb
https://cdnjs.cloudflare.com/ajax/libs/crypto-js/4.2.0/ripemd160.js,3d7eea732acb8f27ba7be5ec54cc1c5ea198be2f7b12ae78cf03ce3b87d78da1
https://cdnjs.cloudflare.com/ajax/libs/crypto-js/4.2.0/ripemd160.min.js,eee8436de1ca63d2a27912adea64fd0481addb7c09225999adb1493058ea3b72
https://cdnjs.cloudflare.com/ajax/libs/crypto-js/4.2.0/sha1.js,fca2d5560acb8de760ebc94679ff210056722af8193871e75176a61a977ac30f
https://cdnjs.cloudflare.com/ajax/libs/crypto-js/4.2.0/sha1.min.js,af8ae523c18de6190ae3ef0c09cbf22f7b8e389acde6129bd7cf856fa126a3ed
https://cdnjs.cloudflare.com/ajax/libs/crypto-js/4.2.0/sha224.js,542ddc722d9711595c11d57caa9424beca928b3553747a51e3f1c57c2c08ec16
https://cdnjs.cloudflare.com/ajax/libs/crypto-js/4.2.0/sha224.min.js,4a6a64d35376d87a17a769a6f6b2a72c1322eed7241010acf18c4013a662b722
https://cdnjs.cloudflare.com/ajax/libs/crypto-js/4.2.0/sha256.js,d8074f23cbd27aa6c2f231b8bdad34bbd8d49c7e47ffa0d7cd07a2c4d1d3c798
https://cdnjs.cloudflare.com/ajax/libs/crypto-js/4.2.0/sha256.min.js,44f2c69e6f14ce36a1c8f282c0b744b95dee004cda08bf6de1ff5f68064d9670
https://cdnjs.cloudflare.com/ajax/libs/crypto-js/4.2.0/sha3.js,6ee08cd3d69b181cb735011acd0a0d57b6a4a071baf8ecbbbb9aa18cf1e4d6ac
https://cdnjs.cloudflare.com/ajax/libs/crypto-js/4.2.0/sha3.min.js,60aa08598d5608e71da291e3f2803216e95a8734fbc90395dc428aa4a6a650f1
https://cdnjs.cloudflare.com/ajax/libs/crypto-js/4.2.0/sha384.js,8d902216aef6840bb9951117bdd3aa6331078e68ee04987aa1d59c73b5ff3066
https://cdnjs.cloudflare.com/ajax/libs/crypto-js/4.2.0/sha384.min.js,b9c47661895df0b7b3be20922fcddad246d309966699a271fae3f39ed9e49213
https://cdnjs.cloudflare.com/ajax/libs/crypto-js/4.2.0/sha512.js,986ca486a1c9e58e9d8fc38d1db4e652e14c751ba1a6a15fd81439d261efe2b0
https://cdnjs.cloudflare.com/ajax/libs/crypto-js/4.2.0/sha512.min.js,646567cdbd1183a1fb1f19c7364e35d54193b63f6d9f0ac9f321db5e38fbb249
https://cdnjs.cloudflare.com/ajax/libs/crypto-js/4.2.0/tripledes.js,8d8de06235e08f38ddc855070ef8cb86d7c69a67b3a5278f8cbf2af64b55122d
https://cdnjs.cloudflare.com/ajax/libs/crypto-js/4.2.0/tripledes.min.js,435fc5ea995d4bb39c4741337a3846f21c59be73842260cda8d67d6f2c96a1de
https://cdnjs.cloudflare.com/ajax/libs/crypto-js/4.2.0/x64-core.js,c54130dcd19ae2c7f8c4b4a69cb2038a65d363899cddf7ebaae0102bfc8fe086
https://cdnjs.cloudflare.com/ajax/libs/crypto-js/4.2.0/x64-core.min.js,0801533f132e494d1df84ef6c1e57383d0c549bcd3857ec3b7661aa3ce43c840
https://cdnjs.cloudflare.com/ajax/libs/es6-promise/4.2.8/es6-promise.auto.js,29436a44b97e3cc71a5c5027ad75c04c53a41ad0bdf4d493925662d7ce66dfbb
https://cdnjs.cloudflare.com/ajax/libs/es6-promise/4.2.8/es6-promise.auto.min.js,5f1addaf2e9f5922aed63d802f2b8afe01c543ed81a7be99ad1e9fdd05c8e3b6
https://cdnjs.cloudflare.com/ajax/libs/es6-promise/4.2.8/es6-promise.js,a7b37bf23052eb5924d99f60cce1759d40af854beb2de4dd08d65ab7e828eaa1
https://cdnjs.cloudflare.com/ajax/libs/es6-promise/4.2.8/es6-promise.min.js,c54d7286e4a0a52530538bd22385d60e5603a9d327fa321f11bc5a7cb090fc36
https://cdnjs.cloudflare.com/ajax/libs/jspdf/3.0.3/jspdf.es.js,b54442897d24afb7519957b2842b62f808b6309d5eda7fea177e3246545f96d9
https://cdnjs.cloudflare.com/ajax/libs/jspdf/3.0.3/jspdf.es.min.js,d02f41d388599f1e8e1ed0d69bc35d8adaf7257cd9086f796c94fd3a0fa22fc5
https://cdnjs.cloudflare.com/ajax/libs/jspdf/3.0.3/jspdf.umd.js,43b7ead41219cc821e9dbf958d1e803d4b406c79ecf1d823a544e7d0e8d7c2db
https://cdnjs.cloudflare.com/ajax/libs/jspdf/3.0.3/jspdf.umd.min.js,509a1b5b1f3402b81e28510e46145618373a9cba61c94c119d5e9242a86261e1
https://cdnjs.cloudflare.com/ajax/libs/jspdf/3.0.3/polyfills.es.js,432665b5ba2d006e9dd214b5c157557b454c193eb7578e83f5a80bb5036a6e1b
https://cdnjs.cloudflare.com/ajax/libs/jspdf/3.0.3/polyfills.es.min.js,31f6254eef54dafd3bad6d1d19f91a7af3ada23f72025965e650173b013318ec
https://cdnjs.cloudflare.com/ajax/libs/jspdf/3.0.3/polyfills.umd.js,f1cece227f4f738e5c9697839e4b534cc8ce56135a670d3aac44d0418b3e9658
https://cdnjs.cloudflare.com/ajax/libs/jspdf/3.0.3/polyfills.umd.min.js,f38d382851134399b2f1c6ddd72efd90076f6152971406102a4286d3991cbf56
https://cdnjs.cloudflare.com/ajax/libs/socket.io/4.8.1/socket.io.esm.min.js,6e1fe90688a686dcd6baadc5a3bdc7aa741f8a01c147381af515a2ccca05f2fc
https://cdnjs.cloudflare.com/ajax/libs/socket.io/4.8.1/socket.io.js,238040837b5172381b31d5721c7ff8993bdb761be29547b503e3a9b4e14c0f13
https://cdnjs.cloudflare.com/ajax/libs/socket.io/4.8.1/socket.io.min.js,b0e735814f8dcfecd6cdb8a7ce95a297a7e1e5f2727a29e6f5901801d52fa0c5
https://cdnjs.cloudflare.com/ajax/libs/socket.io/4.8.1/socket.io.msgpack.min.js,f0524c2523ebbf63d3d51cee565acad8d8b62a7ae0c517e116786d76ed6f40ad
https://cdnjs.cloudflare.com/ajax/libs/ramda/0.31.3/ramda.js,8261615577ea882b8c2d8caa9bb4e211c34f993e109acfbfb6690d0a3bab1928
https://cdnjs.cloudflare.com/ajax/libs/ramda/0.31.3/ramda.min.js,266d901ea379b2c17e7f3fc63cf98547a96b4dd9269b0cda64711274923a35fe
https://cdnjs.cloudflare.com/ajax/libs/request/2.88.2/index.js,8add87cb60d62ceeca63981bb4426b1fffb4fef65303f31b688eb1f1c425274f
https://cdnjs.cloudflare.com/ajax/libs/request/2.88.2/index.min.js,b48fb13b07aa2f2738f34f91537caaab024a61215d9a1bea9f93632cfdebac28
https://cdnjs.cloudflare.com/ajax/libs/request/2.88.2/lib/auth.js,033318b8870b4a942c02fe04f8a9dce0930d9160399671f4c21806083681d994
https://cdnjs.cloudflare.com/ajax/libs/request/2.88.2/lib/auth.min.js,97c2074a7998ff0f96ac4f54f9dac8e9d23de971fc7cac01852b9aed1b2602ab
https://cdnjs.cloudflare.com/ajax/libs/request/2.88.2/lib/cookies.js,e8d8d2b1010ca12a30020f1a4e99035f009d40ab51e51a1f5bac9106ba1ad3ec
https://cdnjs.cloudflare.com/ajax/libs/request/2.88.2/lib/cookies.min.js,55c2cad0c6b4e3c092120df843da085be1be998b4a3184f079810e9aec773f8a
https://cdnjs.cloudflare.com/ajax/libs/request/2.88.2/lib/getProxyFromURI.js,2aad0e7cffbfa43f72c0e116b6a934f5f644d2269ceb9672985f5856c6b6c82a
https://cdnjs.cloudflare.com/ajax/libs/request/2.88.2/lib/getProxyFromURI.min.js,38a6099bbde0575ef1c9ec6046f2a5e2502d70ff107bf4ae511770460d1f0acd
https://cdnjs.cloudflare.com/ajax/libs/request/2.88.2/lib/har.js,fe0b236b19abf68032446b695cc9435fe77f3de373ea4ec11d66933a11f7e67b
https://cdnjs.cloudflare.com/ajax/libs/request/2.88.2/lib/har.min.js,1987d037eb9ecbdb89d206a0e115a48f12310b81f53fd2756eca2db1eb0e5b0b
https://cdnjs.cloudflare.com/ajax/libs/request/2.88.2/lib/hawk.js,4cdf71cef3c12528cd7163f6955d55aa77c260a440a3fcb93b77e3a9c4ab1650
https://cdnjs.cloudflare.com/ajax/libs/request/2.88.2/lib/hawk.min.js,d409edd382b80527a38152f3ab9f0ab7d26600f75e128b6d5fd3306e8af8f8ea
https://cdnjs.cloudflare.com/ajax/libs/request/2.88.2/lib/helpers.js,50f1b86132ea1a7acda9b48b69016c7623660efad2c79b554bd30c78286f3bf5
https://cdnjs.cloudflare.com/ajax/libs/request/2.88.2/lib/helpers.min.js,ed29a2d823a692d57781255d064d7d53f72e04d0c81a3cd07333c6e0f719d096
https://cdnjs.cloudflare.com/ajax/libs/request/2.88.2/lib/multipart.js,af2c0b45347049efcd475a47c15bd448fc714482d34b2caf7e3c912bef3ecf43
https://cdnjs.cloudflare.com/ajax/libs/request/2.88.2/lib/multipart.min.js,4e05ea67b25c4fd74b46c520573cb723b17292678f56cc4fbc4c85f0f324eab7
https://cdnjs.cloudflare.com/ajax/libs/request/2.88.2/lib/oauth.js,53fdc5f23d96f57db1e2a2152fc156949b37fccb5d3d9a39e035e919233798cb
https://cdnjs.cloudflare.com/ajax/libs/request/2.88.2/lib/oauth.min.js,314909b3ad8bc5e22a8fe74eb768c2952ff9a6f17f583cafbfdcfc5ecd6ee57a
https://cdnjs.cloudflare.com/ajax/libs/request/2.88.2/lib/querystring.js,03d39ea220b40c0095a5b33c172afe33e631bb43be84cf9269f533ee5aec7a47
https://cdnjs.cloudflare.com/ajax/libs/request/2.88.2/lib/querystring.min.js,6f9fb81837bfc0e8c23a9560903bfb2881c07d979d8513709b3238fdc07fd629
https://cdnjs.cloudflare.com/ajax/libs/request/2.88.2/lib/redirect.js,4056494e80f0354a6253c6fc08a526bf10920c1b2bb517efb1249945a1291672
https://cdnjs.cloudflare.com/ajax/libs/request/2.88.2/lib/redirect.min.js,34dc55828a26f5cc6810438ef9ee3cf373e900b49bab4994214c14b313fd1545
https://cdnjs.cloudflare.com/ajax/libs/request/2.88.2/lib/tunnel.js,43f4f4ab7ad358863ce1a215711b0bac297ed0030cdfb8db35329b201a554671
https://cdnjs.cloudflare.com/ajax/libs/request/2.88.2/lib/tunnel.min.js,e477157162c586a32843fc16742e3352051104c091127ad2c7332c0777332274
https://cdnjs.cloudflare.com/ajax/libs/request/2.88.2/request.js,289c0b7854f2403813b2e03999888a9fda5d80ec11d3cf98ffb2c0e7d0cd99c0
https://cdnjs.cloudflare.com/ajax/libs/request/2.88.2/request.min.js,e8244c13b5b90f67c0ccf9b5326c5bbe5566adb32cfc5771a1424e280d872409
https://cdnjs.cloudflare.com/ajax/libs/canvas-confetti/1.9.3/confetti.js,0cbba19608520cf38497e819c64887063d1b5be0faff1003ab1c26dc216e3425
https://cdnjs.cloudflare.com/ajax/libs/canvas-confetti/1.9.3/confetti.min.js,123521ce388e19a8def20dc0ab94e2412f73f07adc31091b80946f20dfb6c3fb
https://cdnjs.cloudflare.com/ajax/libs/mocha/11.7.2/mocha.css,f94c18b964616df2848735fb3a26bf0c04e19744090a887c2793370666aa7c3b
https://cdnjs.cloudflare.com/ajax/libs/mocha/11.7.2/mocha.js,2f785bf8fcdfa197eb3d47685c73381a797e67d05bf9d10351ed2194c4c2455e
https://cdnjs.cloudflare.com/ajax/libs/mocha/11.7.2/mocha.min.css,a103cf4fb4772293f8f9765c0ed9e0c18e9326991799a8beed1f27997f3acfde
https://cdnjs.cloudflare.com/ajax/libs/mocha/11.7.2/mocha.min.js,ad4316f6d10dbc60cd6c65aeb9c6f2eb7c812c6c1d3274e88bf6af8b26b40ebd
https://cdnjs.cloudflare.com/ajax/libs/html2canvas/1.4.1/html2canvas.esm.js,c3b0b8b257996d79b5e362d2aee2411ff74fd23e984e9900f5ba005ea4753d64
https://cdnjs.cloudflare.com/ajax/libs/html2canvas/1.4.1/html2canvas.esm.min.js,9a971684019952062f6924df8daaa1dc29d20e83048bb24ce9736f21ba60a40f
https://cdnjs.cloudflare.com/ajax/libs/html2canvas/1.4.1/html2canvas.js,01c5b468ffa0427e535e3019165d2efd2489650ec9cf1379d6ab79fdbf75736b
https://cdnjs.cloudflare.com/ajax/libs/html2canvas/1.4.1/html2canvas.min.js,e87e550794322e574a1fda0c1549a3c70dae5a93d9113417a429016838eab8cb
https://cdnjs.cloudflare.com/ajax/libs/d3/7.9.0/d3.js,0c0d58be2106c14e242fc75bc09a17467800630751580665f6e9552a0c064ea2
https://cdnjs.cloudflare.com/ajax/libs/d3/7.9.0/d3.min.js,f2094bbf6141b359722c4fe454eb6c4b0f0e42cc10cc7af921fc158fceb86539
https://cdnjs.cloudflare.com/ajax/libs/vue/3.5.22/vue.cjs.js,53e8eb5ad5f4ec0c6667dd8a5352a28458374a202b036974827e96155cddfca7
https://cdnjs.cloudflare.com/ajax/libs/vue/3.5.22/vue.cjs.min.js,1eb24253fd20a8f3f2ad5670d98ac045cc6686c9a1a4e01f06d98a900f077f2e
https://cdnjs.cloudflare.com/ajax/libs/vue/3.5.22/vue.cjs.prod.js,f0397f10859337ed8a2c9656abc9252671723dd918628dc1ba3610546394ef8f
https://cdnjs.cloudflare.com/ajax/libs/vue/3.5.22/vue.cjs.prod.min.js,275bc9a74bd4fd52d590b107f5d69b305ae9510840e888e7056a99d10121098f
https://cdnjs.cloudflare.com/ajax/libs/vue/3.5.22/vue.esm-browser.js,fb836dd2b61e16cbb772ad0de6febaedbbf7345f32efe0b1f7dbab63369e9e1c
https://cdnjs.cloudflare.com/ajax/libs/vue/3.5.22/vue.esm-browser.min.js,be20862b878298feceff434513d5c29b9414c6bfa64e82316a1c23f200079c04
https://cdnjs.cloudflare.com/ajax/libs/vue/3.5.22/vue.esm-browser.prod.js,f1dfbe4ca6bdc0f8eac639eea8652654a073433018be9bfd1cc55e75574b78f0
https://cdnjs.cloudflare.com/ajax/libs/vue/3.5.22/vue.esm-browser.prod.min.js,5ea2fb5c877c63f4b756ad03b4ef28cb35e64310015bbc827c237c429fd7c21d
https://cdnjs.cloudflare.com/ajax/libs/vue/3.5.22/vue.esm-bundler.js,9cc10b934f2442463e91dab6c02d276cd2d89b156d2378cc265d9af54187e072
https://cdnjs.cloudflare.com/ajax/libs/vue/3.5.22/vue.esm-bundler.min.js,3af5dd635938efb5c432b31e810c76361f2f668c07811f88e91e7a79a6500584
https://cdnjs.cloudflare.com/ajax/libs/vue/3.5.22/vue.global.js,29afbb3f4ec3f07fcd0d88222bb058acb9ec6253d8ccf9412f8e606d4a581216
https://cdnjs.cloudflare.com/ajax/libs/vue/3.5.22/vue.global.min.js,273a97cec12ef063bc71f356e47412e3ea572dab79fb4a907820457d52d3c3b1
https://cdnjs.cloudflare.com/ajax/libs/vue/3.5.22/vue.global.prod.js,dae9c178e86e09240e58721cdb46a81ac96ae1dc6a870d1b1bb9ffaee3c6d3fe
https://cdnjs.cloudflare.com/ajax/libs/vue/3.5.22/vue.global.prod.min.js,d28534ab90c76162c274e984cd59eb8f09f6c9d840ad7400847346c408605c82
https://cdnjs.cloudflare.com/ajax/libs/vue/3.5.22/vue.runtime.esm-browser.js,870ad973bafe13e605f5de18197dca39fdb8cccce9d0735a6cbc8e637f198576
https://cdnjs.cloudflare.com/ajax/libs/vue/3.5.22/vue.runtime.esm-browser.min.js,6aff115490b07a4f7623cb46509e4ccc8b09c97aadff8de11188a06066870310
https://cdnjs.cloudflare.com/ajax/libs/vue/3.5.22/vue.runtime.esm-browser.prod.js,453d54f2da991b3ffbc7b793123888904490d7fa2f7a2e986516f582d193b3f6
https://cdnjs.cloudflare.com/ajax/libs/vue/3.5.22/vue.runtime.esm-browser.prod.min.js,8ad76e9da78a392a5c3127f3cd46d30b86dadb2579151af2c94fe8a35dc51052
https://cdnjs.cloudflare.com/ajax/libs/vue/3.5.22/vue.runtime.esm-bundler.js,83d01b94a6e3a0c6e1528ff9f0c81fa5e3ae2599742c5fee3cab150d4c174505
https://cdnjs.cloudflare.com/ajax/libs/vue/3.5.22/vue.runtime.esm-bundler.min.js,b826b9b4dd50278a0929286411d9e5af29a58094b8505be10afb51189025283e
https://cdnjs.cloudflare.com/ajax/libs/vue/3.5.22/vue.runtime.global.js,f7a6319d7eb1c07c7192ce48cfc72128e56f098d429bd0a82fc6b6965509ef4f
https://cdnjs.cloudflare.com/ajax/libs/vue/3.5.22/vue.runtime.global.min.js,f2425009863188076a71713a9b99a19f57779a39247ec31eb140dcfcea77b14f
https://cdnjs.cloudflare.com/ajax/libs/vue/3.5.22/vue.runtime.global.prod.js,59c252182a500bd9453f21391bb8c448ac7dd23512502ae1b56e61943f52812d
https://cdnjs.cloudflare.com/ajax/libs/vue/3.5.22/vue.runtime.global.prod.min.js,9a98460960abd8cccf7f15b1a026e7bbf599eff38577c31b8125064c99e4be7b
https://cdnjs.cloudflare.com/ajax/libs/history/5.3.0/history.development.js,2fc6a0ccab6c60c69ed1bd107c7aa564f9b51d62377b4830cccf7995e1227033
https://cdnjs.cloudflare.com/ajax/libs/history/5.3.0/history.development.min.js,6c615a16309bee54974f2af82459a0a1bb2fa3c18b7fc367af957ab825082ce7
https://cdnjs.cloudflare.com/ajax/libs/history/5.3.0/history.production.min.js,e024797b7ca8bed91cab95b2a61044f1cb9e7a8654795ba6ee2cad51cae23e0a
https://cdnjs.cloudflare.com/ajax/libs/react-dropzone/14.3.8/index.js,0479aef320d90c7e8b031da329e9fe9246f0bba0ad8eaef18ca823a5e3c55bf0
https://cdnjs.cloudflare.com/ajax/libs/react-dropzone/14.3.8/index.min.js,61c06058c35b4aa22e70887e2d796e76c53fcec3b4e5c96c38637e4ad2326abb
https://cdnjs.cloudflare.com/ajax/libs/xlsx/0.18.5/cpexcel.js,5f0cc8cc3c764e924a2877f32dcd93709756d0b6c26d2471bfd911ce6f8e81c2
https://cdnjs.cloudflare.com/ajax/libs/xlsx/0.18.5/cpexcel.min.js,ebb5f078c9594262c5853942312e6c62189b18d47d52d3ca32fc9d691cc61a15
https://cdnjs.cloudflare.com/ajax/libs/xlsx/0.18.5/shim.min.js,0c16091947c28ec153e281cd303d8b3867bd1d964607af6ad4f264ccd9e512e7
https://cdnjs.cloudflare.com/ajax/libs/xlsx/0.18.5/xlsx.core.min.js,82d32e9e10fc77e90e5eb78e333515135e52fd087c592c48f5a1d2aea4453ed9
https://cdnjs.cloudflare.com/ajax/libs/xlsx/0.18.5/xlsx.extendscript.js,0c5aa86d97dc5216e8f47bfd65e3ff695c676da22091fa15124536c061e430d3
https://cdnjs.cloudflare.com/ajax/libs/xlsx/0.18.5/xlsx.extendscript.min.js,f61d2b282575feb69ec95106cee2b0a0baa3c64ede08f08d8369ca1a530e15a8
https://cdnjs.cloudflare.com/ajax/libs/xlsx/0.18.5/xlsx.full.min.js,c9506197caf809a075b6dee1da0d36fb19da7158ffe8a88e7b0c96c5d8623c99
https://cdnjs.cloudflare.com/ajax/libs/xlsx/0.18.5/xlsx.mini.min.js,3120abba1fd0ea031f25ab22ac93e726f6f63467da1a6349b82e82f3df5d775c
https://cdnjs.cloudflare.com/ajax/libs/xlsx/0.18.5/xlsx.zahl.js,b1b0c61fb9dc2811ff8e566322d6843456f0ba548d11af615776e036d1e7531e
https://cdnjs.cloudflare.com/ajax/libs/xlsx/0.18.5/xlsx.zahl.min.js,a50f021dc11eeb56734b4bacecc28112598f9a93f4c1a079cd2bd29960ba3b58
https://cdnjs.cloudflare.com/ajax/libs/isomorphic-fetch/3.0.0/fetch-npm-browserify.js,4e1fb5828d882456912e121823f2c49484815e036cd78e3abc73b7becb4e82ce
https://cdnjs.cloudflare.com/ajax/libs/isomorphic-fetch/3.0.0/fetch-npm-browserify.min.js,a51a9331132aefaabba819c4399d4b6a666e4c071b832b9a44f6aeae8daf02ae
https://cdnjs.cloudflare.com/ajax/libs/fuse.js/7.1.0/fuse.basic.js,fe7f2bd9960526c0c5d8ccd01464747a15c9884bf3cc7a7fa8a5bbca1988c361
https://cdnjs.cloudflare.com/ajax/libs/fuse.js/7.1.0/fuse.basic.min.js,1ab274a4d4b8f6d992abc07c62205f9c2c8a32a45ecf2d4f7233e32aec8326f5
https://cdnjs.cloudflare.com/ajax/libs/fuse.js/7.1.0/fuse.js,1c5637f8e9c373408bd946d673f5b78b5b53b2df62652f51a1432a95bdb4966f
https://cdnjs.cloudflare.com/ajax/libs/fuse.js/7.1.0/fuse.min.js,220934f576134b0466d99f786ce21b13f87d319b1e9ae633c55e68f6f41c3c9d
https://cdnjs.cloudflare.com/ajax/libs/styled-components/6.1.19/styled-components.browser.cjs.js,0b2aca17f832260b4f3107a01c4734cc58e583078405570983c5ba6197510fc0
https://cdnjs.cloudflare.com/ajax/libs/styled-components/6.1.19/styled-components.browser.cjs.min.js,5b94d9a47ab2956dbb71a0a77583a0b4cfa948b58c333e9caaab40a70a96171e
https://cdnjs.cloudflare.com/ajax/libs/styled-components/6.1.19/styled-components.browser.esm.js,0dd4b364cba510138270fd6a158cfda4d14c3469765e848dbe6206d00c8a5a3b
https://cdnjs.cloudflare.com/ajax/libs/styled-components/6.1.19/styled-components.browser.esm.min.js,9b138a2ac1b52b614b0f42111b05b9075760fb0f1846aa91c73e7a9f253c5c2e
https://cdnjs.cloudflare.com/ajax/libs/styled-components/6.1.19/styled-components.cjs.js,ca7191efa634b9848459f40d494eaeabecb25fe8087529353f51ca2e9c3b2fec
https://cdnjs.cloudflare.com/ajax/libs/styled-components/6.1.19/styled-components.cjs.min.js,074aef5d2ee9a61eb4b19d79eeffd325557e061d803c4f9fb44e603ce3036276
https://cdnjs.cloudflare.com/ajax/libs/styled-components/6.1.19/styled-components.esm.js,733c358f7c15fbdbf79cad40255a6c0f3ca19a37687aa4ecb3a73ae844f2c3ab
https://cdnjs.cloudflare.com/ajax/libs/styled-components/6.1.19/styled-components.esm.min.js,518b41023df84831572bf2cdb3ddabac1479b36383121373cfcf7ab7a75e2d5a
https://cdnjs.cloudflare.com/ajax/libs/styled-components/6.1.19/styled-components.js,483317f31643c368fe782245be9c3c3cd20c0dbbaaeb17baadcea804ed0e4d62
https://cdnjs.cloudflare.com/ajax/libs/styled-components/6.1.19/styled-components.min.js,2b38d18de21cbe88d22a3d8c519aeaf57ac44d8cae06d34032a5894c2bc4fc40
https://cdnjs.cloudflare.com/ajax/libs/aws-sdk/2.1692.0/aws-sdk.js,dbfa3c8b17ec4a43b65f63bace2e8411ade4ebfcd9dcc6371aa2f0153f285cdf
https://cdnjs.cloudflare.com/ajax/libs/aws-sdk/2.1692.0/aws-sdk.min.js,5c27e3643cb70c2fe4162ee58ecfdd2245f2a21f96dc08efd73466937b0e81c6
https://cdnjs.cloudflare.com/ajax/libs/pixelmatch/7.1.0/index.js,972e5a5387dde3b6d85ab77337d59ebafca988bf220145caa4b27dc742134dc5
https://cdnjs.cloudflare.com/ajax/libs/pixelmatch/7.1.0/index.min.js,cc3bdd4ea4c9b9fc311f18f7905f1701b7eb959013b3b25632814d1fa8f00df7
https://cdnjs.cloudflare.com/ajax/libs/react-select/5.10.2/Select-1b9abbe3.cjs.dev.js,326d5339c81482604620c858eef81c22ce4d3e492eca43e351dac6050f6d3c0f
https://cdnjs.cloudflare.com/ajax/libs/react-select/5.10.2/Select-1b9abbe3.cjs.dev.min.js,788bd58e6b7d6b3d2bdb243d84e016e8af4275b7ff1526956d849bad3dcfe320
https://cdnjs.cloudflare.com/ajax/libs/react-select/5.10.2/Select-8685a2b1.cjs.prod.js,582e62bec2f76665e8328fcfbfec6f45810467820c3b1e866708f2153effef96
https://cdnjs.cloudflare.com/ajax/libs/react-select/5.10.2/Select-8685a2b1.cjs.prod.min.js,a54873086cb65d44f078e5a97573667f6c2d02d9ee2c6a23e499d36800d4e7c0
https://cdnjs.cloudflare.com/ajax/libs/react-select/5.10.2/index-42b266b1.cjs.dev.js,cbfddbe7fb5a05ed6cd03751352ba5e801b214c1366a1a0d9578a874ef20e2ab
https://cdnjs.cloudflare.com/ajax/libs/react-select/5.10.2/index-42b266b1.cjs.dev.min.js,aeedb3939fc0dea75ea15ecd7178961aa1ab39f623f40e3c940b051430f4e6a8
https://cdnjs.cloudflare.com/ajax/libs/react-select/5.10.2/index-665c4ed8.cjs.prod.js,5f59300a1de23d12731d46697d97f9e3765e57dc22732f15e806d3c10138a393
https://cdnjs.cloudflare.com/ajax/libs/react-select/5.10.2/index-665c4ed8.cjs.prod.min.js,5f3108172b89a1ea9ced2aa60bb05faa473039084b2e36c249649987b9357771
https://cdnjs.cloudflare.com/ajax/libs/react-select/5.10.2/react-select.cjs.default.js,ae275c595d47d80052c85de8025eea5b9f8e14405d24134cf4509ae8a8b86d7d
https://cdnjs.cloudflare.com/ajax/libs/react-select/5.10.2/react-select.cjs.default.min.js,6df0535d4b76b49f1057fbdd19b5570d8e4ebabaad0070b5f9e401211c7127ad
https://cdnjs.cloudflare.com/ajax/libs/react-select/5.10.2/react-select.cjs.dev.js,70b9b0924876d4a4c9e9c64f6797cb422f422662819ee6edf2138e2dc028d6d1
https://cdnjs.cloudflare.com/ajax/libs/react-select/5.10.2/react-select.cjs.dev.min.js,25bbd7aa9858ecef3ee10ef68a7a12152f602a9fd11e1adfaa91b5ba117ba7ae
https://cdnjs.cloudflare.com/ajax/libs/react-select/5.10.2/react-select.cjs.js,e1dae628fc22841a69882458d2e5e3f483638cb50763471dba54ea20aa7410b3
https://cdnjs.cloudflare.com/ajax/libs/react-select/5.10.2/react-select.cjs.min.js,7d50646dd12a54eb223aec86479720b77f27a1a2998e1779009bccf7ff8c6b1d
https://cdnjs.cloudflare.com/ajax/libs/react-select/5.10.2/react-select.cjs.prod.js,75567727701b77289d89366b940be21c183e6ea6bb7c29b491f437e209b1dfa3
https://cdnjs.cloudflare.com/ajax/libs/react-select/5.10.2/react-select.cjs.prod.min.js,8cf64ad531db8862f711506b67ce5b0dcd7a2181a547c400a1e9fab749e6b90c
https://cdnjs.cloudflare.com/ajax/libs/react-select/5.10.2/useAsync-6b7b2aae.cjs.dev.js,035b51e42b4c6ffde07b7e1e1fa4a3697162e636de303d15f8d6588045afbe09
https://cdnjs.cloudflare.com/ajax/libs/react-select/5.10.2/useAsync-6b7b2aae.cjs.dev.min.js,277b00868c54807fa92dd67c547621f6dc1871835b98ba9b8100e61ccf5abb30
https://cdnjs.cloudflare.com/ajax/libs/react-select/5.10.2/useAsync-be659a57.cjs.prod.js,415d0d3ff680b392baf1d8a25313f169556d48c170bbccaeeb34ce0d075231d8
https://cdnjs.cloudflare.com/ajax/libs/react-select/5.10.2/useAsync-be659a57.cjs.prod.min.js,7e040dd5a3691f8c29bd63ccf1182c0acbdcec0c72232e51b44e214d002361da
https://cdnjs.cloudflare.com/ajax/libs/react-select/5.10.2/useCreatable-55029b87.cjs.dev.js,29203d5df2350c41c8b9d3fbff2bfc539a598f8617ad57816f63564dc14fcb66
https://cdnjs.cloudflare.com/ajax/libs/react-select/5.10.2/useCreatable-55029b87.cjs.dev.min.js,81828addb8f48d031b25ea0a134bc0e8b86e83a0041107808cd61390e9f86c75
https://cdnjs.cloudflare.com/ajax/libs/react-select/5.10.2/useCreatable-92373e48.cjs.prod.js,bbf2dad58b0294b32ef352437172ea63c157012a2eff9482d7df7cc4d7952fc8
https://cdnjs.cloudflare.com/ajax/libs/react-select/5.10.2/useCreatable-92373e48.cjs.prod.min.js,5ec72a901698839e363629f6caa064f71473e63c5c85640dcb950f23c095a8a7
https://cdnjs.cloudflare.com/ajax/libs/react-select/5.10.2/useStateManager-7748b351.cjs.dev.js,272212085ab16310ce600cda7842daf54bd31ec69cb99ac6f42c4b36fbbde312
https://cdnjs.cloudflare.com/ajax/libs/react-select/5.10.2/useStateManager-7748b351.cjs.dev.min.js,09fe10dbec6566ef05db3401ddc4ab76dc6313f6bc57cb8dcb3c5fbe0a29c3de
https://cdnjs.cloudflare.com/ajax/libs/react-select/5.10.2/useStateManager-ce23061c.cjs.prod.js,272212085ab16310ce600cda7842daf54bd31ec69cb99ac6f42c4b36fbbde312
https://cdnjs.cloudflare.com/ajax/libs/react-select/5.10.2/useStateManager-ce23061c.cjs.prod.min.js,09fe10dbec6566ef05db3401ddc4ab76dc6313f6bc57cb8dcb3c5fbe0a29c3de
https://cdnjs.cloudflare.com/ajax/libs/cytoscape/3.33.1/cytoscape.min.js,f55947f3daa3bae53209d4b885c195c157f595c225e508a6b382598d9452d6e2
https://cdnjs.cloudflare.com/ajax/libs/cytoscape/3.33.1/cytoscape.umd.js,1809376ee95e944940c7197327e742c1959c4abae43c43a39e859e5e53e73264
https://cdnjs.cloudflare.com/ajax/libs/cytoscape/3.33.1/cytoscape.umd.min.js,262d40a89b22b440bb1e168a326b8d5160b1e7a954b1a651f64f0b0d82af71ec
https://cdnjs.cloudflare.com/ajax/libs/exceljs/4.4.0/exceljs.bare.js,0b4323032ee41395315f7aef8ddc6f645f93c5bbfb6ff3301993647765d214e4
https://cdnjs.cloudflare.com/ajax/libs/exceljs/4.4.0/exceljs.bare.min.js,b039e32bfb7164dadd84a6973b30200dc07e1b58e1f21c546378fca6920a1f94
https://cdnjs.cloudflare.com/ajax/libs/exceljs/4.4.0/exceljs.js,217ea0c8d055db909ca8b6d44b0c8dfef2a95f07010c634af88aa61202e4f08b
https://cdnjs.cloudflare.com/ajax/libs/exceljs/4.4.0/exceljs.min.js,7e49da68588e250dbb8bba190d2caa8ab3787cc0284bda1d8b2f805c4df742c9
https://cdnjs.cloudflare.com/ajax/libs/mermaid/11.12.0/mermaid.js,8e511eedf4520984ea1955b4eb0d300f27e34eb2b21b359984aad2a0a8ff8f87
https://cdnjs.cloudflare.com/ajax/libs/mermaid/11.12.0/mermaid.min.js,07e37dfa97b337ccc85365d57eddf99b9706f09db3b59b260d0333b23b343c4b
https://cdnjs.cloudflare.com/ajax/libs/codemirror/6.65.7/addon/comment/comment.js,a65c038258c6541658a0e9f24c56c78255e0e20d4cf06aa9ad83342069a589be
https://cdnjs.cloudflare.com/ajax/libs/codemirror/6.65.7/addon/comment/comment.min.js,5759e7847cc0dca506089c4df923c06a0cdac49670f0a1dcc83905d097751394
https://cdnjs.cloudflare.com/ajax/libs/codemirror/6.65.7/addon/comment/continuecomment.js,eb64c50f80cb3080052971bc075bbbf421ab50287804af8ce47b0536da5365e9
https://cdnjs.cloudflare.com/ajax/libs/codemirror/6.65.7/addon/comment/continuecomment.min.js,a9e97590e7fae4ef373d32941cc68d688191bcde1f1056de319ee4eb0ada1a5e
https://cdnjs.cloudflare.com/ajax/libs/codemirror/6.65.7/addon/dialog/dialog.css,5df690d771f12118348562dd2a90060433ae2edeccd0908abcaa4480b1e3e468
https://cdnjs.cloudflare.com/ajax/libs/codemirror/6.65.7/addon/dialog/dialog.js,fd8c925fcc25357617faff21220c026bb91a617b995268d96c5d39232fd42833
https://cdnjs.cloudflare.com/ajax/libs/codemirror/6.65.7/addon/dialog/dialog.min.css,a69862c96bb9201693e29c78d041f9085a79785cafaf80a9cb3d228c6f99f828
https://cdnjs.cloudflare.com/ajax/libs/codemirror/6.65.7/addon/dialog/dialog.min.js,b11516c9c96f4d593f4427d4d70cddcb3520ebe6c19048cd62db641250ea2dc4
https://cdnjs.cloudflare.com/ajax/libs/codemirror/6.65.7/addon/display/autorefresh.js,2ec9d5585bd24d7611f30ebbb1cd8fedf79747cf89c1f83852dd1dd9981f10bd
https://cdnjs.cloudflare.com/ajax/libs/codemirror/6.65.7/addon/display/autorefresh.min.js,bdcc82d01c1cb574d7fb8bbf4938213a81131163375d5c869272de3859245216
https://cdnjs.cloudflare.com/ajax/libs/codemirror/6.65.7/addon/display/fullscreen.css,4a9b9a3588038c131d7b28eb8edb02f94e5fa520e97ed3cdbfba0ef0742f1bbc
https://cdnjs.cloudflare.com/ajax/libs/codemirror/6.65.7/addon/display/fullscreen.js,8e4a21aa77765df8893fc854c4b6be56279e12d9a70cbede913083c307ac769e
https://cdnjs.cloudflare.com/ajax/libs/codemirror/6.65.7/addon/display/fullscreen.min.css,cb08aa38f4b5e988e14545ed846136740ea96ad271769726f961c6b7fe6c9d90
https://cdnjs.cloudflare.com/ajax/libs/codemirror/6.65.7/addon/display/fullscreen.min.js,cc1948f85220b39ef8fdf41db74f6026a06445f6c29ebb68a415c731a2cecc3c
https://cdnjs.cloudflare.com/ajax/libs/codemirror/6.65.7/addon/display/panel.js,2b137f8e8631c717d2af81edc341d436cd3a6debb8e9fdfdc20630296685d3cb
https://cdnjs.cloudflare.com/ajax/libs/codemirror/6.65.7/addon/display/panel.min.js,a50e2d1a463b7d406355e53483e38a19af120dac1173ede59931121e800d9acf
https://cdnjs.cloudflare.com/ajax/libs/codemirror/6.65.7/addon/display/placeholder.js,44619626e2301fc16ebade252564e2c064113483e02f2fc8d8d262aed2485b9c
https://cdnjs.cloudflare.com/ajax/libs/codemirror/6.65.7/addon/display/placeholder.min.js,60e02d1780eb8a3c337f9d65af3229c5e73902c07e21ece8b6823efb83990ef2
https://cdnjs.cloudflare.com/ajax/libs/codemirror/6.65.7/addon/display/rulers.js,175d32d6794e2d917f446c4bcc8053c9a9e69eb9fcb3b805daaf015189b6ec03
https://cdnjs.cloudflare.com/ajax/libs/codemirror/6.65.7/addon/display/rulers.min.js,0d5548cc7e6b81c6b1c4857db6ec3bb8ee2233dfd6b603d9d9bb44240aac734c
https://cdnjs.cloudflare.com/ajax/libs/codemirror/6.65.7/addon/edit/closebrackets.js,143c3014c29254f3531cc30be6d90205084bcfc36cffa6f9b2a46fd42a40be20
https://cdnjs.cloudflare.com/ajax/libs/codemirror/6.65.7/addon/edit/closebrackets.min.js,df4a87dd3b175b509468755b74d06f0e82ff56f213f341f776c26ff0f0d27b37
https://cdnjs.cloudflare.com/ajax/libs/codemirror/6.65.7/addon/edit/closetag.js,6fbe2b93cc1744d9e14ad1d613449f7e16df4c2aa2842f658efc17abf662f850
https://cdnjs.cloudflare.com/ajax/libs/codemirror/6.65.7/addon/edit/closetag.min.js,54bafc863b576f5ee96efe0b49f4a70da4dab97b7aa652653a9fcabe6bd4914e
https://cdnjs.cloudflare.com/ajax/libs/codemirror/6.65.7/addon/edit/continuelist.js,6ba9cd9528b74e7f76f4b9ce9ed0677bfed7057d1aade0050185368cfd0ea2e3
https://cdnjs.cloudflare.com/ajax/libs/codemirror/6.65.7/addon/edit/continuelist.min.js,b5eebc7db4f99b071ee900d420b86bcef8e2bea853f065b004e40519749e1d2b
https://cdnjs.cloudflare.com/ajax/libs/codemirror/6.65.7/addon/edit/matchbrackets.js,9d0e5ee4c199fcbe487a901860c2cf7d007263852677dd5858098fcaa8580f1e
https://cdnjs.cloudflare.com/ajax/libs/codemirror/6.65.7/addon/edit/matchbrackets.min.js,f359c5f395a2a08191557d40b61ef8c3893803da9019171cc44b8d9c8c7d4a3a
https://cdnjs.cloudflare.com/ajax/libs/codemirror/6.65.7/addon/edit/matchtags.js,263d752f850b20890f0506fcb277b094b474138692a58b45d7b9bb03e20aa00c
https://cdnjs.cloudflare.com/ajax/libs/codemirror/6.65.7/addon/edit/matchtags.min.js,2e7f3d3db7ee20cd92d78847b2e71fd258db4c466db1f2513e56725a3286772c
https://cdnjs.cloudflare.com/ajax/libs/codemirror/6.65.7/addon/edit/trailingspace.js,a0d2c0196d8f4991cd58f320498f7aece971e502e4811ecf58cb5af8e83007c6
https://cdnjs.cloudflare.com/ajax/libs/codemirror/6.65.7/addon/edit/trailingspace.min.js,aca5c556a4882597f082f20629becd0d475ad52934f9a6e88e71b93913a79258
https://cdnjs.cloudflare.com/ajax/libs/codemirror/6.65.7/addon/fold/brace-fold.js,2907087538a295e5b4f084f8c5ee7eba35cc973db194cbf596ab13a6c97a6834
https://cdnjs.cloudflare.com/ajax/libs/codemirror/6.65.7/addon/fold/brace-fold.min.js,581fe3995089d30e814bea1e17b5ab964beab3ab61859957601a2d7dc45abe60
https://cdnjs.cloudflare.com/ajax/libs/codemirror/6.65.7/addon/fold/comment-fold.js,a79d02eb1b425d8a4823f2d962b7b9f49af578fc9042b928b892417c00e7d13a
https://cdnjs.cloudflare.com/ajax/libs/codemirror/6.65.7/addon/fold/comment-fold.min.js,167a729fea4bd22d3ccefaa66ceed69f957f9a5edf91c158cc041d005704e058
https://cdnjs.cloudflare.com/ajax/libs/codemirror/6.65.7/addon/fold/foldcode.js,07f353e02abcc300739b09f31a9d32a958ebe5d2f76959291e5643c6e40a26a5
https://cdnjs.cloudflare.com/ajax/libs/codemirror/6.65.7/addon/fold/foldcode.min.js,6b016fd8f021c53ad996967fdc43560e0595f5a4ecb6aef7f8d1096b38a10a94
https://cdnjs.cloudflare.com/ajax/libs/codemirror/6.65.7/addon/fold/foldgutter.css,576efcd340b770b60d77d8c29e9df36bf58576391beab51b439114e4ed01ac56
https://cdnjs.cloudflare.com/ajax/libs/codemirror/6.65.7/addon/fold/foldgutter.js,fc85fcd61894dc551a4c7c221ec41b7fa4007d1e33239b1cf8faf56ef1811727
https://cdnjs.cloudflare.com/ajax/libs/codemirror/6.65.7/addon/fold/foldgutter.min.css,0f11f7df8219659bbc9c189b124a6c0c26f99e1a8194d5de58266c5b8b0dd2da
https://cdnjs.cloudflare.com/ajax/libs/codemirror/6.65.7/addon/fold/foldgutter.min.js,9fb45dd644eb794ed1f6751ddf2da4d6cd52c8e21462fdfc5314bc45afadb32e
https://cdnjs.cloudflare.com/ajax/libs/codemirror/6.65.7/addon/fold/indent-fold.js,a835ed1af176b96a1bf00379622e76573a1f6327bd76b583d9c4757a2c4a4194
https://cdnjs.cloudflare.com/ajax/libs/codemirror/6.65.7/addon/fold/indent-fold.min.js,419cc0c23be09b75d66e05ea156beb4f08826b59320338f2464f9895f713c3cc
https://cdnjs.cloudflare.com/ajax/libs/codemirror/6.65.7/addon/fold/markdown-fold.js,6a81721447c7260578e8e306c89b33a49e98edc1c2cb0c52a18ca0e913684d96
https://cdnjs.cloudflare.com/ajax/libs/codemirror/6.65.7/addon/fold/markdown-fold.min.js,87d49872fdc6b8b8407506256efe675573aeb32381486929861ab6cd4a800b3c
https://cdnjs.cloudflare.com/ajax/libs/codemirror/6.65.7/addon/fold/xml-fold.js,4ad0fdc2f93882174c9071e9a3c2324d15d4deb0c43fe607f9efe01dda1af9b4
https://cdnjs.cloudflare.com/ajax/libs/codemirror/6.65.7/addon/fold/xml-fold.min.js,0d3244f38c3df2f475b96f32e5f625468866f948adfc9f9efb4e9e3b4d669ba6
https://cdnjs.cloudflare.com/ajax/libs/codemirror/6.65.7/addon/hint/anyword-hint.js,e834ad178bd23449476e29179e8cb9f0c1ebaed35dab9059ed9a46b388271f3e
https://cdnjs.cloudflare.com/ajax/libs/codemirror/6.65.7/addon/hint/anyword-hint.min.js,4409ec4e1bd3f2ede0893b11a40c19f8a5acfcb3eb11d36dc2ad86c8f6ff46c4
https://cdnjs.cloudflare.com/ajax/libs/codemirror/6.65.7/addon/hint/css-hint.js,0e22d6efa1ea084e8316ec6d5e4c809534f0e36f363bbc4156609201d95c6601
https://cdnjs.cloudflare.com/ajax/libs/codemirror/6.65.7/addon/hint/css-hint.min.js,6aad0537f5422854213414a1f0a2c4580326c0d48850440cd2611c33a4e6daba
https://cdnjs.cloudflare.com/ajax/libs/codemirror/6.65.7/addon/hint/html-hint.js,64d3ef9293ed8917e40ed4e8196da6919379a3b4970c007785c7ed27ab9a0478
https://cdnjs.cloudflare.com/ajax/libs/codemirror/6.65.7/addon/hint/html-hint.min.js,09587a9c04f8fef4f3da14f1110a092d91e7f741b9ff469b5c827b12dc230b7e
https://cdnjs.cloudflare.com/ajax/libs/codemirror/6.65.7/addon/hint/javascript-hint.js,e4dfa3414b3b9535514737074cec2fb0cbf0bfea7e765307122295c98c5137fb
https://cdnjs.cloudflare.com/ajax/libs/codemirror/6.65.7/addon/hint/javascript-hint.min.js,b735bca88ce376f0a18f2fc1cc6276035bc6df1a34c5b6808133d7e343122ef4
https://cdnjs.cloudflare.com/ajax/libs/codemirror/6.65.7/addon/hint/show-hint.css,f4f8c8d48c155dcbf8e04dfb29b0d500974460d08204adfe0dda3be7bb3a2fc8
https://cdnjs.cloudflare.com/ajax/libs/codemirror/6.65.7/addon/hint/show-hint.js,28d2123fd1c9cf197651c2a0b3cb65762ba06dc073e023c75ec05b1f139b0af5
https://cdnjs.cloudflare.com/ajax/libs/codemirror/6.65.7/addon/hint/show-hint.min.css,325c022d8a0efeb629a8e0771612f7659aa4b257d20db239bb160a628d86e785
https://cdnjs.cloudflare.com/ajax/libs/codemirror/6.65.7/addon/hint/show-hint.min.js,5046baaeeaf23bb9bde725e1044b8fc526c0c95d3619a4c772fcf64b753f4dc3
https://cdnjs.cloudflare.com/ajax/libs/codemirror/6.65.7/addon/hint/sql-hint.js,60703945eb6cc93d4f47d70b65f955e66ae8a22c0cb1ceefa69cf0890564544d
https://cdnjs.cloudflare.com/ajax/libs/codemirror/6.65.7/addon/hint/sql-hint.min.js,afe60df25487f92d2c0d9e55923e1741c30c2ba07c253984d2c0f9fc4260e843
https://cdnjs.cloudflare.com/ajax/libs/codemirror/6.65.7/addon/hint/xml-hint.js,6b78f04d2137358d5a01e9fa2b3a8f069acc70f925cc7efc39448ebe9599a805
https://cdnjs.cloudflare.com/ajax/libs/codemirror/6.65.7/addon/hint/xml-hint.min.js,a3abc33eabf3905f00dfcf21ff4b1fa59f6b84c598105621059e8daa770f6e41
https://cdnjs.cloudflare.com/ajax/libs/codemirror/6.65.7/addon/lint/coffeescript-lint.js,824caa68710a7f931ebd30491fec19dcd2c6fa166c21158f5ccd61321069da2d
https://cdnjs.cloudflare.com/ajax/libs/codemirror/6.65.7/addon/lint/coffeescript-lint.min.js,cdb0c00e3b36f202f81e706381da967f1abb1618959b86403244188de6c54dc2
https://cdnjs.cloudflare.com/ajax/libs/codemirror/6.65.7/addon/lint/css-lint.js,f3fc7474cbefded7f1b06d63efe980d58970785831cb35f29874ec371cb4ece8
https://cdnjs.cloudflare.com/ajax/libs/codemirror/6.65.7/addon/lint/css-lint.min.js,eeae98eafa931213035f96d2830f7b9ce9f71bf55584a80ddd991448dda856d4
https://cdnjs.cloudflare.com/ajax/libs/codemirror/6.65.7/addon/lint/html-lint.js,ab7827913934f06a8b4d00e41d5954974c90d5085d1295fe02c484c782c75843
https://cdnjs.cloudflare.com/ajax/libs/codemirror/6.65.7/addon/lint/html-lint.min.js,aa0903da04c0af25019f61f87960e01270098a36914188b5cb466b108f209ad1
https://cdnjs.cloudflare.com/ajax/libs/codemirror/6.65.7/addon/lint/javascript-lint.js,69906dbb83d60e0d104ddf395e29dcaf4a05063f24c085975b9c09693dc860c1
https://cdnjs.cloudflare.com/ajax/libs/codemirror/6.65.7/addon/lint/javascript-lint.min.js,68beea96947058481cae1e4846e541ddb85d5562723fbf891973293e18ab349c
https://cdnjs.cloudflare.com/ajax/libs/codemirror/6.65.7/addon/lint/json-lint.js,cb3522e1bdffb075461c848ba2091cc781b52ef0e69cb39d9a33e1b74dc35ae2
https://cdnjs.cloudflare.com/ajax/libs/codemirror/6.65.7/addon/lint/json-lint.min.js,3dc9255ad080e71991cd410f9a8eb3ccb7191301c61f2d45efbba686d7958c3a
https://cdnjs.cloudflare.com/ajax/libs/codemirror/6.65.7/addon/lint/lint.css,ed8c0595e7b99169479537ffe43ecaf2f6b5148c91b9046c2f15eb78a23db1ac
https://cdnjs.cloudflare.com/ajax/libs/codemirror/6.65.7/addon/lint/lint.js,7c2e8241383104a6188c43b657b17ff7633e0de89d9b98f7d09df29570341e76
https://cdnjs.cloudflare.com/ajax/libs/codemirror/6.65.7/addon/lint/lint.min.css,8b5e6fe0ba8051498a6c213c4370d273274dd7408daf6297412258a4ee0a9fd7
https://cdnjs.cloudflare.com/ajax/libs/codemirror/6.65.7/addon/lint/lint.min.js,0ab60763ec69194a946fb246fefdd38c87cf1947c4f30c0d65b45fa1b5b929fb
https://cdnjs.cloudflare.com/ajax/libs/codemirror/6.65.7/addon/lint/yaml-lint.js,ee7249600f6b395c302b24054060f8abe87cbaa68a9f426593ca5e5f3748bbf9
https://cdnjs.cloudflare.com/ajax/libs/codemirror/6.65.7/addon/lint/yaml-lint.min.js,ada0d5c86618a5b94303e66fc6f868f1e7b56f1b7fbd9c300e77ca69d96ba2b2
https://cdnjs.cloudflare.com/ajax/libs/codemirror/6.65.7/addon/merge/merge.css,059381d10112184efb5a90067c396fb24e257a97f0f1190de740a4eaebbfe2a3
https://cdnjs.cloudflare.com/ajax/libs/codemirror/6.65.7/addon/merge/merge.js,916279b765e93236826a1aa71f96924084707d50486739e9b4524a3f773d41ae
https://cdnjs.cloudflare.com/ajax/libs/codemirror/6.65.7/addon/merge/merge.min.css,a7e690ac31338c16b5c1fd517dd5764e93bda9313d44d22e0fcd4cf7af5c2336
https://cdnjs.cloudflare.com/ajax/libs/codemirror/6.65.7/addon/merge/merge.min.js,3e18e7a680a08f2a640ed81e2ac9f87fbccb4755a345043f6f0e812f7a3f5471
https://cdnjs.cloudflare.com/ajax/libs/codemirror/6.65.7/addon/mode/loadmode.js,be81c0312e7041f56c217430a177fea61e572bcb9579a39ca1922a2e4d51abec
https://cdnjs.cloudflare.com/ajax/libs/codemirror/6.65.7/addon/mode/loadmode.min.js,4b4027fbe4670d7e50fbf098666856d56e136d4e0e2eff9c17b4d8a5e8a920c4
https://cdnjs.cloudflare.com/ajax/libs/codemirror/6.65.7/addon/mode/multiplex.js,09ec21386de4e951c1eefe0f1db478a9f57701b202ce18424f2b89d4f74aeff5
https://cdnjs.cloudflare.com/ajax/libs/codemirror/6.65.7/addon/mode/multiplex.min.js,c5db8b613799056d45ea27e3543bb2f075ab374acf6cd36d53628268fcf5fbc6
https://cdnjs.cloudflare.com/ajax/libs/codemirror/6.65.7/addon/mode/multiplex_test.js,73e22c6765036bce1db37e31f8c46d62a56ca232840fb4fb968d17c24c3e8f74
https://cdnjs.cloudflare.com/ajax/libs/codemirror/6.65.7/addon/mode/multiplex_test.min.js,d3868562de1f90349e2f9f3ecfc084fe1c01b46024e4650a2658f6589f970a63
https://cdnjs.cloudflare.com/ajax/libs/codemirror/6.65.7/addon/mode/overlay.js,1b44334e2a04d90f2b473c26847798859039190142e53f72f3b7de0f82696d0e
https://cdnjs.cloudflare.com/ajax/libs/codemirror/6.65.7/addon/mode/overlay.min.js,2d2fc6f219c5ec536fe6bfe38fa241a8aba9045cf79b6e3599c906995644487b
https://cdnjs.cloudflare.com/ajax/libs/codemirror/6.65.7/addon/mode/simple.js,400f49309b31197c0c4ec76519c93647b494ab80f59f96d7f051463e0aa37eb0
https://cdnjs.cloudflare.com/ajax/libs/codemirror/6.65.7/addon/mode/simple.min.js,9c31d15000adff2ac99ecc025ea3df24babfc004a63deeca9ca946a491d1dd4e
https://cdnjs.cloudflare.com/ajax/libs/codemirror/6.65.7/addon/runmode/colorize.js,9d39f5267c05d930f079fc4f223b453e8f9fd54cae6cf52db9b5dc3a0b9dd694
https://cdnjs.cloudflare.com/ajax/libs/codemirror/6.65.7/addon/runmode/colorize.min.js,35142e1620dbd46ea2ca396982014c7f3b5dccf471f1f642f3dff654a9f6a596
https://cdnjs.cloudflare.com/ajax/libs/codemirror/6.65.7/addon/runmode/runmode-standalone.js,c1c9bc16a627699da49d9733f93d75963603175081a540b276f11c604739abc9
https://cdnjs.cloudflare.com/ajax/libs/codemirror/6.65.7/addon/runmode/runmode-standalone.min.js,7faf1b594b2b83a7bf457397e4ef27f0c01e90f013ed59688dbbb41c9c2c9a0a
https://cdnjs.cloudflare.com/ajax/libs/codemirror/6.65.7/addon/runmode/runmode.js,920d8eee55e987468236ba7ed2886de0bb8b2fed9d7060383a39ea29924ae885
https://cdnjs.cloudflare.com/ajax/libs/codemirror/6.65.7/addon/runmode/runmode.min.js,b6ef4799e266b046782532cddad2f942c4f5e6edba5fd19b1eb731de37ee5cb7
https://cdnjs.cloudflare.com/ajax/libs/codemirror/6.65.7/addon/runmode/runmode.node.js,0d796745f8db549e4ade4132025a45994f45dd6f4765402ee75e4113019edea6
https://cdnjs.cloudflare.com/ajax/libs/codemirror/6.65.7/addon/runmode/runmode.node.min.js,9ff4ba6dd60c54ac6b69d0984ad4940cb02b1c81ae79863e5e6bc04d0f9c21f4
https://cdnjs.cloudflare.com/ajax/libs/codemirror/6.65.7/addon/scroll/annotatescrollbar.js,9041e8d81e3cebc481cabfae90d3b80596f3194de75d98e5526d3bfa44ae3bbc
https://cdnjs.cloudflare.com/ajax/libs/codemirror/6.65.7/addon/scroll/annotatescrollbar.min.js,2d8839a01af98a740a44b03d5635afc3ca11b5b5a7a1fc3d016d7c5f9fc30e8d
https://cdnjs.cloudflare.com/ajax/libs/codemirror/6.65.7/addon/scroll/scrollpastend.js,6cd389df1da1ff9ba25728e03afb7f47df3162c3d9bdb5cedd06fc91c6199479
https://cdnjs.cloudflare.com/ajax/libs/codemirror/6.65.7/addon/scroll/scrollpastend.min.js,de58b504a8e98021e475d836b45efb4b7a558d87d8f445c547ac3df192f91247
https://cdnjs.cloudflare.com/ajax/libs/codemirror/6.65.7/addon/scroll/simplescrollbars.css,e2693b54abcd2168d89c0fab131c6d2cdb2319a3cf239aa5d814408261714341
https://cdnjs.cloudflare.com/ajax/libs/codemirror/6.65.7/addon/scroll/simplescrollbars.js,62b48bff43436bfb8ecc5e3273e6047f0b934c1d873c81e863e13bb462d1e1ab
https://cdnjs.cloudflare.com/ajax/libs/codemirror/6.65.7/addon/scroll/simplescrollbars.min.css,3568ed570480177613319fab71ad78e7f6a1c265b06ed8f5ae688517562ae730
https://cdnjs.cloudflare.com/ajax/libs/codemirror/6.65.7/addon/scroll/simplescrollbars.min.js,ed6375add570d692a54df7e1477bb562e1400ce60fc4926f38a385a133872c1f
https://cdnjs.cloudflare.com/ajax/libs/codemirror/6.65.7/addon/search/jump-to-line.js,39b7d80ee80cabe2f5936673b3cadbfd4d260dfe6dc6f936523a334044962ffa
https://cdnjs.cloudflare.com/ajax/libs/codemirror/6.65.7/addon/search/jump-to-line.min.js,98d3a590d2d60037ead413dc70aae17b05da6bde62528d2365a540fde4852887
https://cdnjs.cloudflare.com/ajax/libs/codemirror/6.65.7/addon/search/match-highlighter.js,8c3e196f9a5f9e5cf9d7e71751132a05293e7cdb180defacf28be9fe919682cb
https://cdnjs.cloudflare.com/ajax/libs/codemirror/6.65.7/addon/search/match-highlighter.min.js,f69620cfdb7c6ade024ff51e0c33b3c225485068c6d3daebf1ae2251de9b445e
https://cdnjs.cloudflare.com/ajax/libs/codemirror/6.65.7/addon/search/matchesonscrollbar.css,ee4dfbe9b6d1177a1ed95f2f6c94465471657d65b67e67194de51db06dc775fb
https://cdnjs.cloudflare.com/ajax/libs/codemirror/6.65.7/addon/search/matchesonscrollbar.js,a2deca7f8ca380dc7772929cc7c23b6737109f3cf0a55e7e18832808d98530c8
https://cdnjs.cloudflare.com/ajax/libs/codemirror/6.65.7/addon/search/matchesonscrollbar.min.css,1c66601df18559bfd36cf400f0dda3ec76f47262e3690b83b94a7a98ac5bf1b0
https://cdnjs.cloudflare.com/ajax/libs/codemirror/6.65.7/addon/search/matchesonscrollbar.min.js,b0178ff8b782e17ddc94c0df962123dd62dcd5800d40927c798a3f6b685f83e0
https://cdnjs.cloudflare.com/ajax/libs/codemirror/6.65.7/addon/search/search.js,4949580371fcd81c0ad70164b169dd8bcab2bd9869eddaa0d7e295508bec7a04
https://cdnjs.cloudflare.com/ajax/libs/codemirror/6.65.7/addon/search/search.min.js,59c16a8249700b3b6d6c23693e09fb7fbec58c13e330c7815008e77b91da025e
https://cdnjs.cloudflare.com/ajax/libs/codemirror/6.65.7/addon/search/searchcursor.js,2c0b8cd8fe7ca5ca2253f4aacc914b390bff5b3cac3475df66c43a9ea8c8ccbe
https://cdnjs.cloudflare.com/ajax/libs/codemirror/6.65.7/addon/search/searchcursor.min.js,0b5f19d72d5febca9b2bb3d471489eadd92ff2c18d29fef5335bbb536cba6692
https://cdnjs.cloudflare.com/ajax/libs/codemirror/6.65.7/addon/selection/active-line.js,3afbcf78835c9bdc342e3992c53d9b74286722613bb1a8adc9d140edc8737ee8
https://cdnjs.cloudflare.com/ajax/libs/codemirror/6.65.7/addon/selection/active-line.min.js,bbca0b4ba03a94163a1eaa604b45ef038c12d8572b7cc16a41dd287b40cc998c
https://cdnjs.cloudflare.com/ajax/libs/codemirror/6.65.7/addon/selection/mark-selection.js,5b9c6a0031fe895641f2eb2198df2592ec769a6685d6bb10f3f9b92a7822e286
https://cdnjs.cloudflare.com/ajax/libs/codemirror/6.65.7/addon/selection/mark-selection.min.js,e98cdbbcd63c9f1b6e09e19e7d8ace84a3f055d08fa898f3e433055e4c7b93bc
https://cdnjs.cloudflare.com/ajax/libs/codemirror/6.65.7/addon/selection/selection-pointer.js,fdd7ff53d0ca796c5e3792ceb5063c84d0735bcaf198a1c06c78880f1c664a22
https://cdnjs.cloudflare.com/ajax/libs/codemirror/6.65.7/addon/selection/selection-pointer.min.js,5e33d61a2702b00922b1a1d6796f75da95acdb6d3a25e3f76a221cb8fec3a06b
https://cdnjs.cloudflare.com/ajax/libs/codemirror/6.65.7/addon/tern/tern.css,107542ab314a1db5eb9ee84f7f2543f9fcf7e03e472a35edef2c5fd84fa308f7
https://cdnjs.cloudflare.com/ajax/libs/codemirror/6.65.7/addon/tern/tern.js,1ebb5ad38f72115c49865b5537fd9c77da506b7ed2be38bd310306af3c698e44
https://cdnjs.cloudflare.com/ajax/libs/codemirror/6.65.7/addon/tern/tern.min.css,de7afc67b11a3f7bd8df9754b49cdd0fd9be9dd79fde7e7759e85ac4c8138c2b
https://cdnjs.cloudflare.com/ajax/libs/codemirror/6.65.7/addon/tern/tern.min.js,8b0972a7e026b714f1bd3c7801f328996b2ce11823b1ff10cebbc0115514682e
https://cdnjs.cloudflare.com/ajax/libs/codemirror/6.65.7/addon/tern/worker.js,80c0e9bc4e2ef9ca9c97199818318429d26fae0d2452a20547b1e458eccf794d
https://cdnjs.cloudflare.com/ajax/libs/codemirror/6.65.7/addon/tern/worker.min.js,7e589401586948eef0780e808ec82ef3bbdc18ca2ebe90609f18ba749ca66fe8
https://cdnjs.cloudflare.com/ajax/libs/codemirror/6.65.7/addon/wrap/hardwrap.js,bee81aee6222a46b1aeb14d6fc738d3cc09a4e421f808e29b3c6989710ccbfc8
https://cdnjs.cloudflare.com/ajax/libs/codemirror/6.65.7/addon/wrap/hardwrap.min.js,197dd26ac29e91c01d705ce9d592868023aae1449d77041acbf27884a137ee88
https://cdnjs.cloudflare.com/ajax/libs/codemirror/6.65.7/codemirror.css,eb494ea972d2661ef86f7f6ac656dd6786d721e49c9c1b46e1eb967e4b6f9bf3
https://cdnjs.cloudflare.com/ajax/libs/codemirror/6.65.7/codemirror.js,a4f1c30365d5f85951a22160b07a7ce34048cb640c283545c8192132b46efba8
https://cdnjs.cloudflare.com/ajax/libs/codemirror/6.65.7/codemirror.min.css,11077112ab6955d29fe41085c62365c7d4a2f00a570c7475e2aec2a8cbc85fc4
https://cdnjs.cloudflare.com/ajax/libs/codemirror/6.65.7/codemirror.min.js,458689ce1e2e10b9e363c4d6ef5e6edbfaf2fb42ccc38871c259a9092d75c7c6
https://cdnjs.cloudflare.com/ajax/libs/codemirror/6.65.7/keymap/emacs.js,af2f42c9f461951f13e9785f634cc9f8e5d63b0c5c2375b331105dea19a71fef
https://cdnjs.cloudflare.com/ajax/libs/codemirror/6.65.7/keymap/emacs.min.js,b2a11874fed33b27e9ecb66ee4a9bd76ecf47b0f884d4290425fe691879aef56
https://cdnjs.cloudflare.com/ajax/libs/codemirror/6.65.7/keymap/sublime.js,1d532a67594845cb7163b090a06da9287b896944ab5f22df67f14e176bd434e5
https://cdnjs.cloudflare.com/ajax/libs/codemirror/6.65.7/keymap/sublime.min.js,00aa1b10b49411ae30ff65af9373507f79d796b57af180e126e71635d7db4a1a
https://cdnjs.cloudflare.com/ajax/libs/codemirror/6.65.7/keymap/vim.js,c8124370e0ba7e76d5cde3c18d257c5c99e5578d6505f0eeaab5c791673c40e8
https://cdnjs.cloudflare.com/ajax/libs/codemirror/6.65.7/keymap/vim.min.js,5825e6c1565103989ff340733c9a6d7fdf0f5a06302913959f3600d21effd03a
https://cdnjs.cloudflare.com/ajax/libs/codemirror/6.65.7/mode/apl/apl.js,47e0fdac0a39e0186019064e13b674dda4223b03b2748d34cccc09489fde2674
https://cdnjs.cloudflare.com/ajax/libs/codemirror/6.65.7/mode/apl/apl.min.js,401519da6231c4b23e73f881828c9fec797af0a297404820194a355e668a7db0
https://cdnjs.cloudflare.com/ajax/libs/codemirror/6.65.7/mode/asciiarmor/asciiarmor.js,bdcb68c4b0c9dc53b2af587673461a495f123a5b9da8f6be79d97fee2790f9ae
https://cdnjs.cloudflare.com/ajax/libs/codemirror/6.65.7/mode/asciiarmor/asciiarmor.min.js,5986d61fb5789c0c835f82039a66ceb08bc71e71f5ce4be152ea37b6e8bba1a0
https://cdnjs.cloudflare.com/ajax/libs/codemirror/6.65.7/mode/asn.1/asn.1.js,5b50cca4b34820cb3d57c218945ff2d870d57eba83e13c2c66590063e2a23acc
https://cdnjs.cloudflare.com/ajax/libs/codemirror/6.65.7/mode/asn.1/asn.1.min.js,4ca289cbc292f5ab3e4dca7c921939121776f41b266eef79b4c4160fda17e216
https://cdnjs.cloudflare.com/ajax/libs/codemirror/6.65.7/mode/asterisk/asterisk.js,0849e3a141e967559d752de2205956cb690f1d4ba0a5ace5481c6c565db9b674
https://cdnjs.cloudflare.com/ajax/libs/codemirror/6.65.7/mode/asterisk/asterisk.min.js,465996ba0cee56a37fa4c31f2bd4467e39bc5b83c7adf83b146c171b0f7f64d3
https://cdnjs.cloudflare.com/ajax/libs/codemirror/6.65.7/mode/brainfuck/brainfuck.js,67496a83fe1ea3304a3f65a8f8196f3a4a40060ea4febcbb60a82c7657205abd
https://cdnjs.cloudflare.com/ajax/libs/codemirror/6.65.7/mode/brainfuck/brainfuck.min.js,46a9c16456fe37d28c55bd02833fb6f17a3a80f72f394fd059084a0766494f7c
https://cdnjs.cloudflare.com/ajax/libs/codemirror/6.65.7/mode/clike/clike.js,a1ff458a030f8b1db2d901811344f3e178eaceb19b598277d054bf83dacfecd2
https://cdnjs.cloudflare.com/ajax/libs/codemirror/6.65.7/mode/clike/clike.min.js,a7a2381cbd078848a710fed2c62212f8f9449b08abcdf319f180becb6a31d496
https://cdnjs.cloudflare.com/ajax/libs/codemirror/6.65.7/mode/clojure/clojure.js,86b7b779ab84fa77bc6e461a05fd0887d85a3c8cd42a96576cad973b355bb1b8
https://cdnjs.cloudflare.com/ajax/libs/codemirror/6.65.7/mode/clojure/clojure.min.js,1e70c935cce06a102e40c4322168d787587703152f61210709ecbd8f6529b227
https://cdnjs.cloudflare.com/ajax/libs/codemirror/6.65.7/mode/cmake/cmake.js,6379ded0f75af38659031d1eaa803d2bd5be0fa7cebc216e55ca65d01a35bf1a
https://cdnjs.cloudflare.com/ajax/libs/codemirror/6.65.7/mode/cmake/cmake.min.js,8c1404572ba872c3d9085146fb8b221d344cf97dc3cc72220374239fc6e1f49e
https://cdnjs.cloudflare.com/ajax/libs/codemirror/6.65.7/mode/cobol/cobol.js,0cecf82da2915c20187ab4e29cfc4abbb0078536874b27978726d48371487e4c
https://cdnjs.cloudflare.com/ajax/libs/codemirror/6.65.7/mode/cobol/cobol.min.js,dc07462e44ad37d094786e8281c8a22a0c1ecb1e6009d29bd199637358fdeceb
https://cdnjs.cloudflare.com/ajax/libs/codemirror/6.65.7/mode/coffeescript/coffeescript.js,67792b36933d29b482307761ee03da520a19b3b30ca60f54df9cdef4051db628
https://cdnjs.cloudflare.com/ajax/libs/codemirror/6.65.7/mode/coffeescript/coffeescript.min.js,38410543a6b08d225f791e3c4f8d0e76b71b7626f99d1dba5396b0790c7a5ab0
https://cdnjs.cloudflare.com/ajax/libs/codemirror/6.65.7/mode/commonlisp/commonlisp.js,0efe46913f843f5c335c79e05ae758e60212dde9cd3c45d99fae8066bd13c128
https://cdnjs.cloudflare.com/ajax/libs/codemirror/6.65.7/mode/commonlisp/commonlisp.min.js,4daacb3f6c3c585b4b011e0c25a92f2486399a752df72416fd689250209d3607
https://cdnjs.cloudflare.com/ajax/libs/codemirror/6.65.7/mode/crystal/crystal.js,5e6e8458e3fa4079ff438060ac7f93b8b7a160212b1cce92516f1ea9680b57da
https://cdnjs.cloudflare.com/ajax/libs/codemirror/6.65.7/mode/crystal/crystal.min.js,b49f887107b7530793bbd69645439b79f92ba5cdada37b0b29bdf24685cacce0
https://cdnjs.cloudflare.com/ajax/libs/codemirror/6.65.7/mode/css/css.js,60f0689e5c6af7f36c341e8e1341a4f10b4f0a04cebfb7341bcbedba9b572b32
https://cdnjs.cloudflare.com/ajax/libs/codemirror/6.65.7/mode/css/css.min.js,ee0ce00f346a6d7e345a74ab32f2cc600e8b7df878b28715d7d52192fa274eee
https://cdnjs.cloudflare.com/ajax/libs/codemirror/6.65.7/mode/cypher/cypher.js,6d8c9c8993fdeb724f1f68e9574fdab0001da1d31196e33ac6112303005d3f63
https://cdnjs.cloudflare.com/ajax/libs/codemirror/6.65.7/mode/cypher/cypher.min.js,684c4eda91148c9d87f3148d2f7bb9ebe1b0ad90d9bce26ba5cd41b976edd51f
https://cdnjs.cloudflare.com/ajax/libs/codemirror/6.65.7/mode/d/d.js,8e3994ce4f507e692b65aa73ffbfd58112c4a22771b84b8ad86152578d4e8130
https://cdnjs.cloudflare.com/ajax/libs/codemirror/6.65.7/mode/d/d.min.js,71406a9392d03b692de7b6797ac43f15d0d8ab4e1cc091b03f5507e37e673e5f
https://cdnjs.cloudflare.com/ajax/libs/codemirror/6.65.7/mode/dart/dart.js,b09be809dc1f9e3ad59374b198b0e5c4992788b9ff524765fccd0b84fde52212
https://cdnjs.cloudflare.com/ajax/libs/codemirror/6.65.7/mode/dart/dart.min.js,a582457ca4f483f9c1d77a174a15dc422d37979f444a8a13c223e67b69c8046c
https://cdnjs.cloudflare.com/ajax/libs/codemirror/6.65.7/mode/diff/diff.js,3fd0e844e22f475503415744b7e7af24df4cd0670709c77e5e43e92185ba32fd
https://cdnjs.cloudflare.com/ajax/libs/codemirror/6.65.7/mode/diff/diff.min.js,644373bd74d0e2d727fbeb9437cfd05650c67dca4dd844da5cf5954135750d8c
https://cdnjs.cloudflare.com/ajax/libs/codemirror/6.65.7/mode/django/django.js,71a3fa0ac63fe080a12097209e509c36abe0fde9c9709610be1656163d25a8bc
https://cdnjs.cloudflare.com/ajax/libs/codemirror/6.65.7/mode/django/django.min.js,7c0beed867a25ed62c8eb0613f0930f1eda28b9939ac03d6425797b0ac794172
https://cdnjs.cloudflare.com/ajax/libs/codemirror/6.65.7/mode/dockerfile/dockerfile.js,fca390cea85e1b711389d1a91b99faeccf7b4df0f48e3ceaecf2e517982cb2b7
https://cdnjs.cloudflare.com/ajax/libs/codemirror/6.65.7/mode/dockerfile/dockerfile.min.js,67a53c70a79b1c0e7a7fc4847d00df2c4d992a6853a8a7f839ada0ab1598bf00
https://cdnjs.cloudflare.com/ajax/libs/codemirror/6.65.7/mode/dtd/dtd.js,3f04995b147addeee1637bbfd0054676e78d13f7accaf2f589c55837d70148c1
https://cdnjs.cloudflare.com/ajax/libs/codemirror/6.65.7/mode/dtd/dtd.min.js,73bec4b3a879c252571b2c09d618d569d474c62de940f8200b0a8933c6daf12a
https://cdnjs.cloudflare.com/ajax/libs/codemirror/6.65.7/mode/dylan/dylan.js,999b862ebc559366e71a731e2a28b2762ae4fe7c7882ba5f6bf20c33a2d737b7
https://cdnjs.cloudflare.com/ajax/libs/codemirror/6.65.7/mode/dylan/dylan.min.js,20a1e18522f1f51d43e0a5a70556f4045556e33745eae5fb9412b7c8c4dea486
https://cdnjs.cloudflare.com/ajax/libs/codemirror/6.65.7/mode/ebnf/ebnf.js,1175e07f831fd02ccf09d4582351c5932a48fa03be5c0eb1028c8f96c051935f
https://cdnjs.cloudflare.com/ajax/libs/codemirror/6.65.7/mode/ebnf/ebnf.min.js,086d8fd1f5d3699ed2f95efc14bd68afbc12ed72ec5962a66f16f15cb87237de
https://cdnjs.cloudflare.com/ajax/libs/codemirror/6.65.7/mode/ecl/ecl.js,c78998872dd14cdb356d5a9bd196f7d3525e3cb03a591133e0e904afaaec11b7
https://cdnjs.cloudflare.com/ajax/libs/codemirror/6.65.7/mode/ecl/ecl.min.js,b7d3f35ca0361cccc0fee304c62fb58c3fcb5078fe81d02a01079c6a1c3cf3b6
https://cdnjs.cloudflare.com/ajax/libs/codemirror/6.65.7/mode/eiffel/eiffel.js,183e855f6474cc2c4cf0b6c5e5c40ea7821707d37ac414277dcda294ffae1721
https://cdnjs.cloudflare.com/ajax/libs/codemirror/6.65.7/mode/eiffel/eiffel.min.js,de10f4e54e44eda267390f9647c9a37fec11fec1b377a648b88d9469a9980613
https://cdnjs.cloudflare.com/ajax/libs/codemirror/6.65.7/mode/elm/elm.js,e343ffaffff2dc6fd9c5923228b46c23723c396993459eca6217871f1c087ebc
https://cdnjs.cloudflare.com/ajax/libs/codemirror/6.65.7/mode/elm/elm.min.js,aa383b3f2bbabf7c140e28a6bac443282c80b500fb3ead617390f3be5f12b998
https://cdnjs.cloudflare.com/ajax/libs/codemirror/6.65.7/mode/erlang/erlang.js,2ae29808247e9d6a58a83893b0e8b627c0ca337cffa541ef16fb506edfdba77e
https://cdnjs.cloudflare.com/ajax/libs/codemirror/6.65.7/mode/erlang/erlang.min.js,65dc7f326ae2c836b756b36bbea3f3a8cd7f0c27faad6b5e5fb4d67ac4828992
https://cdnjs.cloudflare.com/ajax/libs/codemirror/6.65.7/mode/factor/factor.js,baf7c16c387e7abfc308dfcb7fcc1ea9ae0a898d13455349083ea72c7bfa4c4a
https://cdnjs.cloudflare.com/ajax/libs/codemirror/6.65.7/mode/factor/factor.min.js,46a4a961b4c1dc70291fac76525bc9a4019fbbcb9af90aedbe764c5a48c30838
https://cdnjs.cloudflare.com/ajax/libs/codemirror/6.65.7/mode/fcl/fcl.js,7c9d372be44c1c418a101885662d80d4bf6104e1b717d36cbdbd05a5956abc70
https://cdnjs.cloudflare.com/ajax/libs/codemirror/6.65.7/mode/fcl/fcl.min.js,aefe5d6499732e2db68c555c6d7f55b7b59cb24d3d28aae61ba35effa90652d0
https://cdnjs.cloudflare.com/ajax/libs/codemirror/6.65.7/mode/forth/forth.js,1c6c0a8fb3572fba544083795b3259f8a35cae81ec2ddb19b4fd7af2a91ab34a
https://cdnjs.cloudflare.com/ajax/libs/codemirror/6.65.7/mode/forth/forth.min.js,0691ffee4c49fc8ce323869ebbb4096a7166f549dc70e716c104cfcb426a8258
https://cdnjs.cloudflare.com/ajax/libs/codemirror/6.65.7/mode/fortran/fortran.js,b3351c6cd6e696c2ebf0e6ae1ff7925ed65add92947007402e0b3112634f6392
https://cdnjs.cloudflare.com/ajax/libs/codemirror/6.65.7/mode/fortran/fortran.min.js,2f187924798e9a7645598a40a937b44d3cf9198a43d8bc5bc3e5c6d914c12bc4
https://cdnjs.cloudflare.com/ajax/libs/codemirror/6.65.7/mode/gas/gas.js,414899aed81f9bdb726a6729047f1afb538679ee58623beb8fa51dc7412db6e9
https://cdnjs.cloudflare.com/ajax/libs/codemirror/6.65.7/mode/gas/gas.min.js,86282dfd7fd439fbe9d946b4c440990e66113c12166930b0634921ac7f5404ef
https://cdnjs.cloudflare.com/ajax/libs/codemirror/6.65.7/mode/gfm/gfm.js,1fcdbf9a611c238acf53f906126fba93ae0550d74858efad61d72b8b3ed6e0bc
https://cdnjs.cloudflare.com/ajax/libs/codemirror/6.65.7/mode/gfm/gfm.min.js,f34f273fc3cb90d1be6556b9588e388aade167e11ee635f8b9637241b3788241
https://cdnjs.cloudflare.com/ajax/libs/codemirror/6.65.7/mode/gherkin/gherkin.js,732eb81eccbef7db49729af3f23d477dc8f27a4d9bf2fb2c6bb520d8ec19bddb
https://cdnjs.cloudflare.com/ajax/libs/codemirror/6.65.7/mode/gherkin/gherkin.min.js,3967d7c6503c0d4936d3676c7e897b124b25194d7829f2701dc931e016c0c59e
https://cdnjs.cloudflare.com/ajax/libs/codemirror/6.65.7/mode/go/go.js,4e3b08bda2f85c9ef68c03f24c0c5ca3b8ba479127b6cbc50f33cb9593dbaf00
https://cdnjs.cloudflare.com/ajax/libs/codemirror/6.65.7/mode/go/go.min.js,300680546e93518de9a11d3cda0be10200cdeeca677db90e201edea413812c77
https://cdnjs.cloudflare.com/ajax/libs/codemirror/6.65.7/mode/groovy/groovy.js,6641a0b1555ee0f1bca36975a4fcadd43d512de7ca814328cc6402e1ce836b4c
https://cdnjs.cloudflare.com/ajax/libs/codemirror/6.65.7/mode/groovy/groovy.min.js,6c77ec34742a3f848a1a755a77f434d8363309c5abcf07d9c15a4a2669e41bd4
https://cdnjs.cloudflare.com/ajax/libs/codemirror/6.65.7/mode/haml/haml.js,9e9606fecf19869e51c32a84e18c4447c0d4ad2031730e5690b571f318409022
https://cdnjs.cloudflare.com/ajax/libs/codemirror/6.65.7/mode/haml/haml.min.js,eacbdf82108edd5d832b3694ba0e6c10262a37bc8c62b57711d2c5244a5a2710
https://cdnjs.cloudflare.com/ajax/libs/codemirror/6.65.7/mode/handlebars/handlebars.js,60bac3d6993264e155b5a06f52cda56b7bab2fb5923f3d1cc7e8caf704fca724
https://cdnjs.cloudflare.com/ajax/libs/codemirror/6.65.7/mode/handlebars/handlebars.min.js,d1d9c2cc294eaaddb72aa73028e42df0f5930355d3ff7c903217af3bf9a95e2f
https://cdnjs.cloudflare.com/ajax/libs/codemirror/6.65.7/mode/haskell/haskell.js,4745a90832e950c9536f0bf498e5bf6fb3753a4a98bea09ec152b92354c0fdaa
https://cdnjs.cloudflare.com/ajax/libs/codemirror/6.65.7/mode/haskell/haskell.min.js,b7a73649839e543ee06346414f6f859541adc16ed4887774a705787a81312e3b
https://cdnjs.cloudflare.com/ajax/libs/codemirror/6.65.7/mode/haskell-literate/haskell-literate.js,7519d0b515603244f029c3031a4625fdccac88cb640fcb6e117718ec2c0b3c50
https://cdnjs.cloudflare.com/ajax/libs/codemirror/6.65.7/mode/haskell-literate/haskell-literate.min.js,174ad344fdfd80025da1fde2bc082a8d63f4014ef15e54ae241edbbaf96e6669
https://cdnjs.cloudflare.com/ajax/libs/codemirror/6.65.7/mode/haxe/haxe.js,f3596c7efe948a3331bb1bea299f6fcb8e7733777dc2114a9f2147dfc1c69257
https://cdnjs.cloudflare.com/ajax/libs/codemirror/6.65.7/mode/haxe/haxe.min.js,c9e6a66f296daa935ff2780536eee82339d932ecd23db15542f452b3b88e3258
https://cdnjs.cloudflare.com/ajax/libs/codemirror/6.65.7/mode/htmlembedded/htmlembedded.js,8afc8da4e446322cf92d78bef9940f9444aee339f56c8b9af5452fadfb867601
https://cdnjs.cloudflare.com/ajax/libs/codemirror/6.65.7/mode/htmlembedded/htmlembedded.min.js,e0051901a32b84327653d0b91c339efaffd919eee7e20af72c3360bce2378109
https://cdnjs.cloudflare.com/ajax/libs/codemirror/6.65.7/mode/htmlmixed/htmlmixed.js,fe5912e1d10f8fecb98bd31e2f957c0bbc9abf6b505d11b6dbcd27542d0fdcad
https://cdnjs.cloudflare.com/ajax/libs/codemirror/6.65.7/mode/htmlmixed/htmlmixed.min.js,506e12c1fc68437c2f5d45b2d7c8cd341f231ad94c5126667c0272bfe6359e6a
https://cdnjs.cloudflare.com/ajax/libs/codemirror/6.65.7/mode/http/http.js,89842864a707564a989a841ce934b61659f34b012f2349e5c4fd9a09c5982f6c
https://cdnjs.cloudflare.com/ajax/libs/codemirror/6.65.7/mode/http/http.min.js,57a48884ffba87f1471ae07cbb78f1c54d5771520b7bb0640ee830d0dd4a7385
https://cdnjs.cloudflare.com/ajax/libs/codemirror/6.65.7/mode/idl/idl.js,7d45bc0899e019f558e68eca684ed84660bf4687cd64fb4ed2c959ad249b763d
https://cdnjs.cloudflare.com/ajax/libs/codemirror/6.65.7/mode/idl/idl.min.js,4749e6ea7373c709d6b9168efebb71abc8ce5894dff3f3837baebd6647ab1122
https://cdnjs.cloudflare.com/ajax/libs/codemirror/6.65.7/mode/javascript/javascript.js,21fa74c1638c7a4eb3e8cd04b5c8c997181394568330b341c83716da18ffad8e
https://cdnjs.cloudflare.com/ajax/libs/codemirror/6.65.7/mode/javascript/javascript.min.js,b35305948f2aed771d45b431055816890e1af8b321826e520753015267c3c290
https://cdnjs.cloudflare.com/ajax/libs/codemirror/6.65.7/mode/jinja2/jinja2.js,b408eeadec21747f7c4ed41dcb9ec4e540aa1493d0a7971e74aa1eed05049b93
https://cdnjs.cloudflare.com/ajax/libs/codemirror/6.65.7/mode/jinja2/jinja2.min.js,3877ab2174036133dc2e704e762604c4c08bf38baafa85c1d955f23303865a5a
https://cdnjs.cloudflare.com/ajax/libs/codemirror/6.65.7/mode/jsx/jsx.js,c6babd67df23bb0278d432fba3d2dbd03bb1fb3862d4d70549cda1b0d9953abf
https://cdnjs.cloudflare.com/ajax/libs/codemirror/6.65.7/mode/jsx/jsx.min.js,a0bbb56832d1f34553bd2272dfce82a609fac396021fcd82ecde788571831310
https://cdnjs.cloudflare.com/ajax/libs/codemirror/6.65.7/mode/julia/julia.js,54d93c9a83269af3bd8bc6593be2368f07b4efa4223074b54f3aad44097a4d32
https://cdnjs.cloudflare.com/ajax/libs/codemirror/6.65.7/mode/julia/julia.min.js,8f68de271f1118ba7a12379340956319944f427cb64d60e49dddc0f0680a5a39
https://cdnjs.cloudflare.com/ajax/libs/codemirror/6.65.7/mode/livescript/livescript.js,b9b5f3fca094c735f94174d463746bc39d0930dc42b70bf5004efaed96b080ea
https://cdnjs.cloudflare.com/ajax/libs/codemirror/6.65.7/mode/livescript/livescript.min.js,fa37223872abd9f4644c0b6101d73e245f85d3811bbad340e662fa42c628dacb
https://cdnjs.cloudflare.com/ajax/libs/codemirror/6.65.7/mode/lua/lua.js,5c702747f50d5d4158ab8c096b33a7e0092529d5682a728a20624b01dfd86e2a
https://cdnjs.cloudflare.com/ajax/libs/codemirror/6.65.7/mode/lua/lua.min.js,03ad555b5d8df1f67d90223ca0891db3784008f3f42f6c37b0ab6768ba3a8b71
https://cdnjs.cloudflare.com/ajax/libs/codemirror/6.65.7/mode/markdown/markdown.js,8fe7b11848f79cc9119b2a239f38a00944f6f2bb764a00bc837ecf8d34cf7690
https://cdnjs.cloudflare.com/ajax/libs/codemirror/6.65.7/mode/markdown/markdown.min.js,6d31310a4719d151d198b604864fa7cb7dcaa5013888863585e06d7c7085f3d8
https://cdnjs.cloudflare.com/ajax/libs/codemirror/6.65.7/mode/mathematica/mathematica.js,a301011fbb5d9ea4f39fc574718c2d27afd9425e31a1a5bf9005617603b45c0a
https://cdnjs.cloudflare.com/ajax/libs/codemirror/6.65.7/mode/mathematica/mathematica.min.js,9470860c032bab57d2ac830a966136bfec9d533e709d66c2ca3e8b5569b738a7
https://cdnjs.cloudflare.com/ajax/libs/codemirror/6.65.7/mode/mbox/mbox.js,9affa80931d9bb09746d08b9b0f90286d2b47f5b16a0bd8a1a06227b496c4b07
https://cdnjs.cloudflare.com/ajax/libs/codemirror/6.65.7/mode/mbox/mbox.min.js,e2a9acb625fa7cc8956de3ba9a1a27e0d836c5dd7c2613f8611cfc91a5d144f4
https://cdnjs.cloudflare.com/ajax/libs/codemirror/6.65.7/mode/meta.js,f95786f9c83e631225fe7866f39892f808aeb015e80ce9d8a58d5a1d4e9c4bb6
https://cdnjs.cloudflare.com/ajax/libs/codemirror/6.65.7/mode/meta.min.js,971ddd013540ecdeb978e41ac809476be5ec6c328d3bbe7fcc8dfb9bb40e55cc
https://cdnjs.cloudflare.com/ajax/libs/codemirror/6.65.7/mode/mirc/mirc.js,ac173799c5f81a8c8813a5b0c20b700b27a1f571d1e70132e67d8451c3efaa5e
https://cdnjs.cloudflare.com/ajax/libs/codemirror/6.65.7/mode/mirc/mirc.min.js,966517ae8ae5810b207d30e82ef503c973fd313dc569d30e02c8d88701432812
https://cdnjs.cloudflare.com/ajax/libs/codemirror/6.65.7/mode/mllike/mllike.js,a887947e50c37db0215fa4076c3b211093dd9abf643518a2f304677bef848211
https://cdnjs.cloudflare.com/ajax/libs/codemirror/6.65.7/mode/mllike/mllike.min.js,ca324aa67691068771dbc239cfc239c900f045ad53f441269a2ff08a201c9ecd
https://cdnjs.cloudflare.com/ajax/libs/codemirror/6.65.7/mode/modelica/modelica.js,96befada89421de8d32f6355c326510128e429167390c60ba81d93dfce4b360a
https://cdnjs.cloudflare.com/ajax/libs/codemirror/6.65.7/mode/modelica/modelica.min.js,597710acb363673c9e14bab3e7fa51c9e1f90d22d2ada6673b2a53e2d035da4a
https://cdnjs.cloudflare.com/ajax/libs/codemirror/6.65.7/mode/mscgen/mscgen.js,91eff4cccc80f0048d1f7efce0197be483a013dd299e2718b49315639a3d4885
https://cdnjs.cloudflare.com/ajax/libs/codemirror/6.65.7/mode/mscgen/mscgen.min.js,762d26d07d7c95630b9a9326ecf53c07d60fa78aa6c0eb546aef5dd5b90e3def
https://cdnjs.cloudflare.com/ajax/libs/codemirror/6.65.7/mode/mumps/mumps.js,1455108cba483e767bc5072ebda6c4c219395adb574aa70f7d7ec856225c3d42
https://cdnjs.cloudflare.com/ajax/libs/codemirror/6.65.7/mode/mumps/mumps.min.js,4d863b2b0bf536d4f92f9e322f43847fc03d45f5f2e33366d1dbebc44f30d8fc
https://cdnjs.cloudflare.com/ajax/libs/codemirror/6.65.7/mode/nginx/nginx.js,e35111d1834678cd34bfec04abe169cb11739f39750d1c41ab57c8f2524748fe
https://cdnjs.cloudflare.com/ajax/libs/codemirror/6.65.7/mode/nginx/nginx.min.js,3ef4dfc8e83d4319e139173f58d9787728ed0305997b54df14b16a8cec9a310c
https://cdnjs.cloudflare.com/ajax/libs/codemirror/6.65.7/mode/nsis/nsis.js,5f9aab831632e1de8d8a4f6fcf52dcd75eb704ab8fe47e2c76aac24c8c30fbd7
https://cdnjs.cloudflare.com/ajax/libs/codemirror/6.65.7/mode/nsis/nsis.min.js,f4ce50eb39bb11892d1629209d1e57fe10d903e26d228c995d99e9e0b46b97e0
https://cdnjs.cloudflare.com/ajax/libs/codemirror/6.65.7/mode/ntriples/ntriples.js,d7a1fd7fba26679ecb0a6ac0b67164ed12a37db25d32ece3472920c6f25a74cd
https://cdnjs.cloudflare.com/ajax/libs/codemirror/6.65.7/mode/ntriples/ntriples.min.js,689967a54bccff2e87d81820a0759c0b3afc3fefc6fd3eca6c7b3784f78ebeb5
https://cdnjs.cloudflare.com/ajax/libs/codemirror/6.65.7/mode/octave/octave.js,b6c6966b9a564ceafa2b2c5ddde2f2efb0349cacdab3f61d90fce2544ece8615
https://cdnjs.cloudflare.com/ajax/libs/codemirror/6.65.7/mode/octave/octave.min.js,474dbed53a89b88d5853fc791106807223e3a000a4f4f6983a44c024c1d50d9a
https://cdnjs.cloudflare.com/ajax/libs/codemirror/6.65.7/mode/oz/oz.js,641554f9736e5260ff1aea064749a590cba2a854bad6fc334db8ffa2bc1a6892
https://cdnjs.cloudflare.com/ajax/libs/codemirror/6.65.7/mode/oz/oz.min.js,2c5a23da0ebdc508c2951070cc669037e0462dde3389d0042000cd588b37de0e
https://cdnjs.cloudflare.com/ajax/libs/codemirror/6.65.7/mode/pascal/pascal.js,5eaac022259857d3b9b127ac0deb76c84d2523dee102d203738293f95ce5086c
https://cdnjs.cloudflare.com/ajax/libs/codemirror/6.65.7/mode/pascal/pascal.min.js,0568fd190e4b52a7fb15116b3ac32f4267a9dfe93ec3bb109d51b25088c851d9
https://cdnjs.cloudflare.com/ajax/libs/codemirror/6.65.7/mode/pegjs/pegjs.js,8cc7fe980c79a1ded9265d338062c8ecdfe6e0d044fb795bf11eb8d9813dc492
https://cdnjs.cloudflare.com/ajax/libs/codemirror/6.65.7/mode/pegjs/pegjs.min.js,fc5029a4830b89c63974cdafc189c08d284e601dace6bc4f877ff34453e7ab46
https://cdnjs.cloudflare.com/ajax/libs/codemirror/6.65.7/mode/perl/perl.js,a614830dc6e71770cb4feabc487dfa1b72e29444789b94d1bcad62490827ca1e
https://cdnjs.cloudflare.com/ajax/libs/codemirror/6.65.7/mode/perl/perl.min.js,d615ceaba33194503018aa01c33784facb70d41b12eec6d5e3095ba372b95474
https://cdnjs.cloudflare.com/ajax/libs/codemirror/6.65.7/mode/php/php.js,07819ae34d5830a3cf040e1904d4b641cb70142845394211f7fb63c891d80945
https://cdnjs.cloudflare.com/ajax/libs/codemirror/6.65.7/mode/php/php.min.js,4e212f6ae43785e8ba556263841bceee1032c39d2645a69b6d63bbc6a0b15d7b
https://cdnjs.cloudflare.com/ajax/libs/codemirror/6.65.7/mode/pig/pig.js,e9a9ec475aeee8b2f75fd1c8a58ea0a2d0cffd383b1a3fb8bdc460881d612352
https://cdnjs.cloudflare.com/ajax/libs/codemirror/6.65.7/mode/pig/pig.min.js,bee3cb77412a52111c0f2d97d2de46a73077f49eb69e38639d0e7148ab4644ee
https://cdnjs.cloudflare.com/ajax/libs/codemirror/6.65.7/mode/powershell/powershell.js,9530fdf52d164be6d021a87de567acb8738f86f6fd98577533a9db3545e873c8
https://cdnjs.cloudflare.com/ajax/libs/codemirror/6.65.7/mode/powershell/powershell.min.js,42a235e8bee2d48cfaec3fb23fff529c8a806bb9a6f65ba6e9166e469ba8f0cb
https://cdnjs.cloudflare.com/ajax/libs/codemirror/6.65.7/mode/properties/properties.js,3f85f36e32edf82eba526ad56edadf04c33864d72bf0cfae2592a490530a4966
https://cdnjs.cloudflare.com/ajax/libs/codemirror/6.65.7/mode/properties/properties.min.js,236af4f373b08144c49519f907f053762ee8422ea80284d08d2cb14b76599d39
https://cdnjs.cloudflare.com/ajax/libs/codemirror/6.65.7/mode/protobuf/protobuf.js,93d1459ed6cc4e2a4701fc17959fe7f56b797d1d35b47f44b8030c0d19adf5b3
https://cdnjs.cloudflare.com/ajax/libs/codemirror/6.65.7/mode/protobuf/protobuf.min.js,8d1d62ab8b47ba118b5af3e8d9b13c684927e066681c4556fdfa6a72245c05ab
https://cdnjs.cloudflare.com/ajax/libs/codemirror/6.65.7/mode/pug/pug.js,1f9e975ab889f6dd9183758bc7b454224dd11859b8e045ce5b98e2c4a05bcf9b
https://cdnjs.cloudflare.com/ajax/libs/codemirror/6.65.7/mode/pug/pug.min.js,68b268401d7002370e9bc4cc2231b97753f3fd5a13c90c58ffb6acfd1352909a
https://cdnjs.cloudflare.com/ajax/libs/codemirror/6.65.7/mode/puppet/puppet.js,237b966a50a514c6beabddfb83649797f764a29f7f2c7100dac1f411709040af
https://cdnjs.cloudflare.com/ajax/libs/codemirror/6.65.7/mode/puppet/puppet.min.js,9627f1b3b43e0c380a7d768e21afda0bc401982c0730b156e05bc57082cdacab
https://cdnjs.cloudflare.com/ajax/libs/codemirror/6.65.7/mode/python/python.js,ec56443dfebe73f332cc639289ad2de6921560c8952a3e2127397a0849882657
https://cdnjs.cloudflare.com/ajax/libs/codemirror/6.65.7/mode/python/python.min.js,9979bdc4c96f1d6cb48f54af79f00df7da3b650e8cdf76d3685bb5551f7038a5
https://cdnjs.cloudflare.com/ajax/libs/codemirror/6.65.7/mode/q/q.js,1fecda8902c9c63fa36833c073370e479c7b8def1b883147c364f81cc6ac9171
https://cdnjs.cloudflare.com/ajax/libs/codemirror/6.65.7/mode/q/q.min.js,8aa5b8781d96c48a39eb586a226fecc205403006250d24d998db4ba219531995
https://cdnjs.cloudflare.com/ajax/libs/codemirror/6.65.7/mode/r/r.js,d4b1d1ad4275187d4f371fb61ca77ec10f63deba233644c484667750f934b23c
https://cdnjs.cloudflare.com/ajax/libs/codemirror/6.65.7/mode/r/r.min.js,4e1d2007ac4cae89795cae39b7e1fe0252215f58971598f824afe97d6820295a
https://cdnjs.cloudflare.com/ajax/libs/codemirror/6.65.7/mode/rpm/rpm.js,5e8a8253eb986b58fb170e2d58bdd134b05fc7dc02a456374a034d7564f77fcb
https://cdnjs.cloudflare.com/ajax/libs/codemirror/6.65.7/mode/rpm/rpm.min.js,0acf52f66b484ed6949bc5e87f0ced887bfcc817e8a42ed0b9ecf9d0f915d5f8
https://cdnjs.cloudflare.com/ajax/libs/codemirror/6.65.7/mode/rst/rst.js,b50d542cf38074c392f7fde44ef2cbab24b45bbfd178c426cfef6848d6d3e90d
https://cdnjs.cloudflare.com/ajax/libs/codemirror/6.65.7/mode/rst/rst.min.js,75b73bb0559a1ebea4934196ff65591a145cb0b22b260ba60adccc8972b5b4bf
https://cdnjs.cloudflare.com/ajax/libs/codemirror/6.65.7/mode/ruby/ruby.js,953daad8a24225d56733f77c0c4451cf05436f70ad00e5dd1618486a1d5e01b9
https://cdnjs.cloudflare.com/ajax/libs/codemirror/6.65.7/mode/ruby/ruby.min.js,248f1de195c6ef7f1f315ff6b27c9b4618b78665cc22d42a6bdc2c268c75016e
https://cdnjs.cloudflare.com/ajax/libs/codemirror/6.65.7/mode/rust/rust.js,797a9abcf8581f192bc49b11434346d3f8014763f4967ae260fbe31f25b2bdfb
https://cdnjs.cloudflare.com/ajax/libs/codemirror/6.65.7/mode/rust/rust.min.js,fcc31f417a2f4df247c238949143039f9c5bff1c976ab562a390ee44d654eb2e
https://cdnjs.cloudflare.com/ajax/libs/codemirror/6.65.7/mode/sas/sas.js,b69f2877e395b89682a4066f62f686c12cb66eac441b6c1d3ee15d5004859f43
https://cdnjs.cloudflare.com/ajax/libs/codemirror/6.65.7/mode/sas/sas.min.js,4c92c6ff924443aa2d8d157a0fbb212e7de2dc4c73286f174248124c2380e74e
https://cdnjs.cloudflare.com/ajax/libs/codemirror/6.65.7/mode/sass/sass.js,01ba99f4a91e70d2a5d3ef881c542f14a1f59f3ded58672484bcd56b41921866
https://cdnjs.cloudflare.com/ajax/libs/codemirror/6.65.7/mode/sass/sass.min.js,6cd18926eecd38e5f613697730013826b0cb2bda18afcd8d10cf60b8578d8bc9
https://cdnjs.cloudflare.com/ajax/libs/codemirror/6.65.7/mode/scheme/scheme.js,0bc81b318e12c7c5bbd94943d9d64cf1a64674c3bcc7057788ed1ade8701ab80
https://cdnjs.cloudflare.com/ajax/libs/codemirror/6.65.7/mode/scheme/scheme.min.js,56df153be4ad1988ef33cd862029e769e19f5c5f84565f302492f908ae22cc03
https://cdnjs.cloudflare.com/ajax/libs/codemirror/6.65.7/mode/shell/shell.js,24f77cb162ea9d9e9fc79b95ba547a7cc10a0767e3a5a52c786d4c24253736fe
https://cdnjs.cloudflare.com/ajax/libs/codemirror/6.65.7/mode/shell/shell.min.js,08aed7c67ef9d68f8f99eec9af2da275da760b3296615f341f44a5ebae3fbbd7
https://cdnjs.cloudflare.com/ajax/libs/codemirror/6.65.7/mode/sieve/sieve.js,c233866cf4990e2f28f11c96ecedc7e7dc465c19c5b445b30bdc037118f7b65d
https://cdnjs.cloudflare.com/ajax/libs/codemirror/6.65.7/mode/sieve/sieve.min.js,2258055a747279b123b273430381d9c6d01adf49d903ac9d914631950e197fee
https://cdnjs.cloudflare.com/ajax/libs/codemirror/6.65.7/mode/slim/slim.js,a8d555221c610512119f2107d58bb1c57d294cebc91f82638ea6e235286b5c15
https://cdnjs.cloudflare.com/ajax/libs/codemirror/6.65.7/mode/slim/slim.min.js,1f80e84f8a78c5668777a65ce4165de5f5a0a8d21a36caa8d801c95eba850a76
https://cdnjs.cloudflare.com/ajax/libs/codemirror/6.65.7/mode/smalltalk/smalltalk.js,9f649668162a61cfa6a3528dbe513d012162932c742c7b0696078bd2a6d3b190
https://cdnjs.cloudflare.com/ajax/libs/codemirror/6.65.7/mode/smalltalk/smalltalk.min.js,2b0ab0c17795232d5bd141256b1b4c7d51a4cd2c825893b5b9ea78ea7409a9ed
https://cdnjs.cloudflare.com/ajax/libs/codemirror/6.65.7/mode/smarty/smarty.js,9e95bcd71635efe200c3871c57cbb1c07edc1f8206d173f4552fd2dfbcf9e9af
https://cdnjs.cloudflare.com/ajax/libs/codemirror/6.65.7/mode/smarty/smarty.min.js,88ba3c3fbde25c8d9fcd836aacc1aaaf6d3515be31118181287c873917e33107
https://cdnjs.cloudflare.com/ajax/libs/codemirror/6.65.7/mode/solr/solr.js,17f16060f00cd932914722bf2cd1a01318c402503b62f3bd2bda09bab6b42b85
https://cdnjs.cloudflare.com/ajax/libs/codemirror/6.65.7/mode/solr/solr.min.js,a68cab0c6eebf027a1c03c211bdf2120c11b4716e09b7d223c19bcd7c7bcace2
https://cdnjs.cloudflare.com/ajax/libs/codemirror/6.65.7/mode/soy/soy.js,358a1861e92366d238eb240fd5d5cf8ea6f5fe219f389667d277031c0a1a47c5
https://cdnjs.cloudflare.com/ajax/libs/codemirror/6.65.7/mode/soy/soy.min.js,11e47d129bacccb325e6487dd7e2be1b85d85581019213b769136c4ad93edcf1
https://cdnjs.cloudflare.com/ajax/libs/codemirror/6.65.7/mode/sparql/sparql.js,e646ae1e2796c936a8760af321089f5814d0158ef72aa3f3efb60765430a2e6b
https://cdnjs.cloudflare.com/ajax/libs/codemirror/6.65.7/mode/sparql/sparql.min.js,eddfcdda422dc4244f86705175f4e561ce92b4e65ebe2c518029677a4ad307bf
https://cdnjs.cloudflare.com/ajax/libs/codemirror/6.65.7/mode/spreadsheet/spreadsheet.js,0807dd557c55f5b6d8579c5c9019c5eddcda9c56ce559190e5f2985b156a00da
https://cdnjs.cloudflare.com/ajax/libs/codemirror/6.65.7/mode/spreadsheet/spreadsheet.min.js,544e6c265d8538515c444c7a20ce9156446c9be1523e8054be986aff26559832
https://cdnjs.cloudflare.com/ajax/libs/codemirror/6.65.7/mode/sql/sql.js,ac23d3f196deb9be25cfcecb966bdc1789b9e177aac683ddccde1420670c4d8a
https://cdnjs.cloudflare.com/ajax/libs/codemirror/6.65.7/mode/sql/sql.min.js,ee0c6bf116a095f6b600ee9d3fa03ca48fcae7b178ed808b33cf3d7d19c6a038
https://cdnjs.cloudflare.com/ajax/libs/codemirror/6.65.7/mode/stex/stex.js,edc1f57c69920967a31defb66954aa29f5751fdb2f7ed8e52fa08978ff890e3b
https://cdnjs.cloudflare.com/ajax/libs/codemirror/6.65.7/mode/stex/stex.min.js,ebc5cb8e191cf20207a2477db7dc4ffb08329e9e40d3487b9113ae1c68eafa53
https://cdnjs.cloudflare.com/ajax/libs/codemirror/6.65.7/mode/stylus/stylus.js,85683adfef4f0129670fc2e5ee9148ad956213f5fa0c8dd05ac7970ad7f0b337
https://cdnjs.cloudflare.com/ajax/libs/codemirror/6.65.7/mode/stylus/stylus.min.js,3ae743c5e62b5b206ae6dfd6c7a66450fe866b9823c45b0a718b566b03087c43
https://cdnjs.cloudflare.com/ajax/libs/codemirror/6.65.7/mode/swift/swift.js,939dc67bbef9f0f6847f5bc2a89b0c8f4b411d57fbeed4f9d5cc21fabd7e191c
https://cdnjs.cloudflare.com/ajax/libs/codemirror/6.65.7/mode/swift/swift.min.js,6178336084170178cf70f6abf76ac633c4ef7638a3b0194c624677036f95cac4
https://cdnjs.cloudflare.com/ajax/libs/codemirror/6.65.7/mode/tcl/tcl.js,98552bab94ce9adc9fcef5658da2965994a84e852c83098e94564884815b3026
https://cdnjs.cloudflare.com/ajax/libs/codemirror/6.65.7/mode/tcl/tcl.min.js,0879877587e99252f64495b85a6b400756d97b833bd94a46f10ec2badd7d7ec7
https://cdnjs.cloudflare.com/ajax/libs/codemirror/6.65.7/mode/textile/textile.js,c121fcf3e641a7433b9e328c76aa0b1755aa4c0412e4f59a1d8d6ac24b36df06
https://cdnjs.cloudflare.com/ajax/libs/codemirror/6.65.7/mode/textile/textile.min.js,a814738fb78aa5f631bf8c359da90defc184bdb3348aea982ec80965c0e4472d
https://cdnjs.cloudflare.com/ajax/libs/codemirror/6.65.7/mode/tiddlywiki/tiddlywiki.css,12e784b7a98f6319e3b55ff8f14ba090d7bd2aa2c8ac0df3ebc8e848c48301d2
https://cdnjs.cloudflare.com/ajax/libs/codemirror/6.65.7/mode/tiddlywiki/tiddlywiki.js,4b62acf34df4acb1a4bc1a2729edaf221583679761d35e0e9077883810fccbfe
https://cdnjs.cloudflare.com/ajax/libs/codemirror/6.65.7/mode/tiddlywiki/tiddlywiki.min.css,c7edaba14c3b62a5a58b4ac5bd8367734646d4b394f1f3abc003fb4ef6cdec7b
https://cdnjs.cloudflare.com/ajax/libs/codemirror/6.65.7/mode/tiddlywiki/tiddlywiki.min.js,f6836338cebbd95218b5a17500c855288dbb73b7d99823e7ff5046e77dc08727
https://cdnjs.cloudflare.com/ajax/libs/codemirror/6.65.7/mode/tiki/tiki.css,69ad6cec8b5f6b4688a04225d0e6bb5eb5d0271b215d7c611323d8093b1a71d4
https://cdnjs.cloudflare.com/ajax/libs/codemirror/6.65.7/mode/tiki/tiki.js,af92cd0858a99f3c5cacf240874db7eac2704a7b193a3cdfddfc5ba70382a293
https://cdnjs.cloudflare.com/ajax/libs/codemirror/6.65.7/mode/tiki/tiki.min.css,617707c6d180f824368597f388166c8b80f262764dfed9ce298a40301605652d
https://cdnjs.cloudflare.com/ajax/libs/codemirror/6.65.7/mode/tiki/tiki.min.js,d0323557ef5c3c3149f1a053a668766b42518da5368c5b9b1c230cc2174bd88d
https://cdnjs.cloudflare.com/ajax/libs/codemirror/6.65.7/mode/toml/toml.js,67bbbc2696788633071f2a2b8a1cf6ca4f4ac82213e3d85b7cd183d60b117679
https://cdnjs.cloudflare.com/ajax/libs/codemirror/6.65.7/mode/toml/toml.min.js,1b43ad9d544aefb0c53b22a519d20e5905cbb76e043f9a86380e2269c60cfdbf
https://cdnjs.cloudflare.com/ajax/libs/codemirror/6.65.7/mode/tornado/tornado.js,d006020d7d093cb4f5ed5088ed151d4c45417fe5ccde69d960eb82cfcb9e0ecc
https://cdnjs.cloudflare.com/ajax/libs/codemirror/6.65.7/mode/tornado/tornado.min.js,4b7e43eb511983b1947044582f6b8f955559331ad44da3824858b8245b2554e1
https://cdnjs.cloudflare.com/ajax/libs/codemirror/6.65.7/mode/troff/troff.js,f7714fdc46774467c168e75fc36eca90e6df16e27afd0b608b882b2df769b8c3
https://cdnjs.cloudflare.com/ajax/libs/codemirror/6.65.7/mode/troff/troff.min.js,12c37917ca2527694eb6706d751312683b7a0434fc1cf4c13b7221ff1f66df92
https://cdnjs.cloudflare.com/ajax/libs/codemirror/6.65.7/mode/ttcn/ttcn.js,10be6704eac48032ce00890bdfffa03d445aae18e3ef7bd74eb14a26e5867a28
https://cdnjs.cloudflare.com/ajax/libs/codemirror/6.65.7/mode/ttcn/ttcn.min.js,e8500a74ad12d8b595853ffda9548c3f5517c5213d98b83f1b942d15122de9da
https://cdnjs.cloudflare.com/ajax/libs/codemirror/6.65.7/mode/ttcn-cfg/ttcn-cfg.js,22983894e4a3794c9bcf396e7a4119efa5ea07a4f97e060e15f3c13ec2c1a01b
https://cdnjs.cloudflare.com/ajax/libs/codemirror/6.65.7/mode/ttcn-cfg/ttcn-cfg.min.js,f682027645e993e19ca03d44afd4147ba94b755faa05e12fe06d7f80c4e9c721
https://cdnjs.cloudflare.com/ajax/libs/codemirror/6.65.7/mode/turtle/turtle.js,0f82b51ecc43b95e55a752f80f719f8a39b607697b86d3fa4523a5e8280d3520
https://cdnjs.cloudflare.com/ajax/libs/codemirror/6.65.7/mode/turtle/turtle.min.js,ac90d75ac471be40d06d773fb5915d1fdab6b0b6a093ff4fda4ebf158ee81700
https://cdnjs.cloudflare.com/ajax/libs/codemirror/6.65.7/mode/twig/twig.js,72b6e091bbd6a7c6eb786db2591c1f6f59c7880ef224ce5365ed39ec786d583b
https://cdnjs.cloudflare.com/ajax/libs/codemirror/6.65.7/mode/twig/twig.min.js,7f99531d865ccfb30dc002af85b4022e826fc058e5301c4e3e822448cd3b34a8
https://cdnjs.cloudflare.com/ajax/libs/codemirror/6.65.7/mode/vb/vb.js,e8f8e4496baed70b1e6ff44979382bad81b921b9570b7da1a377835e973f28f6
https://cdnjs.cloudflare.com/ajax/libs/codemirror/6.65.7/mode/vb/vb.min.js,89b6b67e864d6b532c11cb1eaab77f832c94ef34330d4b21526ae073bdc964b6
https://cdnjs.cloudflare.com/ajax/libs/codemirror/6.65.7/mode/vbscript/vbscript.js,77109e0c2218502dac03b5bc3b290cfe0b46ea00f4d267f3dc4378d9abe1bdc9
https://cdnjs.cloudflare.com/ajax/libs/codemirror/6.65.7/mode/vbscript/vbscript.min.js,38635874105c2d099b3f09e755f502db2a45ae434e7013058c78fc6041ff4194
https://cdnjs.cloudflare.com/ajax/libs/codemirror/6.65.7/mode/velocity/velocity.js,3c076c7bdb1e2d3d25bffa1a682556ae449f1545c3731935306333b5831aa951
https://cdnjs.cloudflare.com/ajax/libs/codemirror/6.65.7/mode/velocity/velocity.min.js,ad78778948ac4805ffadc14caf81bf98f42645de5bb5141c2e36f3d4c183aeaa
https://cdnjs.cloudflare.com/ajax/libs/codemirror/6.65.7/mode/verilog/verilog.js,ae7c58b13650019ca08760e04f3ece3315e889eb5aa849a34400f16542610eb1
https://cdnjs.cloudflare.com/ajax/libs/codemirror/6.65.7/mode/verilog/verilog.min.js,d5f5e0b852cbc8d13e4e312325046fb613455d4ffb5e0af16b92adc644b3e173
https://cdnjs.cloudflare.com/ajax/libs/codemirror/6.65.7/mode/vhdl/vhdl.js,da078efdda01a1245fb8ed5a16cffeb0a51823e5917e3802457041dc48243539
https://cdnjs.cloudflare.com/ajax/libs/codemirror/6.65.7/mode/vhdl/vhdl.min.js,89a91029ceca54f490b1bfc54f3cd0317cd78e1cd2706ea8602c64221623f5e6
https://cdnjs.cloudflare.com/ajax/libs/codemirror/6.65.7/mode/vue/vue.js,8b9c4f59c1230c537f44f593f5d608a81604e4b3dfd345ea938939d0d62f668e
https://cdnjs.cloudflare.com/ajax/libs/codemirror/6.65.7/mode/vue/vue.min.js,f7194d9d276d1ee59c6ee6b578985f1e27f1198095ae4b83849ba7856fa514d4
https://cdnjs.cloudflare.com/ajax/libs/codemirror/6.65.7/mode/wast/wast.js,8e8ae8ab4475c66d2f05960ffda597af6279c8c93f62cdab443407bea74c0091
https://cdnjs.cloudflare.com/ajax/libs/codemirror/6.65.7/mode/wast/wast.min.js,8013e51dc3efb56b282126246348883fa6a5f9a6e6b3fe32a30a6cf613746815
https://cdnjs.cloudflare.com/ajax/libs/codemirror/6.65.7/mode/webidl/webidl.js,a12293542727a69514ae5477a65e33eed4f871fc207c6b275c9d8be1f2177062
https://cdnjs.cloudflare.com/ajax/libs/codemirror/6.65.7/mode/webidl/webidl.min.js,37d97be38c6ebb5b7e847d2c5d160b6355f08a59bf9ea5a4dd3fb40adaca4eaf
https://cdnjs.cloudflare.com/ajax/libs/codemirror/6.65.7/mode/xml/xml.js,dc7e44d410399326f802e2924573cbf6f942a79f647fd0b97f0b607973bc9a09
https://cdnjs.cloudflare.com/ajax/libs/codemirror/6.65.7/mode/xml/xml.min.js,1403f6fc04264c38e933891710636ed07761898aa764de95a39a832d433cbe66
https://cdnjs.cloudflare.com/ajax/libs/codemirror/6.65.7/mode/xquery/xquery.js,618685277efde78e0e48fd5cf95948ae32a4d57de942038ed0579415f3f2f9dc
https://cdnjs.cloudflare.com/ajax/libs/codemirror/6.65.7/mode/xquery/xquery.min.js,2100124ecb8a2c557b903210b9f327061cba70496f3b09753a1d11c82e747678
https://cdnjs.cloudflare.com/ajax/libs/codemirror/6.65.7/mode/yacas/yacas.js,edab39fac054aaee5ea8ad3d09e0d38f57d5b24f826df7561526b5efb229fc72
https://cdnjs.cloudflare.com/ajax/libs/codemirror/6.65.7/mode/yacas/yacas.min.js,9cee250eaae01d77fee7b3f41c29ce99b6e33724307b2d833d672a84ebd514bb
https://cdnjs.cloudflare.com/ajax/libs/codemirror/6.65.7/mode/yaml/yaml.js,3256b4e40302d4488834925a990edb32cef7d431f70a40917c1c5398468d861b
https://cdnjs.cloudflare.com/ajax/libs/codemirror/6.65.7/mode/yaml/yaml.min.js,7f87153bbeb4a7be02520f08d734c004bd09961e2e04cf5ed627173b3ba5f66c
https://cdnjs.cloudflare.com/ajax/libs/codemirror/6.65.7/mode/yaml-frontmatter/yaml-frontmatter.js,98baa91eee7ba77aaf150a59d7e5146d4964ddb271076cd963cce43f9928b3f8
https://cdnjs.cloudflare.com/ajax/libs/codemirror/6.65.7/mode/yaml-frontmatter/yaml-frontmatter.min.js,ecfab31ca4038c912cbe6218d3629901ddd133741c78cd8a3d7eaa44fe2d0ac8
https://cdnjs.cloudflare.com/ajax/libs/codemirror/6.65.7/mode/z80/z80.js,0f501d7b8c9c48942900b4d7131f5bb18130395024e66ea5d98aea480f845e2e
https://cdnjs.cloudflare.com/ajax/libs/codemirror/6.65.7/mode/z80/z80.min.js,aebefa93e1008f3470797355757d7c259fbc590a1836fd9f56fd517962e15412
https://cdnjs.cloudflare.com/ajax/libs/codemirror/6.65.7/theme/3024-day.css,7c9126a1d8a38be70a6d96872f8af03215203f3c6595975314cc4f75f792b8f8
https://cdnjs.cloudflare.com/ajax/libs/codemirror/6.65.7/theme/3024-day.min.css,8f1ab266dd5d27c630024971df2953a4bf058c667756b18b34ae9ffa2a0e62ae
https://cdnjs.cloudflare.com/ajax/libs/codemirror/6.65.7/theme/3024-night.css,93ada2f28acc83a589c2d65147497ef5732237b2a9e6dabb3d69d486e1d3a447
https://cdnjs.cloudflare.com/ajax/libs/codemirror/6.65.7/theme/3024-night.min.css,3c1103531b420ff2ea3c79be5ba016a2b21cec83e13a698dda0b28a506b3109d
https://cdnjs.cloudflare.com/ajax/libs/codemirror/6.65.7/theme/abbott.css,9cc2f55d3cc77af968e7c72a9981c3fdb99705bc129ddd260fa8976a19f5dc76
https://cdnjs.cloudflare.com/ajax/libs/codemirror/6.65.7/theme/abbott.min.css,f293afbc4a4736ecb01ca784487c17d75b245c4c33f16bb85b367cc1dae498ec
https://cdnjs.cloudflare.com/ajax/libs/codemirror/6.65.7/theme/abcdef.css,19f003c8687837b195a768d39a015fae149485ef354726161b511defaa020f99
https://cdnjs.cloudflare.com/ajax/libs/codemirror/6.65.7/theme/abcdef.min.css,d10f5232f55d702e27ccf9e9fef8234c98854790c335f63fff005c06474683eb
https://cdnjs.cloudflare.com/ajax/libs/codemirror/6.65.7/theme/ambiance-mobile.css,356cf9d539a70462808d76851e24bb0049676621d00b6d851c2b1ee2b0f6ac57
https://cdnjs.cloudflare.com/ajax/libs/codemirror/6.65.7/theme/ambiance-mobile.min.css,c49c15f81c14522b7815c28ea7fa4de0fa393e44f03415736dbf17beb7ce8a3d
https://cdnjs.cloudflare.com/ajax/libs/codemirror/6.65.7/theme/ambiance.css,499ce8dd8badcb5f6c622820cea32fe368497388da7c5d458699942f07b0d555
https://cdnjs.cloudflare.com/ajax/libs/codemirror/6.65.7/theme/ambiance.min.css,ce1058a6f02b3f7290a3f79cb16c2c0b36b3a1cfe4c27ab74b94156a1d2a379b
https://cdnjs.cloudflare.com/ajax/libs/codemirror/6.65.7/theme/ayu-dark.css,1502279da3360c5fe84c3ddc43fd77bfa7b747e8269b485ea9ec8e77d8213c20
https://cdnjs.cloudflare.com/ajax/libs/codemirror/6.65.7/theme/ayu-dark.min.css,d85e6404225e6e5098660072181e2d94400de46bf351593aab9d77c2a14f537e
https://cdnjs.cloudflare.com/ajax/libs/codemirror/6.65.7/theme/ayu-mirage.css,5b3941bfc8f5b12d44d91a43526bb21ef43a55cd7dad6acb3785be6f06f85439
https://cdnjs.cloudflare.com/ajax/libs/codemirror/6.65.7/theme/ayu-mirage.min.css,42b8b8ad7ff44535714099beeb4a8debc8c89f800dca8fb40209b424304aa6ca
https://cdnjs.cloudflare.com/ajax/libs/codemirror/6.65.7/theme/base16-dark.css,b1e39f7c7a07951b7f2cd07fd5d11c794a3066568deca7fd01cda194a3bf2ae1
https://cdnjs.cloudflare.com/ajax/libs/codemirror/6.65.7/theme/base16-dark.min.css,8279acdb8ef3c3950930f07d8a154b18ddf4665ec921ba068151489b2bd6a73d
https://cdnjs.cloudflare.com/ajax/libs/codemirror/6.65.7/theme/base16-light.css,8231d684da4a0351e1921b325af06041b79e2e4e9f0aa1d053f15d2148e3eff6
https://cdnjs.cloudflare.com/ajax/libs/codemirror/6.65.7/theme/base16-light.min.css,2df54244efac4be99acb6212c8e2143bb95c958bafa3362480ddd95b4b057de6
https://cdnjs.cloudflare.com/ajax/libs/codemirror/6.65.7/theme/bespin.css,d43da55a7859eabd94a7735eff8205c136812e2bdb037f85ab026320fd9b7b43
https://cdnjs.cloudflare.com/ajax/libs/codemirror/6.65.7/theme/bespin.min.css,92503cc85ae427d696b3fb9dd4d6b2e87797633e00b2241ea6cfbf007929255e
https://cdnjs.cloudflare.com/ajax/libs/codemirror/6.65.7/theme/blackboard.css,54f0811f00d130b3c3283cf679e7fbdcb8f93a6da88ae4011739220a816ce451
https://cdnjs.cloudflare.com/ajax/libs/codemirror/6.65.7/theme/blackboard.min.css,d260b299666a617e103425edf3ef9f2609f5bbf08b861d885350fd86219fe51f
https://cdnjs.cloudflare.com/ajax/libs/codemirror/6.65.7/theme/cobalt.css,3acd2a2cd9aefaeca3b41a451e26408400e0d958b8e845ad4bcd5edf5ff901e0
https://cdnjs.cloudflare.com/ajax/libs/codemirror/6.65.7/theme/cobalt.min.css,0b9980c823d6b174a14a8e11982b863a1fe8a11223201be62afb6559ac1ec860
https://cdnjs.cloudflare.com/ajax/libs/codemirror/6.65.7/theme/colorforth.css,47f95a4cc84b64cedb03dcaf5337427cee85dd4495822acb30f7e1bab83bd687
https://cdnjs.cloudflare.com/ajax/libs/codemirror/6.65.7/theme/colorforth.min.css,b2bad1d71f69ff75a4bf7f3f4e975ca5fe01e12c80fcad1a32db304665e6872a
https://cdnjs.cloudflare.com/ajax/libs/codemirror/6.65.7/theme/darcula.css,fc3056faeebd99116991a794b87fee2299662eb480bff47dae107d3fe6005625
https://cdnjs.cloudflare.com/ajax/libs/codemirror/6.65.7/theme/darcula.min.css,7447abf70122a27eaaff6672123e14c645e941d19440a75d128d1e141a8d82c8
https://cdnjs.cloudflare.com/ajax/libs/codemirror/6.65.7/theme/dracula.css,02fdf6049608ddd8d0d7cf6403b6e5b251330740dfc393774f68bb64727b3c6e
https://cdnjs.cloudflare.com/ajax/libs/codemirror/6.65.7/theme/dracula.min.css,ba8d009adc9d54938ea88252c099a2b773ed3a4f5515ae9c2f937a8a4cb399df
https://cdnjs.cloudflare.com/ajax/libs/codemirror/6.65.7/theme/duotone-dark.css,438636d2fa5b25adfe3b9144481a029e6f4bc27f5a6f8c2e2c394dd5cfe1ffb4
https://cdnjs.cloudflare.com/ajax/libs/codemirror/6.65.7/theme/duotone-dark.min.css,f9653385a7ce22c1f88e30d0b1984a83d806553fa3a232d60574417915288570
https://cdnjs.cloudflare.com/ajax/libs/codemirror/6.65.7/theme/duotone-light.css,510d10e3a3bd1f695c9eb034a8186834f9b20986fd8c41bc1484a58c9f3ae3c9
https://cdnjs.cloudflare.com/ajax/libs/codemirror/6.65.7/theme/duotone-light.min.css,4cfd1fe211b1f7d30b4dce9d0a6e53e404d669d0c0322c7df145610445c1a2b1
https://cdnjs.cloudflare.com/ajax/libs/codemirror/6.65.7/theme/eclipse.css,5a1cc914b42631e60dcf7a7efd412a189733107ae06508986b0cd7efa8239eea
https://cdnjs.cloudflare.com/ajax/libs/codemirror/6.65.7/theme/eclipse.min.css,e5ea1258e20040cfa83b766eab3fdb8fa8d41de1b3b04ed0c22ec8f321e4fa66
https://cdnjs.cloudflare.com/ajax/libs/codemirror/6.65.7/theme/elegant.css,02df81678be8cf0a780e430395b0f64eb778feac2216a3b1ecab52848abc8fe6
https://cdnjs.cloudflare.com/ajax/libs/codemirror/6.65.7/theme/elegant.min.css,64e39880d4e625042f1736da1a6a931d57f90f392fa03a98f94d2f259b793d58
https://cdnjs.cloudflare.com/ajax/libs/codemirror/6.65.7/theme/erlang-dark.css,f3286c8dda18ca92aded2aa39ad75ff5167c4c07caddd191f1ba8a3251ff7d48
https://cdnjs.cloudflare.com/ajax/libs/codemirror/6.65.7/theme/erlang-dark.min.css,f508793e2a4e1f4593daa9387d2384cc1a08f05f8320351bc0dee907aed7df44
https://cdnjs.cloudflare.com/ajax/libs/codemirror/6.65.7/theme/gruvbox-dark.css,1c00b4e05d1ef31edb08e9e12e85e583a10c6d57f03b0dabcd9b585447fdfa76
https://cdnjs.cloudflare.com/ajax/libs/codemirror/6.65.7/theme/gruvbox-dark.min.css,bf02d1f705808b382c2eafee4f8839c23c932b4c4b9881841e1fd2d49710bf54
https://cdnjs.cloudflare.com/ajax/libs/codemirror/6.65.7/theme/hopscotch.css,2074da3b102459c64bb9d760c790d5dfbc4a1805a026419fe9494918adca5d54
https://cdnjs.cloudflare.com/ajax/libs/codemirror/6.65.7/theme/hopscotch.min.css,95fe17d02f0ac486255bf231853377c67158b3b17b44ddf090b7b19ee1df73fa
https://cdnjs.cloudflare.com/ajax/libs/codemirror/6.65.7/theme/icecoder.css,ae8270b75ecb44407b1cab60c4ef335f961462477aa90cbe0b4a9a4cf06dff8e
https://cdnjs.cloudflare.com/ajax/libs/codemirror/6.65.7/theme/icecoder.min.css,c47d2561c66842bc474763b12d22bf629bafeabdaca9a15ffecc33f8b4707336
https://cdnjs.cloudflare.com/ajax/libs/codemirror/6.65.7/theme/idea.css,c52c1d627b1ed6ad74293c28ae35553f9de96f2fff926f7e4018618247cb3c98
https://cdnjs.cloudflare.com/ajax/libs/codemirror/6.65.7/theme/idea.min.css,bb9098486ad509aed2d44926bb2297a97b19b2fd2f47966a3ef45d62623fdb4e
https://cdnjs.cloudflare.com/ajax/libs/codemirror/6.65.7/theme/isotope.css,05a29f6e56dbdbaf74c75c585ad66ba6f4313dafc06e8f041b343fb851421ab1
https://cdnjs.cloudflare.com/ajax/libs/codemirror/6.65.7/theme/isotope.min.css,b9576a5700554685b92628f5aa382b749a43c73f4ed663060bd64e319c4b4ba1
https://cdnjs.cloudflare.com/ajax/libs/codemirror/6.65.7/theme/juejin.css,a6a735a137ef2eb55ea1b1647e9c66c9c50e6bf33bec293a36fd319701e3020a
https://cdnjs.cloudflare.com/ajax/libs/codemirror/6.65.7/theme/juejin.min.css,13d0855ac5f0670c51ddb321e21f5da90626f9d0e28cefe0158e29548ad0cdf4
https://cdnjs.cloudflare.com/ajax/libs/codemirror/6.65.7/theme/lesser-dark.css,b772ec1c4b63a8f31af9bc9ee4361a02b5b660cf238ac0a05694aed8da8330a0
https://cdnjs.cloudflare.com/ajax/libs/codemirror/6.65.7/theme/lesser-dark.min.css,55646e39661ad11c55d9f0c174d107fca9177d7830eaf54a62295bd121f1c3c4
https://cdnjs.cloudflare.com/ajax/libs/codemirror/6.65.7/theme/liquibyte.css,b799a2bc34fd750b6c8b10a3e0c40fea2ee03504799d13bb7545d11ed1f5b355
https://cdnjs.cloudflare.com/ajax/libs/codemirror/6.65.7/theme/liquibyte.min.css,a92cb9a48c1749342630722df93d58f74208b6fd18054ddc445b12cc3cf310c5
https://cdnjs.cloudflare.com/ajax/libs/codemirror/6.65.7/theme/lucario.css,a3dcbebff7ba256321b92ea4b034fc15cb8fe081010fbc6760bd59a0dff8d06f
https://cdnjs.cloudflare.com/ajax/libs/codemirror/6.65.7/theme/lucario.min.css,512b5992a5a27af8cad058aa17ad8a2d0105b98ce2e3a242e491c705ed58761d
https://cdnjs.cloudflare.com/ajax/libs/codemirror/6.65.7/theme/material-darker.css,5835aabae48149dbf6d47cf61160155f030e33882b4a80c35f9a3d60ed068680
https://cdnjs.cloudflare.com/ajax/libs/codemirror/6.65.7/theme/material-darker.min.css,36f7867d65852095da9627424ca794ab24b58187ccbdfdf637fda7b57ab417f8
https://cdnjs.cloudflare.com/ajax/libs/codemirror/6.65.7/theme/material-ocean.css,730d860562b4687aa07d5b0aa589127d6ae329dfdaab129db21862eac9570e7b
https://cdnjs.cloudflare.com/ajax/libs/codemirror/6.65.7/theme/material-ocean.min.css,fde6b822a83489b28696465b0f3035d17dbd3560411482e3d83d86ec924a3bae
https://cdnjs.cloudflare.com/ajax/libs/codemirror/6.65.7/theme/material-palenight.css,22b58f46026b37ff16de1d37f9a3feb6d5af6a350adb5cc931f29a81fea1bdc7
https://cdnjs.cloudflare.com/ajax/libs/codemirror/6.65.7/theme/material-palenight.min.css,a6ae3fd4817940502ffbc59fdc0dd00e426e684ec26f79dc9036df09c912f20c
https://cdnjs.cloudflare.com/ajax/libs/codemirror/6.65.7/theme/material.css,ce5226e4ba714fbe471f886a93453fde50896095424f97cd472a473d82a9f629
https://cdnjs.cloudflare.com/ajax/libs/codemirror/6.65.7/theme/material.min.css,2e0d5809f56e7be41bb583aed8cfda7e521ea854c0e75da6d15a7497591f7125
https://cdnjs.cloudflare.com/ajax/libs/codemirror/6.65.7/theme/mbo.css,23f2216dd2d4ffad8a6cec20dde749f90daf87b45b98f35e19816e54552831c3
https://cdnjs.cloudflare.com/ajax/libs/codemirror/6.65.7/theme/mbo.min.css,22acfb232901bcf308285152fcf95acdb334e037506e7a156d74f92b8d0d9385
https://cdnjs.cloudflare.com/ajax/libs/codemirror/6.65.7/theme/mdn-like.css,0fe4efda34252164bbf50f2b44cf51e985af27928150310dcd1022df3bee64fd
https://cdnjs.cloudflare.com/ajax/libs/codemirror/6.65.7/theme/mdn-like.min.css,947b65488a2c1f38db01c2724fe58ef8e9ad6507cfa19ef6ad64c8032477cbf4
https://cdnjs.cloudflare.com/ajax/libs/codemirror/6.65.7/theme/midnight.css,0802a6173fac71fae408d2a6189dff08e014482a2e13fa452750cec9155e9968
https://cdnjs.cloudflare.com/ajax/libs/codemirror/6.65.7/theme/midnight.min.css,742682c145e999ed2d252b235b1816114cb664fe49b1b36e401ee1082687f7d2
https://cdnjs.cloudflare.com/ajax/libs/codemirror/6.65.7/theme/monokai.css,2463dc6fd92019a0c7ca2aaa01d03116b280fa7c6ae01bf21df7c107d9b683e8
https://cdnjs.cloudflare.com/ajax/libs/codemirror/6.65.7/theme/monokai.min.css,8e384a464c2adf6e08c4bd37a561f632d018dec2691d35e9179e5a16b27c6d30
https://cdnjs.cloudflare.com/ajax/libs/codemirror/6.65.7/theme/moxer.css,f88c5ab1daba0ba8526ddd02fc10aee8fa746e4b2c7f01b91229e38a33d3602a
https://cdnjs.cloudflare.com/ajax/libs/codemirror/6.65.7/theme/moxer.min.css,05f976905515fd5f3eb232e195519c3e40ecb261b15db5a822d973c310aafec0
https://cdnjs.cloudflare.com/ajax/libs/codemirror/6.65.7/theme/neat.css,58c2c2e5bc69c2f2e2a2e619a3799a0bd70a8754c137104daab4a39e53f42503
https://cdnjs.cloudflare.com/ajax/libs/codemirror/6.65.7/theme/neat.min.css,8f74a32f69bf55af4147884244bd1dc04d5b9debdc3b1cc8e285c426cf783ea9
https://cdnjs.cloudflare.com/ajax/libs/codemirror/6.65.7/theme/neo.css,a919e6daa7d3fd0e76fbb0c2dab8268f6f998d381bf6cd76802eadb8b6f4b6fd
https://cdnjs.cloudflare.com/ajax/libs/codemirror/6.65.7/theme/neo.min.css,902e1afa69d9f472dcfbe834a0c8b05e7510f5a3f20df9ea96116b908e5b9f8d
https://cdnjs.cloudflare.com/ajax/libs/codemirror/6.65.7/theme/night.css,0c5dde41710597bebc4e4213244b888be77ee451c7e394d8a3a2ea9a88703ee5
https://cdnjs.cloudflare.com/ajax/libs/codemirror/6.65.7/theme/night.min.css,9276f96513e40a03ce77c8ce95e0b49689a57dc380fc9c738308c5de29638a3f
https://cdnjs.cloudflare.com/ajax/libs/codemirror/6.65.7/theme/nord.css,a238fa5f171a8b612170eb67cfdd0f1c4c731ac5e10d10ea6fdf1642dd1ee1b1
https://cdnjs.cloudflare.com/ajax/libs/codemirror/6.65.7/theme/nord.min.css,5f16126f7822fbd3776ce2895c0dcbedd02e75f155b8d6bc8fbf53b710925c7f
https://cdnjs.cloudflare.com/ajax/libs/codemirror/6.65.7/theme/oceanic-next.css,a3089450d9d877873ede20d582461f237f4cf5998034584d00ae1623b81efe03
https://cdnjs.cloudflare.com/ajax/libs/codemirror/6.65.7/theme/oceanic-next.min.css,0b472f6af44cf6f8eb921603d7e9e83e4fd5b3f35214823ebf2ec25a88c6f53c
https://cdnjs.cloudflare.com/ajax/libs/codemirror/6.65.7/theme/panda-syntax.css,c6d5827216777e2c3014c07110a7082444379b115260c6d4e0244cfa7eddf820
https://cdnjs.cloudflare.com/ajax/libs/codemirror/6.65.7/theme/panda-syntax.min.css,d73b7b7e7439bf023a9125f5ff8cc3ba0490a74ba93334c629a4a04565139d31
https://cdnjs.cloudflare.com/ajax/libs/codemirror/6.65.7/theme/paraiso-dark.css,fc551f1a32ca11d4023af6dc87ee3785fbb5fe5044cdac12057f0af9c1731d97
https://cdnjs.cloudflare.com/ajax/libs/codemirror/6.65.7/theme/paraiso-dark.min.css,d3f59c130fafdf71ed8b194631fa53be0b6b1aeeef8484b5ac8dd8c3b6f7b293
https://cdnjs.cloudflare.com/ajax/libs/codemirror/6.65.7/theme/paraiso-light.css,25ff9301f48317d13586f74c95eb8e665fb0e8e1364b41b6219d218a96d7f5a8
https://cdnjs.cloudflare.com/ajax/libs/codemirror/6.65.7/theme/paraiso-light.min.css,be26a5ace23a8357d42bc10ebad0cc5fae08745267f30cf1bc73261203f3bbb9
https://cdnjs.cloudflare.com/ajax/libs/codemirror/6.65.7/theme/pastel-on-dark.css,d13d34489985a2a203d321f15afb8f6b681b74e16b81e8c80c8b8ad9df56159e
https://cdnjs.cloudflare.com/ajax/libs/codemirror/6.65.7/theme/pastel-on-dark.min.css,9c9a9b3e100d6676377cba84e4bfb211ff25299e18017a0ea63e8c672c556c46
https://cdnjs.cloudflare.com/ajax/libs/codemirror/6.65.7/theme/railscasts.css,e9ba2e428ab0547969c02c2e76fbdcc7ea296165620c652b220fa7427989ba48
https://cdnjs.cloudflare.com/ajax/libs/codemirror/6.65.7/theme/railscasts.min.css,d2a898dbae0645f21a5bc7760db9de4b29bfa83ee5250d683984735fb877dac5
https://cdnjs.cloudflare.com/ajax/libs/codemirror/6.65.7/theme/rubyblue.css,dd8d9e324b7e04d114c83ceb8301f892e99dce2e9e17ed6a19bb4c1622be384c
https://cdnjs.cloudflare.com/ajax/libs/codemirror/6.65.7/theme/rubyblue.min.css,367445fc829b82c8c38a7eff0e4e2088fc42b17de3878bc5c1f36e0f07d379b9
https://cdnjs.cloudflare.com/ajax/libs/codemirror/6.65.7/theme/seti.css,7af4f98f42f6bcf74a74f606ecd6af6bdc6c5549be258d7726e9a89367b5d12d
https://cdnjs.cloudflare.com/ajax/libs/codemirror/6.65.7/theme/seti.min.css,9d13f053328298d58d9e454a35b6b381802863d291048ad4d29fe81fd34dba65
https://cdnjs.cloudflare.com/ajax/libs/codemirror/6.65.7/theme/shadowfox.css,58d588462fc40bbf090491907ffe6694b09406c76f88b7bb08e7acc67f497904
https://cdnjs.cloudflare.com/ajax/libs/codemirror/6.65.7/theme/shadowfox.min.css,027b43a3345d311be9a2b5f6e3f22a82bd4932d62ff16e112e2da8d5e5488303
https://cdnjs.cloudflare.com/ajax/libs/codemirror/6.65.7/theme/solarized.css,b3510a0c63bc4df681756fed202b82438c4e59828d59c8730adae73832953e04
https://cdnjs.cloudflare.com/ajax/libs/codemirror/6.65.7/theme/solarized.min.css,662e1bd4ad59948bbdf360d93d2a7c29dcfd95cefc2707ed5ffd925b4f89ab78
https://cdnjs.cloudflare.com/ajax/libs/codemirror/6.65.7/theme/ssms.css,f96e548ae553d03312feafbf4c4aabef3b026cf87f0346ae754e5ea1f97d7e13
https://cdnjs.cloudflare.com/ajax/libs/codemirror/6.65.7/theme/ssms.min.css,0ee6155a401e4e9a64a253f9d19f15011948d3e47dfb5fa5671943e43a18556b
https://cdnjs.cloudflare.com/ajax/libs/codemirror/6.65.7/theme/the-matrix.css,ff123c011dca5c5c4b1ae7650f98afbf0e4eeb49f5a02c44e848a802ac5fd07b
https://cdnjs.cloudflare.com/ajax/libs/codemirror/6.65.7/theme/the-matrix.min.css,bbc9c632203a3b4aabfb99a65c316890a595d11b5b19a38922e297e7dfec5841
https://cdnjs.cloudflare.com/ajax/libs/codemirror/6.65.7/theme/tomorrow-night-bright.css,45ebddfc249b14c21d4e67f4671812ac874c59f11fb4ec27f20c3ce50e7b7103
https://cdnjs.cloudflare.com/ajax/libs/codemirror/6.65.7/theme/tomorrow-night-bright.min.css,45fc0ede3e0be9c1944f7e7045d77bd6f08f285b31c9a8f10996d1b2cd19e592
https://cdnjs.cloudflare.com/ajax/libs/codemirror/6.65.7/theme/tomorrow-night-eighties.css,6b015d31eaaaa08bd35d85582ceabd11bc2b6f708c1a052c0f7a9450ce2366b1
https://cdnjs.cloudflare.com/ajax/libs/codemirror/6.65.7/theme/tomorrow-night-eighties.min.css,d4ddbd47f680d958ef2c00818bda9421f89d2e4d03c3af73546535dbe32364fa
https://cdnjs.cloudflare.com/ajax/libs/codemirror/6.65.7/theme/ttcn.css,9ed02395f2a6de9f96ce814b67ae73c4facaad6c0c48f7cfe659bcd3dffc5310
https://cdnjs.cloudflare.com/ajax/libs/codemirror/6.65.7/theme/ttcn.min.css,4e03a89d473853137b33ef4e4776a20bb03159cff36d4ea4814b3680bf62bc15
https://cdnjs.cloudflare.com/ajax/libs/codemirror/6.65.7/theme/twilight.css,96d029308363b671bc25f30fd439d1704ce4505b8c36297e3ca411a0045df23b
https://cdnjs.cloudflare.com/ajax/libs/codemirror/6.65.7/theme/twilight.min.css,cf2b89d055af86248dec4e6fe8a3cf424443358320792df4976f7812199de6c8
https://cdnjs.cloudflare.com/ajax/libs/codemirror/6.65.7/theme/vibrant-ink.css,61ea92dad1d7104298dbe749d8a02fa97ea8bdc1616e66e5cf700b8ec0862c9d
https://cdnjs.cloudflare.com/ajax/libs/codemirror/6.65.7/theme/vibrant-ink.min.css,b9a07a90d9f2fc0e22708c69cfeaa74ae4b54847f1915454cf210c729b9b5191
https://cdnjs.cloudflare.com/ajax/libs/codemirror/6.65.7/theme/xq-dark.css,cac8e85d76159c45b663f229cc07057e289bcd9eda42f7c7e9c8ad395d7e8c74
https://cdnjs.cloudflare.com/ajax/libs/codemirror/6.65.7/theme/xq-dark.min.css,d24167a634700caa99f57ffad525ac35f1a63cdb4f315923d75cd0e664f22943
https://cdnjs.cloudflare.com/ajax/libs/codemirror/6.65.7/theme/xq-light.css,296975411e50d1a448544dd8d09503e01ea1e3cb91c68f507182c2038b302d39
https://cdnjs.cloudflare.com/ajax/libs/codemirror/6.65.7/theme/xq-light.min.css,63616b1477fe5c51c98edd30cc763b0b1eb3fa8f6046029797086f67c22e9f56
https://cdnjs.cloudflare.com/ajax/libs/codemirror/6.65.7/theme/yeti.css,f058bfa68018f67b8d165ab420447c9c99ef589be08dd0fe429a4adb7aad1f07
https://cdnjs.cloudflare.com/ajax/libs/codemirror/6.65.7/theme/yeti.min.css,fcb2276de1d9f477e893be280fa7fafba7c0f3385687cb451990300be9dfcd6f
https://cdnjs.cloudflare.com/ajax/libs/codemirror/6.65.7/theme/yonce.css,3027100dd387290cc4f9fccf0203fa5fa035dc021aa66182aeb755ac05bce1e4
https://cdnjs.cloudflare.com/ajax/libs/codemirror/6.65.7/theme/yonce.min.css,a06ea406ca72e1620a2f47329095cef4740f06916fdc276235a9afda7ab76c90
https://cdnjs.cloudflare.com/ajax/libs/codemirror/6.65.7/theme/zenburn.css,9e4d941a7dc502eebdba104daa8a1177195543b8ae0a048fbdeba1dcf6d7e097
https://cdnjs.cloudflare.com/ajax/libs/codemirror/6.65.7/theme/zenburn.min.css,7773c135bf0fdfa60c32b860c98beef6e2d651b2450c29cb24e0e757b906e926
https://cdnjs.cloudflare.com/ajax/libs/js-beautify/1.15.4/beautifier.js,ea2279a4bcdcd8675bffff6a85ea277cb9eb9ab52e0825225b23c03a79faa5dc
https://cdnjs.cloudflare.com/ajax/libs/js-beautify/1.15.4/beautifier.min.js,b65a96529bb399195df6209af009398ded3ecc1fe09d097f6a9f0056540adf54
https://cdnjs.cloudflare.com/ajax/libs/js-beautify/1.15.4/beautify-css.js,511af9357a595716883760560597f7872ad3c7946dc9e45f00b453f46ab317f3
https://cdnjs.cloudflare.com/ajax/libs/js-beautify/1.15.4/beautify-css.min.js,c965fbb253da0f72a3c1d283252fd92eb3372b655ea8fac265ff0fa160bc792a
https://cdnjs.cloudflare.com/ajax/libs/js-beautify/1.15.4/beautify-html.js,e90cf3c330c72041b3d9f751b0a6c7b73b79913d7540412bc6021ea9db124ffb
https://cdnjs.cloudflare.com/ajax/libs/js-beautify/1.15.4/beautify-html.min.js,6a055eceb56038f8c68d469bb9c8cbba13b32d8b067424508d7c91d31e0df242
https://cdnjs.cloudflare.com/ajax/libs/js-beautify/1.15.4/beautify.js,39263d870251ad62f71b6472af1db4af88df3f441d0f8a650013bf5a29082369
https://cdnjs.cloudflare.com/ajax/libs/js-beautify/1.15.4/beautify.min.js,40789fde39e23977976d6e5ca7f6d9ec294bbb0462f5e6563e64001b76b802eb
https://cdnjs.cloudflare.com/ajax/libs/fastify/5.6.1/fastify.js,499a90ea53ad817131cc3c89e2dd0c150d7704168856c95355ae595d5cf954e4
https://cdnjs.cloudflare.com/ajax/libs/fastify/5.6.1/fastify.min.js,ee0b83bdcfd03887bb23642c6705ed8bad309394ed48a2876140cc3c777483d3
https://cdnjs.cloudflare.com/ajax/libs/fastify/5.6.1/lib/configValidator.js,428f87ccbcf79054ced586557e026a1c50a2e7341167bce96eedbf7241dc9ea4
https://cdnjs.cloudflare.com/ajax/libs/fastify/5.6.1/lib/configValidator.min.js,fe2b06c022e07cb092718afe24052c2abd644376be50b0125c43dea7e7fd5242
https://cdnjs.cloudflare.com/ajax/libs/fastify/5.6.1/lib/contentTypeParser.js,a1cf63a4a4ab4e127b7176cef7537b73c348fcd96bb2b7b7e95deb66668e25fd
https://cdnjs.cloudflare.com/ajax/libs/fastify/5.6.1/lib/contentTypeParser.min.js,cd19b548cd9aac4df75b237ba9df05c13bfeebc6e055e83bddcac24740e57cad
https://cdnjs.cloudflare.com/ajax/libs/fastify/5.6.1/lib/context.js,b8b64e2e2f921109dca72403a349eae8263859bf9bd0fbce42e841eebf596477
https://cdnjs.cloudflare.com/ajax/libs/fastify/5.6.1/lib/context.min.js,08caebc0ace9090cd9716b7313ecb7e2b3684b5b42b6a5e0be12cbe93e02f4f3
https://cdnjs.cloudflare.com/ajax/libs/fastify/5.6.1/lib/decorate.js,60329abc576bdee0e7cb39f9b221ee8dfa8fb69bd29f8c2dccf47ffc478c9890
https://cdnjs.cloudflare.com/ajax/libs/fastify/5.6.1/lib/decorate.min.js,0d1bbb654faf109087470ae71d72cd42f8380f5b81b844e9e6c17731d00520ef
https://cdnjs.cloudflare.com/ajax/libs/fastify/5.6.1/lib/error-handler.js,8a617638e4de9ae4b08536512327c385cee9b687874b9bcf3d248542f0cd4180
https://cdnjs.cloudflare.com/ajax/libs/fastify/5.6.1/lib/error-handler.min.js,3797646a1ba38bb95af2a9680510db2f5fe02892116d2a3b2f5a5ae4883e4dfc
https://cdnjs.cloudflare.com/ajax/libs/fastify/5.6.1/lib/error-serializer.js,7d1bd704a82b77847749336ffeabd29fbd403f6f1c427eb3072e177f8ae005d2
https://cdnjs.cloudflare.com/ajax/libs/fastify/5.6.1/lib/error-serializer.min.js,d793c8c905903441fe3aa3474833a8d10cd69d1d622f2f2314083aa56bad8357
https://cdnjs.cloudflare.com/ajax/libs/fastify/5.6.1/lib/errors.js,60f7f4c6e24b4f766c8af6b61d3752567ea3b3101caf9cb146e771719b9a1718
https://cdnjs.cloudflare.com/ajax/libs/fastify/5.6.1/lib/errors.min.js,136dda7d6a0a9586176b10d1139a1df0e0a820e7144f10c767731c41010f11e2
https://cdnjs.cloudflare.com/ajax/libs/fastify/5.6.1/lib/fourOhFour.js,7f8e89a079a7264e482dac22114e2f4097c655085c3e90d907952e7e734ca473
https://cdnjs.cloudflare.com/ajax/libs/fastify/5.6.1/lib/fourOhFour.min.js,72fea2c63757f91707883f57df9aa64415967b3bed78448ffc20f5d0a682fc4c
https://cdnjs.cloudflare.com/ajax/libs/fastify/5.6.1/lib/handleRequest.js,822415ed8445feab0eaaeb678a357fef4e020e9e052f8fb1673e15258fc0e14e
https://cdnjs.cloudflare.com/ajax/libs/fastify/5.6.1/lib/handleRequest.min.js,90f29922ecf0a17a5af4ac0c2a592a17fd6b564f826126519a68a1287935e64e
https://cdnjs.cloudflare.com/ajax/libs/fastify/5.6.1/lib/headRoute.js,1a482d273600bcf0b35932bd6b1d3225f6ff76db5f7df36cf3fa523c5345c787
https://cdnjs.cloudflare.com/ajax/libs/fastify/5.6.1/lib/headRoute.min.js,c55340baeb497d6acec8edff3824e4e116a87397c800e0a0dace960061668efc
https://cdnjs.cloudflare.com/ajax/libs/fastify/5.6.1/lib/hooks.js,3d1470797f26b2beb1dcffdcb86cf92780d8811e53d8ce2007fb90d8d8434c1b
https://cdnjs.cloudflare.com/ajax/libs/fastify/5.6.1/lib/hooks.min.js,53760488dcc9fe16163ef230681348e720e1ad22f058fc81ed88c0f8fd104a86
https://cdnjs.cloudflare.com/ajax/libs/fastify/5.6.1/lib/initialConfigValidation.js,ccda7bafa6060e6efe8723d91598bd27fb0a0d0393b35c7253446eef64af1b73
https://cdnjs.cloudflare.com/ajax/libs/fastify/5.6.1/lib/initialConfigValidation.min.js,268d5a29c81a51bf8056ea8f8ecf53653de15bdcb3b018585ba0d21253d96b0f
https://cdnjs.cloudflare.com/ajax/libs/fastify/5.6.1/lib/logger-factory.js,79f6bbccdc9ec53495c25757b70a75d1b9bd0b397482a8b0c12c7d5789105f1a
https://cdnjs.cloudflare.com/ajax/libs/fastify/5.6.1/lib/logger-factory.min.js,fd6807ffa7653d7fc5aa4c60615c80b8fbd8ed24b4d38a060509d0ee84bfc68d
https://cdnjs.cloudflare.com/ajax/libs/fastify/5.6.1/lib/logger-pino.js,51ecedc135fa6a9cd44e66c1edb032f41b633e83f146f502e483d31b77e3e881
https://cdnjs.cloudflare.com/ajax/libs/fastify/5.6.1/lib/logger-pino.min.js,87596f8b263c959316ec6b23ba5d4ddf59a23b3fea9ab0f19c9b5766bc3f5080
https://cdnjs.cloudflare.com/ajax/libs/fastify/5.6.1/lib/noop-set.js,d55aa7e5cb106bdf2a2eeb9bc6d38361481e284aa499e0a1dab191656e3a4c67
https://cdnjs.cloudflare.com/ajax/libs/fastify/5.6.1/lib/noop-set.min.js,76a9a1a9540db534650883b82f259fbd495557914fcd828c17b3058e418f93d6
https://cdnjs.cloudflare.com/ajax/libs/fastify/5.6.1/lib/pluginOverride.js,e4a92bd99c50984459c3e48a44668dae76c3325835a18851dcd054a969f5ac4e
https://cdnjs.cloudflare.com/ajax/libs/fastify/5.6.1/lib/pluginOverride.min.js,e3a8c5988d136b0bdf98b6cead97512f1c5adda2f499c4dd828db2f17a921506
https://cdnjs.cloudflare.com/ajax/libs/fastify/5.6.1/lib/pluginUtils.js,e7385ee5588914fa1dd795018fd8e2bd6c58f86ecdd71341bb140d5b68b93fcd
https://cdnjs.cloudflare.com/ajax/libs/fastify/5.6.1/lib/pluginUtils.min.js,1568003dd4bd53e343472ab7a23dd3b765fe4786e31a243769a2962afb941683
https://cdnjs.cloudflare.com/ajax/libs/fastify/5.6.1/lib/promise.js,80e8ab0e8f19f0df1f42a3947a399bd7bb332aabde73a1f2e35c54fb010d73fc
https://cdnjs.cloudflare.com/ajax/libs/fastify/5.6.1/lib/promise.min.js,587c75146ce83fcd2a1c16e195844143982bc82da5cce037bfd3f5ed0fbcc357
https://cdnjs.cloudflare.com/ajax/libs/fastify/5.6.1/lib/reply.js,bb75469a2994d059d4e616ee08d62fa8b25b3e9bb1112e0de116d5ba446a0e25
https://cdnjs.cloudflare.com/ajax/libs/fastify/5.6.1/lib/reply.min.js,7f89e0cc02414d86ae1c286d85ecaaf47d08461317e13f9bc7417bc2077f8fb0
https://cdnjs.cloudflare.com/ajax/libs/fastify/5.6.1/lib/reqIdGenFactory.js,90120139b5ed796e9db07db91a58417afd655f084d3cd7b34da52a4acfb127b2
https://cdnjs.cloudflare.com/ajax/libs/fastify/5.6.1/lib/reqIdGenFactory.min.js,8b8bfbe2b7bee243420db8722c5d03bc271bba0c0267f5bfa8a0b3f01e5e61df
https://cdnjs.cloudflare.com/ajax/libs/fastify/5.6.1/lib/request.js,f1c86fb1b951aebef668178e14f02c1a4f35c81fa2018105ac8fc1b972bd46e8
https://cdnjs.cloudflare.com/ajax/libs/fastify/5.6.1/lib/request.min.js,594f378ba9a580b559b4fe03d2a959dc238f0a8a6711b6eeb8f266336064eb11
https://cdnjs.cloudflare.com/ajax/libs/fastify/5.6.1/lib/route.js,0ea3cee2c655b838f46928dbcc40ad4626c63569e88cb9b4077c9caae2641475
https://cdnjs.cloudflare.com/ajax/libs/fastify/5.6.1/lib/route.min.js,164b644f4248e45be8ba19f75971368693219c135bfdde8fe67cbffc66f5c8ae
https://cdnjs.cloudflare.com/ajax/libs/fastify/5.6.1/lib/schema-controller.js,45e5149ec3da26b8279b287581c2450b0df20fcd150f9bae5889330ea1049d83
https://cdnjs.cloudflare.com/ajax/libs/fastify/5.6.1/lib/schema-controller.min.js,c34e4de07ceeb82af3304ebaa1d159409e4ba2b1c5546ffaea7b8eb2747460dd
https://cdnjs.cloudflare.com/ajax/libs/fastify/5.6.1/lib/schemas.js,f39b1ff4213f875bc00130dc5cf9d6940ff9802e4e6f2b06c0d4aab0aee9f213
https://cdnjs.cloudflare.com/ajax/libs/fastify/5.6.1/lib/schemas.min.js,b87b933e907bb8946818566f59a80ba83c5826325a5693f563c6040ff0dbeef0
https://cdnjs.cloudflare.com/ajax/libs/fastify/5.6.1/lib/server.js,b5a9333a992c153278c1a16a59b1e13b9ccea70d732d4316838d2dbf403d8f25
https://cdnjs.cloudflare.com/ajax/libs/fastify/5.6.1/lib/server.min.js,749fa2fd160eeeee410f8f6483ce0fc91dc8f622016e0c06fd2bcb399bd5b26a
https://cdnjs.cloudflare.com/ajax/libs/fastify/5.6.1/lib/symbols.js,b6ffb17de3ea8fb2f43db68ccbf0157728ba977fabd34ea6b8219583da042afd
https://cdnjs.cloudflare.com/ajax/libs/fastify/5.6.1/lib/symbols.min.js,8b1332abc2e859520b22cd3f5f99c1072254e3226a85ea25a6c5ba9ac0ee786c
https://cdnjs.cloudflare.com/ajax/libs/fastify/5.6.1/lib/validation.js,26cd7c2f8254655b772c5f529c08b8688d13bdb7c2e3437c03b10f81f7d453d6
https://cdnjs.cloudflare.com/ajax/libs/fastify/5.6.1/lib/validation.min.js,109f29efa38a0a3845e5df1fe98fb9ec8eefcd067d0cb2423b1696748faee0d5
https://cdnjs.cloudflare.com/ajax/libs/fastify/5.6.1/lib/warnings.js,d84e54b88216649fcb9bef62db53fae5b27eca5b8ba3fe35fbb3c423047c8784
https://cdnjs.cloudflare.com/ajax/libs/fastify/5.6.1/lib/warnings.min.js,9f22a63cadb2f1518b32dcb4921ebee499b72d0356dbdff5c816c1c041788c42
https://cdnjs.cloudflare.com/ajax/libs/fastify/5.6.1/lib/wrapThenable.js,87940d62d12b369612f1adc481de3b89d8a013a943f56cb137be4bb1af0a5671
https://cdnjs.cloudflare.com/ajax/libs/fastify/5.6.1/lib/wrapThenable.min.js,580041f6e442985fb4e97950e8e6fe4233c464ee0401dbae89549a61d934f566
https://cdnjs.cloudflare.com/ajax/libs/localforage/1.10.0/localforage.js,e9f100dee1745c2b62b08705672e474d3e7c5e871763b2d7ec951f1222ba5b96
https://cdnjs.cloudflare.com/ajax/libs/localforage/1.10.0/localforage.min.js,cc168d95fb927d46b1043726cfe13998e08902ff63f24330e2bb2290109ed145
https://cdnjs.cloudflare.com/ajax/libs/localforage/1.10.0/localforage.nopromises.js,0e6e16869f86045e76a1b41dac21a2cc9441815de0d46a668f1b5d55321666e9
https://cdnjs.cloudflare.com/ajax/libs/localforage/1.10.0/localforage.nopromises.min.js,68c37b41fe7025bdcabd211d77b696ea9858400c6f54721bdfb9e5e4a0f548fd
https://cdnjs.cloudflare.com/ajax/libs/firebase/12.3.0/firebase-ai.js,c5e084255ace112db7bc8948c7f80138ddfc0a0a1405eb5f8367c2c2b20eb914
https://cdnjs.cloudflare.com/ajax/libs/firebase/12.3.0/firebase-ai.min.js,f40d0c32013c705e48d74561da67be35c271b72059fc6852403e8a1417a8461b
https://cdnjs.cloudflare.com/ajax/libs/firebase/12.3.0/firebase-analytics-compat.js,cf68a8b42e22166888757eb98a4daa2bae17e79bc976c818f0f942bdcb56e2f5
https://cdnjs.cloudflare.com/ajax/libs/firebase/12.3.0/firebase-analytics-compat.min.js,a3173ef3a1d6ebc940dca56d2f7425a09c8077632ec41ff7c21ed6133b91095f
https://cdnjs.cloudflare.com/ajax/libs/firebase/12.3.0/firebase-analytics.js,830b62e6e2e5377da9d4244046949355c405ebf5706aea8d62e0b537d4e35702
https://cdnjs.cloudflare.com/ajax/libs/firebase/12.3.0/firebase-analytics.min.js,4968005aba4fdc94e33ed8b30d5c71ac712a58cb4f5a9d8c43d4ac3860e1079b
https://cdnjs.cloudflare.com/ajax/libs/firebase/12.3.0/firebase-app-check-compat.js,d308cedfed056800dfa63de7d8a304e644d4e6fd3378e908e751ae9dc782b1d7
https://cdnjs.cloudflare.com/ajax/libs/firebase/12.3.0/firebase-app-check-compat.min.js,b312c3f2badcebe8fa736afb86d161196a8c3ff47915fca4343e55280d716806
https://cdnjs.cloudflare.com/ajax/libs/firebase/12.3.0/firebase-app-check.js,987936224a7355a5fea0544e97434825b7a1bd98a563684fc785a2f0d0136296
https://cdnjs.cloudflare.com/ajax/libs/firebase/12.3.0/firebase-app-check.min.js,8669ecd65dcec31350e141b18857e24e7ac4fed643e4a1534e7c33f6e5e8a71a
https://cdnjs.cloudflare.com/ajax/libs/firebase/12.3.0/firebase-app-compat.js,a1afb3bc477e0ed54182a33d1f962b21bbb85f862d946840d4c7ccbe6fc8753e
https://cdnjs.cloudflare.com/ajax/libs/firebase/12.3.0/firebase-app-compat.min.js,cd467e4a28a2b4406c53ab9f71e76b52c181a53b4a18a10c5a60be0dcac8851f
https://cdnjs.cloudflare.com/ajax/libs/firebase/12.3.0/firebase-app.js,0f9de02ed29db92404c40cb2d5a34d30189f252370f53a16f528251075801e41
https://cdnjs.cloudflare.com/ajax/libs/firebase/12.3.0/firebase-app.min.js,3cc4bcc6278512029ee6e8c517946f106da3657a11160b05f9c1f33e6f22b1dd
https://cdnjs.cloudflare.com/ajax/libs/firebase/12.3.0/firebase-auth-compat.js,7b9e16a5d41ba11d6c8b54daafab9072bf45a81f9972887a2fcb808ea9462edd
https://cdnjs.cloudflare.com/ajax/libs/firebase/12.3.0/firebase-auth-compat.min.js,4da2153b93a10a054dc09a5d9cc258227f1b35779a999e89e6d473536095b0cd
https://cdnjs.cloudflare.com/ajax/libs/firebase/12.3.0/firebase-auth-cordova.js,9b4dc8bf026974ad11b457eaab6579e47fc66e66da45df8a318c1ac96cf3c435
https://cdnjs.cloudflare.com/ajax/libs/firebase/12.3.0/firebase-auth-cordova.min.js,18b9084a19270b311bc6a76c8bbc20d236042723e0012d15414dab7363769467
https://cdnjs.cloudflare.com/ajax/libs/firebase/12.3.0/firebase-auth-web-extension.js,c39efffb6042f80e64f901c124cbc048c00af51b29e811ca3b4c0a4d510f0b55
https://cdnjs.cloudflare.com/ajax/libs/firebase/12.3.0/firebase-auth-web-extension.min.js,7fd616e2d109fa5549db092b174947c912d00de5d6ae99341062f77f25d4a734
https://cdnjs.cloudflare.com/ajax/libs/firebase/12.3.0/firebase-auth.js,d1b8c62de03a542dafaa178b539c3b5d72d22b7020760802fe2a06ceca444786
https://cdnjs.cloudflare.com/ajax/libs/firebase/12.3.0/firebase-auth.min.js,245ae43f247e0fded9752ceef16e48080b8329a6756130d8e956f360073c245f
https://cdnjs.cloudflare.com/ajax/libs/firebase/12.3.0/firebase-compat.js,3343da0c7275cefe75264408c0f96585bc04eab914d18f10717df1cdf68c559e
https://cdnjs.cloudflare.com/ajax/libs/firebase/12.3.0/firebase-compat.min.js,1034548f7a088d14408946b05ffe94ccd43f5fb9c58bba9f9c4edafe062c7a7f
https://cdnjs.cloudflare.com/ajax/libs/firebase/12.3.0/firebase-data-connect.js,a5bd27386c88ec8a4c6ceba15a22955468435b73c4fc45d84d3528b7c4b5d451
https://cdnjs.cloudflare.com/ajax/libs/firebase/12.3.0/firebase-data-connect.min.js,df90174021fd18b0dc05767e41ccada3c3b77afc0c2c9bf7e38e5bfce3e1316b
https://cdnjs.cloudflare.com/ajax/libs/firebase/12.3.0/firebase-database-compat.js,52bfa15d312f5e57d9ff3ebaf1820d2409741c416cb619228a98f0fd9cceadbd
https://cdnjs.cloudflare.com/ajax/libs/firebase/12.3.0/firebase-database-compat.min.js,5519f79d2e23376b29d8d0498e4c149e7d7c1facf8d1b9c013e66c0cd08fdc4e
https://cdnjs.cloudflare.com/ajax/libs/firebase/12.3.0/firebase-database.js,868cb1df74d5ee9a2fcabfa1b7b76334d92b41774e230ca2ac9c87cd4353c97f
https://cdnjs.cloudflare.com/ajax/libs/firebase/12.3.0/firebase-database.min.js,90a918fa172dbf46d7f1d33e86f37f1baa94e63138e9e9ee55c3bc70904e4667
https://cdnjs.cloudflare.com/ajax/libs/firebase/12.3.0/firebase-firestore-compat.js,943735751f350ebf781a802ec480ca4551df7c20af9b5e1a1f64dd6abcc7d544
https://cdnjs.cloudflare.com/ajax/libs/firebase/12.3.0/firebase-firestore-compat.min.js,250558f3917e93a16bbc606693f2cb0ea1f02c84b04562dab218a702cd546538
https://cdnjs.cloudflare.com/ajax/libs/firebase/12.3.0/firebase-firestore-lite.js,8e936cff5f0e1c96c1c9020f40e0014b30fa10fea8158a97dae71c5a80e5bb91
https://cdnjs.cloudflare.com/ajax/libs/firebase/12.3.0/firebase-firestore-lite.min.js,ff553aac32ede7f7cd368c861d79c4898e5607d03826bff3f7c6314793cbbc5c
https://cdnjs.cloudflare.com/ajax/libs/firebase/12.3.0/firebase-firestore.js,aaadf57dc500df7207a3df83aadd8fb3e08a6c96fe3724a539ce63a19ace8220
https://cdnjs.cloudflare.com/ajax/libs/firebase/12.3.0/firebase-firestore.min.js,81b5371fa2c7ae83b36f4a159996964bc3147b42b2ed8d994de020c2ecbe3448
https://cdnjs.cloudflare.com/ajax/libs/firebase/12.3.0/firebase-functions-compat.js,e5ab4b3b5dd5146bd4b091c3857171e35c10d38a175bfeb973b8d2faf7ffaf2c
https://cdnjs.cloudflare.com/ajax/libs/firebase/12.3.0/firebase-functions-compat.min.js,820e40ca80d1b7e996dcbc0afddc6c23104d83782e9e5f048b30e460697fd43b
https://cdnjs.cloudflare.com/ajax/libs/firebase/12.3.0/firebase-functions.js,2eb85e0fb6e06204c1346f2abd8304928a26b5964d33e32ac5b1066a6c6e4bbe
https://cdnjs.cloudflare.com/ajax/libs/firebase/12.3.0/firebase-functions.min.js,9d1248c4ab2e4448e77290629a14089453c60317606dfe2fe59dab1fd6468775
https://cdnjs.cloudflare.com/ajax/libs/firebase/12.3.0/firebase-installations-compat.js,234faa980abe0cbbc96db960c9efb9d3683b102f58e35d54824833f0a61d966c
https://cdnjs.cloudflare.com/ajax/libs/firebase/12.3.0/firebase-installations-compat.min.js,2b43e126f8b9bcf26daa827099fd05180ea080964fae845d28a61c9cf2af15e1
https://cdnjs.cloudflare.com/ajax/libs/firebase/12.3.0/firebase-installations.js,292a7b20cbb8a12a4785ac215e9f506c2c71826b2e2f8da02113cca3a62e5f59
https://cdnjs.cloudflare.com/ajax/libs/firebase/12.3.0/firebase-installations.min.js,ee8379d5a1b04e9e247b2eac6758abc17f6e43279e58e5685b34efcb36e7a180
https://cdnjs.cloudflare.com/ajax/libs/firebase/12.3.0/firebase-messaging-compat.js,c914d60dc1bb835a61e3e8cecbcceda8787cece06fbc60591233913db08f162a
https://cdnjs.cloudflare.com/ajax/libs/firebase/12.3.0/firebase-messaging-compat.min.js,4292a720eff2f1cf636637fab4bfd933753bb78d0ed696ae2a38a5dfcfe14967
https://cdnjs.cloudflare.com/ajax/libs/firebase/12.3.0/firebase-messaging-sw.js,ba64931e03106ea82b1328127ca3b435e33bfd3541b1186976121dc912d27157
https://cdnjs.cloudflare.com/ajax/libs/firebase/12.3.0/firebase-messaging-sw.min.js,4f1d4b36cf39939bd10b2fbbee78e7425a6f0f6f0744781c7550baad34590a16
https://cdnjs.cloudflare.com/ajax/libs/firebase/12.3.0/firebase-messaging.js,968fc4434ee320450318fd408fac43bfaa280146ad26a7e03cef4e25da7e944e
https://cdnjs.cloudflare.com/ajax/libs/firebase/12.3.0/firebase-messaging.min.js,1b683ff42bc220fbe7cd3928696ff2afb852ef9905794ae9ce214b36139cee1a
https://cdnjs.cloudflare.com/ajax/libs/firebase/12.3.0/firebase-performance-compat.js,340c749420aa4c334f2defa69e6747e380fed6714ddc9029dd1f8850dfee7d7a
https://cdnjs.cloudflare.com/ajax/libs/firebase/12.3.0/firebase-performance-compat.min.js,c5edce3e3c66dcebcd018db82bc42066202d9ac741fe834a23149d2d90a35b31
https://cdnjs.cloudflare.com/ajax/libs/firebase/12.3.0/firebase-performance-standalone-compat.js,99da9a2762f1daf0588d72c97ef2443cd4166cc620d253cdaf3eca633408ae99
https://cdnjs.cloudflare.com/ajax/libs/firebase/12.3.0/firebase-performance-standalone-compat.min.js,ae43cd36a23f194a033eb8c15394520b9b186c8798607888ae6c2657c24e8f78
https://cdnjs.cloudflare.com/ajax/libs/firebase/12.3.0/firebase-performance.js,f6338d32269d2f0a69a3c7ae446e8aa39e7b61b9cab04e99b78c94a00e910f14
https://cdnjs.cloudflare.com/ajax/libs/firebase/12.3.0/firebase-performance.min.js,4fba2817e9321ab966d71a919527fd76efd8fde5623b6c562d107accb6b37037
https://cdnjs.cloudflare.com/ajax/libs/firebase/12.3.0/firebase-remote-config-compat.js,3f1f0cfc6131d9559ade553d8141d734d689d68ef5b9c19b2b7afc9d41eabf36
https://cdnjs.cloudflare.com/ajax/libs/firebase/12.3.0/firebase-remote-config-compat.min.js,46c6773b208fa69e671083749f00be0ef08a0464e3264b1afb47caeb62c07a04
https://cdnjs.cloudflare.com/ajax/libs/firebase/12.3.0/firebase-remote-config.js,504824f2d018469a0f28e71596be751e56dd6effec032239b85d9f7d0a97c8f0
https://cdnjs.cloudflare.com/ajax/libs/firebase/12.3.0/firebase-remote-config.min.js,c38b984c451d2a1ec21f36664307c2903cfe765c5b3bb2a0632b5cd2b2df0457
https://cdnjs.cloudflare.com/ajax/libs/firebase/12.3.0/firebase-storage-compat.js,a78d07a9e935d719e9a5ee592ab3a3462d0dc2f23c828e0fb938ab84daf7c89d
https://cdnjs.cloudflare.com/ajax/libs/firebase/12.3.0/firebase-storage-compat.min.js,bb4de00c68379cba73083ee8d3050744e05e9dc0a91beb135826ef5a20ba4240
https://cdnjs.cloudflare.com/ajax/libs/firebase/12.3.0/firebase-storage.js,855c9b33d06461ddf789319d83b15a7a38cb008712d55f61482eb993ea59914a
https://cdnjs.cloudflare.com/ajax/libs/firebase/12.3.0/firebase-storage.min.js,6fb3a829f14432dcf513e3a10af7e7e07d560943c8af696b68f0a81c6fae05b5
https://cdnjs.cloudflare.com/ajax/libs/workbox-sw/7.3.0/workbox-sw.js,15dc893ceb0c5cbfbddb683d7a729c7128a6de0810a8e0ba12b030ef64567420
https://cdnjs.cloudflare.com/ajax/libs/workbox-sw/7.3.0/workbox-sw.min.js,17e90c976697027216cc1bd7650e492f5883a890ef52a8ddb2614b25b555dc1e
https://cdnjs.cloudflare.com/ajax/libs/babel-core/6.1.19/browser.js,ac75c08d5939e942b0d28253206271febd15592064903755b57cbb36c7400b47
https://cdnjs.cloudflare.com/ajax/libs/babel-core/6.1.19/browser.min.js,cd2a57fc5f4a2ae9359cb06adafca0b1d0e6e90ad26d5767e65b5e32477359d9
https://cdnjs.cloudflare.com/ajax/libs/vue-router/4.5.1/vue-router.cjs.js,303e308867863a150ec18d352483b6dd9acf07e13be7fc437fc643c9e417ce83
https://cdnjs.cloudflare.com/ajax/libs/vue-router/4.5.1/vue-router.cjs.min.js,631c03cef9b16f333901f7c747196fe65518ae3c691178f78458cd90750b5281
https://cdnjs.cloudflare.com/ajax/libs/vue-router/4.5.1/vue-router.cjs.prod.js,d56a7f3a3ca49b42c542ae08ec31c695c8ca4e6cc402d6c80860bc8dcce3a685
https://cdnjs.cloudflare.com/ajax/libs/vue-router/4.5.1/vue-router.cjs.prod.min.js,93ec7343a476b2c3476eac872ff0d70ee1802177e3ab74058978b792fa429d45
https://cdnjs.cloudflare.com/ajax/libs/vue-router/4.5.1/vue-router.esm-browser.js,513837903a0ac3454e5c663878ccac192c6381fc4b969c68adcab26eb03e1363
https://cdnjs.cloudflare.com/ajax/libs/vue-router/4.5.1/vue-router.esm-browser.min.js,eec9bef68fd78871ea41cf2a63c41a6135de434b0b8a57fd45b11258020f165c
https://cdnjs.cloudflare.com/ajax/libs/vue-router/4.5.1/vue-router.esm-browser.prod.js,7d1df4187a17235bbcd73c99dba604535d39a5981b6c02925dba67cc5288c65b
https://cdnjs.cloudflare.com/ajax/libs/vue-router/4.5.1/vue-router.esm-browser.prod.min.js,4faaba327052677438a20b9571d7eaf92c8915b90d9441d522d525df965b0f33
https://cdnjs.cloudflare.com/ajax/libs/vue-router/4.5.1/vue-router.esm-bundler.js,f7239d5af4847bb2f2fa2fb87dc2eb8b879706c4d09a685f9a732dc5a761aaab
https://cdnjs.cloudflare.com/ajax/libs/vue-router/4.5.1/vue-router.esm-bundler.min.js,44f346bc17430f6ef99795bca4d3c4666629d38e2de0197b44e1d83a404b206c
https://cdnjs.cloudflare.com/ajax/libs/vue-router/4.5.1/vue-router.global.js,5492a334e610e6bcc9a3e541c0ec2cb71da9c38b5c8b350cd4d4d99aabb0c871
https://cdnjs.cloudflare.com/ajax/libs/vue-router/4.5.1/vue-router.global.min.js,2c598bd317b2be94255b33824e22eefec8f1e187065472be9a231a4eb1bc9d5d
https://cdnjs.cloudflare.com/ajax/libs/vue-router/4.5.1/vue-router.global.prod.js,5d559a4744354ae3c949f2d648d63dac0006e0f03b5ed1bb0129da1043a40c15
https://cdnjs.cloudflare.com/ajax/libs/vue-router/4.5.1/vue-router.global.prod.min.js,93791ca7613147c94382d9b03bd8daf802eb9b084933ec25d92064fbc803eb9b
https://cdnjs.cloudflare.com/ajax/libs/monaco-editor/0.53.0/min/vs/abap.57cfd48a.js,e1b1f93b91e227447ac1f5d2e5e88c859d3c269f07dbc4eafe02c7255aac95e3
https://cdnjs.cloudflare.com/ajax/libs/monaco-editor/0.53.0/min/vs/abap.57cfd48a.min.js,5f44df5c2272d4f4a7c91dbf0080240e07afdb46979d7529a18893dc16545775
https://cdnjs.cloudflare.com/ajax/libs/monaco-editor/0.53.0/min/vs/apex.6678db96.js,ed79b72046e6453e48883c0195a342d4edc693f0ab0f729227f74caa799e29c0
https://cdnjs.cloudflare.com/ajax/libs/monaco-editor/0.53.0/min/vs/apex.6678db96.min.js,1b6847b602c6b03583b701e29c199f59eff91b97be52ebe8996d79fad81f6057
https://cdnjs.cloudflare.com/ajax/libs/monaco-editor/0.53.0/min/vs/assets/css.worker.4040859e.js,e52aeb1507586b72fdeb7c0be74f10e1ff56ae48ccf4571a7e716c2750123674
https://cdnjs.cloudflare.com/ajax/libs/monaco-editor/0.53.0/min/vs/assets/css.worker.4040859e.min.js,a8c2a95927af6ae982c572b29d71ae2c931ab3222ddd16a74a3db4e5eeed951e
https://cdnjs.cloudflare.com/ajax/libs/monaco-editor/0.53.0/min/vs/assets/editor.worker.50c051c0.js,6ccf4d1c7a8830c02a8d7376ace6a8dae768eb633cf8a72601c9f3330be13020
https://cdnjs.cloudflare.com/ajax/libs/monaco-editor/0.53.0/min/vs/assets/editor.worker.50c051c0.min.js,5307e75c00a603a4bf188d67c8155cd250f95f83beedfc72c36cf0c9089fc82c
https://cdnjs.cloudflare.com/ajax/libs/monaco-editor/0.53.0/min/vs/assets/html.worker.1a3caaf3.js,0a78f937fc4d0c7eb277fcf1f4d3d329fdd60fe915f47308d85d396d0ded3b71
https://cdnjs.cloudflare.com/ajax/libs/monaco-editor/0.53.0/min/vs/assets/html.worker.1a3caaf3.min.js,f3e2339fa54706dce87f93b62cba149ff1d55e2ea4aff3f039ec0b37e4cb6cc1
https://cdnjs.cloudflare.com/ajax/libs/monaco-editor/0.53.0/min/vs/assets/json.worker.32db31cb.js,b5daade1436c1674b08fcb61de06cda56a8e2310a735a721e15676a477dde2f9
https://cdnjs.cloudflare.com/ajax/libs/monaco-editor/0.53.0/min/vs/assets/json.worker.32db31cb.min.js,dc295f7626e8a738709e7616c91235fe8d5c57df403a61c7c4e4a8f8512a7c30
https://cdnjs.cloudflare.com/ajax/libs/monaco-editor/0.53.0/min/vs/assets/ts.worker.77b7bdc2.js,5cd9cc6b1e2f73a26baeec2859ebaf6a63ab594e0253b9e11c99d41d28f6e039
https://cdnjs.cloudflare.com/ajax/libs/monaco-editor/0.53.0/min/vs/assets/ts.worker.77b7bdc2.min.js,4b2a5a7cf0c09702c78d7fc251ac98338a95d21ead83a83060543572aea74bca
https://cdnjs.cloudflare.com/ajax/libs/monaco-editor/0.53.0/min/vs/azcli.fc692699.js,03ec59fdc4780547604bfb8658b9e1ef243a72135a8ed6e1b7d185e7130fdbf8
https://cdnjs.cloudflare.com/ajax/libs/monaco-editor/0.53.0/min/vs/azcli.fc692699.min.js,f8195600baa7f53eef46a607455d8d2d124a81ede955951fad459a77898010fb
https://cdnjs.cloudflare.com/ajax/libs/monaco-editor/0.53.0/min/vs/basic-languages/monaco.contribution.js,99060d73657b3deb5f9cfd997bd8c12ba4f90fd8af32bab6d464114ae97337b6
https://cdnjs.cloudflare.com/ajax/libs/monaco-editor/0.53.0/min/vs/basic-languages/monaco.contribution.min.js,bb677105314cccbc2532c927d0db183aa1a4476800fb243700330ce70f33b45d
https://cdnjs.cloudflare.com/ajax/libs/monaco-editor/0.53.0/min/vs/bat.90dc8220.js,1cac9be6289c3b988f1a0ef35d2ee1d6656ad078cf7b63ab5094caaa9a5bd6a3
https://cdnjs.cloudflare.com/ajax/libs/monaco-editor/0.53.0/min/vs/bat.90dc8220.min.js,69c67e87d91f8baaeeb74f3ba5cce638ee69dfe4ef23333783f12c89244a52b9
https://cdnjs.cloudflare.com/ajax/libs/monaco-editor/0.53.0/min/vs/bicep.8971e114.js,0014f4efc9b5f28a2745794010f54abacf267714701d9fd2f60daf5007fa0d28
https://cdnjs.cloudflare.com/ajax/libs/monaco-editor/0.53.0/min/vs/bicep.8971e114.min.js,277b7f3ae19c0a5ec0fcd148b91d123f218d81b608bd140da2690456e3470266
https://cdnjs.cloudflare.com/ajax/libs/monaco-editor/0.53.0/min/vs/cameligo.2fafdc9f.js,e98cf055bc5d8b4a7b4305b8f5a5923bc8631df4bea97866d75b14c4a2edbe25
https://cdnjs.cloudflare.com/ajax/libs/monaco-editor/0.53.0/min/vs/cameligo.2fafdc9f.min.js,633763e01b729f3877b3ea1ffe690645a257b6887d9611db3f2261f33abeb1cc
https://cdnjs.cloudflare.com/ajax/libs/monaco-editor/0.53.0/min/vs/clojure.b61e1803.js,c7175933b2d93359a9a22e192526c1d8f993cb14822a163cc25fa04eb2ff7db4
https://cdnjs.cloudflare.com/ajax/libs/monaco-editor/0.53.0/min/vs/clojure.b61e1803.min.js,f1f86bfa9730cb95709937689887b8d86db7064db2503064e561613298fb2e7b
https://cdnjs.cloudflare.com/ajax/libs/monaco-editor/0.53.0/min/vs/coffee.e77cde95.js,3c606fe549589d4b6260938dcf11e73370561d332ebd08488817de679dcb17c3
https://cdnjs.cloudflare.com/ajax/libs/monaco-editor/0.53.0/min/vs/coffee.e77cde95.min.js,97d3c739856eff045e6bb33183f6e6f33097a89e997872f333e0a1e1869b9710
https://cdnjs.cloudflare.com/ajax/libs/monaco-editor/0.53.0/min/vs/cpp.7e583a05.js,5636e4ceab18e3ebc140da1ef228d4794a4e6eced38f19b545ad750588e1f4c6
https://cdnjs.cloudflare.com/ajax/libs/monaco-editor/0.53.0/min/vs/cpp.7e583a05.min.js,5770622707dfec8b5c30ba46fb6bca76d59e609c2cf9d94a9f00141c6385fa4e
https://cdnjs.cloudflare.com/ajax/libs/monaco-editor/0.53.0/min/vs/csharp.3abdfafa.js,db3bfb234fdd5663f5eef4a2727fb5e383719f490d70889589a00cd7554db339
https://cdnjs.cloudflare.com/ajax/libs/monaco-editor/0.53.0/min/vs/csharp.3abdfafa.min.js,1358773837f79eb50ac858af90f44ebcbb9032431961e4cc163a724bf617bb0d
https://cdnjs.cloudflare.com/ajax/libs/monaco-editor/0.53.0/min/vs/csp.e0fcfb69.js,0322bcf1ad2fee115b3267d895303622a4784fc245eba0d8b3d52e0014041141
https://cdnjs.cloudflare.com/ajax/libs/monaco-editor/0.53.0/min/vs/csp.e0fcfb69.min.js,78360d0b8cd395f86ac91e80529ac7ccb4ac07e3f38893b3e092eabacd83c667
https://cdnjs.cloudflare.com/ajax/libs/monaco-editor/0.53.0/min/vs/css.2db598c5.js,8ec53c0aa0cf72f42f2b1d14152022cd8507d1dbd6a19700bca23c4c5c257f92
https://cdnjs.cloudflare.com/ajax/libs/monaco-editor/0.53.0/min/vs/css.2db598c5.min.js,46b8929814ac5536c81170aec6c81a81486fc539e816a8660397fea12bf0004d
https://cdnjs.cloudflare.com/ajax/libs/monaco-editor/0.53.0/min/vs/cssMode.71dc3162.js,bcaa89f32e22dd845829e24c3ddc66482bd89046e38880dbf766299596bee59c
https://cdnjs.cloudflare.com/ajax/libs/monaco-editor/0.53.0/min/vs/cssMode.71dc3162.min.js,cb88758396d511c3406e154763e7e762113086e33233c33e9944d4ccfbcd2bb9
https://cdnjs.cloudflare.com/ajax/libs/monaco-editor/0.53.0/min/vs/cypher.a7170d54.js,6898a6df111600348948284f7f95b3fdd051a9c22006941b61d66aaf7e3f7c8c
https://cdnjs.cloudflare.com/ajax/libs/monaco-editor/0.53.0/min/vs/cypher.a7170d54.min.js,f1b59a971dbc2f152be87e2539ac7258c182fc6b628fa09be6c0e8944976e113
https://cdnjs.cloudflare.com/ajax/libs/monaco-editor/0.53.0/min/vs/dart.dbac000d.js,ea86e906faddc9fc24defbbf97331d1a355b26919ddac330b23ebf749cbbb649
https://cdnjs.cloudflare.com/ajax/libs/monaco-editor/0.53.0/min/vs/dart.dbac000d.min.js,fd7ed05c83299d6b60aaef3af863b9db37423322f4830404718792c492b17f7d
https://cdnjs.cloudflare.com/ajax/libs/monaco-editor/0.53.0/min/vs/dockerfile.fd07f053.js,033ae37820437db9237102a7267afd67215d866344edb01530bb797039bf0dda
https://cdnjs.cloudflare.com/ajax/libs/monaco-editor/0.53.0/min/vs/dockerfile.fd07f053.min.js,68a963be622f3aede87c7aba4935676eaefc6fae70c35759d9c2045e30ce3a06
https://cdnjs.cloudflare.com/ajax/libs/monaco-editor/0.53.0/min/vs/ecl.53e50254.js,efd510b8ac1bad46a8d3905a30a4f1d6de4ef1555452db52907f2b91fcb67aef
https://cdnjs.cloudflare.com/ajax/libs/monaco-editor/0.53.0/min/vs/ecl.53e50254.min.js,6a3027599652f1e6d4e3bd632a5179d76f23ace11f8dbbc96713dde95de435bf
https://cdnjs.cloudflare.com/ajax/libs/monaco-editor/0.53.0/min/vs/editor/editor.main.js,e932ad9f3133d064887343cc0244763d242d431cdc88ec06087e604ad85ee8f0
https://cdnjs.cloudflare.com/ajax/libs/monaco-editor/0.53.0/min/vs/editor/editor.main.min.js,d0153bb226e8168b93663af9d7cbd6a26ccad1b8ce0bae962fb6fdc2623ca131
https://cdnjs.cloudflare.com/ajax/libs/monaco-editor/0.53.0/min/vs/editor.api.001a2486.js,d39aabb2081b4d2064f62a08b7f5687cb5e41edd18d7cec7d566d01f491da99e
https://cdnjs.cloudflare.com/ajax/libs/monaco-editor/0.53.0/min/vs/editor.api.001a2486.min.js,b4606347868087e924fe400df9bd279b52fd6cc842e3c0ccf4512f38a7363d49
https://cdnjs.cloudflare.com/ajax/libs/monaco-editor/0.53.0/min/vs/elixir.85637170.js,8a40f94616e631c24ccd9769658b213a093f1f274e12e143eb3e3876529b6db0
https://cdnjs.cloudflare.com/ajax/libs/monaco-editor/0.53.0/min/vs/elixir.85637170.min.js,51ec5e285de9483f2d23fd3e16959726a4aba5ca100ed3d0254c78c96aef9b9a
https://cdnjs.cloudflare.com/ajax/libs/monaco-editor/0.53.0/min/vs/flow9.4d815440.js,7ed1ea182268e962e6e52f018610efa865c0c7819198d74b6b036b53cc9e8216
https://cdnjs.cloudflare.com/ajax/libs/monaco-editor/0.53.0/min/vs/flow9.4d815440.min.js,aac28b2f209a6d8feab35239aee0573db97be92030cb1375ee26b7329bea5b0b
https://cdnjs.cloudflare.com/ajax/libs/monaco-editor/0.53.0/min/vs/freemarker2.1d1f763d.js,2b7ae5858168c52eea743ff31231c271f1d98b2132d0de4173be665d3cbf3dd3
https://cdnjs.cloudflare.com/ajax/libs/monaco-editor/0.53.0/min/vs/freemarker2.1d1f763d.min.js,92a41cdf04998d2615ba47c472d0d91881ceb56e516d07a526f223970d7c597f
https://cdnjs.cloudflare.com/ajax/libs/monaco-editor/0.53.0/min/vs/fsharp.39bb3213.js,10fae28a8633a87b832babd5d4e1bf68b88cffd2af2517f79b6f8a6c3ba69955
https://cdnjs.cloudflare.com/ajax/libs/monaco-editor/0.53.0/min/vs/fsharp.39bb3213.min.js,e6a7443e696f7d710de8fdde031ba0c2cb919f96d2c599ef592cd4f3f7674012
https://cdnjs.cloudflare.com/ajax/libs/monaco-editor/0.53.0/min/vs/go.fb229974.js,6f04f870819ab784ff77658d4df24aea8308964eac422982818d8ae75d032214
https://cdnjs.cloudflare.com/ajax/libs/monaco-editor/0.53.0/min/vs/go.fb229974.min.js,815972ce9def5f126b5256f9576daf1f810f9f0b9a959aba04edf4e9acd39e32
https://cdnjs.cloudflare.com/ajax/libs/monaco-editor/0.53.0/min/vs/graphql.0d18b9fd.js,780bf10947f2c71ee04c93722eadbdf2aa19b7d37ebee00385bb1dfadba4d572
https://cdnjs.cloudflare.com/ajax/libs/monaco-editor/0.53.0/min/vs/graphql.0d18b9fd.min.js,6f23983dee9b876e0709cf6d5266325042a8bdc980b8c2694fb1016c1b5d4118
https://cdnjs.cloudflare.com/ajax/libs/monaco-editor/0.53.0/min/vs/handlebars.1c43a000.js,8480aed63fe6a24801703b0e96704b6e53383d18c173bafe34993e7c04c91221
https://cdnjs.cloudflare.com/ajax/libs/monaco-editor/0.53.0/min/vs/handlebars.1c43a000.min.js,8cd06d4488ff43203b2b1f2407710329ea031e050eabf8979f1fc74811d61d93
https://cdnjs.cloudflare.com/ajax/libs/monaco-editor/0.53.0/min/vs/hcl.3b7f49f4.js,d40f398a02d207c3f0a9449d0c0f2b2b11d7e08275dd1a6c3e2ea3171ce54733
https://cdnjs.cloudflare.com/ajax/libs/monaco-editor/0.53.0/min/vs/hcl.3b7f49f4.min.js,ca5c171119784c844d89203eb69f3fa8bb0564e4c62fcf11917fb53cc37864c7
https://cdnjs.cloudflare.com/ajax/libs/monaco-editor/0.53.0/min/vs/html.50e520b0.js,3a6452b22feb896edc24db5bb7766258fe0f8701baf261c3eddd957341f5ccb2
https://cdnjs.cloudflare.com/ajax/libs/monaco-editor/0.53.0/min/vs/html.50e520b0.min.js,447c885c00066987571bdbbc9484fa3ce4f2fc1df959ba7ef4c59e4db241a15e
https://cdnjs.cloudflare.com/ajax/libs/monaco-editor/0.53.0/min/vs/htmlMode.57de31b3.js,01889c3e04603ce8d79c0425d9b2da4937b9856cd7a8008ba0160c89f91b396c
https://cdnjs.cloudflare.com/ajax/libs/monaco-editor/0.53.0/min/vs/htmlMode.57de31b3.min.js,8d18b1718c0f5b028d2bdec83aa6e4bb9c516050a5b84d559ece5503c05cd52d
https://cdnjs.cloudflare.com/ajax/libs/monaco-editor/0.53.0/min/vs/ini.ececa959.js,237616d101fe11059720b05f2797d6d86f8fa3caa0b27c8e2a2f1b1ce3e91512
https://cdnjs.cloudflare.com/ajax/libs/monaco-editor/0.53.0/min/vs/ini.ececa959.min.js,9ca765672d66397eac587f183a35749b57a539d62401daeef70d6b77442e37f0
https://cdnjs.cloudflare.com/ajax/libs/monaco-editor/0.53.0/min/vs/java.749dd323.js,0f4c676077d836fee4b02cf0794ac471d051d1b854f31181f5ddc8f1babadd50
https://cdnjs.cloudflare.com/ajax/libs/monaco-editor/0.53.0/min/vs/java.749dd323.min.js,7d5030346767cac75c79f0d9d6568b627136de28d6058c92b75c83373d5d0e59
https://cdnjs.cloudflare.com/ajax/libs/monaco-editor/0.53.0/min/vs/javascript.00c827f5.js,4099d3474129d6caf2805d286a01347420e3bc5caa533c3b50cf9ea6ea74e6f4
https://cdnjs.cloudflare.com/ajax/libs/monaco-editor/0.53.0/min/vs/javascript.00c827f5.min.js,a68093b5e27801d27a2ae356a142d3b9cb95be7c83a3df7bb60548c53bdbd8c9
https://cdnjs.cloudflare.com/ajax/libs/monaco-editor/0.53.0/min/vs/jsonMode.3112352c.js,408e872c180461c74e7240350960701daa3e7c5d63abc6b95b30adedcb50a422
https://cdnjs.cloudflare.com/ajax/libs/monaco-editor/0.53.0/min/vs/jsonMode.3112352c.min.js,2fefa8479ac9eb16639625c8d43285d2ff7413fad18a9b983e62ce236b08830e
https://cdnjs.cloudflare.com/ajax/libs/monaco-editor/0.53.0/min/vs/julia.f3a3a737.js,5a6b5f1c9dfd9961352f3e9a2d8e4606b4a6608765a4349bbb23ffa0ddda9374
https://cdnjs.cloudflare.com/ajax/libs/monaco-editor/0.53.0/min/vs/julia.f3a3a737.min.js,cee59ebba61732893d2a90460a78d6b2d5b30d3c0b120c2e4a93e729256a1ee7
https://cdnjs.cloudflare.com/ajax/libs/monaco-editor/0.53.0/min/vs/kotlin.714c9a98.js,5292415cdf4b4e01ef3fe7c83758490326a990f2c4c65ae9e603d093d77b27ff
https://cdnjs.cloudflare.com/ajax/libs/monaco-editor/0.53.0/min/vs/kotlin.714c9a98.min.js,76e042fbad9f052ed46cfaa49c3dca527b39e7a127c9569a99a7ff007b5719dc
https://cdnjs.cloudflare.com/ajax/libs/monaco-editor/0.53.0/min/vs/language/css/monaco.contribution.js,3f8eab4b158d0455c4cd0a67b16cf8b1cf3f83dbe80e94c4c50e40bc8f6ca98f
https://cdnjs.cloudflare.com/ajax/libs/monaco-editor/0.53.0/min/vs/language/css/monaco.contribution.min.js,fd38497109a16c89c82338e8d4a3b8b063a63db078d8edd17cdc3c133c3c85d2
https://cdnjs.cloudflare.com/ajax/libs/monaco-editor/0.53.0/min/vs/language/html/monaco.contribution.js,74a0dc6ee7bc760b6e28d195a798b26a930b7d902453e5bd7756cd5726bd8c62
https://cdnjs.cloudflare.com/ajax/libs/monaco-editor/0.53.0/min/vs/language/html/monaco.contribution.min.js,7b80f3552275c88b99d9cfc0a176cb62d80433405220521d503bc5fe7f8251a9
https://cdnjs.cloudflare.com/ajax/libs/monaco-editor/0.53.0/min/vs/language/json/monaco.contribution.js,35289285d59ac4943910859c85abab685a32a87adbc4b1f952e0a528e5371954
https://cdnjs.cloudflare.com/ajax/libs/monaco-editor/0.53.0/min/vs/language/json/monaco.contribution.min.js,2ff41a85f0fa52048fe520c1663d66c1d52a2e6324d7eeecec6960d4fe8bbc01
https://cdnjs.cloudflare.com/ajax/libs/monaco-editor/0.53.0/min/vs/language/typescript/monaco.contribution.js,159f4cbd3e02f35ed69676032e1404d9830919ba8ec36ac48cb8bc9b85f5dd96
https://cdnjs.cloudflare.com/ajax/libs/monaco-editor/0.53.0/min/vs/language/typescript/monaco.contribution.min.js,71d127929251911d111d77e32404eb9094b990cf417c0c112a05b57825b95c02
https://cdnjs.cloudflare.com/ajax/libs/monaco-editor/0.53.0/min/vs/less.cca4cf46.js,298d41c18a87f4bd0eec32e54913d5d6d88b269ea3b6d3e25402ec1965fe25e4
https://cdnjs.cloudflare.com/ajax/libs/monaco-editor/0.53.0/min/vs/less.cca4cf46.min.js,d794e9b69698df0b18b2206d4f16cc1c6fa74bd65c94ea8e26a8205431ad2242
https://cdnjs.cloudflare.com/ajax/libs/monaco-editor/0.53.0/min/vs/lexon.7430c8cd.js,8e15bece310f5218f0f69bbb50cdf52bed3cd568c008522e2c1c8347805279bd
https://cdnjs.cloudflare.com/ajax/libs/monaco-editor/0.53.0/min/vs/lexon.7430c8cd.min.js,bb989445b1503776897fcfd1beb2f1f91ae0ceb2e00de95f046910bb9ee75c2e
https://cdnjs.cloudflare.com/ajax/libs/monaco-editor/0.53.0/min/vs/liquid.a6046bb2.js,7e9847b9413e356abc781510c24254e99336f491481f4f30ce902ebdc295a62c
https://cdnjs.cloudflare.com/ajax/libs/monaco-editor/0.53.0/min/vs/liquid.a6046bb2.min.js,bec53f19cf4be21a3231aa20fbf8028193623323db61cd131eb2175d625e8233
https://cdnjs.cloudflare.com/ajax/libs/monaco-editor/0.53.0/min/vs/loader.js,35b59df80b41a8b73bf1ceb159b44f040567c2ab53f4e77a3d002d9dc39d55d1
https://cdnjs.cloudflare.com/ajax/libs/monaco-editor/0.53.0/min/vs/loader.min.js,c056e0fc5de3eb3916a1a348f712b5d9ea75dcbb8ecdd8f9e938aa811cb68c50
https://cdnjs.cloudflare.com/ajax/libs/monaco-editor/0.53.0/min/vs/lspLanguageFeatures.b4763a7b.js,928121a5c9709a431db334b42896c0760fe2903aee03048b092e2aaabfba86ed
https://cdnjs.cloudflare.com/ajax/libs/monaco-editor/0.53.0/min/vs/lspLanguageFeatures.b4763a7b.min.js,321578accf6201e621d97e7052cb7505711bcf9c178f3026c5b5ae91298cc154
https://cdnjs.cloudflare.com/ajax/libs/monaco-editor/0.53.0/min/vs/lua.b9f48055.js,67e0fa6f1c9f58a6ff5ce07161b524ba13923b0010d1aa452aeeda414df9f8ec
https://cdnjs.cloudflare.com/ajax/libs/monaco-editor/0.53.0/min/vs/lua.b9f48055.min.js,55259a78af8734da83280092ba13e93a22869b45e9d6a2f6f4b7861f3f48dfa5
https://cdnjs.cloudflare.com/ajax/libs/monaco-editor/0.53.0/min/vs/m3.54394d23.js,57926f74771f4cd0db51b512ce17e1c9d541126a8843cc3948088a051c8b41c8
https://cdnjs.cloudflare.com/ajax/libs/monaco-editor/0.53.0/min/vs/m3.54394d23.min.js,5fcd2c73af236730bebdc3df7da1498aa8ad791824dd8c03824365fade45336f
https://cdnjs.cloudflare.com/ajax/libs/monaco-editor/0.53.0/min/vs/markdown.d9a6aaa6.js,64f8aa358b2aaf1bb1648f96a5fce355edbda9eac9a97ff473e109296a5eb8d5
https://cdnjs.cloudflare.com/ajax/libs/monaco-editor/0.53.0/min/vs/markdown.d9a6aaa6.min.js,f7aac21d0c70bbcb6fe467e3ad31e4f27878ca6520444648678fa9392fb8f513
https://cdnjs.cloudflare.com/ajax/libs/monaco-editor/0.53.0/min/vs/mdx.4d70389f.js,dab257c4d284b3d75899e1571cc549afaf249367780084337d52ba813b04811a
https://cdnjs.cloudflare.com/ajax/libs/monaco-editor/0.53.0/min/vs/mdx.4d70389f.min.js,b0752591c29836af5bd0af50d91e0c2009d2fb9d4d56b43a2e400562ec99bbbd
https://cdnjs.cloudflare.com/ajax/libs/monaco-editor/0.53.0/min/vs/mips.2ca1cc0e.js,74fb2f98b15ab0b73f137dfa4b841ff4911c32c52f780227dd4257a7b49cf2ab
https://cdnjs.cloudflare.com/ajax/libs/monaco-editor/0.53.0/min/vs/mips.2ca1cc0e.min.js,8f458daba655c5d6c0f8e45889e5fa62a64f02e4828a197db22db8cdd1d1ed0a
https://cdnjs.cloudflare.com/ajax/libs/monaco-editor/0.53.0/min/vs/msdax.6b83e523.js,fe19ca1d2960e50a97ba2be5fe11c365102c3f357a5cf30362982c031989e8a2
https://cdnjs.cloudflare.com/ajax/libs/monaco-editor/0.53.0/min/vs/msdax.6b83e523.min.js,3f63ac101d115e0a681ac963b31060621a9c43baa5275d3cf601fd38042e68cd
https://cdnjs.cloudflare.com/ajax/libs/monaco-editor/0.53.0/min/vs/mysql.0c968318.js,3658a541371beec15c018fc042a71cc19438c50709a886da33f9a6483b08a252
https://cdnjs.cloudflare.com/ajax/libs/monaco-editor/0.53.0/min/vs/mysql.0c968318.min.js,2b0218fe91cb231cf6e49188f35bace5059e41aa67f5c9e9268e30904ae6b4f1
https://cdnjs.cloudflare.com/ajax/libs/monaco-editor/0.53.0/min/vs/nls.messages-loader.js,65cbc57720a3ae60c175def8a7303e5f2e4870062666351c56c8e868ada53d0c
https://cdnjs.cloudflare.com/ajax/libs/monaco-editor/0.53.0/min/vs/nls.messages-loader.min.js,39ac9018e06c1b34b4a71f21d5796c73246a04a03f5edea2291536f315eca785
https://cdnjs.cloudflare.com/ajax/libs/monaco-editor/0.53.0/min/vs/nls.messages.de.js,e8582721d82c360dea9de3c264c975b6e039a7f127599b7c62989acb43d7307c
https://cdnjs.cloudflare.com/ajax/libs/monaco-editor/0.53.0/min/vs/nls.messages.de.min.js,4ed13c4808ae1eb8bb463d1ef47542cb591c776945e4a381590e097a82aaceec
https://cdnjs.cloudflare.com/ajax/libs/monaco-editor/0.53.0/min/vs/nls.messages.es.js,d0c3f5fdc871cbd506b0d08626789156dcdc94c08e64036f8a1063475374f289
https://cdnjs.cloudflare.com/ajax/libs/monaco-editor/0.53.0/min/vs/nls.messages.es.min.js,7723dd92aa59dd92e3c53d843f23f81d23063c45e65863b44ac78811ef0df40e
https://cdnjs.cloudflare.com/ajax/libs/monaco-editor/0.53.0/min/vs/nls.messages.fr.js,fa4ca512156a30f454767a3dcfa16d45906bccf134ab62715f09f0308e692e4b
https://cdnjs.cloudflare.com/ajax/libs/monaco-editor/0.53.0/min/vs/nls.messages.fr.min.js,3d6a6ea74da9a0d8b33fedb373824ce98809a310c36288d18d9c505c808f2a41
https://cdnjs.cloudflare.com/ajax/libs/monaco-editor/0.53.0/min/vs/nls.messages.it.js,6ec2faa166d9b7418bd6fc526b242b21bc6cc9223d8cbce211a901f4132cf3bd
https://cdnjs.cloudflare.com/ajax/libs/monaco-editor/0.53.0/min/vs/nls.messages.it.min.js,eca48e13bdf1be57d2d621d0c4e692ceb4d1dc4c71d900651003c74f6357c05e
https://cdnjs.cloudflare.com/ajax/libs/monaco-editor/0.53.0/min/vs/nls.messages.ja.js,f1df5559ab961789af044c29e6ba1b4f6f021224d48e1ad3bc3af398980eee7d
https://cdnjs.cloudflare.com/ajax/libs/monaco-editor/0.53.0/min/vs/nls.messages.ja.min.js,b7a91e565f1f9a03a87e601d5294807fd44b61d9d322c0ef5df22ba0ed3605f5
https://cdnjs.cloudflare.com/ajax/libs/monaco-editor/0.53.0/min/vs/nls.messages.ko.js,f51a074fe96a349913e0f048a9dca9f73ec3ecbe514bc9ab656734a9b9dccfc4
https://cdnjs.cloudflare.com/ajax/libs/monaco-editor/0.53.0/min/vs/nls.messages.ko.min.js,6a6079e371a26d9353286cf62f5e492a2d42a576935edbbb5bab1da1ba52d61a
https://cdnjs.cloudflare.com/ajax/libs/monaco-editor/0.53.0/min/vs/nls.messages.ru.js,06d1c19a95c78526e12f9ed92082ef94f1813a1c27ca04bbd2bf39a33245fa6e
https://cdnjs.cloudflare.com/ajax/libs/monaco-editor/0.53.0/min/vs/nls.messages.ru.min.js,fc90b546411bbcdede4f2cd080237333d98607d632a7ad55b0da419889fc5f1c
https://cdnjs.cloudflare.com/ajax/libs/monaco-editor/0.53.0/min/vs/nls.messages.zh-cn.js,2ccd58ecdab74ad781539830c6a453173b926f501807e0509c73d7c73636f88a
https://cdnjs.cloudflare.com/ajax/libs/monaco-editor/0.53.0/min/vs/nls.messages.zh-cn.min.js,0865136c9b89dc8d51a969d450ee9751f293b19b1e0a3eaf2e0b56cbd5d1d18d
https://cdnjs.cloudflare.com/ajax/libs/monaco-editor/0.53.0/min/vs/nls.messages.zh-tw.js,6d88a43de855a9a7c13a70d0fc6368dd7857f5f44857a8bc54e63801614ec732
https://cdnjs.cloudflare.com/ajax/libs/monaco-editor/0.53.0/min/vs/nls.messages.zh-tw.min.js,439bb305dc0f40028660086dd8e8dfb26e719ed29192098d340ba2ef22b4347b
https://cdnjs.cloudflare.com/ajax/libs/monaco-editor/0.53.0/min/vs/objective-c.c23cbcfe.js,aeb68615d0d0ee26019c7bf4e2ddf5afadc9926eb943609b2f92dc231042d7e1
https://cdnjs.cloudflare.com/ajax/libs/monaco-editor/0.53.0/min/vs/objective-c.c23cbcfe.min.js,ad6761e3da35bf3dbcc7262cd8a4f12d0d0a6ee830d683b7496114e61d7d6ceb
https://cdnjs.cloudflare.com/ajax/libs/monaco-editor/0.53.0/min/vs/pascal.d682edd0.js,20d081c92b9af58157d30cd3fa83bdab7e38011a23ad8f11aeff5aa4a281e1c5
https://cdnjs.cloudflare.com/ajax/libs/monaco-editor/0.53.0/min/vs/pascal.d682edd0.min.js,6c85fcb9f9e6a1c456042245311869330a2e9f69f569fb714bcd5f36342bf609
https://cdnjs.cloudflare.com/ajax/libs/monaco-editor/0.53.0/min/vs/pascaligo.4cda72e2.js,21c645c83339dc2eb7864c80ef6222a15bfcb4fb2a33fa704a8fb451a591dd30
https://cdnjs.cloudflare.com/ajax/libs/monaco-editor/0.53.0/min/vs/pascaligo.4cda72e2.min.js,bc4a1ba7c124e1ee0d8bb733588140799c62753f1762d2a54f91574c1b2795c2
https://cdnjs.cloudflare.com/ajax/libs/monaco-editor/0.53.0/min/vs/perl.6c0a5fd2.js,0fe443c54e4b5cbb254ee4490453d1003b478509d6c418ffb076bd21e4a199ba
https://cdnjs.cloudflare.com/ajax/libs/monaco-editor/0.53.0/min/vs/perl.6c0a5fd2.min.js,6b81edc6092f1cb532b2e3b23464b6f2036e59025f6ba4f9ce6215f9ec705b64
https://cdnjs.cloudflare.com/ajax/libs/monaco-editor/0.53.0/min/vs/pgsql.6d0b0345.js,c2677305e0cfed6fbee18d6c7a8e81325eec2c2c87a2ea14b6f7bd9299ef88c0
https://cdnjs.cloudflare.com/ajax/libs/monaco-editor/0.53.0/min/vs/pgsql.6d0b0345.min.js,8e3b4c0b33e67c7f656c587c121e458ea2bbe424ad855655959c03ab403ee7c3
https://cdnjs.cloudflare.com/ajax/libs/monaco-editor/0.53.0/min/vs/php.fa1fc595.js,70c1e56077b80c22554b54e23ae919ae29660a89865da4c868c2ed1804a8d737
https://cdnjs.cloudflare.com/ajax/libs/monaco-editor/0.53.0/min/vs/php.fa1fc595.min.js,40f16ae8ea9c3fd768f1a25f43673c819b966a67e32ba9d71a13f0c8412a1fc3
https://cdnjs.cloudflare.com/ajax/libs/monaco-editor/0.53.0/min/vs/pla.ecedb2fa.js,c6d3454a58d16266f51990cc6fa158564f5b825aeba92acf9e1d65e2f84520a1
https://cdnjs.cloudflare.com/ajax/libs/monaco-editor/0.53.0/min/vs/pla.ecedb2fa.min.js,6c68e5b5ba0e78c7957cac6ad862fc741daa4f86c3c8b379c7aead319502da1b
https://cdnjs.cloudflare.com/ajax/libs/monaco-editor/0.53.0/min/vs/postiats.4f91d904.js,b2929024ed471410581a4e8f336375164d9a270546bc7d42da4f3ecf103e32e3
https://cdnjs.cloudflare.com/ajax/libs/monaco-editor/0.53.0/min/vs/postiats.4f91d904.min.js,aea4cf29254709e2d6f4c8fb9e1e3bb1abbccb3486968c0f80da8f4f1bb4a33d
https://cdnjs.cloudflare.com/ajax/libs/monaco-editor/0.53.0/min/vs/powerquery.79d430a4.js,5306b2b64c7b0c8160a35e97786fce4fa3a8aa057057172a4014fbcd1a933908
https://cdnjs.cloudflare.com/ajax/libs/monaco-editor/0.53.0/min/vs/powerquery.79d430a4.min.js,c187a80272536b510af19c8f8376362b828d25d2cd8f82a7fbe709850f883f61
https://cdnjs.cloudflare.com/ajax/libs/monaco-editor/0.53.0/min/vs/powershell.87bc4ad0.js,2f66af79a296bbe5670a43de04388d5953c7510af11e7ebf775f4b9eceaaed18
https://cdnjs.cloudflare.com/ajax/libs/monaco-editor/0.53.0/min/vs/powershell.87bc4ad0.min.js,18e6459fb007452921ccba82dc118cd6f73b073d424777e8f82a31fa5ebd37e3
https://cdnjs.cloudflare.com/ajax/libs/monaco-editor/0.53.0/min/vs/protobuf.13ce105a.js,812da57852d2813ecbb720b4969893ff668d4e07f58b24fe279252b58e3944e5
https://cdnjs.cloudflare.com/ajax/libs/monaco-editor/0.53.0/min/vs/protobuf.13ce105a.min.js,fdc3c5baf1d39b172b3992f912bfaf49db559be5ec7d2a958b844424b6d6e46e
https://cdnjs.cloudflare.com/ajax/libs/monaco-editor/0.53.0/min/vs/pug.a06f9ff4.js,2a736f5e3c16932aaf270f7800819f39039a6f82558844aa6b19e9291e13cb56
https://cdnjs.cloudflare.com/ajax/libs/monaco-editor/0.53.0/min/vs/pug.a06f9ff4.min.js,c7d13c4cc2be26069726c903e1cc79e175cb312311967a33563c4fbb7b18712a
https://cdnjs.cloudflare.com/ajax/libs/monaco-editor/0.53.0/min/vs/python.5153d5cc.js,0f0dd9f12b9698ecbf88a1a818e4c3be51761be6abd1525cc60495f71b0790e1
https://cdnjs.cloudflare.com/ajax/libs/monaco-editor/0.53.0/min/vs/python.5153d5cc.min.js,1211ea4869624a2333d7540b1ca91ba3f306d153dc34b1e65747305bd1bfca24
https://cdnjs.cloudflare.com/ajax/libs/monaco-editor/0.53.0/min/vs/qsharp.5334b526.js,819563f69059352057e0c45c804fd2fbc40ea02c2d74af9f068779f406b68551
https://cdnjs.cloudflare.com/ajax/libs/monaco-editor/0.53.0/min/vs/qsharp.5334b526.min.js,32c02ee0bdef3b5c93773e0e08f92d8a98ffd50d17535f10162ce95e4f999fe0
https://cdnjs.cloudflare.com/ajax/libs/monaco-editor/0.53.0/min/vs/r.71f62956.js,822cc1b6bd6bf76d380c7cb434588a67725202b56a0decfdfa406948d23c2bf6
https://cdnjs.cloudflare.com/ajax/libs/monaco-editor/0.53.0/min/vs/r.71f62956.min.js,4e1386d9b03f8e27102bc9eb4e0241a1dd34554aee7c3fc4e8ccfb24e0dd932a
https://cdnjs.cloudflare.com/ajax/libs/monaco-editor/0.53.0/min/vs/razor.e138c602.js,907a311ff61deee93b97fa5a68020ded5c3a04a1a4f84b3b49d777f13274c966
https://cdnjs.cloudflare.com/ajax/libs/monaco-editor/0.53.0/min/vs/razor.e138c602.min.js,f578d4350e0594ff93155a3733c4fd07b419c180338a356a596dfb47f2f8a3b9
https://cdnjs.cloudflare.com/ajax/libs/monaco-editor/0.53.0/min/vs/redis.53af986e.js,4bb3ddd7c6744751e8235a9ad70bb8872ec45bbca297d66199d0871e8a5358f8
https://cdnjs.cloudflare.com/ajax/libs/monaco-editor/0.53.0/min/vs/redis.53af986e.min.js,aa7ea076a03c2a55880c7b641efc33dcbf6d3083f60548498fc9fb9b469d21f4
https://cdnjs.cloudflare.com/ajax/libs/monaco-editor/0.53.0/min/vs/redshift.d166bd80.js,abcda39c84505e6ae33311f9246cd972aeca76bd25839f540a0578f9462a0844
https://cdnjs.cloudflare.com/ajax/libs/monaco-editor/0.53.0/min/vs/redshift.d166bd80.min.js,5fd55097b327b35fb1970f825c045cd7ceeaf6a5615782c5534a23e0d45434d3
https://cdnjs.cloudflare.com/ajax/libs/monaco-editor/0.53.0/min/vs/restructuredtext.da8d5482.js,67497f5a8024bdff4f710509ab5d06497ed154d452af40410c962deedcea3cc6
https://cdnjs.cloudflare.com/ajax/libs/monaco-editor/0.53.0/min/vs/restructuredtext.da8d5482.min.js,92ffcd427797059dd74b263693214666e9ff579048a1d56706b1a8ed71b99458
https://cdnjs.cloudflare.com/ajax/libs/monaco-editor/0.53.0/min/vs/ruby.ea1f567c.js,dbc42665f24226eb73dfe2d1d34b5a82596490ca64777038c25c92acd130c4f6
https://cdnjs.cloudflare.com/ajax/libs/monaco-editor/0.53.0/min/vs/ruby.ea1f567c.min.js,bcb224db7d13a17616fb2620988321f8de78db46d1b17c73fd587ed19f832f4d
https://cdnjs.cloudflare.com/ajax/libs/monaco-editor/0.53.0/min/vs/rust.fb821eb7.js,cafc0a18f5529b5afc377d46c4a721474c3548cfd59724924b14b2ef842b4886
https://cdnjs.cloudflare.com/ajax/libs/monaco-editor/0.53.0/min/vs/rust.fb821eb7.min.js,c487f5df0c169332e061fd36a7a04d04fd89a8fa5afce759e99edce3de112b76
https://cdnjs.cloudflare.com/ajax/libs/monaco-editor/0.53.0/min/vs/sb.de090154.js,8d6f5af07bff2dcf6488330452bc6b17d6038bbaee8e6e557dca147846ff0bda
https://cdnjs.cloudflare.com/ajax/libs/monaco-editor/0.53.0/min/vs/sb.de090154.min.js,afd80414c495e3999c5ee15fecf76e5e63269696f0add0e2809deed535d70f02
https://cdnjs.cloudflare.com/ajax/libs/monaco-editor/0.53.0/min/vs/scala.872b817c.js,4cf4f9636dcce1db955fba4adb0bcc4020b21554cbaeb53393f1e6da3d4d9521
https://cdnjs.cloudflare.com/ajax/libs/monaco-editor/0.53.0/min/vs/scala.872b817c.min.js,a50b2e9d143cc0d99e983a5652ddec4959ad60103632cb040daf7b4a63e551ec
https://cdnjs.cloudflare.com/ajax/libs/monaco-editor/0.53.0/min/vs/scheme.5d100872.js,f26ee75f83bd93ebf25f0c6f41b8eb89e7c326eb4c5bf425ffaaae5c5fdbce26
https://cdnjs.cloudflare.com/ajax/libs/monaco-editor/0.53.0/min/vs/scheme.5d100872.min.js,6e2c0fc72ae1d466e04366eabf4deedbeaa6a0f57dd55ec358d7f7c6b9f9951a
https://cdnjs.cloudflare.com/ajax/libs/monaco-editor/0.53.0/min/vs/scss.005cca6c.js,29b49bd71edb4d7e8e757613966385345483108f3154664f503a5605c972043e
https://cdnjs.cloudflare.com/ajax/libs/monaco-editor/0.53.0/min/vs/scss.005cca6c.min.js,e56669145c6be6f83c3ff87b6b271d7f9cab3e6ab1a365b8c8d4fe3d4588b7e7
https://cdnjs.cloudflare.com/ajax/libs/monaco-editor/0.53.0/min/vs/shell.9fdf397b.js,bf6d13ecf46ed74b78555f753b63ec823a680ba6b0affa4bf7bb93a8af9e4f13
https://cdnjs.cloudflare.com/ajax/libs/monaco-editor/0.53.0/min/vs/shell.9fdf397b.min.js,879078744065b2d6d0de4bf84c01be2e9a120386c451c8b97451b3ce44eff071
https://cdnjs.cloudflare.com/ajax/libs/monaco-editor/0.53.0/min/vs/solidity.a0c1d17d.js,b644455e1f99127161fe4dfaac056087b4c304a00bd57479f996c32dfdf86eb2
https://cdnjs.cloudflare.com/ajax/libs/monaco-editor/0.53.0/min/vs/solidity.a0c1d17d.min.js,061b6810728dc7cac14724e48c0d0f468daa458cd130a9384b5df0efd9018518
https://cdnjs.cloudflare.com/ajax/libs/monaco-editor/0.53.0/min/vs/sophia.19fb93b0.js,44de7ab301da073a7271eda2c2fa652cb6008b101fa839c349d09eb78815b18a
https://cdnjs.cloudflare.com/ajax/libs/monaco-editor/0.53.0/min/vs/sophia.19fb93b0.min.js,157070aa5bf014f9e13ea5143280144b3997dc0c72e9c5a095688e04af8c5ea5
https://cdnjs.cloudflare.com/ajax/libs/monaco-editor/0.53.0/min/vs/sparql.650fdcd2.js,75d481b2046a4a8509271c5740381b0e54ef8f31599c79bab3c07f5089fd8b61
https://cdnjs.cloudflare.com/ajax/libs/monaco-editor/0.53.0/min/vs/sparql.650fdcd2.min.js,6641f80a46894c1e6f02170a61488db31ee11af720a93e06e15e526894c88016
https://cdnjs.cloudflare.com/ajax/libs/monaco-editor/0.53.0/min/vs/sql.0a440540.js,eccc9c29b91e3eff0326fe3c96275acaca02953d6deca204ac83a04038beb482
https://cdnjs.cloudflare.com/ajax/libs/monaco-editor/0.53.0/min/vs/sql.0a440540.min.js,16086421178ed90691d5a00772ee002c23eb80471358d7c31836e5338578c1c1
https://cdnjs.cloudflare.com/ajax/libs/monaco-editor/0.53.0/min/vs/st.589fd1fd.js,ac501f706cec203983fd1afea291785b02bfdd38eece70239ec3e0b62a050750
https://cdnjs.cloudflare.com/ajax/libs/monaco-editor/0.53.0/min/vs/st.589fd1fd.min.js,00fe29aa125bd0436eac910c399364c5956a6b4b441b3c5254d812759e573fec
https://cdnjs.cloudflare.com/ajax/libs/monaco-editor/0.53.0/min/vs/style.css,65ce423c0efe6286370d36e99672bf8c350db2ec190879191587c437bf2ecd60
https://cdnjs.cloudflare.com/ajax/libs/monaco-editor/0.53.0/min/vs/style.min.css,ae070eb22f93392cd12e3d8660e3cb851ed0d324f2a89fd354d441e35daafb67
https://cdnjs.cloudflare.com/ajax/libs/monaco-editor/0.53.0/min/vs/swift.52175693.js,309d9da7d1972663247580753b255a6ddff443f4eda439f0d0c088e3f596b721
https://cdnjs.cloudflare.com/ajax/libs/monaco-editor/0.53.0/min/vs/swift.52175693.min.js,39602e967591f13c99427343cbe8d224dc9c0033f900bda09269a1240312617b
https://cdnjs.cloudflare.com/ajax/libs/monaco-editor/0.53.0/min/vs/systemverilog.54750c8c.js,630b5c38d95d73b1126e2c63816b7d692bdc7737d069dc803e90d7fbaf8543dc
https://cdnjs.cloudflare.com/ajax/libs/monaco-editor/0.53.0/min/vs/systemverilog.54750c8c.min.js,e749c177d8863f7d77b94ef0a4812fc3732678cf6815577a39722555db11fbcd
https://cdnjs.cloudflare.com/ajax/libs/monaco-editor/0.53.0/min/vs/tcl.ffa31061.js,1e65c009f0051c016da452fbec67f3975b18cd0fbfd808cef867fc8128a5f4de
https://cdnjs.cloudflare.com/ajax/libs/monaco-editor/0.53.0/min/vs/tcl.ffa31061.min.js,c1d70ce1f578169bde4c909f318cfc7183e8a56359ed898f21d2c9bc392a0868
https://cdnjs.cloudflare.com/ajax/libs/monaco-editor/0.53.0/min/vs/tsMode.0cda7d07.js,681ec90b9a635fe9cb4f220f73f59ead68ebf72de81f5a8453d9f6ed271ed3aa
https://cdnjs.cloudflare.com/ajax/libs/monaco-editor/0.53.0/min/vs/tsMode.0cda7d07.min.js,07ff9498a5fa41b71b8ec9c7c6d86a4ff5df21f022f1264b4da2b0af905263a5
https://cdnjs.cloudflare.com/ajax/libs/monaco-editor/0.53.0/min/vs/twig.23fe457e.js,ba3f932c53617d20995255719d25aae66411f865b291c63d7d6791214c707f8b
https://cdnjs.cloudflare.com/ajax/libs/monaco-editor/0.53.0/min/vs/twig.23fe457e.min.js,75698fa731ef73970c04540dbf7001e8d9371fd5e4eec6f15a767aa2e17d75de
https://cdnjs.cloudflare.com/ajax/libs/monaco-editor/0.53.0/min/vs/typescript.21e6b24c.js,9c25cd96747f2cdc5d909f6302653206bcf1af46c90b58698d095cc05f121d47
https://cdnjs.cloudflare.com/ajax/libs/monaco-editor/0.53.0/min/vs/typescript.21e6b24c.min.js,5c30a32327130fbd62943b2af3efc32efa933807efbdcb59043f9f6d34730ae8
https://cdnjs.cloudflare.com/ajax/libs/monaco-editor/0.53.0/min/vs/typespec.6ed77a41.js,997fda06530bddf19e37b6fba32f19b16ab9b2c46da13a4474ed9f04bb2db42b
https://cdnjs.cloudflare.com/ajax/libs/monaco-editor/0.53.0/min/vs/typespec.6ed77a41.min.js,07d604d6cb86ef9450f171ac5765e8dae62549548ceb67f5413d1d00cb7b895a
https://cdnjs.cloudflare.com/ajax/libs/monaco-editor/0.53.0/min/vs/vb.1cd5c18f.js,2352896a9d0ebc43cc629ce0cc05a43117059470344ddf11a78613b998a83882
https://cdnjs.cloudflare.com/ajax/libs/monaco-editor/0.53.0/min/vs/vb.1cd5c18f.min.js,698933ae6bf78f4b331c5b5cf540217548ff74604f00ab0370aa6ca17e33b5a3
https://cdnjs.cloudflare.com/ajax/libs/monaco-editor/0.53.0/min/vs/wgsl.1d597471.js,70e481b06de3bb1eaa2d575243e80a7973ccf65a60abaf4421f984ece4c0f713
https://cdnjs.cloudflare.com/ajax/libs/monaco-editor/0.53.0/min/vs/wgsl.1d597471.min.js,8e0588aa884190f6663ac2df529e1d509ef8aca8fa564d2eee3fbf0aa6aee537
https://cdnjs.cloudflare.com/ajax/libs/monaco-editor/0.53.0/min/vs/workers.8ff654dc.js,c0ec89790ba6e9e4dabee55aba8a1826b74ca8339827efe1feb258bcdae140ce
https://cdnjs.cloudflare.com/ajax/libs/monaco-editor/0.53.0/min/vs/workers.8ff654dc.min.js,7afef27b8ca4bce6d944b6addaf8717901034dab0d59446c135da4e19a9995d0
https://cdnjs.cloudflare.com/ajax/libs/monaco-editor/0.53.0/min/vs/xml.97580f17.js,c69880b799d200857e65d7cd0c5d4a064c032d42eb5bb99ca58a3807736c6cc8
https://cdnjs.cloudflare.com/ajax/libs/monaco-editor/0.53.0/min/vs/xml.97580f17.min.js,0fa0eaea97fe3f6e128e112d749d249a94c10a55f77a91a3e382f82c5c556ba3
https://cdnjs.cloudflare.com/ajax/libs/monaco-editor/0.53.0/min/vs/yaml.4437b505.js,2acd9290a6f62e983784c3e89af951ebf16f36274499c301df437e0a205dbe87
https://cdnjs.cloudflare.com/ajax/libs/monaco-editor/0.53.0/min/vs/yaml.4437b505.min.js,81668d9a49462d283476f2feb619debe8c22be97500d2bbad3fc15896b4d3f4f
https://cdnjs.cloudflare.com/ajax/libs/monaco-editor/0.53.0/min/vs/yaml.contribution.6f43d486.js,865dd59c47c350d722c77041a64f0a31cbe0e99eb3f4fe37af6eb4a3ea42e1ed
https://cdnjs.cloudflare.com/ajax/libs/monaco-editor/0.53.0/min/vs/yaml.contribution.6f43d486.min.js,353015c98849709e131da8a3d3240c977816a09350f669039e159f3f887a7e1d
https://cdnjs.cloudflare.com/ajax/libs/bootstrap/5.3.8/css/bootstrap-grid.css,debef2607bc18da92921bd9559ec954a397ba5439d295e4face3e76f98dab9f3
https://cdnjs.cloudflare.com/ajax/libs/bootstrap/5.3.8/css/bootstrap-grid.min.css,8d09c629f0198c538a1f46908e742b247d2b1398e95669c4a820ab3d65c92ffc
https://cdnjs.cloudflare.com/ajax/libs/bootstrap/5.3.8/css/bootstrap-grid.rtl.css,76a8a1d40131b5b25964ea91c691cb86f272c528e99b497201c7ce0bf8412d99
https://cdnjs.cloudflare.com/ajax/libs/bootstrap/5.3.8/css/bootstrap-grid.rtl.min.css,0cf051030566300dbe5c37316e51741de3f1070c99d69b6ab451454c88740fd1
https://cdnjs.cloudflare.com/ajax/libs/bootstrap/5.3.8/css/bootstrap-reboot.css,aab39007c15ae7165880653e69a970e48d561049f8633ac31bba21aea46c412e
https://cdnjs.cloudflare.com/ajax/libs/bootstrap/5.3.8/css/bootstrap-reboot.min.css,0b56cde507cfa4d5d219f71df2e2d0a9b14bd6f589583818b874fb026f0f47f7
https://cdnjs.cloudflare.com/ajax/libs/bootstrap/5.3.8/css/bootstrap-reboot.rtl.css,7fc078a56fb233e9a0cdf681cbd0efab514c121ef958818afc293b6f5e920492
https://cdnjs.cloudflare.com/ajax/libs/bootstrap/5.3.8/css/bootstrap-reboot.rtl.min.css,34dd5626c71e17acb8a2b1912d99b83d4d2a1b8e8bffab35942c7af43d4a06b4
https://cdnjs.cloudflare.com/ajax/libs/bootstrap/5.3.8/css/bootstrap-utilities.css,390f9de7afef4c3a68368f96899fa0ef6a08c3afb1599c7ea288d97ac89a23ff
https://cdnjs.cloudflare.com/ajax/libs/bootstrap/5.3.8/css/bootstrap-utilities.min.css,ed4cbc75169db612c3c73279698890dcdadc514094798686cae1cadda536bced
https://cdnjs.cloudflare.com/ajax/libs/bootstrap/5.3.8/css/bootstrap-utilities.rtl.css,2ea67a2d49c828015ef5f5f0988e2f9815625a13db312b459ea4c07602c8e2da
https://cdnjs.cloudflare.com/ajax/libs/bootstrap/5.3.8/css/bootstrap-utilities.rtl.min.css,1bc8db7e861d1eb6a6ed461dd1a4e081f30a5714b980129d1d54589f21bc822a
https://cdnjs.cloudflare.com/ajax/libs/bootstrap/5.3.8/css/bootstrap.css,4a50207b956a4ab943640ee993118b554a34e96a23261cfe58b9aa1807a7849b
https://cdnjs.cloudflare.com/ajax/libs/bootstrap/5.3.8/css/bootstrap.min.css,d85327d99c7a3ee1f9b5d0500d1370acea3ad2db39c163c2f51f232baedbdede
https://cdnjs.cloudflare.com/ajax/libs/bootstrap/5.3.8/css/bootstrap.rtl.css,39911412c957c60512a4b23a0ea1903ed5f3a0f9f7bb7446c55a99bb2e5f7463
https://cdnjs.cloudflare.com/ajax/libs/bootstrap/5.3.8/css/bootstrap.rtl.min.css,b9048c83571ab73da54395b6b307219f9eb9c5447f4f8edb17a069eb0f19465a
https://cdnjs.cloudflare.com/ajax/libs/bootstrap/5.3.8/js/bootstrap.bundle.js,69566344cf5722be51acbc90fdb26c24eb01cc1c153f738b16b2fa87ccd3b510
https://cdnjs.cloudflare.com/ajax/libs/bootstrap/5.3.8/js/bootstrap.bundle.min.js,e4fd49181388c48ec5040bd3fe66f57c29c8e67fcd8502b3354b96ec7ab47cc7
https://cdnjs.cloudflare.com/ajax/libs/bootstrap/5.3.8/js/bootstrap.esm.js,3c36e18ebe2539579edf7e440f3e02bcc46c2ad9efbc55b219b732af355d0aab
https://cdnjs.cloudflare.com/ajax/libs/bootstrap/5.3.8/js/bootstrap.esm.min.js,f9280841ae00ff8c36baa9e829833dd9fc893c70d67b63c552f601a88fdfbc81
https://cdnjs.cloudflare.com/ajax/libs/bootstrap/5.3.8/js/bootstrap.js,1b6e856e8a636bcdde4588e63a1061ced96edbb468127b25243629634d402079
https://cdnjs.cloudflare.com/ajax/libs/bootstrap/5.3.8/js/bootstrap.min.js,7b0f14895d69247fd88e93840489cfd47c55bd3fd27eb0a6c12a14cc5f492207
