sha256,url
000854d782781aff1b16ea5451c1da3d07efadd35ab911ccb7e4b851571a25bd,https://cdnjs.cloudflare.com/ajax/libs/jqueryui-touch-punch/0.2.3/jquery.ui.touch-punch.min.js
000c1602a7999d302e141de8395a99eb6f312118953d720538f546a5f0629b93,https://static.parastorage.com/services/editor-elements-library/dist/thunderbolt/rb_wixui.thunderbolt[SkipToContentButton].8b0178bf.bundle.min.js
001acbb15d9c69510c0817e6dde361bff098406fad182ab3c367f86ff3da8343,https://cdnjs.cloudflare.com/ajax/libs/gsap/latest/TweenMax.min.js
003e66d57aab065710954956a3ed038370b1cf420ab1994740b254bdfe4818fd,https://www.youtube.com/s/player/8c57fc20/player_ias.vflset/en_US/captions.js
003e66d57aab065710954956a3ed038370b1cf420ab1994740b254bdfe4818fd,https://www.youtube.com/s/player/51e03cf0/player_ias.vflset/en_US/captions.js
0055b23913f83975330bcac74e9116edfc97b7183de3e6738af9d98936f53438,https://ajax.googleapis.com/ajax/libs/d3js/6.2.0/d3.min.js
0070d3663d0dfb74239970302a2833ef7fc952341dfc438c7d208b0f0626924d,https://cdnjs.cloudflare.com/ajax/libs/popper.js/2.11.8/esm/modifiers/preventOverflow.js
00768474cf7178ebe087d5154abd5756b38958a2ffb1ba2947ef500b7d8dd094,https://ajax.aspnetcdn.com/ajax/bootstrap/3.3.5/css/bootstrap-theme.css
00779cf25c179c89ff359a5544dea41850efb1c227f5c081cac04cf637ff53a8,https://cdnjs.cloudflare.com/ajax/libs/jsonwebtoken/9.0.2/sign.js
0077f6bc99c96ad631a21fea31c6d6ac7447886df94c8b9ff386b92b0aceabcd,https://cdnjs.cloudflare.com/ajax/libs/prism/9000.0.1/themes/prism-coy.min.css
0080d84db88ac5ef53950bbbb17d04a009368f38a9e9fcaf5bc93c1992e0f76f,https://ajax.aspnetcdn.com/ajax/knockout/knockout-2.2.0.debug.js
00943b14f17989f795d1c0666119668cfc5c358b7b13dd1171935c9a9b759956,https://cdnjs.cloudflare.com/ajax/libs/moment.js/2.30.1/locale/nn.min.js
00b26ac825e2095056396e0553b8ac26d3f8ad158c3826e28b4c45b385c4714a,https://cdnjs.cloudflare.com/ajax/libs/KaTeX/0.16.9/fonts/KaTeX_SansSerif-Italic.woff2
00bb2c0b421a521a91d3569c1aeb86dde8d403d7d98c2469fd0d32ce5a8c70bf,https://cdnjs.cloudflare.com/ajax/libs/acorn/8.15.0/acorn.min.js
00d079ea67e5afd2bcdfd972cdaa4a46d6389d3f1110c753acda28da86fe72d9,https://cdnjs.cloudflare.com/ajax/libs/dayjs/1.11.18/plugin/isBetween.js
00f47f5bcaa08a1f242be6f6fbb776df9b82afc93861be138b5d0343bc23a7a1,https://www.youtube.com/s/player/ed93444a/player_ias.vflset/en_US/captions.js
00f47f5bcaa08a1f242be6f6fbb776df9b82afc93861be138b5d0343bc23a7a1,https://www.youtube.com/s/player/777857f0/player_ias.vflset/en_US/captions.js
00f47f5bcaa08a1f242be6f6fbb776df9b82afc93861be138b5d0343bc23a7a1,https://www.youtube.com/s/player/0e56f409/player_ias.vflset/en_US/captions.js
00ffa9faa229a4bbb5b01684d23fbe0838ce2a2f9d59d3480c8eae1dfe17fd66,https://cdnjs.cloudflare.com/ajax/libs/moment.js/2.30.1/locale/mk.min.js
0133913bbd657c14deef3196c2417b01b9872e5007c875d95b4b9b6793a24fa1,https://cdnjs.cloudflare.com/ajax/libs/jose/6.1.0/lib/iv.js
01452ebd22d4acf16831123f9a5f0a380c7c2ecd82b1b6de8c5c47ce9e137d32,https://cdnjs.cloudflare.com/ajax/libs/date-fns/4.1.0/locale/kk/cdn.min.js
015564ad4e0507f591087e05371153d0a633937701649c0154c8025709d579c0,https://cdnjs.cloudflare.com/ajax/libs/jose/6.1.0/util/decode_protected_header.js
0194cb6bae22aff8fa4a67a2f2985058cd55d11960a9485e8e32b11cf7216d3d,https://ajax.googleapis.com/ajax/libs/webfont/1.5.0/webfont.js
019f143342dcee3a9f248e1db0749a1690763eeeadeeab76aa245cefe3d0e186,https://ajax.googleapis.com/ajax/libs/dojo/1.5.6/dojo/dojo.js
01b2c48ffcb9b37d78e594043f8e3e600510f3827aa9082d762260dff8a90b81,https://www.youtube.com/s/player/1fc62019/player_ias.vflset/en_US/base.js
01b837409a1ee03d8269886915f10ae1b9460b2cc42cc5f6fac862f7360ba103,https://cdnjs.cloudflare.com/ajax/libs/moment.js/2.30.1/locale/km.js
01c5b468ffa0427e535e3019165d2efd2489650ec9cf1379d6ab79fdbf75736b,https://cdnjs.cloudflare.com/ajax/libs/html2canvas/1.4.1/html2canvas.js
01ea7fe6bf142e0561da8a9ea539b21ec62b2efdbd692909d86aa7ae334060e7,https://www.youtube.com/s/player/7929661f/player_ias.vflset/en_US/base.js
01ed7b6d598f2a212db5ef522658e61a4568c688671abfed40f46efb1cfea5f1,https://www.youtube.com/s/player/0675bd00/player_ias.vflset/en_US/captions.js
01ed7b6d598f2a212db5ef522658e61a4568c688671abfed40f46efb1cfea5f1,https://www.youtube.com/s/player/3510b6ff/player_ias.vflset/en_US/captions.js
0212cc713a890d6d18cd0a6730e05beb9371b20ce9cfb5278f0167fac46ccff4,https://cdnjs.cloudflare.com/ajax/libs/prism/9000.0.1/themes/prism-funky.min.css
0213c8baed4f8c497881ffed0e49abb309291d51725aaf1a0a757174b4999368,https://cdnjs.cloudflare.com/ajax/libs/pdf.js/5.4.149/images/annotation-paperclip.svg
02ae2ac765490e8b14268863564e925582734d33011e2a24f229e5cc6cb24310,https://cdnjs.cloudflare.com/ajax/libs/jose/6.1.0/util/decode_jwt.js
02b17c9d9929495452c06951ce909be0d3335c5b375d08abbb114b1511e2c8ca,https://ajax.aspnetcdn.com/ajax/globalize/1.0.0/globalize/plural.js
02e02fbbc9c201214a339a09fc333497e33754b9071ecc033092ac1228c59a1c,https://www.youtube.com/s/player/3e133d8d/player_ias.vflset/en_US/base.js
03147f5550efc83c9c83800039fcf3a39a7823bcc0c4d8f7f458cbfa82a6d623,https://ajax.aspnetcdn.com/ajax/knockout/knockout-3.3.0.debug.js
032ebde1ea4e22fe0001657d01bb3bb86be7adcfa9397cae6b9e0945e7a33dd9,https://cdnjs.cloudflare.com/ajax/libs/popper.js/2.11.8/esm/modifiers/arrow.min.js
033318b8870b4a942c02fe04f8a9dce0930d9160399671f4c21806083681d994,https://cdnjs.cloudflare.com/ajax/libs/request/2.88.2/lib/auth.js
0342e49e4f1703d5ca6accfd5beaa604ba77fad77d83c03353d7570f8a2567e3,https://ajax.googleapis.com/ajax/libs/shaka-player/5.0.0/shaka-player.compiled.js
035b51e42b4c6ffde07b7e1e1fa4a3697162e636de303d15f8d6588045afbe09,https://cdnjs.cloudflare.com/ajax/libs/react-select/5.10.2/useAsync-6b7b2aae.cjs.dev.js
035ba0d35092ec4528f2907aae1112c10531ac3ab4d13761534da2ebdfe7b28d,https://www.youtube.com/s/player/fd1b5dc8/player_ias.vflset/en_US/base.js
036154641aa4cba94ac8a65b98af75d2fa0ec29156674947d1148fa146689dc3,https://cdnjs.cloudflare.com/ajax/libs/moment.js/2.30.1/locale/id.js
036d4e95149b69ff9bcc0cd55771efeb25ffa3947293e69acd78d5ac328c684b,https://cdnjs.cloudflare.com/ajax/libs/KaTeX/0.16.9/fonts/KaTeX_Script-Regular.woff2
0373e960e7b7b4767dab923dde50008a3c6098e245454300a04f599f3cbe266f,https://cdnjs.cloudflare.com/ajax/libs/date-fns/4.1.0/locale/gu/cdn.min.js
0374d2be61258da46d7211701d7f4e2e76ca551dae7a66ee214e263e987f00dc,https://www.youtube.com/s/player/b3613e85/player_ias.vflset/en_US/base.js
038696d103dd2fd9cf027e818c27e9fd572ade9db63499049078e0699a3ce7ff,https://cdnjs.cloudflare.com/ajax/libs/dayjs/1.11.18/locale/de-ch.min.js
03880adb8c460ffa1e41626db5b156ef4b8884c2aa5a78143c232587a97bfacb,https://ajax.googleapis.com/ajax/libs/dojo/1.11.3/dojo/dojo.js
038ecec312ff9c0374c9d8831534865fb7ed6df4c94ca822274cea0ae4cf0e1e,https://ajax.aspnetcdn.com/ajax/bootstrap/4.4.1/css/bootstrap.css
03a1e997cfd3a2f5cd6169306d4371067cea9cf659d4d458e7dceb0ba521c026,https://cdnjs.cloudflare.com/ajax/libs/pako/2.1.0/pako_deflate.js
03a260815cdf5c5f847236522ef17ad5675c096a41d98ee66b1ef878326064db,https://www.youtube.com/s/player/50cc0679/player_ias.vflset/en_US/base.js
03a8ec00db105b3b813902400ed65169d12ecd382fa13402fd62c55e251caacc,https://cdnjs.cloudflare.com/ajax/libs/crypto-js/4.2.0/evpkdf.js
03aa11e194918de26a87dcac6d4dc886519f02eb8d9fba4912f6ab0da6a39318,https://cdnjs.cloudflare.com/ajax/libs/dayjs/1.11.18/locale/hy-am.min.js
03bf371e3ca4739cfe6bea61f0126b7cbb94e4713e970651f9acd5acb3d9e399,https://ajax.aspnetcdn.com/ajax/bootstrap/3.1.0/bootstrap.min.js
03c33ee7f26e35e9b3de6ffe53849345827d0cc917a02b0a395739021f6a8d51,https://ajax.googleapis.com/ajax/libs/dojo/1.10.6/dojo/dojo.js
03d39ea220b40c0095a5b33c172afe33e631bb43be84cf9269f533ee5aec7a47,https://cdnjs.cloudflare.com/ajax/libs/request/2.88.2/lib/querystring.js
03d59389aec95bdcef34ae6535cf301c1c6bcc5f5d3bc38a07225058b6e9f256,https://cdnjs.cloudflare.com/ajax/libs/popper.js/2.11.8/esm/utils/getBasePlacement.js
0404741f742ed8f09fa15afa0ad66b7276cadd529e9e6505f42e88aa0b0db0d5,https://cdnjs.cloudflare.com/ajax/libs/font-awesome/6.7.2/js/all.min.js
040a2918bec8cb8ba0a6303fa3c1bbfd899bc8644643e8ac493e3c08a0c09097,https://cdnjs.cloudflare.com/ajax/libs/crypto-js/4.2.0/format-hex.js
040e0667057be5fd844c522e655ac4f5db5be322821362727d338e741836e693,https://cdnjs.cloudflare.com/ajax/libs/KaTeX/0.16.9/contrib/render-a11y-string.min.js
0411085cafb90d679e25b0a71b58d9bdc8102d6e0266be4f79656b4d3cf7f1e7,https://www.youtube.com/s/player/a57ec7c6/player_ias.vflset/en_US/base.js
04142857a43c3bf04f03b182ac95d7a519e9c85ec50f44247edd23f951232d98,https://cdnjs.cloudflare.com/ajax/libs/angular.js/1.2.22/angular.min.js
046805acb0a76fd8300ddaa089a19c09cf459013d93006af66fc5ef938376a65,https://cdnjs.cloudflare.com/ajax/libs/dayjs/1.11.18/locale/ku.js
0479aef320d90c7e8b031da329e9fe9246f0bba0ad8eaef18ca823a5e3c55bf0,https://cdnjs.cloudflare.com/ajax/libs/react-dropzone/14.3.8/index.js
04842486a6e67a650008c844904d29aa541cfbaf2d0e38de6cb6eda33ed6d944,https://cdnjs.cloudflare.com/ajax/libs/dayjs/1.11.18/locale/bg.min.js
0497a8d2a9bde7db8c0466fae73e347a3258192811ed1108e3e096d5f34ac0e8,https://ajax.googleapis.com/ajax/libs/jquery/3.4.0/jquery.min.js
0497a8d2a9bde7db8c0466fae73e347a3258192811ed1108e3e096d5f34ac0e8,https://ajax.aspnetcdn.com/ajax/jQuery/jquery-3.4.0.min.js
04bfee4dc8aa2efb3aab657e5536de1aaebaa426dbed96cdaf1fc040504dafaf,https://cdnjs.cloudflare.com/ajax/libs/dayjs/1.11.18/locale/tlh.min.js
04c0c960330c44a1bb247834fecaa9769275157e0815cea635845fe7942c8152,https://cdnjs.cloudflare.com/ajax/libs/tailwindcss/4.1.13/flatten-color-palette.min.js
04c8f32ab2ea59bedc39b22ef4d680978f171842bb505c9174ef5f174717c31a,https://www.youtube.com/s/player/fa26f70e/player_ias.vflset/en_US/base.js
04d6e70b72035da888187afeba7fd2b269323fc14bc2577ef11b989c5f892969,https://ajax.googleapis.com/ajax/libs/dojo/1.9.0/dojo/dojo.js
04db4acdaa2dfe2a2ce5aed9edbe19ad070c22dd1bf7a56247c60285a4b29f01,https://www.youtube.com/s/player/89e685a2/player_ias.vflset/en_US/captions.js
04ee795a1a5a908ee339e145ae6c6b394d1dc0d971fd0896e3cb776660adba2e,https://ajax.aspnetcdn.com/ajax/jQuery/jquery-1.8.0.js
04ee795a1a5a908ee339e145ae6c6b394d1dc0d971fd0896e3cb776660adba2e,https://ajax.aspnetcdn.com/ajax/jquery/jquery-1.8.0.js
04f5bf8b514d4fdd9854a0bad949b87c2f3db5233ff45869d97d8ddece0d1c92,https://cdnjs.cloudflare.com/ajax/libs/jose/6.1.0/lib/ecdhes.js
050e838b982b1b3e993e06bd666f8693ea98e89fb568c39c4af32e128477aeef,https://cdnjs.cloudflare.com/ajax/libs/pdf.js/5.4.149/images/messageBar_info.svg
051c4d50c65c0c74376694ca4822d12787c05f832888adb01b2766fc1c3e9a7d,https://cdnjs.cloudflare.com/ajax/libs/date-fns/4.1.0/locale/ca/cdn.min.js
052dfc79ac1c253cc2cfb79c47804d31c2fbf63724e70c541aa14c470dd4b8ac,https://cdnjs.cloudflare.com/ajax/libs/cheerio/1.1.2/dist/browser/types.js
052dfc79ac1c253cc2cfb79c47804d31c2fbf63724e70c541aa14c470dd4b8ac,https://cdnjs.cloudflare.com/ajax/libs/cheerio/1.1.2/dist/esm/types.js
0539537503bdfdf6ac701d5dade92b0d591a29df4f93007298c9473a21bea8b2,https://ajax.aspnetcdn.com/ajax/jQuery/jquery-3.4.1.slim.js
055aed429377275b84f1022fc6d39a18b76760d1e634050cfe2fcb87313efa38,https://cdnjs.cloudflare.com/ajax/libs/popper.js/2.11.8/esm/popper-base.min.js
0575c8ba66974f2eb3d7d74e16a265c40dbfe7802cefdecc9f196f92c0ecee97,https://cdnjs.cloudflare.com/ajax/libs/moment.js/2.30.1/locale/de-at.js
0577b423d8e0b70eaaccc7c1de2c7a1e78ef751fa80fcd95796363665e1aa49b,https://ajax.googleapis.com/ajax/libs/dojo/1.6.1/dojo/dojo.js
05985f80c24829d4a519215aa84d106648f127dc8b6dc41099b8cafc9f050c23,https://cdnjs.cloudflare.com/ajax/libs/jsonwebtoken/9.0.2/decode.min.js
05b85d96f41fff14d8f608dad03ab71e2c1017c2da0914d7c59291bad7a54f8e,https://ajax.googleapis.com/ajax/libs/jquery/2.2.4/jquery.min.js
05b85d96f41fff14d8f608dad03ab71e2c1017c2da0914d7c59291bad7a54f8e,https://ajax.aspnetcdn.com/ajax/jQuery/jquery-2.2.4.min.js
05b85d96f41fff14d8f608dad03ab71e2c1017c2da0914d7c59291bad7a54f8e,https://cdnjs.cloudflare.com/ajax/libs/jquery/2.2.4/jquery.min.js
05d100692e8cdd4a6b3b0eb56eb37c9c64dacab3254aaeba18c24689b18a6cf8,https://cdnjs.cloudflare.com/ajax/libs/moment.js/2.30.1/locale/cy.js
05e4fb4f299eb28636e7a0543998ae2e1e2665ba508cf157baec90212ba85243,https://cdnjs.cloudflare.com/ajax/libs/popper.js/2.11.8/esm/utils/getMainAxisFromPlacement.js
05f1153280ed82c11c6c7e6474f69194f0956f4a34fc532a6411a50a324abf5d,https://www.youtube.com/s/player/4eecba16/player_ias.vflset/en_US/base.js
06329316bc34fe539e7afbed70f36f8d110ed8f0c3fce7e6d92174c670f36c62,https://www.youtube.com/s/player/f57a8142/player_ias.vflset/en_US/base.js
063467eaa5b23f00f97fa4ceb3c4d07a3fa30861e01cbcd54e095949f6a78e24,https://ajax.aspnetcdn.com/ajax/signalr/jquery.signalr-1.0.1.min.js
06373d8698a4f77ee51aaceff5f6fe6ab42eedbff5b8722c20e96003fada8d4f,https://cdnjs.cloudflare.com/ajax/libs/react/19.1.1/cjs/react-jsx-dev-runtime.react-server.production.min.js
06373d8698a4f77ee51aaceff5f6fe6ab42eedbff5b8722c20e96003fada8d4f,https://cdnjs.cloudflare.com/ajax/libs/react/19.1.1/cjs/react-jsx-runtime.react-server.production.min.js
064333d1c4477d2752ef19ce2f6dabd75f96ec8b699aee7cb3f60502cb9e723d,https://cdnjs.cloudflare.com/ajax/libs/date-fns/4.1.0/locale/sq/cdn.min.js
0672ffefcc4b92982b120ea6f05df38c9224203d900554e484b7ae76d4174948,https://www.youtube.com/s/player/8c57fc20/player_ias.vflset/en_US/base.js
06763f560b9583779da8c49e6ee660bc5f03761555a35ac5115c3bc4dd83359b,https://cdnjs.cloudflare.com/ajax/libs/moment.js/2.30.1/locale/nl-be.min.js
0678afdaddedcc9ea79652dfe4ad681a8e59570fcc01349f1c856ee0273eaead,https://cdnjs.cloudflare.com/ajax/libs/popper.js/2.11.8/esm/modifiers/computeStyles.min.js
06964fc80f4e0fadc529bf9eb897e3d13565d32407133925068c48ad027e540b,https://www.youtube.com/s/player/f00d1fdd/player_ias.vflset/en_US/base.js
06adf56a303cd2a1c8083e4b3280a8492f3628f386461ba323be115857534fb5,https://ajax.aspnetcdn.com/ajax/signalr/jquery.signalr-2.0.0.js
06b5c81c9e4ecd978c28813815c315f67670ab5e96629b6f527dde4941166f1a,https://cdnjs.cloudflare.com/ajax/libs/prism/9000.0.1/prism.min.js
06c63950455a018f59d9cc704fdbb62b4e80bba24a1b800d1d507db476fd09c3,https://cdnjs.cloudflare.com/ajax/libs/prism/9000.0.1/components/prism-markdown.min.js
06d33b2bc2ec618de4e2679fad997a1f57f1b889b1212ebfa394d42805bae301,https://www.youtube.com/s/player/f104ea90/player_ias.vflset/en_US/captions.js
06e8cd72c23d7f6f383e2c668c89602f48885e63f041312355cae8207c30bc0d,https://cdnjs.cloudflare.com/ajax/libs/moment.js/2.30.1/locale/se.min.js
06ed8a1990ade6b474914d22e71f2b431e655045b16b96aeae674318fa4ce646,https://ajax.aspnetcdn.com/ajax/bootstrap/4.5.0/bootstrap.bundle.js
06f187d9c0c36f65f40cebb57695df3471ec961ec515f899b843a73e8d11b975,https://cdnjs.cloudflare.com/ajax/libs/dayjs/1.11.18/locale/ms.js
06fb0bb849570631789952c074d1ee884855007ac6d3ef533f77d60cfb06a322,https://ajax.googleapis.com/ajax/libs/model-viewer/1.7.2/model-viewer.min.js
070c5346786df815202d7d987e8170ee06a8bc84fe6c145e5e03fd586b095fdc,https://ajax.googleapis.com/ajax/libs/dojo/1.11.1/dojo/dojo.js
0723c8f2d3a10b6ad455af1d292c8733c0175daa2b779462f08465ae4807b9a4,https://cdnjs.cloudflare.com/ajax/libs/dayjs/1.11.18/locale/fa.js
07264f4de78a45a4177ddefb48837217aa69b51462ef5b35d3fb9f90000c9ead,https://cdnjs.cloudflare.com/ajax/libs/pdf.js/5.4.149/images/altText_warning.svg
07275140ea3f47293d4f8a51d785a766eb1c94e4ae087f7c60c5bd611328ac86,https://cdnjs.cloudflare.com/ajax/libs/angular.js/1.2.22/angular-animate.min.js
073ec2288361fc4cd99e9acdfb4d54bbaa72848b3046c8ce4944d19e02908cb5,https://cdnjs.cloudflare.com/ajax/libs/dayjs/1.11.18/locale/fo.min.js
073f46b043e92b4b992ff35f0eb940dc06cd39476ca3464aa7c86faa5a06169d,https://cdnjs.cloudflare.com/ajax/libs/dayjs/1.11.18/locale/bi.min.js
074aef5d2ee9a61eb4b19d79eeffd325557e061d803c4f9fb44e603ce3036276,https://cdnjs.cloudflare.com/ajax/libs/styled-components/6.1.19/styled-components.cjs.min.js
077407914764f6c533b1391691eeb51fd8d23c515b4a790e12fdf4533c0ea05b,https://www.youtube.com/s/player/1703d336/player_ias.vflset/en_US/captions.js
07779fc271620893debffc460e16f00d0d4528d8e5644c4fe0030e5570238578,https://cdnjs.cloudflare.com/ajax/libs/dayjs/1.11.18/locale/uz-latn.js
077cb733bd15ca0bd3588e16b92cf20062317c6cec946146529abb0c646de1dc,https://www.youtube.com/s/player/5af2a490/player_ias.vflset/en_US/captions.js
0781370119d99c926c7fa75096cd15141728e209bd08bdd43def4b6612c84532,https://cdnjs.cloudflare.com/ajax/libs/react-dom/19.1.1/cjs/react-dom-server.edge.development.min.js
0793aede068b7ec9112541adde525734fd8b6a6d0ae88f61cf0df451f4fd955c,https://cdnjs.cloudflare.com/ajax/libs/date-fns/4.1.0/locale/hu/cdn.js
07bec3e5fa672d0e0e028a72e4e26a0269906687519fd5f5761d42805e61a31f,https://ajax.googleapis.com/ajax/libs/mootools/1.6.0/mootools.min.js
07cb07bdfba40ceff869b329eb48eeede41740ba6ce833dd3830bd0af49e4898,https://ajax.aspnetcdn.com/ajax/jQuery/jquery-2.1.2.js
07ce80414b1b9ec6378acceaa0073b9207dbfb349636010c26d5997d5f3cc847,https://ajax.aspnetcdn.com/ajax/jQuery/jquery-1.10.0-vsdoc.js
07daa896799c7411646f30f9f974979ab20f9d4da2393eaf7eb2f10022ed516e,https://www.youtube.com/s/player/e7573094/player_ias.vflset/en_US/captions.js
0801533f132e494d1df84ef6c1e57383d0c549bcd3857ec3b7661aa3ce43c840,https://cdnjs.cloudflare.com/ajax/libs/crypto-js/4.2.0/x64-core.min.js
083a5182f407e537a01ca0c6c39e7b95914127be78c07edd518748881b09e04a,https://cdnjs.cloudflare.com/ajax/libs/dayjs/1.11.18/locale/cy.js
083db2e205fb2543555e211de51b6c8a10c94e19bd360b5dd8d23461b217496c,https://ajax.googleapis.com/ajax/libs/jqueryui/1.8.15/themes/smoothness/jquery-ui.css
086a7301f1cf3f83306c96149b0567f98a348dd258a693ba83c70786755df84c,https://cdnjs.cloudflare.com/ajax/libs/popper.js/2.11.8/esm/enums.js
0887f2de7869c5230873caa188ed475c05fffaa976a8ae8a2c6541b112686020,https://www.youtube.com/s/player/bda6277d/player_ias.vflset/en_US/base.js
08a681bf4b42e9b7f289f722a3b1b277d1a1d90c3aa201742d8789fdd19306e8,https://cdnjs.cloudflare.com/ajax/libs/moment.js/2.30.1/locale/en-ie.js
08aede946406c041c0b8c5c6e316e5967f3cfd8b24f357929b5dd4318d994092,https://ajax.aspnetcdn.com/ajax/bootstrap/3.3.4/css/bootstrap-theme.css
08ea0720ba51224860efef5d08af9d36318a72d185df007afeec81e2622126a0,https://www.youtube.com/s/player/96225f5f/player_ias.vflset/en_US/base.js
08fe0e537e3c8d91f3a6f54dbf4f69f891170b7bca3571f7e26e3a9e213da5fb,https://cdnjs.cloudflare.com/ajax/libs/cheerio/1.1.2/dist/commonjs/parsers/parse5-adapter.js
08ff132ba18de1678e18a9f68bcad39cc970c94f7d219850468b2a7510cff0ce,https://cdnjs.cloudflare.com/ajax/libs/bignumber.js/9.3.1/bignumber.js
0911d847fc971f0a3bf2df8d70fdc79e8868979b76fea0442aba5a5576595b9f,https://www.youtube.com/s/player/2a850cbf/player_ias.vflset/en_US/base.js
091d6e3319a3607958c8db8d192853aa5ef6aa1b8d88d115cd6706dec2232035,https://cdnjs.cloudflare.com/ajax/libs/co/4.1.0/index.js
091f5cde02871f99f67f21c0e8368cf7a9971c000ea6a3557ae4a472469f05af,https://www.youtube.com/s/player/0006d355/player_ias.vflset/en_US/base.js
0925e8ad7bd971391a8b1e98be8e87a6971919eb5b60c196485941c3c1df089a,https://ajax.googleapis.com/ajax/libs/jquery/3.4.1/jquery.min.js
0925e8ad7bd971391a8b1e98be8e87a6971919eb5b60c196485941c3c1df089a,https://ajax.aspnetcdn.com/ajax/jQuery/jquery-3.4.1.min.js
0925e8ad7bd971391a8b1e98be8e87a6971919eb5b60c196485941c3c1df089a,https://cdnjs.cloudflare.com/ajax/libs/jquery/3.4.1/jquery.min.js
0925e8ad7bd971391a8b1e98be8e87a6971919eb5b60c196485941c3c1df089a,https://code.jquery.com/jquery-3.4.1.min.js
0934b1fc0d3a766d41d3adf5e7a115875e66e98ebba408d965a41cf3d2cb4ab5,https://cdnjs.cloudflare.com/ajax/libs/font-awesome/6.4.2/css/all.min.css
094b86894caae8e3765d1c70ea7632ad43fb1303bdda8287182c0993b75eeed5,https://cdnjs.cloudflare.com/ajax/libs/date-fns/4.1.0/locale/nl/cdn.js
0967a6b6d909d8d8b4761182e6805d895b4591e39c83fdb8f0d1690c1297bc73,https://cdnjs.cloudflare.com/ajax/libs/react-dom/19.1.1/cjs/react-dom-server-legacy.browser.development.min.js
0988516440bd970f366e04e49e577581b120e6b18e9188d64611c0ecc3f58c3f,https://www.youtube.com/s/player/5d93cfdb/player_ias.vflset/en_US/captions.js
09fe10dbec6566ef05db3401ddc4ab76dc6313f6bc57cb8dcb3c5fbe0a29c3de,https://cdnjs.cloudflare.com/ajax/libs/react-select/5.10.2/useStateManager-7748b351.cjs.dev.min.js
09fe10dbec6566ef05db3401ddc4ab76dc6313f6bc57cb8dcb3c5fbe0a29c3de,https://cdnjs.cloudflare.com/ajax/libs/react-select/5.10.2/useStateManager-ce23061c.cjs.prod.min.js
0a22388ac5cfabcf9cbc2b0e38a327efb69e8c13e0bf7bcccfe6f53dadf9a0b7,https://www.youtube.com/s/player/d759498c/player_ias.vflset/en_US/base.js
0a34a87842c539c1f4feec56bba982fd596b73500046a6e6fe38a22260c6577b,https://ajax.aspnetcdn.com/ajax/bootstrap/4.3.1/bootstrap.min.js
0a466377e5ae4241ce2c6075205c59fc9a86b5e3d582e25bffe50204c0c08544,https://cdnjs.cloudflare.com/ajax/libs/date-fns/4.1.0/locale/ja/cdn.min.js
0a9e588b146a6a5a718c4c8ac71c866246df2ebc7a069cf1305886780f8dff7b,https://www.youtube.com/s/player/7f3b257d/player_ias.vflset/en_US/base.js
0ab2a34408d113840fdbf0bf78849e35fd57bd678ab69e4eb9d4e3bc9048feae,https://cdnjs.cloudflare.com/ajax/libs/moment.js/2.30.1/locale/pa-in.min.js
0abe8deb334de1ba743b04d0399e99eba336afed9da72fc4c0a302c99f9238c8,https://ajax.aspnetcdn.com/ajax/bootstrap/3.3.7/bootstrap.js
0adf53b8eb4c3b61990f0ee4e66edb4e9f58021ff3686c1e4a57b6eadba39cb0,https://cdnjs.cloudflare.com/ajax/libs/date-fns/4.1.0/locale/en-NZ/cdn.min.js
0ae889debe01269b49b89d8845995281223b8ae289405758631076b763da3efe,https://cdnjs.cloudflare.com/ajax/libs/pdf.js/5.4.149/images/cursor-editorInk.svg
0aeb4ecf1091b9c52c9fa0ba4dc118b1abafbd88a51278935e574f6baff0bb49,https://static.parastorage.com/unpkg/moment@2.22.2/min/moment.min.js
0af164ea2d9615077c31029df784b1b61ee3e4675efb32060299bfcebffb12c5,https://cdnjs.cloudflare.com/ajax/libs/moment.js/2.30.1/locale/ar-dz.js
0afce601d6d2a71b33b3ecb11377406b540baa1b580c8b0c11a1963cfea6d533,https://cdnjs.cloudflare.com/ajax/libs/moment.js/2.30.1/locale/mi.min.js
0b16715b64ac96189f823d1eb4b30c19ce0629151fd16891a132687fb091f5a2,https://www.youtube.com/s/player/c816c7d8/player_ias.vflset/en_US/base.js
0b1f20d4249511bf7d4bb783555bbf261848aa2edcf4668c38bc1849fd62d4d9,https://cdnjs.cloudflare.com/ajax/libs/dayjs/1.11.18/locale/it-ch.js
0b295284d72b9d60a98e96816e66a999b4a99cc5755cb2f76af30cff76951bb1,https://cdnjs.cloudflare.com/ajax/libs/jose/6.1.0/lib/is_jwk.js
0b2aca17f832260b4f3107a01c4734cc58e583078405570983c5ba6197510fc0,https://cdnjs.cloudflare.com/ajax/libs/styled-components/6.1.19/styled-components.browser.cjs.js
0b2ceeb4f11160b6c478ce671b8d49848094272df335b9eb625ed9bb6077583b,https://www.youtube.com/s/player/9f4cc5e4/player_ias.vflset/en_US/captions.js
0b2ceeb4f11160b6c478ce671b8d49848094272df335b9eb625ed9bb6077583b,https://www.youtube.com/s/player/c34f8c34/player_ias.vflset/en_US/captions.js
0b4323032ee41395315f7aef8ddc6f645f93c5bbfb6ff3301993647765d214e4,https://cdnjs.cloudflare.com/ajax/libs/exceljs/4.4.0/exceljs.bare.js
0b6b5964efc3e50ae11607cc2971a3714026d927155e17cf73c067204dd99db6,https://cdnjs.cloudflare.com/ajax/libs/react-redux/9.2.0/rsc.mjs
0ba081f546084bd5097aa8a73c75931d5aa1fc4d6e846e53c21f98e6a1509988,https://ajax.aspnetcdn.com/ajax/jQuery/jquery-1.10.2.min.js
0bb712c216b7361cefa2385c6ca80e0e018a5dd4101ea44010963539cd4ff94c,https://cdnjs.cloudflare.com/ajax/libs/date-fns/4.1.0/locale/hi/cdn.js
0bd45ca92d3dfb6aeba448c3cd06b24008462b42cbd6c471f1b11e24106ed52d,https://www.youtube.com/s/player/23ba8f45/player_ias.vflset/en_US/base.js
0be368fb9e59cc34337c4f046d31c00b3241f84f653f885bb643ac2ef3305482,https://www.youtube.com/s/player/8d89ad35/player_ias.vflset/en_US/base.js
0bea0e1e1f68eecf2f6db97c3ef90e7af84bc7cb51886813091c79048d7b9913,https://www.youtube.com/s/player/207c58dc/player_ias.vflset/en_US/base.js
0c0d58be2106c14e242fc75bc09a17467800630751580665f6e9552a0c064ea2,https://cdnjs.cloudflare.com/ajax/libs/d3/7.9.0/d3.js
0c16091947c28ec153e281cd303d8b3867bd1d964607af6ad4f264ccd9e512e7,https://cdnjs.cloudflare.com/ajax/libs/xlsx/0.18.5/shim.min.js
0c255a8b674998c23c6957ef9855a8058da4b903e9eb5cf7046234a36a7fb92c,https://www.youtube.com/s/player/eace5bba/player_ias.vflset/en_US/base.js
0c2643113d8a87ec4cb8b0872823fcdf2bc6e17ee7cd35722fb893612e30f900,https://ajax.googleapis.com/ajax/libs/shaka-player/2.1.9/shaka-player.compiled.js
0c4f6e6a287ef5856ab7c762883769dc573648a3c5b0f5c32004f6bc0fda85cd,https://cdnjs.cloudflare.com/ajax/libs/react-dom/19.1.1/cjs/react-dom-profiling.profiling.js
0c537fde1f724140e6a3ab103ab900d0bb1ebfb91829aacedb85bd0e5489afbb,https://cdnjs.cloudflare.com/ajax/libs/popper.js/2.11.8/esm/index.min.js
0c5aa86d97dc5216e8f47bfd65e3ff695c676da22091fa15124536c061e430d3,https://cdnjs.cloudflare.com/ajax/libs/xlsx/0.18.5/xlsx.extendscript.js
0c6c812ddf3498c77113bc3157b534c97e59101e15c7aeb9d97a2d9de26b06e5,https://cdnjs.cloudflare.com/ajax/libs/handlebars.js/4.7.8/handlebars.runtime.amd.min.js
0c7178cc6ca34fb18e30f070a5e7a1c287b2d7ccfcba2cfdf06e0f46eda55740,https://cdnjs.cloudflare.com/ajax/libs/slick-carousel/1.8.1/slick.min.js
0c7178cc6ca34fb18e30f070a5e7a1c287b2d7ccfcba2cfdf06e0f46eda55740,https://cdn.jsdelivr.net/npm/slick-carousel@1.8.1/slick/slick.min.js
0c80d2a8df26e65cb5bfd72cce11d71865432f047d07f29ca90e2d8733358612,https://cdnjs.cloudflare.com/ajax/libs/date-fns/4.1.0/locale/ro/cdn.js
0c9879e00a8fede4e63998ef7257f59ce9f4dcea2fe671f2b82d1fe2893825df,https://www.youtube.com/s/player/ca8b6ef4/player_ias.vflset/en_US/base.js
0ca5350a627c901b84c2e99a2ee87d4e5ffa641ea3cc638157fe58a4d1360567,https://ajax.aspnetcdn.com/ajax/jQuery/jquery-3.6.3.slim.js
0cbba19608520cf38497e819c64887063d1b5be0faff1003ab1c26dc216e3425,https://cdnjs.cloudflare.com/ajax/libs/canvas-confetti/1.9.3/confetti.js
0cc4c5969cfd47a97738520d7d41807520587895debd96b53696b12fde6b5d16,https://www.youtube.com/s/player/ea7a7460/player_ias.vflset/en_US/captions.js
0cdcf74b81dd183f8da7eaa754edffd74452c7d6a47b21aaab49749e542994a5,https://cdnjs.cloudflare.com/ajax/libs/prism/9000.0.1/plugins/wpd/prism-wpd.min.css
0cdd387c9590a1a9f9794560022dbb59654a7d86f187aa0c81495ad42d3a7308,https://cdnjs.cloudflare.com/ajax/libs/KaTeX/0.16.9/fonts/KaTeX_AMS-Regular.woff2
0ce9b7cf5dbc380e3abca8b653fb30ac02b5ba6c69609e18bd581539a3cb87e3,https://cdnjs.cloudflare.com/ajax/libs/date-fns/4.1.0/locale/ar-TN/cdn.js
0cec3b4001a1ae253c1ec9050ca7c239b9010a4ea7d5fe6f9c9ca05c060740e0,https://www.youtube.com/s/player/cd78997d/player_ias.vflset/en_US/base.js
0cf8e568dbd5673a4278322bbe767f1cbf8a401044834ee69d390b6d076546de,https://cdnjs.cloudflare.com/ajax/libs/prism/9000.0.1/components/prism-csharp.min.js
0cfbef6678f77e0c2d479a096e394c5c6342acdbd76d16dbf45819f28b95bd69,https://ajax.aspnetcdn.com/ajax/bootstrap/3.0.1/css/bootstrap.css
0d034309eedbd03f17e22dbd963c8cc8d490c8e877f39c6c4081636d1cd28fca,https://cdnjs.cloudflare.com/ajax/libs/moment.js/2.30.1/locale/bg.js
0d1072cc0c113df207454ae713e802ee399761c2f2f2c7f6a710b5a01e7a525e,https://www.youtube.com/s/player/bb52fe90/player_ias.vflset/en_US/base.js
0d4ebcb318d9c0c83eb281218b7fd4f8d8b7037291891d3066ed938ab182e98d,https://cdnjs.cloudflare.com/ajax/libs/dayjs/1.11.18/locale/hr.js
0d587d000c29780526ae04e28d64d223d6f39ba2c2ec31a2689c1f43bc117751,https://cdnjs.cloudflare.com/ajax/libs/jose/6.1.0/jwt/encrypt.js
0d76ca253f42f56623e98e9bc7343c8e55b7e0b571cf3a1707ba16c4880923db,https://www.youtube.com/s/player/c34f8c34/player_ias.vflset/en_US/base.js
0d864c082f074c2f900ebe5035a21c7d1ed548fb5c212ca477ee9e4a6056e6aa,https://ajax.aspnetcdn.com/ajax/jQuery/jquery-3.4.0.js
0d8a08574cc28602738aca72bed6364e88dd93fb2131a20c06630e3dd7565945,https://cdnjs.cloudflare.com/ajax/libs/moment.js/2.30.1/locale/ss.js
0d9027289ffa5d9f6c8b4e0782bb31bbff2cef5ee3708ccbcb7a22df9128bb21,https://ajax.aspnetcdn.com/ajax/jQuery/jquery-3.2.1.js
0d994eb0e617b6087b915cb1bdc2bb56f40826f1b3d182277c0915aedec24671,https://www.youtube.com/s/player/a180bc4c/www-player.css
0d994eb0e617b6087b915cb1bdc2bb56f40826f1b3d182277c0915aedec24671,https://www.youtube-nocookie.com/s/player/a180bc4c/www-player.css
0d994eb0e617b6087b915cb1bdc2bb56f40826f1b3d182277c0915aedec24671,https://www.youtube.com/s/player/4b9ae131/www-player.css
0d994eb0e617b6087b915cb1bdc2bb56f40826f1b3d182277c0915aedec24671,https://www.youtube-nocookie.com/s/player/4b9ae131/www-player.css
0d994eb0e617b6087b915cb1bdc2bb56f40826f1b3d182277c0915aedec24671,https://www.youtube.com/s/player/1d014d3f/www-player.css
0d994eb0e617b6087b915cb1bdc2bb56f40826f1b3d182277c0915aedec24671,https://www.youtube-nocookie.com/s/player/1d014d3f/www-player.css
0d994eb0e617b6087b915cb1bdc2bb56f40826f1b3d182277c0915aedec24671,https://www.youtube.com/s/player/be00faec/www-player.css
0d994eb0e617b6087b915cb1bdc2bb56f40826f1b3d182277c0915aedec24671,https://www.youtube-nocookie.com/s/player/be00faec/www-player.css
0d994eb0e617b6087b915cb1bdc2bb56f40826f1b3d182277c0915aedec24671,https://www.youtube.com/s/player/b443d9d5/www-player.css
0d994eb0e617b6087b915cb1bdc2bb56f40826f1b3d182277c0915aedec24671,https://www.youtube-nocookie.com/s/player/b443d9d5/www-player.css
0d994eb0e617b6087b915cb1bdc2bb56f40826f1b3d182277c0915aedec24671,https://www.youtube.com/s/player/c4507267/www-player.css
0d994eb0e617b6087b915cb1bdc2bb56f40826f1b3d182277c0915aedec24671,https://www.youtube-nocookie.com/s/player/c4507267/www-player.css
0d994eb0e617b6087b915cb1bdc2bb56f40826f1b3d182277c0915aedec24671,https://www.youtube.com/s/player/3f925417/www-player.css
0d994eb0e617b6087b915cb1bdc2bb56f40826f1b3d182277c0915aedec24671,https://www.youtube-nocookie.com/s/player/3f925417/www-player.css
0d994eb0e617b6087b915cb1bdc2bb56f40826f1b3d182277c0915aedec24671,https://www.youtube.com/s/player/a5ff8620/www-player.css
0d994eb0e617b6087b915cb1bdc2bb56f40826f1b3d182277c0915aedec24671,https://www.youtube-nocookie.com/s/player/a5ff8620/www-player.css
0d994eb0e617b6087b915cb1bdc2bb56f40826f1b3d182277c0915aedec24671,https://www.youtube.com/s/player/55b1ff8b/www-player.css
0d994eb0e617b6087b915cb1bdc2bb56f40826f1b3d182277c0915aedec24671,https://www.youtube-nocookie.com/s/player/55b1ff8b/www-player.css
0d994eb0e617b6087b915cb1bdc2bb56f40826f1b3d182277c0915aedec24671,https://www.youtube.com/s/player/6f3fcd4c/www-player.css
0d994eb0e617b6087b915cb1bdc2bb56f40826f1b3d182277c0915aedec24671,https://www.youtube-nocookie.com/s/player/6f3fcd4c/www-player.css
0d994eb0e617b6087b915cb1bdc2bb56f40826f1b3d182277c0915aedec24671,https://www.youtube.com/s/player/d11f06d8/www-player.css
0d994eb0e617b6087b915cb1bdc2bb56f40826f1b3d182277c0915aedec24671,https://www.youtube-nocookie.com/s/player/d11f06d8/www-player.css
0d994eb0e617b6087b915cb1bdc2bb56f40826f1b3d182277c0915aedec24671,https://www.youtube.com/s/player/3db16eda/www-player.css
0d994eb0e617b6087b915cb1bdc2bb56f40826f1b3d182277c0915aedec24671,https://www.youtube-nocookie.com/s/player/3db16eda/www-player.css
0d994eb0e617b6087b915cb1bdc2bb56f40826f1b3d182277c0915aedec24671,https://www.youtube.com/s/player/669cd14f/www-player.css
0d994eb0e617b6087b915cb1bdc2bb56f40826f1b3d182277c0915aedec24671,https://www.youtube-nocookie.com/s/player/669cd14f/www-player.css
0d994eb0e617b6087b915cb1bdc2bb56f40826f1b3d182277c0915aedec24671,https://www.youtube.com/s/player/35df120f/www-player.css
0d994eb0e617b6087b915cb1bdc2bb56f40826f1b3d182277c0915aedec24671,https://www.youtube-nocookie.com/s/player/35df120f/www-player.css
0d994eb0e617b6087b915cb1bdc2bb56f40826f1b3d182277c0915aedec24671,https://www.youtube.com/s/player/56af1322/www-player.css
0d994eb0e617b6087b915cb1bdc2bb56f40826f1b3d182277c0915aedec24671,https://www.youtube-nocookie.com/s/player/56af1322/www-player.css
0d994eb0e617b6087b915cb1bdc2bb56f40826f1b3d182277c0915aedec24671,https://www.youtube.com/s/player/f00d1fdd/www-player.css
0d994eb0e617b6087b915cb1bdc2bb56f40826f1b3d182277c0915aedec24671,https://www.youtube-nocookie.com/s/player/f00d1fdd/www-player.css
0d994eb0e617b6087b915cb1bdc2bb56f40826f1b3d182277c0915aedec24671,https://www.youtube.com/s/player/2d01abf7/www-player.css
0d994eb0e617b6087b915cb1bdc2bb56f40826f1b3d182277c0915aedec24671,https://www.youtube-nocookie.com/s/player/2d01abf7/www-player.css
0d994eb0e617b6087b915cb1bdc2bb56f40826f1b3d182277c0915aedec24671,https://www.youtube.com/s/player/82e5a015/www-player.css
0d994eb0e617b6087b915cb1bdc2bb56f40826f1b3d182277c0915aedec24671,https://www.youtube-nocookie.com/s/player/82e5a015/www-player.css
0d994eb0e617b6087b915cb1bdc2bb56f40826f1b3d182277c0915aedec24671,https://www.youtube.com/s/player/ec6f9bb5/www-player.css
0d994eb0e617b6087b915cb1bdc2bb56f40826f1b3d182277c0915aedec24671,https://www.youtube-nocookie.com/s/player/ec6f9bb5/www-player.css
0d994eb0e617b6087b915cb1bdc2bb56f40826f1b3d182277c0915aedec24671,https://www.youtube.com/s/player/be5a4839/www-player.css
0d994eb0e617b6087b915cb1bdc2bb56f40826f1b3d182277c0915aedec24671,https://www.youtube-nocookie.com/s/player/be5a4839/www-player.css
0d994eb0e617b6087b915cb1bdc2bb56f40826f1b3d182277c0915aedec24671,https://www.youtube.com/s/player/9c3bdbc5/www-player.css
0d994eb0e617b6087b915cb1bdc2bb56f40826f1b3d182277c0915aedec24671,https://www.youtube-nocookie.com/s/player/9c3bdbc5/www-player.css
0d994eb0e617b6087b915cb1bdc2bb56f40826f1b3d182277c0915aedec24671,https://www.youtube.com/s/player/25f11721/www-player.css
0d994eb0e617b6087b915cb1bdc2bb56f40826f1b3d182277c0915aedec24671,https://www.youtube-nocookie.com/s/player/25f11721/www-player.css
0d994eb0e617b6087b915cb1bdc2bb56f40826f1b3d182277c0915aedec24671,https://www.youtube.com/s/player/efa2c4f5/www-player.css
0d994eb0e617b6087b915cb1bdc2bb56f40826f1b3d182277c0915aedec24671,https://www.youtube-nocookie.com/s/player/efa2c4f5/www-player.css
0d994eb0e617b6087b915cb1bdc2bb56f40826f1b3d182277c0915aedec24671,https://www.youtube.com/s/player/e0dc87a1/www-player.css
0d994eb0e617b6087b915cb1bdc2bb56f40826f1b3d182277c0915aedec24671,https://www.youtube-nocookie.com/s/player/e0dc87a1/www-player.css
0d994eb0e617b6087b915cb1bdc2bb56f40826f1b3d182277c0915aedec24671,https://www.youtube.com/s/player/551c312f/www-player.css
0d994eb0e617b6087b915cb1bdc2bb56f40826f1b3d182277c0915aedec24671,https://www.youtube-nocookie.com/s/player/551c312f/www-player.css
0d994eb0e617b6087b915cb1bdc2bb56f40826f1b3d182277c0915aedec24671,https://www.youtube.com/s/player/4d9ffdf8/www-player.css
0d994eb0e617b6087b915cb1bdc2bb56f40826f1b3d182277c0915aedec24671,https://www.youtube-nocookie.com/s/player/4d9ffdf8/www-player.css
0d994eb0e617b6087b915cb1bdc2bb56f40826f1b3d182277c0915aedec24671,https://www.youtube.com/s/player/0727df12/www-player.css
0d994eb0e617b6087b915cb1bdc2bb56f40826f1b3d182277c0915aedec24671,https://www.youtube-nocookie.com/s/player/0727df12/www-player.css
0d994eb0e617b6087b915cb1bdc2bb56f40826f1b3d182277c0915aedec24671,https://www.youtube.com/s/player/74be5b62/www-player.css
0d994eb0e617b6087b915cb1bdc2bb56f40826f1b3d182277c0915aedec24671,https://www.youtube-nocookie.com/s/player/74be5b62/www-player.css
0d994eb0e617b6087b915cb1bdc2bb56f40826f1b3d182277c0915aedec24671,https://www.youtube.com/s/player/c5a4a312/www-player.css
0d994eb0e617b6087b915cb1bdc2bb56f40826f1b3d182277c0915aedec24671,https://www.youtube-nocookie.com/s/player/c5a4a312/www-player.css
0d994eb0e617b6087b915cb1bdc2bb56f40826f1b3d182277c0915aedec24671,https://www.youtube.com/s/player/5c692b33/www-player.css
0d994eb0e617b6087b915cb1bdc2bb56f40826f1b3d182277c0915aedec24671,https://www.youtube-nocookie.com/s/player/5c692b33/www-player.css
0d994eb0e617b6087b915cb1bdc2bb56f40826f1b3d182277c0915aedec24671,https://www.youtube.com/s/player/3859fa39/www-player.css
0d994eb0e617b6087b915cb1bdc2bb56f40826f1b3d182277c0915aedec24671,https://www.youtube-nocookie.com/s/player/3859fa39/www-player.css
0d994eb0e617b6087b915cb1bdc2bb56f40826f1b3d182277c0915aedec24671,https://www.youtube.com/s/player/1680feb2/www-player.css
0d994eb0e617b6087b915cb1bdc2bb56f40826f1b3d182277c0915aedec24671,https://www.youtube-nocookie.com/s/player/1680feb2/www-player.css
0d994eb0e617b6087b915cb1bdc2bb56f40826f1b3d182277c0915aedec24671,https://www.youtube.com/s/player/16589d5e/www-player.css
0d994eb0e617b6087b915cb1bdc2bb56f40826f1b3d182277c0915aedec24671,https://www.youtube-nocookie.com/s/player/16589d5e/www-player.css
0d994eb0e617b6087b915cb1bdc2bb56f40826f1b3d182277c0915aedec24671,https://www.youtube.com/s/player/b1ac6210/www-player.css
0d994eb0e617b6087b915cb1bdc2bb56f40826f1b3d182277c0915aedec24671,https://www.youtube-nocookie.com/s/player/b1ac6210/www-player.css
0da3ffbc71dbd7b9dd4f48c229649862af6651f9fd782e92a9402e86d3e25422,https://cdnjs.cloudflare.com/ajax/libs/jose/6.1.0/jwt/decrypt.js
0dd4b364cba510138270fd6a158cfda4d14c3469765e848dbe6206d00c8a5a3b,https://cdnjs.cloudflare.com/ajax/libs/styled-components/6.1.19/styled-components.browser.esm.js
0df5a33710e433de1f5415b1d47e4130ca7466aee5b81955f1045c4844bbb3ed,https://cdnjs.cloudflare.com/ajax/libs/font-awesome/6.1.1/css/all.min.css
0dfa2b4c304df4b00d208a9bc444926e46205c76c661bcd880e6ddb7f26fc0be,https://ajax.googleapis.com/ajax/libs/dojo/1.5.2/dojo/dojo.js
0dfec68ff5ccda663079f9db220e0ab966e510de9214c878d0d6063eab34c32f,https://ajax.googleapis.com/ajax/libs/dojo/1.8.1/dojo/dojo.js
0e04d0a3b3a5f8defe518ff6ce3aa63131ba581d3be429b6a14a58745edbadf7,https://ajax.googleapis.com/ajax/libs/jqueryui/1.8.23/themes/smoothness/jquery-ui.css
0e0b381efb30929e3ef944b6e657e300fa0518e22cae9e3597448092b99dca1a,https://www.youtube.com/s/player/d95a0e03/player_ias.vflset/en_US/captions.js
0e0b381efb30929e3ef944b6e657e300fa0518e22cae9e3597448092b99dca1a,https://www.youtube.com/s/player/98fb51a3/player_ias.vflset/en_US/captions.js
0e29c58b5710db7ced553482437eab45c4ca9b6ea19dc4a4e8c87b71a2d8bc51,https://www.youtube.com/s/player/2721aa5c/player_ias.vflset/en_US/captions.js
0e29c58b5710db7ced553482437eab45c4ca9b6ea19dc4a4e8c87b71a2d8bc51,https://www.youtube.com/s/player/3544d5aa/player_ias.vflset/en_US/captions.js
0e3303a3a0cec95ebc8c3cc3e19fc71c99487faa286b05d01a3eb8cca4d90bc7,https://ajax.aspnetcdn.com/ajax/jQuery/jquery-1.4.3.js
0e3342ab5b6ce8691cde3e1eec73f4dd37cb3b4f44b255489844ac0b66922aac,https://cdnjs.cloudflare.com/ajax/libs/react-dom/19.1.1/cjs/react-dom-server-legacy.node.production.js
0e3c5660ba61dcda1c52b7c47123a54415fdc035ab17c08d4febe67632223d5e,https://cdnjs.cloudflare.com/ajax/libs/protobufjs/7.5.4/protobuf.js
0e430441e9833f9e3b9219b4837068670afbb50171678365b95f45de9291b632,https://ajax.aspnetcdn.com/ajax/bootstrap/3.1.1/css/bootstrap.css
0e5416f145e7bf16c58504356c732fe7e99671f4696194c5b140a252db02f0af,https://cdnjs.cloudflare.com/ajax/libs/handlebars.js/4.7.8/handlebars.min.js
0e54f6e313605e71de3e0adb0bc729bb58ac80cd9ca56e2a53cb198a080c260a,https://cdnjs.cloudflare.com/ajax/libs/dayjs/1.11.18/locale/gom-latn.min.js
0e8a0459212cddbe0ab6574fe5ceca753218fc7601931eb561d7b1e564d5adfa,https://cdnjs.cloudflare.com/ajax/libs/react-dom/19.1.1/cjs/react-dom-test-utils.development.min.js
0ea11fcd632884d3d3ceb151fbc1ba7001242a469aaa377997d803469864d156,https://ajax.googleapis.com/ajax/libs/dojo/1.4.1/dojo/dojo.js
0eaec1477855074890086a803e6947064343ad8256d1818c15c78404217a3fe9,https://cdnjs.cloudflare.com/ajax/libs/handlebars.js/4.7.8/handlebars.runtime.amd.js
0eb4f935fc5f6c7bcc1eec77d4b921c60e362d8ea87fc4da6322b9d239f14673,https://ajax.aspnetcdn.com/ajax/jQuery/jquery-3.5.1.slim.js
0eef76a9583a6c7a1eb764d33fe376bfe1861df79fab82c2c3f5d16183e82016,https://ajax.aspnetcdn.com/ajax/jQuery/jquery-1.6.1.js
0efaf3f4f9f850bd8a6f63c060eb0d8641829bfde6691cc9a08af46a4a55f765,https://cdnjs.cloudflare.com/ajax/libs/dayjs/1.11.18/locale/es-pr.min.js
0f02f1a048081906afe5dfeb0b5782b3f447bd692d5e8828d6561739229050b1,https://cdnjs.cloudflare.com/ajax/libs/dayjs/1.11.18/locale/yo.js
0f06514546f3f8ea7418db5a1a3d5418c5297bee86320633848bf00343c051ad,https://www.youtube.com/s/player/c80790c5/www-player.css
0f06514546f3f8ea7418db5a1a3d5418c5297bee86320633848bf00343c051ad,https://www.youtube-nocookie.com/s/player/c80790c5/www-player.css
0f06514546f3f8ea7418db5a1a3d5418c5297bee86320633848bf00343c051ad,https://www.youtube.com/s/player/96225f5f/www-player.css
0f06514546f3f8ea7418db5a1a3d5418c5297bee86320633848bf00343c051ad,https://www.youtube-nocookie.com/s/player/96225f5f/www-player.css
0f06514546f3f8ea7418db5a1a3d5418c5297bee86320633848bf00343c051ad,https://www.youtube.com/s/player/5af2a490/www-player.css
0f06514546f3f8ea7418db5a1a3d5418c5297bee86320633848bf00343c051ad,https://www.youtube-nocookie.com/s/player/5af2a490/www-player.css
0f1019d09ca7b81a9603f17d1e04aadfd406dead7c8312c172f75b94efb8e6b3,https://cdnjs.cloudflare.com/ajax/libs/popper.js/2.11.8/esm/dom-utils/getDocumentRect.js
0f1f5bbc9eaf020931f8cb54ae085e51c41c0761ffc7fd265dbb60cbe7d84076,https://cdnjs.cloudflare.com/ajax/libs/moment.js/2.30.1/locale/mn.js
0f36cf034379b88ae4becd4476a04bb5a5431e501592b48d618888754cdb09ed,https://www.youtube.com/s/player/e9af09a2/player_ias.vflset/en_US/base.js
0f4a1767369979353fe30214966e282a2c7854ad1b09edac933f9ab099df3c04,https://www.youtube.com/s/player/79fcc67d/player_ias.vflset/en_US/base.js
0f6041f042ef7d23dc6b229dfd7b6f7af75aa192a72a458d82471cd2c0ac61f2,https://cdnjs.cloudflare.com/ajax/libs/mustache.js/4.2.0/mustache.js
0f60d1b897938ec918c8ce073092411baf9438f6739465693ff18b0f9d20b021,https://cdnjs.cloudflare.com/ajax/libs/KaTeX/0.16.9/fonts/KaTeX_Main-Bold.woff2
0f7a81a109713ed1ff8483cf38139dd627a0c94d78359caf33d8d48ea4eeaec9,https://cdnjs.cloudflare.com/ajax/libs/prism/9000.0.1/plugins/file-highlight/prism-file-highlight.min.js
0f95ce30d9f763e4a9fd3e0b0b2e5ae00e6cd11c3ebfafee34bd18c14aeb53f7,https://cdnjs.cloudflare.com/ajax/libs/react-dom/19.1.1/cjs/react-dom-profiling.development.min.js
0fa7752926a95e3ab6b5f67a21ef40628ce4447c81ddf4f6cacf663b6fb85af7,https://ajax.aspnetcdn.com/ajax/jQuery/jquery-2.1.0.js
0faac66c7ab75c471a77994a80c309bd76186402fed99f0cbab900e809c58f11,https://cdnjs.cloudflare.com/ajax/libs/jsonwebtoken/9.0.2/sign.min.js
0fb49f4e3a1c5001950661981da731acf945b03bc8c2537032d126813eb5c418,https://ajax.aspnetcdn.com/ajax/jQuery/jquery-1.3.2-vsdoc.js
0fb49f4e3a1c5001950661981da731acf945b03bc8c2537032d126813eb5c418,https://ajax.aspnetcdn.com/ajax/jQuery/jquery-1.3.2.min-vsdoc.js
0fc824c3945995ed5196f6d49c98c43dc6088b602204ec757292674829c7a6c9,https://cdnjs.cloudflare.com/ajax/libs/big.js/7.0.1/big.min.js
0fd02f47413390d668599552bc8ddc87eb9ffd9e62ceb22971bb32915a61c0f5,https://ajax.aspnetcdn.com/ajax/bootstrap/4.3.1/css/bootstrap-grid.min.css
0fedbf828a9c8e7ba8af26fd034ae27ee1f4ac1612f6128eccda86f752610157,https://ajax.googleapis.com/ajax/libs/d3js/5.9.7/d3.min.js
0ff21554626f253decb9784da5a12586b1d0340d964192b71a24c66621c2e026,https://ajax.googleapis.com/ajax/libs/shaka-player/2.2.10/shaka-player.compiled.js
0ff6f67c7f10cf49f031faf20f5b2d4196b3b9232348ed7496cc66c70f47f284,https://cdnjs.cloudflare.com/ajax/libs/nanoid/5.1.6/index.browser.js
0ff7a3d3d01b9b1e18b75be440a576997b347aba36437baedede771a072fa87c,https://cdnjs.cloudflare.com/ajax/libs/dayjs/1.11.18/locale/kk.js
100d07294dd021e92b3862ae41babb028f546452c7e7023dbad3260c56674fae,https://cdnjs.cloudflare.com/ajax/libs/prism/9000.0.1/components/prism-bash.js
1014825ddffb622f9efb2ff06d2e8e267a09cb0cf1c14e83c488097f061d9f19,https://cdnjs.cloudflare.com/ajax/libs/date-fns/4.1.0/locale/te/cdn.min.js
101cdf7175df7ff3d6621bd637c8e72da0a0ecf4c89297e498ffe4dc27e47e4e,https://www.youtube.com/s/player/bce13099/player_ias.vflset/en_US/captions.js
10240845c667ebe892003a384cb6b80de68e0c5e1eb8e9fda9acc99ab6f3c2d0,https://cdnjs.cloudflare.com/ajax/libs/popper.js/2.11.8/esm/dom-utils/isLayoutViewport.js
10611d196b3e1eb6dbb6623df2c026c83c40ad282c20cab0dab2a110a505a531,https://ajax.googleapis.com/ajax/libs/d3js/7.8.1/d3.min.js
10694cb32f15139aae7bcd827de5776dce1676e30306e6d3b0736ca6b32a08d3,https://www.youtube.com/s/player/3bf393b6/player_ias.vflset/en_US/base.js
1069f164c60b49eea711c9e234d64468a692b17fadcd8e44c0a1e249c92ce2e0,https://cdnjs.cloudflare.com/ajax/libs/prism/9000.0.1/themes/prism-okaidia.css
106fcd8d723eda7d92a26893a439ccef998e5fc68ad228253607143d801e8cd8,https://cdnjs.cloudflare.com/ajax/libs/jquery-migrate/3.3.2/jquery-migrate.min.js
1074e75f7621bc7e5e6c75ffbeea96f6fa9f266029361ba4124dd4d3baa69fef,https://www.youtube.com/s/player/2a850cbf/www-player.css
1074e75f7621bc7e5e6c75ffbeea96f6fa9f266029361ba4124dd4d3baa69fef,https://www.youtube-nocookie.com/s/player/2a850cbf/www-player.css
1074e75f7621bc7e5e6c75ffbeea96f6fa9f266029361ba4124dd4d3baa69fef,https://www.youtube.com/s/player/16886a7c/www-player.css
1074e75f7621bc7e5e6c75ffbeea96f6fa9f266029361ba4124dd4d3baa69fef,https://www.youtube-nocookie.com/s/player/16886a7c/www-player.css
1074e75f7621bc7e5e6c75ffbeea96f6fa9f266029361ba4124dd4d3baa69fef,https://www.youtube.com/s/player/8c20e431/www-player.css
1074e75f7621bc7e5e6c75ffbeea96f6fa9f266029361ba4124dd4d3baa69fef,https://www.youtube-nocookie.com/s/player/8c20e431/www-player.css
1074e75f7621bc7e5e6c75ffbeea96f6fa9f266029361ba4124dd4d3baa69fef,https://www.youtube.com/s/player/e7d74527/www-player.css
1074e75f7621bc7e5e6c75ffbeea96f6fa9f266029361ba4124dd4d3baa69fef,https://www.youtube-nocookie.com/s/player/e7d74527/www-player.css
1074e75f7621bc7e5e6c75ffbeea96f6fa9f266029361ba4124dd4d3baa69fef,https://www.youtube.com/s/player/69e2a55d/www-player.css
1074e75f7621bc7e5e6c75ffbeea96f6fa9f266029361ba4124dd4d3baa69fef,https://www.youtube-nocookie.com/s/player/69e2a55d/www-player.css
1074e75f7621bc7e5e6c75ffbeea96f6fa9f266029361ba4124dd4d3baa69fef,https://www.youtube.com/s/player/bac06df9/www-player.css
1074e75f7621bc7e5e6c75ffbeea96f6fa9f266029361ba4124dd4d3baa69fef,https://www.youtube-nocookie.com/s/player/bac06df9/www-player.css
1074e75f7621bc7e5e6c75ffbeea96f6fa9f266029361ba4124dd4d3baa69fef,https://www.youtube.com/s/player/ea7a7460/www-player.css
1074e75f7621bc7e5e6c75ffbeea96f6fa9f266029361ba4124dd4d3baa69fef,https://www.youtube-nocookie.com/s/player/ea7a7460/www-player.css
1074e75f7621bc7e5e6c75ffbeea96f6fa9f266029361ba4124dd4d3baa69fef,https://www.youtube.com/s/player/fa26f70e/www-player.css
1074e75f7621bc7e5e6c75ffbeea96f6fa9f266029361ba4124dd4d3baa69fef,https://www.youtube-nocookie.com/s/player/fa26f70e/www-player.css
1074e75f7621bc7e5e6c75ffbeea96f6fa9f266029361ba4124dd4d3baa69fef,https://www.youtube.com/s/player/e5ae3fff/www-player.css
1074e75f7621bc7e5e6c75ffbeea96f6fa9f266029361ba4124dd4d3baa69fef,https://www.youtube-nocookie.com/s/player/e5ae3fff/www-player.css
1074e75f7621bc7e5e6c75ffbeea96f6fa9f266029361ba4124dd4d3baa69fef,https://www.youtube.com/s/player/f1ddd097/www-player.css
1074e75f7621bc7e5e6c75ffbeea96f6fa9f266029361ba4124dd4d3baa69fef,https://www.youtube-nocookie.com/s/player/f1ddd097/www-player.css
1074e75f7621bc7e5e6c75ffbeea96f6fa9f266029361ba4124dd4d3baa69fef,https://www.youtube.com/s/player/82ae1e3c/www-player.css
1074e75f7621bc7e5e6c75ffbeea96f6fa9f266029361ba4124dd4d3baa69fef,https://www.youtube-nocookie.com/s/player/82ae1e3c/www-player.css
1074e75f7621bc7e5e6c75ffbeea96f6fa9f266029361ba4124dd4d3baa69fef,https://www.youtube.com/s/player/06459dfc/www-player.css
1074e75f7621bc7e5e6c75ffbeea96f6fa9f266029361ba4124dd4d3baa69fef,https://www.youtube-nocookie.com/s/player/06459dfc/www-player.css
1074e75f7621bc7e5e6c75ffbeea96f6fa9f266029361ba4124dd4d3baa69fef,https://www.youtube.com/s/player/5d6c9da0/www-player.css
1074e75f7621bc7e5e6c75ffbeea96f6fa9f266029361ba4124dd4d3baa69fef,https://www.youtube-nocookie.com/s/player/5d6c9da0/www-player.css
1074e75f7621bc7e5e6c75ffbeea96f6fa9f266029361ba4124dd4d3baa69fef,https://www.youtube.com/s/player/c6e9bca4/www-player.css
1074e75f7621bc7e5e6c75ffbeea96f6fa9f266029361ba4124dd4d3baa69fef,https://www.youtube-nocookie.com/s/player/c6e9bca4/www-player.css
1074e75f7621bc7e5e6c75ffbeea96f6fa9f266029361ba4124dd4d3baa69fef,https://www.youtube.com/s/player/04586e8e/www-player.css
1074e75f7621bc7e5e6c75ffbeea96f6fa9f266029361ba4124dd4d3baa69fef,https://www.youtube-nocookie.com/s/player/04586e8e/www-player.css
1074e75f7621bc7e5e6c75ffbeea96f6fa9f266029361ba4124dd4d3baa69fef,https://www.youtube.com/s/player/0006d355/www-player.css
1074e75f7621bc7e5e6c75ffbeea96f6fa9f266029361ba4124dd4d3baa69fef,https://www.youtube-nocookie.com/s/player/0006d355/www-player.css
1074e75f7621bc7e5e6c75ffbeea96f6fa9f266029361ba4124dd4d3baa69fef,https://www.youtube.com/s/player/658ecde4/www-player.css
1074e75f7621bc7e5e6c75ffbeea96f6fa9f266029361ba4124dd4d3baa69fef,https://www.youtube-nocookie.com/s/player/658ecde4/www-player.css
1074e75f7621bc7e5e6c75ffbeea96f6fa9f266029361ba4124dd4d3baa69fef,https://www.youtube.com/s/player/9d2ef9ef/www-player.css
1074e75f7621bc7e5e6c75ffbeea96f6fa9f266029361ba4124dd4d3baa69fef,https://www.youtube-nocookie.com/s/player/9d2ef9ef/www-player.css
1074e75f7621bc7e5e6c75ffbeea96f6fa9f266029361ba4124dd4d3baa69fef,https://www.youtube.com/s/player/880394d5/www-player.css
1074e75f7621bc7e5e6c75ffbeea96f6fa9f266029361ba4124dd4d3baa69fef,https://www.youtube-nocookie.com/s/player/880394d5/www-player.css
1074e75f7621bc7e5e6c75ffbeea96f6fa9f266029361ba4124dd4d3baa69fef,https://www.youtube.com/s/player/b9313b14/www-player.css
1074e75f7621bc7e5e6c75ffbeea96f6fa9f266029361ba4124dd4d3baa69fef,https://www.youtube-nocookie.com/s/player/b9313b14/www-player.css
1074e75f7621bc7e5e6c75ffbeea96f6fa9f266029361ba4124dd4d3baa69fef,https://www.youtube.com/s/player/08bf6746/www-player.css
1074e75f7621bc7e5e6c75ffbeea96f6fa9f266029361ba4124dd4d3baa69fef,https://www.youtube-nocookie.com/s/player/08bf6746/www-player.css
1074e75f7621bc7e5e6c75ffbeea96f6fa9f266029361ba4124dd4d3baa69fef,https://www.youtube.com/s/player/ef8f93ce/www-player.css
1074e75f7621bc7e5e6c75ffbeea96f6fa9f266029361ba4124dd4d3baa69fef,https://www.youtube-nocookie.com/s/player/ef8f93ce/www-player.css
1074e75f7621bc7e5e6c75ffbeea96f6fa9f266029361ba4124dd4d3baa69fef,https://www.youtube.com/s/player/12472e7f/www-player.css
1074e75f7621bc7e5e6c75ffbeea96f6fa9f266029361ba4124dd4d3baa69fef,https://www.youtube-nocookie.com/s/player/12472e7f/www-player.css
1074e75f7621bc7e5e6c75ffbeea96f6fa9f266029361ba4124dd4d3baa69fef,https://www.youtube.com/s/player/1943d24e/www-player.css
1074e75f7621bc7e5e6c75ffbeea96f6fa9f266029361ba4124dd4d3baa69fef,https://www.youtube-nocookie.com/s/player/1943d24e/www-player.css
1074e75f7621bc7e5e6c75ffbeea96f6fa9f266029361ba4124dd4d3baa69fef,https://www.youtube.com/s/player/2f47d04e/www-player.css
1074e75f7621bc7e5e6c75ffbeea96f6fa9f266029361ba4124dd4d3baa69fef,https://www.youtube-nocookie.com/s/player/2f47d04e/www-player.css
1074e75f7621bc7e5e6c75ffbeea96f6fa9f266029361ba4124dd4d3baa69fef,https://www.youtube.com/s/player/5cabb421/www-player.css
1074e75f7621bc7e5e6c75ffbeea96f6fa9f266029361ba4124dd4d3baa69fef,https://www.youtube-nocookie.com/s/player/5cabb421/www-player.css
1074e75f7621bc7e5e6c75ffbeea96f6fa9f266029361ba4124dd4d3baa69fef,https://www.youtube.com/s/player/9d55332c/www-player.css
1074e75f7621bc7e5e6c75ffbeea96f6fa9f266029361ba4124dd4d3baa69fef,https://www.youtube-nocookie.com/s/player/9d55332c/www-player.css
1074e75f7621bc7e5e6c75ffbeea96f6fa9f266029361ba4124dd4d3baa69fef,https://www.youtube.com/s/player/3b846ccb/www-player.css
1074e75f7621bc7e5e6c75ffbeea96f6fa9f266029361ba4124dd4d3baa69fef,https://www.youtube-nocookie.com/s/player/3b846ccb/www-player.css
1074e75f7621bc7e5e6c75ffbeea96f6fa9f266029361ba4124dd4d3baa69fef,https://www.youtube.com/s/player/7c23feb2/www-player.css
1074e75f7621bc7e5e6c75ffbeea96f6fa9f266029361ba4124dd4d3baa69fef,https://www.youtube-nocookie.com/s/player/7c23feb2/www-player.css
1074e75f7621bc7e5e6c75ffbeea96f6fa9f266029361ba4124dd4d3baa69fef,https://www.youtube.com/s/player/6d92eed5/www-player.css
1074e75f7621bc7e5e6c75ffbeea96f6fa9f266029361ba4124dd4d3baa69fef,https://www.youtube-nocookie.com/s/player/6d92eed5/www-player.css
1074e75f7621bc7e5e6c75ffbeea96f6fa9f266029361ba4124dd4d3baa69fef,https://www.youtube.com/s/player/6e3a87bf/www-player.css
1074e75f7621bc7e5e6c75ffbeea96f6fa9f266029361ba4124dd4d3baa69fef,https://www.youtube-nocookie.com/s/player/6e3a87bf/www-player.css
1074e75f7621bc7e5e6c75ffbeea96f6fa9f266029361ba4124dd4d3baa69fef,https://www.youtube.com/s/player/4f38b487/www-player.css
1074e75f7621bc7e5e6c75ffbeea96f6fa9f266029361ba4124dd4d3baa69fef,https://www.youtube-nocookie.com/s/player/4f38b487/www-player.css
1074e75f7621bc7e5e6c75ffbeea96f6fa9f266029361ba4124dd4d3baa69fef,https://www.youtube.com/s/player/f53077c5/www-player.css
1074e75f7621bc7e5e6c75ffbeea96f6fa9f266029361ba4124dd4d3baa69fef,https://www.youtube-nocookie.com/s/player/f53077c5/www-player.css
1074e75f7621bc7e5e6c75ffbeea96f6fa9f266029361ba4124dd4d3baa69fef,https://www.youtube.com/s/player/1ac41de2/www-player.css
1074e75f7621bc7e5e6c75ffbeea96f6fa9f266029361ba4124dd4d3baa69fef,https://www.youtube-nocookie.com/s/player/1ac41de2/www-player.css
1074e75f7621bc7e5e6c75ffbeea96f6fa9f266029361ba4124dd4d3baa69fef,https://www.youtube.com/s/player/ed1f8bcd/www-player.css
1074e75f7621bc7e5e6c75ffbeea96f6fa9f266029361ba4124dd4d3baa69fef,https://www.youtube-nocookie.com/s/player/ed1f8bcd/www-player.css
1074e75f7621bc7e5e6c75ffbeea96f6fa9f266029361ba4124dd4d3baa69fef,https://www.youtube.com/s/player/8d89ad35/www-player.css
1074e75f7621bc7e5e6c75ffbeea96f6fa9f266029361ba4124dd4d3baa69fef,https://www.youtube-nocookie.com/s/player/8d89ad35/www-player.css
1074e75f7621bc7e5e6c75ffbeea96f6fa9f266029361ba4124dd4d3baa69fef,https://www.youtube.com/s/player/96719157/www-player.css
1074e75f7621bc7e5e6c75ffbeea96f6fa9f266029361ba4124dd4d3baa69fef,https://www.youtube-nocookie.com/s/player/96719157/www-player.css
1074e75f7621bc7e5e6c75ffbeea96f6fa9f266029361ba4124dd4d3baa69fef,https://www.youtube.com/s/player/19b1fd9c/www-player.css
1074e75f7621bc7e5e6c75ffbeea96f6fa9f266029361ba4124dd4d3baa69fef,https://www.youtube-nocookie.com/s/player/19b1fd9c/www-player.css
1074e75f7621bc7e5e6c75ffbeea96f6fa9f266029361ba4124dd4d3baa69fef,https://www.youtube.com/s/player/9c249f6f/www-player.css
1074e75f7621bc7e5e6c75ffbeea96f6fa9f266029361ba4124dd4d3baa69fef,https://www.youtube-nocookie.com/s/player/9c249f6f/www-player.css
1074e75f7621bc7e5e6c75ffbeea96f6fa9f266029361ba4124dd4d3baa69fef,https://www.youtube.com/s/player/84fd6c82/www-player.css
1074e75f7621bc7e5e6c75ffbeea96f6fa9f266029361ba4124dd4d3baa69fef,https://www.youtube-nocookie.com/s/player/84fd6c82/www-player.css
1074e75f7621bc7e5e6c75ffbeea96f6fa9f266029361ba4124dd4d3baa69fef,https://www.youtube.com/s/player/d5f789e7/www-player.css
1074e75f7621bc7e5e6c75ffbeea96f6fa9f266029361ba4124dd4d3baa69fef,https://www.youtube-nocookie.com/s/player/d5f789e7/www-player.css
1074e75f7621bc7e5e6c75ffbeea96f6fa9f266029361ba4124dd4d3baa69fef,https://www.youtube.com/s/player/aa4449ca/www-player.css
1074e75f7621bc7e5e6c75ffbeea96f6fa9f266029361ba4124dd4d3baa69fef,https://www.youtube-nocookie.com/s/player/aa4449ca/www-player.css
1074e75f7621bc7e5e6c75ffbeea96f6fa9f266029361ba4124dd4d3baa69fef,https://www.youtube.com/s/player/4b0dda90/www-player.css
1074e75f7621bc7e5e6c75ffbeea96f6fa9f266029361ba4124dd4d3baa69fef,https://www.youtube-nocookie.com/s/player/4b0dda90/www-player.css
1074e75f7621bc7e5e6c75ffbeea96f6fa9f266029361ba4124dd4d3baa69fef,https://www.youtube.com/s/player/1b71165f/www-player.css
1074e75f7621bc7e5e6c75ffbeea96f6fa9f266029361ba4124dd4d3baa69fef,https://www.youtube-nocookie.com/s/player/1b71165f/www-player.css
1074e75f7621bc7e5e6c75ffbeea96f6fa9f266029361ba4124dd4d3baa69fef,https://www.youtube.com/s/player/033fd556/www-player.css
1074e75f7621bc7e5e6c75ffbeea96f6fa9f266029361ba4124dd4d3baa69fef,https://www.youtube-nocookie.com/s/player/033fd556/www-player.css
1074e75f7621bc7e5e6c75ffbeea96f6fa9f266029361ba4124dd4d3baa69fef,https://www.youtube.com/s/player/3bf393b6/www-player.css
1074e75f7621bc7e5e6c75ffbeea96f6fa9f266029361ba4124dd4d3baa69fef,https://www.youtube-nocookie.com/s/player/3bf393b6/www-player.css
1074e75f7621bc7e5e6c75ffbeea96f6fa9f266029361ba4124dd4d3baa69fef,https://www.youtube.com/s/player/ca8b6ef4/www-player.css
1074e75f7621bc7e5e6c75ffbeea96f6fa9f266029361ba4124dd4d3baa69fef,https://www.youtube-nocookie.com/s/player/ca8b6ef4/www-player.css
1074e75f7621bc7e5e6c75ffbeea96f6fa9f266029361ba4124dd4d3baa69fef,https://www.youtube.com/s/player/5fe6131f/www-player.css
1074e75f7621bc7e5e6c75ffbeea96f6fa9f266029361ba4124dd4d3baa69fef,https://www.youtube-nocookie.com/s/player/5fe6131f/www-player.css
107ef727206713bdfcb17d953f61a1ac8fd0d9466d228348f33acefe880711bb,https://www.youtube.com/s/player/70a17a5c/player_ias.vflset/en_US/base.js
108a879e6a91921b36cc880cf899afaa2b363c0078189af0b3753d8843d70dd1,https://cdnjs.cloudflare.com/ajax/libs/crypto-js/4.2.0/hmac-sha224.min.js
10d2a23e4723d9d962aaf418830ca1dcd8c79069bdbf05c1ab0984b7676c6e22,https://www.youtube.com/s/player/82ae1e3c/player_ias.vflset/en_US/base.js
10da634f8ce8a2ccd5392e2404cb3f093dc129d3dda4b21427c269ed15390353,https://cdnjs.cloudflare.com/ajax/libs/moment.js/2.30.1/locale/ml.min.js
10e96ded65e325f6563415da3ac40374f13930ddfb1affd05715977ca9113f0e,https://cdnjs.cloudflare.com/ajax/libs/dayjs/1.11.18/locale/pa-in.js
1107fed5bd17a8d3617a3e95ce7c11d1e77bdce56b578882e9f598e2d0582081,https://www.youtube.com/s/player/e78b6727/player_ias.vflset/en_US/base.js
115f56c211a1bc5759ff8701f50ed51f51d1b0a11e454adab49974e04d4d0053,https://cdnjs.cloudflare.com/ajax/libs/dayjs/1.11.18/locale/rw.min.js
11748ae7463dddd465341643ba5d09025c4b0769009ddfa84228270b9448bac2,https://cdnjs.cloudflare.com/ajax/libs/typescript/5.9.2/typescript.min.js
117a0a6e7ebc855195fa3c46b94e8c31dc8e66b40701be88918a836364a0a8ce,https://ajax.googleapis.com/ajax/libs/shaka-player/4.3.16/shaka-player.compiled.js
11850e84281a17d8b39c73652f9ae771e87d1ddbbae87da580431e231bf28c81,https://ajax.googleapis.com/ajax/libs/spf/2.0.1/spf.js
1198275a743cd7084cc21a81849396c897a2ad87952dd106f0b117820a365e85,https://ajax.googleapis.com/ajax/libs/shaka-player/4.13.0/shaka-player.compiled.js
11a75c9f233dd3e5e3500edcdd733358394f28395337616e8b0430694bf0dba1,https://cdnjs.cloudflare.com/ajax/libs/pdf.js/5.4.149/images/annotation-note.svg
11aa7946df12674187e45a29c8a083a30cefb5e625985b2405c1d0fb710e56b2,https://www.youtube.com/s/player/d6afc319/www-widgetapi.vflset/www-widgetapi.js
11aa7946df12674187e45a29c8a083a30cefb5e625985b2405c1d0fb710e56b2,https://www.youtube.com/s/player/ed3f6ea5/www-widgetapi.vflset/www-widgetapi.js
11aa7946df12674187e45a29c8a083a30cefb5e625985b2405c1d0fb710e56b2,https://www.youtube.com/s/player/42c5570b/www-widgetapi.vflset/www-widgetapi.js
11aa7946df12674187e45a29c8a083a30cefb5e625985b2405c1d0fb710e56b2,https://www.youtube.com/s/player/fcf70340/www-widgetapi.vflset/www-widgetapi.js
11aa7946df12674187e45a29c8a083a30cefb5e625985b2405c1d0fb710e56b2,https://www.youtube.com/s/player/acf964b9/www-widgetapi.vflset/www-widgetapi.js
11aa7946df12674187e45a29c8a083a30cefb5e625985b2405c1d0fb710e56b2,https://www.youtube.com/s/player/146d3747/www-widgetapi.vflset/www-widgetapi.js
11aa7946df12674187e45a29c8a083a30cefb5e625985b2405c1d0fb710e56b2,https://www.youtube.com/s/player/c1c87fb0/www-widgetapi.vflset/www-widgetapi.js
11aa7946df12674187e45a29c8a083a30cefb5e625985b2405c1d0fb710e56b2,https://www.youtube.com/s/player/627e46f5/www-widgetapi.vflset/www-widgetapi.js
11aa7946df12674187e45a29c8a083a30cefb5e625985b2405c1d0fb710e56b2,https://www.youtube.com/s/player/1c3a131b/www-widgetapi.vflset/www-widgetapi.js
11aa7946df12674187e45a29c8a083a30cefb5e625985b2405c1d0fb710e56b2,https://www.youtube.com/s/player/0e380a3c/www-widgetapi.vflset/www-widgetapi.js
11aa7946df12674187e45a29c8a083a30cefb5e625985b2405c1d0fb710e56b2,https://www.youtube.com/s/player/a0f30157/www-widgetapi.vflset/www-widgetapi.js
11aa7946df12674187e45a29c8a083a30cefb5e625985b2405c1d0fb710e56b2,https://www.youtube.com/s/player/b95b0e7a/www-widgetapi.vflset/www-widgetapi.js
11aa7946df12674187e45a29c8a083a30cefb5e625985b2405c1d0fb710e56b2,https://www.youtube.com/s/player/e78b6727/www-widgetapi.vflset/www-widgetapi.js
11aa7946df12674187e45a29c8a083a30cefb5e625985b2405c1d0fb710e56b2,https://www.youtube.com/s/player/48ba8ecf/www-widgetapi.vflset/www-widgetapi.js
11aa7946df12674187e45a29c8a083a30cefb5e625985b2405c1d0fb710e56b2,https://www.youtube.com/s/player/58b06374/www-widgetapi.vflset/www-widgetapi.js
11aa7946df12674187e45a29c8a083a30cefb5e625985b2405c1d0fb710e56b2,https://www.youtube.com/s/player/cb975c6f/www-widgetapi.vflset/www-widgetapi.js
11aa7946df12674187e45a29c8a083a30cefb5e625985b2405c1d0fb710e56b2,https://www.youtube.com/s/player/b75a8e80/www-widgetapi.vflset/www-widgetapi.js
11aa7946df12674187e45a29c8a083a30cefb5e625985b2405c1d0fb710e56b2,https://www.youtube.com/s/player/0502bc08/www-widgetapi.vflset/www-widgetapi.js
11aa7946df12674187e45a29c8a083a30cefb5e625985b2405c1d0fb710e56b2,https://www.youtube.com/s/player/721caf0b/www-widgetapi.vflset/www-widgetapi.js
11aa7946df12674187e45a29c8a083a30cefb5e625985b2405c1d0fb710e56b2,https://www.youtube.com/s/player/c80790c5/www-widgetapi.vflset/www-widgetapi.js
11aa7946df12674187e45a29c8a083a30cefb5e625985b2405c1d0fb710e56b2,https://www.youtube.com/s/player/96225f5f/www-widgetapi.vflset/www-widgetapi.js
11aa7946df12674187e45a29c8a083a30cefb5e625985b2405c1d0fb710e56b2,https://www.youtube.com/s/player/5af2a490/www-widgetapi.vflset/www-widgetapi.js
11aa7946df12674187e45a29c8a083a30cefb5e625985b2405c1d0fb710e56b2,https://www.youtube.com/s/player/d03787ac/www-widgetapi.vflset/www-widgetapi.js
11aa7946df12674187e45a29c8a083a30cefb5e625985b2405c1d0fb710e56b2,https://www.youtube.com/s/player/4d9879e9/www-widgetapi.vflset/www-widgetapi.js
11aa7946df12674187e45a29c8a083a30cefb5e625985b2405c1d0fb710e56b2,https://www.youtube.com/s/player/50cc0679/www-widgetapi.vflset/www-widgetapi.js
11aa7946df12674187e45a29c8a083a30cefb5e625985b2405c1d0fb710e56b2,https://www.youtube.com/s/player/10ecb549/www-widgetapi.vflset/www-widgetapi.js
11aa7946df12674187e45a29c8a083a30cefb5e625985b2405c1d0fb710e56b2,https://www.youtube.com/s/player/d5541cec/www-widgetapi.vflset/www-widgetapi.js
11aa7946df12674187e45a29c8a083a30cefb5e625985b2405c1d0fb710e56b2,https://www.youtube.com/s/player/f7d71ce3/www-widgetapi.vflset/www-widgetapi.js
11aa7946df12674187e45a29c8a083a30cefb5e625985b2405c1d0fb710e56b2,https://www.youtube.com/s/player/ab89db3f/www-widgetapi.vflset/www-widgetapi.js
11aa7946df12674187e45a29c8a083a30cefb5e625985b2405c1d0fb710e56b2,https://www.youtube.com/s/player/a644926e/www-widgetapi.vflset/www-widgetapi.js
11aa7946df12674187e45a29c8a083a30cefb5e625985b2405c1d0fb710e56b2,https://www.youtube.com/s/player/3062cec8/www-widgetapi.vflset/www-widgetapi.js
11aa7946df12674187e45a29c8a083a30cefb5e625985b2405c1d0fb710e56b2,https://www.youtube.com/s/player/217a23a9/www-widgetapi.vflset/www-widgetapi.js
11aa7946df12674187e45a29c8a083a30cefb5e625985b2405c1d0fb710e56b2,https://www.youtube.com/s/player/4e11051b/www-widgetapi.vflset/www-widgetapi.js
11aa7946df12674187e45a29c8a083a30cefb5e625985b2405c1d0fb710e56b2,https://www.youtube.com/s/player/c816c7d8/www-widgetapi.vflset/www-widgetapi.js
11aa7946df12674187e45a29c8a083a30cefb5e625985b2405c1d0fb710e56b2,https://www.youtube.com/s/player/b3613e85/www-widgetapi.vflset/www-widgetapi.js
11aa7946df12674187e45a29c8a083a30cefb5e625985b2405c1d0fb710e56b2,https://www.youtube.com/s/player/89e685a2/www-widgetapi.vflset/www-widgetapi.js
11aa7946df12674187e45a29c8a083a30cefb5e625985b2405c1d0fb710e56b2,https://www.youtube.com/s/player/b2515611/www-widgetapi.vflset/www-widgetapi.js
11aa7946df12674187e45a29c8a083a30cefb5e625985b2405c1d0fb710e56b2,https://www.youtube.com/s/player/7d647a07/www-widgetapi.vflset/www-widgetapi.js
11aa7946df12674187e45a29c8a083a30cefb5e625985b2405c1d0fb710e56b2,https://www.youtube.com/s/player/21176969/www-widgetapi.vflset/www-widgetapi.js
11aa7946df12674187e45a29c8a083a30cefb5e625985b2405c1d0fb710e56b2,https://www.youtube.com/s/player/b32979e9/www-widgetapi.vflset/www-widgetapi.js
11aa7946df12674187e45a29c8a083a30cefb5e625985b2405c1d0fb710e56b2,https://www.youtube.com/s/player/bce13099/www-widgetapi.vflset/www-widgetapi.js
11aa7946df12674187e45a29c8a083a30cefb5e625985b2405c1d0fb710e56b2,https://www.youtube.com/s/player/ef5f17ca/www-widgetapi.vflset/www-widgetapi.js
11aa7946df12674187e45a29c8a083a30cefb5e625985b2405c1d0fb710e56b2,https://www.youtube.com/s/player/1898687b/www-widgetapi.vflset/www-widgetapi.js
11aa7946df12674187e45a29c8a083a30cefb5e625985b2405c1d0fb710e56b2,https://www.youtube.com/s/player/7f3b257d/www-widgetapi.vflset/www-widgetapi.js
11aa7946df12674187e45a29c8a083a30cefb5e625985b2405c1d0fb710e56b2,https://www.youtube.com/s/player/19712d96/www-widgetapi.vflset/www-widgetapi.js
11aa7946df12674187e45a29c8a083a30cefb5e625985b2405c1d0fb710e56b2,https://www.youtube.com/s/player/65578ad1/www-widgetapi.vflset/www-widgetapi.js
11aa7946df12674187e45a29c8a083a30cefb5e625985b2405c1d0fb710e56b2,https://www.youtube.com/s/player/7dc3db36/www-widgetapi.vflset/www-widgetapi.js
11aa7946df12674187e45a29c8a083a30cefb5e625985b2405c1d0fb710e56b2,https://www.youtube.com/s/player/7b9b4e02/www-widgetapi.vflset/www-widgetapi.js
11aa7946df12674187e45a29c8a083a30cefb5e625985b2405c1d0fb710e56b2,https://www.youtube.com/s/player/e237d4c5/www-widgetapi.vflset/www-widgetapi.js
11aa7946df12674187e45a29c8a083a30cefb5e625985b2405c1d0fb710e56b2,https://www.youtube.com/s/player/c6d7bdc9/www-widgetapi.vflset/www-widgetapi.js
11aa7946df12674187e45a29c8a083a30cefb5e625985b2405c1d0fb710e56b2,https://www.youtube.com/s/player/87644c66/www-widgetapi.vflset/www-widgetapi.js
11aa7946df12674187e45a29c8a083a30cefb5e625985b2405c1d0fb710e56b2,https://www.youtube.com/s/player/5cf6312f/www-widgetapi.vflset/www-widgetapi.js
11aa7946df12674187e45a29c8a083a30cefb5e625985b2405c1d0fb710e56b2,https://www.youtube.com/s/player/25f1a420/www-widgetapi.vflset/www-widgetapi.js
11aa7946df12674187e45a29c8a083a30cefb5e625985b2405c1d0fb710e56b2,https://www.youtube.com/s/player/6e4dbefe/www-widgetapi.vflset/www-widgetapi.js
11aa7946df12674187e45a29c8a083a30cefb5e625985b2405c1d0fb710e56b2,https://www.youtube.com/s/player/638ec5c6/www-widgetapi.vflset/www-widgetapi.js
11aa7946df12674187e45a29c8a083a30cefb5e625985b2405c1d0fb710e56b2,https://www.youtube.com/s/player/27422632/www-widgetapi.vflset/www-widgetapi.js
11ac42d212d000222faf48c41ea2f2b3d8d79a54349593455ced199a1d66c237,https://www.youtube.com/s/player/30bd0d3a/player_ias.vflset/en_US/base.js
11bef43ab72ea51dbdba9ed27fe9e0aea990056d43b0f81a52b8851f995498d3,https://cdnjs.cloudflare.com/ajax/libs/jose/6.1.0/jwk/thumbprint.js
11c74aed50911d54c04455fe1d9c04f42c5f6cf438a94976f890f25f2a59f699,https://ajax.aspnetcdn.com/ajax/bootstrap/3.1.0/css/bootstrap.min.css
11ce416be2b2866f2cf34605040a58ccae057e186479dd556c4d6f8bb6d7d931,https://cdnjs.cloudflare.com/ajax/libs/popper.js/2.11.8/cjs/popper-lite.js
11d26c11f858b74bf0f106c74ddb579a112d3e7321fd684365a77ba2a7a5dffc,https://cdnjs.cloudflare.com/ajax/libs/crypto-js/4.2.0/hmac-sha256.js
11e33ccd0430f7722be1fa1f85d9637e8c1de65a64d2e9252ff80a58727ca529,https://cdnjs.cloudflare.com/ajax/libs/dayjs/1.11.18/locale/ss.js
11e4dc8a6471ff6d6ee561d53d10fde8f7489e798257ff449c5d37c197435605,https://cdnjs.cloudflare.com/ajax/libs/KaTeX/0.16.9/fonts/KaTeX_SansSerif-Regular.woff
11f24140f22f336529a89c2ef3a8c39263c2d48979dd5f4c7c700b022d14a650,https://ajax.aspnetcdn.com/ajax/mvc/5.2.3/jquery.validate.unobtrusive.min.js
11f3176a44518b16df39fe2bb9e6b550993e41be12d9b44c31cfe0b2361bcc31,https://www.youtube.com/s/player/1bb6ee63/player_ias.vflset/en_US/base.js
11f3cb7a24629a5eee9e7edd7e3446d29610edabdf1c5a3f8a433674ad438d80,https://www.youtube.com/s/player/96719157/player_ias.vflset/en_US/base.js
12014b7833090699ea10bd0c188d164b1c33b2da895c5d6bebe75acc03f21e83,https://www.youtube.com/s/player/08635129/player_ias.vflset/en_US/base.js
123521ce388e19a8def20dc0ab94e2412f73f07adc31091b80946f20dfb6c3fb,https://cdnjs.cloudflare.com/ajax/libs/canvas-confetti/1.9.3/confetti.min.js
1241f9d2e0b478ee24d4e94558813a913cb115c6d080c64831f4a85d825b846e,https://cdnjs.cloudflare.com/ajax/libs/date-fns/4.1.0/locale/lt/cdn.min.js
1242c193650f903910325afa222e364b8db720057cf4f6159692f3eb61bf2c9a,https://static.parastorage.com/unpkg/firebase@9.23.0/firebase-auth-compat.js
1257286d81a6b30d84b6bef0932aae8187f169f2285c60d41c759cc0002411c9,https://www.youtube.com/s/player/b2515611/player_ias.vflset/en_US/captions.js
126548ba98f98cb7fdd87c945b6a6b6e4bf6091d1fdae640062ee8bb046289ed,https://cdnjs.cloudflare.com/ajax/libs/json5/2.2.3/index.min.mjs
126cc380acafc239b63b90d729b809cb4b77365fa7a39f3e3fb7e44722c71725,https://ajax.aspnetcdn.com/ajax/jquery.migrate/jquery-migrate-1.0.0.min.js
128d23ba0a7aeb733b0ffc2e1e0f0b42626e686b500ca4ba7cfeda3bb1185a91,https://ajax.aspnetcdn.com/ajax/bootstrap/2.3.2/css/bootstrap-responsive.css
129a81b6681a9663513fafdc77e660d1bf4e303858b930642105b041c42ca063,https://cdnjs.cloudflare.com/ajax/libs/popper.js/2.11.8/esm/dom-utils/listScrollParents.js
129ef8c75eb240c369004583c0fc4d9047c8f0c166d598821937fc4a8cc8a53f,https://www.youtube.com/s/player/0fe2b028/player_ias.vflset/en_US/captions.js
129ef8c75eb240c369004583c0fc4d9047c8f0c166d598821937fc4a8cc8a53f,https://www.youtube.com/s/player/504fc963/player_ias.vflset/en_US/captions.js
12bd1258d316550e017f4319548e39c5bd5a2b23a2f9e752540d552f6bae1c49,https://cdnjs.cloudflare.com/ajax/libs/date-fns/4.1.0/locale/nb/cdn.min.js
12d74ec1a0d32385a4b5429e521d8068b7611804ee9c72901b1f5cbbe8d1f31a,https://www.youtube.com/s/player/80f5ca15/player_ias.vflset/en_US/base.js
12db0fd3eac76597c0f5aaef2e013d8267a235c773589effc36b1a8a80a1314d,https://cdnjs.cloudflare.com/ajax/libs/json5/2.2.3/index.mjs
12f09f4e15cfd4e9e7ea07ee1431cbc13c34e8a3432cc4bfcf4a64986ad5f064,https://www.youtube.com/s/player/944b5ebc/player_ias.vflset/en_US/captions.js
13148f5a89173d10f47320a3f6930e5cbfcef6f16631f079013fdd7b43bd5f61,https://ssl.gstatic.com/accounts/o/2580342461-postmessagerelay.js
1339a24b3ffd27a222a94886f090ffdbe29f998125a602354f6b1f4ea8a5090e,https://www.youtube.com/s/player/30b88c09/player_ias.vflset/en_US/base.js
1339d4170019588a6764a56236c2a7c5b2389ace52a9ec5e8c09f1997935741f,https://cdnjs.cloudflare.com/ajax/libs/moment.js/2.30.1/locale/fi.js
136f4f0a2b875ce653481da8d0da66bc81b3ff6461739865c0ebfe4bf0914e73,https://ajax.aspnetcdn.com/ajax/signalr/jquery.signalr-1.0.1.js
1386e8047c47ebc057a0503456a9db4eed7b22459b3bb5fe3faab9074344fefd,https://cdnjs.cloudflare.com/ajax/libs/dayjs/1.11.18/locale/pt-br.min.js
1399a55c3986cb8059f337ecbae4254d2e0997efb90f313c7a1170910d6bb1f1,https://cdnjs.cloudflare.com/ajax/libs/prism/9000.0.1/components/prism-julia.min.js
139c389476b93fdc72474f194c085754a1b20244dcbd1cd8de11cec3a93b1b66,https://cdnjs.cloudflare.com/ajax/libs/prism/9000.0.1/components/prism-css.js
13b447c62adfb244aa52d93a93af10930b5ec9358cabfa01bfce39c8b0174423,https://cdnjs.cloudflare.com/ajax/libs/react-dom/19.1.1/cjs/react-dom-server.node.development.min.js
13d14d97ae494b9a6a40dcb73153c923f01e4c7f37e582abcdc4c81adcea0ad9,https://cdnjs.cloudflare.com/ajax/libs/jose/6.1.0/key/export.js
13d2ac289d324edca63a2612a04445122ed7dffac1ebceb3448c63764e590bde,https://cdnjs.cloudflare.com/ajax/libs/dayjs/1.11.18/locale/es-mx.js
13d9e9ce4061c6b648768b09a36d000a7bfba969d4570cf329f938ede6a8f393,https://ajax.aspnetcdn.com/ajax/bootstrap/3.0.2/bootstrap.min.js
13dd54e1acc89e3a21f9685ed0f71925e12e3a1959e4829a1ee0b1836ecfa205,https://www.youtube.com/s/player/38e0f4b0/www-player.css
13dd54e1acc89e3a21f9685ed0f71925e12e3a1959e4829a1ee0b1836ecfa205,https://www.youtube-nocookie.com/s/player/38e0f4b0/www-player.css
13dd54e1acc89e3a21f9685ed0f71925e12e3a1959e4829a1ee0b1836ecfa205,https://www.youtube.com/s/player/17ad44a3/www-player.css
13dd54e1acc89e3a21f9685ed0f71925e12e3a1959e4829a1ee0b1836ecfa205,https://www.youtube-nocookie.com/s/player/17ad44a3/www-player.css
13dd54e1acc89e3a21f9685ed0f71925e12e3a1959e4829a1ee0b1836ecfa205,https://www.youtube.com/s/player/6956a038/www-player.css
13dd54e1acc89e3a21f9685ed0f71925e12e3a1959e4829a1ee0b1836ecfa205,https://www.youtube-nocookie.com/s/player/6956a038/www-player.css
13dd54e1acc89e3a21f9685ed0f71925e12e3a1959e4829a1ee0b1836ecfa205,https://www.youtube.com/s/player/29a37ef6/www-player.css
13dd54e1acc89e3a21f9685ed0f71925e12e3a1959e4829a1ee0b1836ecfa205,https://www.youtube-nocookie.com/s/player/29a37ef6/www-player.css
13e91a4c4a9387dacd0e05e6ba9f3bdf999ff8f0b4a40865f07ccfa78eee3d1c,https://cdnjs.cloudflare.com/ajax/libs/dayjs/1.11.18/plugin/toArray.js
140def0dffd9f9490c7848028a338005efd1e4b8f3de58cf3445e84b42e36770,https://cdnjs.cloudflare.com/ajax/libs/fingerprintjs2/2.1.2/fingerprint2.min.js
140ff438eaaede046f1ceba27579d16dc980595709391873fa9bf74d7dbe53ac,https://ajax.aspnetcdn.com/ajax/jQuery/jquery-2.1.1.js
142513f28efcc960719268c7e390ebc97e31aee8f3cff3a5f57475689dd43026,https://cdnjs.cloudflare.com/ajax/libs/date-fns/4.1.0/locale/fa-IR/cdn.min.js
143a7bcccf1843d2fdff92a1993bad09b3680097a847be9317858903a49e248f,https://www.youtube.com/s/player/cebb413d/player_ias.vflset/en_US/base.js
14415d48af1ed10aa8c66f4deff15cab211eb3a91a43977c16ff746011a0df94,https://maps.google.com/maps-api-v3/api/js/63/14d/common.js
14415d48af1ed10aa8c66f4deff15cab211eb3a91a43977c16ff746011a0df94,https://maps.googleapis.com/maps-api-v3/api/js/63/14d/common.js
145564fef1d46d9412e068ba4215599389cdca5fc5b22fd9a53f473cb2e86f3d,https://ajax.aspnetcdn.com/ajax/jQuery/jquery-1.6.3-vsdoc.js
14663d9799e81c6fe6c1f3c2cc47eff06be7090827be9465ff13519a67a84c46,https://www.youtube.com/s/player/25f1a420/player_ias.vflset/en_US/captions.js
1485ed7b649dd4f21b23c49a41e3926106de7c120c59313e56e3ffab33579134,https://www.youtube.com/s/player/f7d71ce3/player_ias.vflset/en_US/captions.js
1489a781e55205763dd22141706d5fb226e8cfaa3b4c46a5c40d9b8cdae8e4a5,https://cdnjs.cloudflare.com/ajax/libs/date-fns/4.1.0/locale/ug/cdn.min.js
148bc5eb70dd4f36be6dd9bd1be832c54dcfdbc7aacb60bf79877a3fdadf676a,https://cdnjs.cloudflare.com/ajax/libs/prism/9000.0.1/components/prism-ini.min.js
149adbce2729a37bbfcda63bd4ee0106997038e0c9ce8984184c2a8e3faf4d60,https://www.youtube.com/s/player/f4f314f0/player_ias.vflset/en_US/captions.js
14a39ca2157acf89f00909fa7bec1629d375ff52d44e7016b40e691d8f4b23a8,https://www.youtube.com/s/player/5bb72cbb/www-player.css
14a39ca2157acf89f00909fa7bec1629d375ff52d44e7016b40e691d8f4b23a8,https://www.youtube-nocookie.com/s/player/5bb72cbb/www-player.css
14a39ca2157acf89f00909fa7bec1629d375ff52d44e7016b40e691d8f4b23a8,https://www.youtube.com/s/player/bbe4bdbc/www-player.css
14a39ca2157acf89f00909fa7bec1629d375ff52d44e7016b40e691d8f4b23a8,https://www.youtube-nocookie.com/s/player/bbe4bdbc/www-player.css
14a39ca2157acf89f00909fa7bec1629d375ff52d44e7016b40e691d8f4b23a8,https://www.youtube.com/s/player/cb017549/www-player.css
14a39ca2157acf89f00909fa7bec1629d375ff52d44e7016b40e691d8f4b23a8,https://www.youtube-nocookie.com/s/player/cb017549/www-player.css
14a39ca2157acf89f00909fa7bec1629d375ff52d44e7016b40e691d8f4b23a8,https://www.youtube.com/s/player/0a5faf6d/www-player.css
14a39ca2157acf89f00909fa7bec1629d375ff52d44e7016b40e691d8f4b23a8,https://www.youtube-nocookie.com/s/player/0a5faf6d/www-player.css
14a39ca2157acf89f00909fa7bec1629d375ff52d44e7016b40e691d8f4b23a8,https://www.youtube.com/s/player/5afa7c36/www-player.css
14a39ca2157acf89f00909fa7bec1629d375ff52d44e7016b40e691d8f4b23a8,https://www.youtube-nocookie.com/s/player/5afa7c36/www-player.css
14a39ca2157acf89f00909fa7bec1629d375ff52d44e7016b40e691d8f4b23a8,https://www.youtube.com/s/player/3ccae36b/www-player.css
14a39ca2157acf89f00909fa7bec1629d375ff52d44e7016b40e691d8f4b23a8,https://www.youtube-nocookie.com/s/player/3ccae36b/www-player.css
14a39ca2157acf89f00909fa7bec1629d375ff52d44e7016b40e691d8f4b23a8,https://www.youtube.com/s/player/67ff56cb/www-player.css
14a39ca2157acf89f00909fa7bec1629d375ff52d44e7016b40e691d8f4b23a8,https://www.youtube-nocookie.com/s/player/67ff56cb/www-player.css
14a39ca2157acf89f00909fa7bec1629d375ff52d44e7016b40e691d8f4b23a8,https://www.youtube.com/s/player/32928ebd/www-player.css
14a39ca2157acf89f00909fa7bec1629d375ff52d44e7016b40e691d8f4b23a8,https://www.youtube-nocookie.com/s/player/32928ebd/www-player.css
14a39ca2157acf89f00909fa7bec1629d375ff52d44e7016b40e691d8f4b23a8,https://www.youtube.com/s/player/e9af09a2/www-player.css
14a39ca2157acf89f00909fa7bec1629d375ff52d44e7016b40e691d8f4b23a8,https://www.youtube-nocookie.com/s/player/e9af09a2/www-player.css
14a39ca2157acf89f00909fa7bec1629d375ff52d44e7016b40e691d8f4b23a8,https://www.youtube.com/s/player/4d1dd0fc/www-player.css
14a39ca2157acf89f00909fa7bec1629d375ff52d44e7016b40e691d8f4b23a8,https://www.youtube-nocookie.com/s/player/4d1dd0fc/www-player.css
14a39ca2157acf89f00909fa7bec1629d375ff52d44e7016b40e691d8f4b23a8,https://www.youtube.com/s/player/bda6277d/www-player.css
14a39ca2157acf89f00909fa7bec1629d375ff52d44e7016b40e691d8f4b23a8,https://www.youtube-nocookie.com/s/player/bda6277d/www-player.css
14a39ca2157acf89f00909fa7bec1629d375ff52d44e7016b40e691d8f4b23a8,https://www.youtube.com/s/player/23b70d29/www-player.css
14a39ca2157acf89f00909fa7bec1629d375ff52d44e7016b40e691d8f4b23a8,https://www.youtube-nocookie.com/s/player/23b70d29/www-player.css
14a39ca2157acf89f00909fa7bec1629d375ff52d44e7016b40e691d8f4b23a8,https://www.youtube.com/s/player/6b5a0420/www-player.css
14a39ca2157acf89f00909fa7bec1629d375ff52d44e7016b40e691d8f4b23a8,https://www.youtube-nocookie.com/s/player/6b5a0420/www-player.css
14a39ca2157acf89f00909fa7bec1629d375ff52d44e7016b40e691d8f4b23a8,https://www.youtube.com/s/player/05558a16/www-player.css
14a39ca2157acf89f00909fa7bec1629d375ff52d44e7016b40e691d8f4b23a8,https://www.youtube-nocookie.com/s/player/05558a16/www-player.css
14a39ca2157acf89f00909fa7bec1629d375ff52d44e7016b40e691d8f4b23a8,https://www.youtube.com/s/player/c2f0d301/www-player.css
14a39ca2157acf89f00909fa7bec1629d375ff52d44e7016b40e691d8f4b23a8,https://www.youtube-nocookie.com/s/player/c2f0d301/www-player.css
14b3e060b89dd20361b39aef6951c3c7917b7a19929bd68a1b1c5583f02edb0d,https://ajax.googleapis.com/ajax/libs/spf/2.3.0/spf.js
14d4d166423d9ef417310e310b2a4c13127d691206b6fe0065de2b16a46a6d42,https://cdnjs.cloudflare.com/ajax/libs/date-fns/4.1.0/locale/fy/cdn.js
14db4a56b5cb0c488544abf36967ee925ffd440d3a13a91d14f247e9f79bf87f,https://cdnjs.cloudflare.com/ajax/libs/cheerio/1.1.2/dist/browser/cheerio.min.js
14db4a56b5cb0c488544abf36967ee925ffd440d3a13a91d14f247e9f79bf87f,https://cdnjs.cloudflare.com/ajax/libs/cheerio/1.1.2/dist/esm/cheerio.min.js
14e77225787d5de1f01e68cfee18a38efec8eb8176427c43332b63a9d9d91c07,https://cdnjs.cloudflare.com/ajax/libs/popper.js/2.11.8/esm/utils/detectOverflow.js
15199af35746e83db171d21861c9db5ce46404158a13589d9e59efc68357cd6c,https://ajax.googleapis.com/ajax/libs/dojo/1.12.3/dojo/dojo.js
152bdf2d65b9c0188a2e1fc1c853fd0a12d81a9d891ccaa97fe47f8750dd05d3,https://cdnjs.cloudflare.com/ajax/libs/prism/9000.0.1/themes/prism-dark.css
1543d7c079e44ac2231ee88d10740e73fe4e3c2d05cf43b52e3c52d352ff7264,https://assets.squarespace.com/universal/scripts-compressed/extract-css-moment-js-vendor-6f2a1f6ec9a41489-min.en-US.js
15783d39c063ede672acbf2c722ddb928d14dd8fbed4d7084e18dde1145ca1d2,https://cdnjs.cloudflare.com/ajax/libs/classnames/2.5.2/index.min.js
1584ffeda5ab3f5076fc69f0ff3e9abad488c8e471eed5f9d29d69d495ceabf7,https://cdnjs.cloudflare.com/ajax/libs/react/19.1.1/cjs/react-jsx-runtime.development.min.js
1586b85e7ecc265235f1e224c1ac1b44a2f3edb19e50e0ed369491f9bb239478,https://static.parastorage.com/unpkg/firebase@9.23.0/firebase-app-compat.js
158cf68fff05fa7b67dab1734752e67e4d4dcf08a3bbb3e046d5cd9cbc3bd86b,https://ajax.aspnetcdn.com/ajax/bootstrap/4.6.0/css/bootstrap-grid.min.css
15a181afcd8958c5b90de6a66ed80fd4783a50cdae4cfbd99871d8006e37c7b0,https://cdnjs.cloudflare.com/ajax/libs/moment.js/2.30.1/locale/sq.min.js
15c241eb236944c66eab2502c4eafaf33b6493099ecfff038b6d0ff605d65486,https://www.youtube.com/s/player/6f05bbb3/player_ias.vflset/en_US/base.js
15c90df11f5121243a0f921466a4ac5ceb466d853b3f4c0c0569dd5baa22f5f7,https://www.youtube.com/s/player/1ac41de2/player_ias.vflset/en_US/base.js
15ca66ce1faa865c68998fcc8ab1160207636b9161ad76f7cf7acd0d7c0ebd1f,https://cdnjs.cloudflare.com/ajax/libs/moment.js/2.30.1/locale/fa.js
15da8641bb847690758c3ad4712f636dd803001751b1df6aebe1a29851096db0,https://cdnjs.cloudflare.com/ajax/libs/popper.js/2.11.8/esm/enums.min.js
15dadbb0cf085614a54e374daf21260eb56f411d7f1cf59934e824982f606e78,https://ajax.aspnetcdn.com/ajax/jQuery/jquery-1.4.3-vsdoc.js
15dbf0cc01d400f1436e0c458fcd08882e66784d2dc1824307c6052895e76f7c,https://cdnjs.cloudflare.com/ajax/libs/moment.js/2.30.1/locale/nl-be.js
15e33ee774079c24e4119a7c6ad90721b821cf3afeae3214aaf6ec7b87085606,https://cdnjs.cloudflare.com/ajax/libs/classnames/2.5.2/dedupe.js
15f66b1d275c74d16c6399bc0be4db2d4a722991100ecdf08f7759d43b62fe30,https://ajax.googleapis.com/ajax/libs/d3js/7.7.0/d3.min.js
160a426ff2894252cd7cebbdd6d6b7da8fcd319c65b70468f10b6690c45d02ef,https://ajax.googleapis.com/ajax/libs/jquery/3.3.1/jquery.min.js
160a426ff2894252cd7cebbdd6d6b7da8fcd319c65b70468f10b6690c45d02ef,https://ajax.aspnetcdn.com/ajax/jQuery/jquery-3.3.1.min.js
160a426ff2894252cd7cebbdd6d6b7da8fcd319c65b70468f10b6690c45d02ef,https://cdnjs.cloudflare.com/ajax/libs/jquery/3.3.1/jquery.min.js
160a426ff2894252cd7cebbdd6d6b7da8fcd319c65b70468f10b6690c45d02ef,https://code.jquery.com/jquery-3.3.1.min.js
1613e7170750906bb0fe17b806164abca1d83f8c4956152dd95e6f557f4ef4e3,https://cdnjs.cloudflare.com/ajax/libs/jose/6.1.0/index.umd.min.js
16167ff3813b20bce979b78ad277c11ca0f2d673900e10036fbcf2fa36678697,https://www.youtube.com/s/player/db24d012/player_ias.vflset/en_US/base.js
16239e384bf23480c805b7aca7e66cc617f62aed889963d766b33a55409bace8,https://cdnjs.cloudflare.com/ajax/libs/moment.js/2.30.1/locale/ka.min.js
164149c74942926706c6f7162a45c3395f76937b3eaa9ace9d710fb396f0682e,https://www.youtube.com/s/player/e1bd44b2/player_ias.vflset/en_US/base.js
168875c5b7597de4be5fe3449f2f46ae144ce8993b7b984acc8c23a747875ab8,https://www.youtube.com/s/player/c2f7551f/player_ias.vflset/en_US/base.js
168c9e439d5eeefc7903482c108b8fdf17ffdc2e9f32e17840062e2781ae068d,https://cdnjs.cloudflare.com/ajax/libs/dayjs/1.11.18/locale/lv.min.js
16a92a1e7e15a81ef5e23f8f7565d6d5f1f12db12b6d9de62e41e22f00561272,https://cdnjs.cloudflare.com/ajax/libs/react/19.1.1/cjs/react-jsx-dev-runtime.development.js
16b4f3137d512db840e5ac5dfeaed91d47642da26019c412e74611aad6f7c95f,https://www.youtube.com/s/player/445213fb/player_ias.vflset/en_US/captions.js
16b4f3137d512db840e5ac5dfeaed91d47642da26019c412e74611aad6f7c95f,https://www.youtube.com/s/player/c9ede538/player_ias.vflset/en_US/captions.js
16b4f3137d512db840e5ac5dfeaed91d47642da26019c412e74611aad6f7c95f,https://www.youtube.com/s/player/9be3886e/player_ias.vflset/en_US/captions.js
16b4f3137d512db840e5ac5dfeaed91d47642da26019c412e74611aad6f7c95f,https://www.youtube.com/s/player/6b8eecd5/player_ias.vflset/en_US/captions.js
16b4f3137d512db840e5ac5dfeaed91d47642da26019c412e74611aad6f7c95f,https://www.youtube.com/s/player/16ee6936/player_ias.vflset/en_US/captions.js
16c16cf7aebcce77c4fd109358ffeb9ef59b840ebcbd6a02334d92b67be3c0a3,https://www.youtube.com/s/player/a180bc4c/player_ias.vflset/en_US/base.js
16dfc27a68171f979987223b89158feb57945c8c0e3291a3720fefd43b9d2c29,https://cdnjs.cloudflare.com/ajax/libs/dayjs/1.11.18/locale/gu.js
16e8ff612ead60f8c36e8045c486e4320acd5e53e61db7d644d343236248e78a,https://cdnjs.cloudflare.com/ajax/libs/dayjs/1.11.18/plugin/localeData.js
16f210b939b359b6ec8dde581eb62c157185711dc7b719b33779c43db5c31a91,https://cdnjs.cloudflare.com/ajax/libs/js-yaml/4.1.0/js-yaml.mjs
16f9b1e27e2d92e47acb43db568d10f5caada181f7e500c6db60932b982a852b,https://ajax.googleapis.com/ajax/libs/dojo/1.7.12/dojo/dojo.js
1717ea1fde8ceb7584341a24efc85c853083c660a1185968fbf94520f7193de2,https://ajax.aspnetcdn.com/ajax/jQuery/jquery-1.7.2.js
171f3a2746f0f635de6be46d12b0d6329af643fadb726122e667ec8a8b937f84,https://cdnjs.cloudflare.com/ajax/libs/jose/6.1.0/key/generate_secret.js
172690ab0ba286f1ef866d9c58a39e5402e69eaa89c9479333728e6a801a64d2,https://www.youtube.com/s/player/652bbb94/www-widgetapi.vflset/www-widgetapi.js
172690ab0ba286f1ef866d9c58a39e5402e69eaa89c9479333728e6a801a64d2,https://www.youtube.com/s/player/afc53320/www-widgetapi.vflset/www-widgetapi.js
172690ab0ba286f1ef866d9c58a39e5402e69eaa89c9479333728e6a801a64d2,https://www.youtube.com/s/player/8da75a6a/www-widgetapi.vflset/www-widgetapi.js
172690ab0ba286f1ef866d9c58a39e5402e69eaa89c9479333728e6a801a64d2,https://www.youtube.com/s/player/eace5bba/www-widgetapi.vflset/www-widgetapi.js
172690ab0ba286f1ef866d9c58a39e5402e69eaa89c9479333728e6a801a64d2,https://www.youtube.com/s/player/c9168c90/www-widgetapi.vflset/www-widgetapi.js
172690ab0ba286f1ef866d9c58a39e5402e69eaa89c9479333728e6a801a64d2,https://www.youtube.com/s/player/01b2d163/www-widgetapi.vflset/www-widgetapi.js
17527953471c072cc3022ffa6bd2b4035ec1228e1f31c15b20513df3564da3a1,https://www.youtube.com/s/player/b6e44494/player_ias.vflset/en_US/base.js
1753b962de5a365efa2c72216747c94ad1dd4ff6d1c1396d9eee77b5495e38ff,https://cdnjs.cloudflare.com/ajax/libs/react/19.1.1/cjs/react.react-server.production.js
17a83124c3bbd4447667416ba292fdc36b072e5a1358e28de84976302dc07995,https://ajax.googleapis.com/ajax/libs/dojo/1.8.12/dojo/dojo.js
17ad6bddb12d9a852357e8f5e94638a129a86d1e79c40c6765bb95ca24258864,https://cdnjs.cloudflare.com/ajax/libs/dayjs/1.11.18/locale/en-il.min.js
17bbbff7fb00ebd93e77b6cfb268f2a536cbe09860387379a08232f6aef251a0,https://ajax.aspnetcdn.com/ajax/signalr/jquery.signalr-1.1.1.min.js
17cdb28068fc9a09c3051c8434daff08ae113959b785357664152a62798b3a17,https://www.youtube.com/s/player/1d014d3f/player_ias.vflset/en_US/base.js
17dceffd5a81f6081e30aa6f11c1c630a7c603bdf0ac5266faae131b4ad64e8f,https://cdnjs.cloudflare.com/ajax/libs/preact/10.27.2/compat.umd.js
17e725b66253dd10c91ebf159e5eab87ab902d6e77f1c45c5bcb66a1452a3830,https://ajax.aspnetcdn.com/ajax/signalr/jquery.signalr-2.2.1.js
17e7e7e15f9695f14c39ad8253ce426375f981ef573d8efe086224ddeb0d3368,https://www.youtube.com/s/player/fd1b5dc8/player_ias.vflset/en_US/captions.js
17ec1f16efac893b9bd89bba5f13cb1e0bf938bdc9cece6cae3ed77f18fa6fd7,https://ajax.googleapis.com/ajax/libs/jquery/1.3.1/jquery.min.js
1809376ee95e944940c7197327e742c1959c4abae43c43a39e859e5e53e73264,https://cdnjs.cloudflare.com/ajax/libs/cytoscape/3.33.1/cytoscape.umd.js
180f4a0f4cf468e65fbe2303cb0c7abfa79e551bf49caa50f9795ccb7626192b,https://www.youtube.com/s/player/d396ac15/player_ias.vflset/en_US/base.js
1828ee3aaf6f7b6fd8513e08d8e0f50a412eee168009dd03fb2f5c447ff01185,https://cdnjs.cloudflare.com/ajax/libs/popper.js/2.11.8/esm/utils/rectToClientRect.min.js
1842719ac47348bff78e0c57cb4dd373e2adf8e9bbc6720882d08e6d629b66d7,https://cdnjs.cloudflare.com/ajax/libs/KaTeX/0.16.9/katex.js
184d6ec45637364366bac98bd893a8fa5f760a80468e0b10d3e4070ba35c6286,https://cdnjs.cloudflare.com/ajax/libs/prism/9000.0.1/plugins/highlight-keywords/prism-highlight-keywords.js
1856beb1db1172a35fe7819b8d789ef220e6ca687cbf0be29153737d2c633089,https://ajax.googleapis.com/ajax/libs/shaka-player/4.16.0/shaka-player.compiled.js
1865c990d1fafeb8c1479e2c59b6fea1d727b278dcb25c579d89f70baf447d17,https://cdnjs.cloudflare.com/ajax/libs/cheerio/1.1.2/dist/commonjs/api/extract.min.js
186668e46947a47304ef37a9b686a8b3243aac75ee1422b2704c1234ddf0dad1,https://cdnjs.cloudflare.com/ajax/libs/dayjs/1.11.18/locale/ro.min.js
186799bccfd6799c86e3806e20ecdf88eb793a0095e22762fb2e83ae8623bc86,https://cdnjs.cloudflare.com/ajax/libs/prism/9000.0.1/components/prism-smalltalk.min.js
1868b450051a2af703bd7366aea92174c37a53cbed14ddd45df4a8024d6921f0,https://static.parastorage.com/services/fonts-data/dist/google.kuw5gk7jh0nwy00zmif1.css
187a74814cdbe2e9b7056ab9153ada04064e9cb92b1765ca3c9ce27139ec49fb,https://ajax.googleapis.com/ajax/libs/jqueryui/1.8.8/themes/smoothness/jquery-ui.css
1889b19d3c2eb62112c03cdd00a112ec3bcec004449b6cc397142a12a84e5ad7,https://www.youtube.com/s/player/6ae88b83/player_ias.vflset/en_US/base.js
18b8aaedd3a8de51fa4fedbe678108a817823514e21b46a7e5b1b1237460e241,https://cdnjs.cloudflare.com/ajax/libs/tailwindcss/4.1.13/default-theme.min.js
18d619cca2e3abb300d71fe37b163b91b71a327303f320e047248c0cc3a1d879,https://www.youtube.com/s/player/bcd893b3/www-widgetapi.vflset/www-widgetapi.js
18d619cca2e3abb300d71fe37b163b91b71a327303f320e047248c0cc3a1d879,https://www.youtube.com/s/player/3fb7e6ac/www-widgetapi.vflset/www-widgetapi.js
18d619cca2e3abb300d71fe37b163b91b71a327303f320e047248c0cc3a1d879,https://www.youtube.com/s/player/f8a07cad/www-widgetapi.vflset/www-widgetapi.js
18d619cca2e3abb300d71fe37b163b91b71a327303f320e047248c0cc3a1d879,https://www.youtube.com/s/player/3dfa10c2/www-widgetapi.vflset/www-widgetapi.js
18d619cca2e3abb300d71fe37b163b91b71a327303f320e047248c0cc3a1d879,https://www.youtube.com/s/player/38e0f4b0/www-widgetapi.vflset/www-widgetapi.js
18d619cca2e3abb300d71fe37b163b91b71a327303f320e047248c0cc3a1d879,https://www.youtube.com/s/player/17ad44a3/www-widgetapi.vflset/www-widgetapi.js
18d619cca2e3abb300d71fe37b163b91b71a327303f320e047248c0cc3a1d879,https://www.youtube.com/s/player/6956a038/www-widgetapi.vflset/www-widgetapi.js
18d619cca2e3abb300d71fe37b163b91b71a327303f320e047248c0cc3a1d879,https://www.youtube.com/s/player/29a37ef6/www-widgetapi.vflset/www-widgetapi.js
18dc82f673f74293b131f133be1e586124119ca0d7dc706c5b75351d4f90fc57,https://ajax.aspnetcdn.com/ajax/mvc/1.0/MicrosoftMvcAjax.debug.js
190fa3869f1c4d10aaf5151e0e4d1274b08387b52ef0577fbd46cac2d9df9de2,https://ajax.googleapis.com/ajax/libs/dojo/1.8.6/dojo/dojo.js
1920cf3e8db622ef00bab084e8f6df474845f00564d819a455ce832846ffe8da,https://cdnjs.cloudflare.com/ajax/libs/moment.js/2.30.1/locale/ku.min.js
192e3a137339f89792796cc23d6130f75dd7ec2f3abf660f8138f9c985a867aa,https://cdnjs.cloudflare.com/ajax/libs/crypto-js/4.2.0/blowfish.min.js
194093c1b6e6a89ff29152255063139f7be0d08783801fa6118756e8983cca5a,https://cdnjs.cloudflare.com/ajax/libs/dayjs/1.11.18/locale/tzm-latn.min.js
1954efc020ce613932e0ad7c6877dbed413e2bab294e9cdeb52f4be43ad0ba59,https://cdnjs.cloudflare.com/ajax/libs/cheerio/1.1.2/dist/browser/parse.js
1954efc020ce613932e0ad7c6877dbed413e2bab294e9cdeb52f4be43ad0ba59,https://cdnjs.cloudflare.com/ajax/libs/cheerio/1.1.2/dist/esm/parse.js
195fdda447c9a0e36eb910321411da8f653b0a7ce151824b5c05f8cc9c9b2450,https://cdnjs.cloudflare.com/ajax/libs/dayjs/1.11.18/plugin/duration.js
1986134a1c552fbf513be92f7c128b3d1c95ce9be17acc04a92e8b09d28a8b8c,https://www.youtube.com/s/player/68896037/player_ias.vflset/en_US/captions.js
1986134a1c552fbf513be92f7c128b3d1c95ce9be17acc04a92e8b09d28a8b8c,https://www.youtube.com/s/player/c38b4eda/player_ias.vflset/en_US/captions.js
1987d037eb9ecbdb89d206a0e115a48f12310b81f53fd2756eca2db1eb0e5b0b,https://cdnjs.cloudflare.com/ajax/libs/request/2.88.2/lib/har.min.js
19b0a94d63c1520e155ad3b07f3f8d715306b87cdea5fffe2e73a19f67288005,https://ajax.aspnetcdn.com/ajax/jQuery/jquery-1.5.2-vsdoc.js
19bcbce7b4bb26411714a6488bc6c8cbca1e5647e61ca57f32e04c1eb13d882d,https://cdnjs.cloudflare.com/ajax/libs/dayjs/1.11.18/locale/my.min.js
19d09f42aefee0cf1c34e57c3a2f5c9a53bba9035c731083bf27d5d155ef7afd,https://ajax.googleapis.com/ajax/libs/jqueryui/1.8.1/themes/smoothness/jquery-ui.css
19d911381ea1b83833cae6998e46e6499d67c5676895572219ed5ffcb1e9c748,https://ajax.googleapis.com/ajax/libs/spf/2.4.0/spf.js
19dc21c69b489f4c373570299be98a652daf472c5239701edfe5b57e61dee16a,https://cdnjs.cloudflare.com/ajax/libs/moment.js/2.30.1/locale/th.min.js
19dd79731dc5cce760b9a506389aa51c088cf780bd73ba1f5fc76235a48ff72d,https://cdnjs.cloudflare.com/ajax/libs/cheerio/1.1.2/dist/esm/index.js
19ece9c478eb5e1ba58200df6cb2926b9e0a46b507d0e49c4625a083690eb6e2,https://www.youtube.com/s/player/38dca859/player_ias.vflset/en_US/base.js
1a104bfd43f96067828c0d5e900c4b34886e16b3a632e041c17926af0ceff448,https://cdnjs.cloudflare.com/ajax/libs/date-fns/4.1.0/locale/et/cdn.js
1a15c36a43ba7ba86bc59e3a749d0f66f6dee255e9ffb2b01c021464b041802e,https://cdnjs.cloudflare.com/ajax/libs/prism/9000.0.1/components/prism-ini.js
1a1fa2f9db73648bda45df937887cb6ee02aadfb995c96d89af7cfa73f8f6161,https://cdnjs.cloudflare.com/ajax/libs/date-fns/4.1.0/locale/hi/cdn.min.js
1a2e36c203dd74ce7e5ace52a681a3cda2dcb7ee7acc8a211e6917f9ce06d00e,https://cdnjs.cloudflare.com/ajax/libs/dayjs/1.11.18/plugin/preParsePostFormat.js
1a4d3bb50112f5589fef2397c94f1dffe24df531ff7047c3d4e242aed65d76fe,https://cdnjs.cloudflare.com/ajax/libs/jsonwebtoken/9.0.2/verify.min.js
1a77ecbf46ede8be436139992740da8e1e28226a0493947d48de7c70c22ca6b4,https://cdnjs.cloudflare.com/ajax/libs/date-fns/4.1.0/locale/oc/cdn.min.js
1a797464eae83bbad74f82c40953128a596448f97447f97a0b8df101f34c28ee,https://cdnjs.cloudflare.com/ajax/libs/crypto-js/4.2.0/mode-ecb.min.js
1a8def0505668bb58c0f3333812bae3b29ba22ffee4599bc78ea5edccb75fbfe,https://www.youtube.com/s/player/1b71165f/player_ias.vflset/en_US/base.js
1a912b6b9e7384a164cebcf18ab5cba075788cb354591d34b3202cc74c0fcc23,https://www.youtube.com/s/player/16886a7c/player_ias.vflset/en_US/base.js
1a940ba51682e7a7d2412b593b2fdcb4ec096368b0492402e2848a3a6fb7bd8f,https://ajax.googleapis.com/ajax/libs/dojo/1.10.5/dojo/dojo.js
1a9591a23999e1924438b948a9f9671147f04e01e5be724391a3a8a2b58289d9,https://cdnjs.cloudflare.com/ajax/libs/pdf.js/5.4.149/images/altText_add.svg
1a9ea1a741fe03b6b1835b44ac2b9c59e39cdfc8abb64556a546c16528fc2828,https://ajax.aspnetcdn.com/ajax/jQuery/jquery-3.0.0.slim.js
1aa8845fd06e475aefe733d4e55b36a92fcd487975049c8172341827ac9cc03e,https://unpkg.com/aos@2.3.1/dist/aos.css
1ab274a4d4b8f6d992abc07c62205f9c2c8a32a45ecf2d4f7233e32aec8326f5,https://cdnjs.cloudflare.com/ajax/libs/fuse.js/7.1.0/fuse.basic.min.js
1ae6bd7475590e97e7f145a89e09ccde322f7a6bc0b91607b1c8b8ee28290fed,https://cdnjs.cloudflare.com/ajax/libs/KaTeX/0.16.9/fonts/KaTeX_Caligraphic-Bold.woff
1aede2ddd7657f63db0ca7dfcf62d999b42388500c1614c86cbd92d448b450d1,https://cdnjs.cloudflare.com/ajax/libs/prism/9000.0.1/components/prism-rust.min.js
1b099f88c06ed0869872561c157f0ec9cbe133a0939d9ece4ee1e1f54bd4683d,https://cdnjs.cloudflare.com/ajax/libs/font-awesome/6.0.0/webfonts/fa-solid-900.woff2
1b0a7ac0e69aeb0ef1c54ae4b39d8615400d186036cbf0249e536fd09e00e92c,https://cdnjs.cloudflare.com/ajax/libs/popper.js/2.11.8/esm/utils/uniqueBy.min.js
1b1d6ba1a958aa763f6bab4d3cd4570ef2a6ce927d81a7e75b82a5ed50a57c62,https://cdnjs.cloudflare.com/ajax/libs/prism/9000.0.1/components/prism-scheme.js
1b23fd0b89c337d88d76aedf4596f691b79f60cc2aaf6970690ee5d319e1f12b,https://cdnjs.cloudflare.com/ajax/libs/dayjs/1.11.18/locale/nl-be.min.js
1b2d344d8e3101f5160e86ad80b85c38997de7c4b9119a7cc58e190ea7a20058,https://www.youtube.com/s/player/1765788a/player_ias.vflset/en_US/base.js
1b3331c29f4a1e222ebf7d3b9bd3458a308c2a47fc5e6cccb93f7d2d5c57533d,https://cdnjs.cloudflare.com/ajax/libs/crypto-js/4.2.0/cipher-core.js
1b39e2ccfce0a4c9cb6fcc2fa7a14ed1734cd025b3362a73906436345cad03cc,https://maps.googleapis.com/maps-api-v3/api/js/63/14d/main.js
1b3e1df879a0d52ed863ec17544e68490a845b2847953ceeff1e4f72208e07e3,https://ajax.googleapis.com/ajax/libs/shaka-player/4.0.5/shaka-player.compiled.js
1b6ddf52e3315f7a96473596da6809939f5ba8a32a60443a9a6811e739442fa9,https://ajax.googleapis.com/ajax/libs/jqueryui/1.8.9/themes/smoothness/jquery-ui.css
1b732ad9de07f8372101f519e276610174e4ba776bdd1207b3d2804b1bb26725,https://cdnjs.cloudflare.com/ajax/libs/popper.js/2.11.8/esm/dom-utils/getOffsetParent.min.js
1b765b0cbd95391f6db0b565988eeb70ea68aa77bb9f8f7c8a880d96474c2aa8,https://cdnjs.cloudflare.com/ajax/libs/gsap/3.10.4/gsap.min.js
1b7e1482a112ab2d24e67cd14370c123f1045af759919ca985463004c453aef1,https://cdnjs.cloudflare.com/ajax/libs/popper.js/2.11.8/esm/dom-utils/getDocumentRect.min.js
1b9bf652a42d5dda4127ebcf31890be0d79aa9a11fa5a9e6e77efba30e8e895e,https://www.youtube.com/s/player/e237d4c5/player_ias.vflset/en_US/captions.js
1bc5a3702f44959ba42cdb597a11ce754e98abd6e41e7a555efa916c60cb735e,https://ajax.googleapis.com/ajax/libs/jquerymobile/1.4.4/jquery.mobile.min.css
1bcd04a910dc9935d6d928727115f20f1c873f5b7cbe27261fe80f9e320aa6f8,https://cdnjs.cloudflare.com/ajax/libs/popper.js/2.11.8/umd/popper-lite.min.js
1bd90fb6e1f0907bac9943799a0136460446fd62ce2f256bb240085a3cd7566d,https://cdnjs.cloudflare.com/ajax/libs/dayjs/1.11.18/locale/pl.js
1bdca591703a332a06d5cb0c4a0438a75e1e4d4c827d4fb9e3b0cde9ac1dbf2d,https://cdnjs.cloudflare.com/ajax/libs/preact/10.27.2/hooks.min.js
1bdd23feda5e3effbbd69c32c57ff0a2068ac827d0e9a0cd73ddc7a3bcc2aaa5,https://cdnjs.cloudflare.com/ajax/libs/prism/9000.0.1/components/prism-go.js
1be5fa7658afb1fb229d4e42656e08d432255ef2bef5103cd29b35a9c049c29a,https://www.youtube.com/s/player/58b06374/player_ias.vflset/en_US/base.js
1be8b4e33874844978e2f4ba497f9dc290add220add5328b245465df7cfb5356,https://cdnjs.cloudflare.com/ajax/libs/cheerio/1.1.2/dist/commonjs/load-parse.js
1c18b2359a19a9b0f3ce25155e1702db89b69c6f4a9e9e5defaeb0ed512e5970,https://ajax.googleapis.com/ajax/libs/shaka-player/4.15.47/shaka-player.compiled.js
1c3f7a17514db5f335d5b02cb8c9f4012ea90a66869fe8e7a4297b64558cb4e7,https://www.youtube.com/s/player/0b59edd6/player_ias.vflset/en_US/base.js
1c4d6787493cd1af327686b03e6b78ef520e519d9fcb14fd81f339990af5481c,https://ajax.googleapis.com/ajax/libs/shaka-player/4.6.18/shaka-player.compiled.js
1c4ffba8f75324bffdf5fadb4ca30ec029fede7428a8565a7d09a147f29d1ae4,https://ajax.aspnetcdn.com/ajax/knockout/knockout-2.2.0.js
1c5426f04e151bb0a3d04f7be43e61a9a393ac991a7a29c95983ba2327c212b8,https://ajax.googleapis.com/ajax/libs/model-viewer/1.3.1/model-viewer.min.js
1c5637f8e9c373408bd946d673f5b78b5b53b2df62652f51a1432a95bdb4966f,https://cdnjs.cloudflare.com/ajax/libs/fuse.js/7.1.0/fuse.js
1c5c447898275743d2dd7e4f263e33a3035fbb337cdddeba4cae191860f1d02e,https://ajax.googleapis.com/ajax/libs/shaka-player/2.0.9/shaka-player.compiled.js
1c5ec8789f93c37f1363baa819f6770dad93d301969e42cbf103d4df2ecca8ec,https://cdnjs.cloudflare.com/ajax/libs/dayjs/1.11.18/locale/ca.min.js
1c62c50b1dda4a533f176f5170b1e79fd0adf6959f10b4a52d5b9dca8be4f151,https://www.youtube.com/s/player/ea233d9b/player_ias.vflset/en_US/captions.js
1c62c50b1dda4a533f176f5170b1e79fd0adf6959f10b4a52d5b9dca8be4f151,https://www.youtube.com/s/player/32a343c8/player_ias.vflset/en_US/captions.js
1c68c45d5dea50d4ee18b6f8f518ecf8c90513079a238fbfe709be2945707e6a,https://www.youtube.com/s/player/a8fa2535/player_ias.vflset/en_US/captions.js
1c68c45d5dea50d4ee18b6f8f518ecf8c90513079a238fbfe709be2945707e6a,https://www.youtube.com/s/player/0c9dcb4e/player_ias.vflset/en_US/captions.js
1c87a0da6b5c4ae95046a426ce78fa23de789a5c68036b6f7b5b4c74ce02df95,https://cdnjs.cloudflare.com/ajax/libs/jose/6.1.0/index.umd.js
1c9418e68631fa52f9dc1f338a4fa7b238d99e9519ebbc82819d9eae8b257bd1,https://ajax.googleapis.com/ajax/libs/prototype/1.6.0.3/prototype.js
1cbda21998b65e08a7e936114cabd7f7783d0f590dd6efdd58c7faa8b6e7b9aa,https://ajax.aspnetcdn.com/ajax/bootstrap/3.0.0/css/bootstrap.min.css
1cf09a81b2af03f9d5068c39b8e5d4e433d6664f86299e4d3b7050e3c35f100b,https://cdnjs.cloudflare.com/ajax/libs/validator/13.15.15/validator.js
1d08db49b4809923348dbddee135089839b9a09ed0f37f66c403bb9ff708c055,https://www.youtube.com/s/player/18d29a11/player_ias.vflset/en_US/base.js
1d0e9167a78e3b4af54686222a3c49581cf72109b4a95086081b3e335b1c9b3c,https://cdnjs.cloudflare.com/ajax/libs/pdf.js/5.4.149/pdf_viewer.css
1d12d8a3a14b5c8bc56a5e87618db1c8a14725d07fbe5e094038387d5846ba30,https://ajax.aspnetcdn.com/ajax/bootstrap/4.2.1/css/bootstrap-grid.css
1d367fe704ebe2c561917a5fe04960ad8887e305cead50d0a80692c38e868142,https://cdnjs.cloudflare.com/ajax/libs/prism/9000.0.1/plugins/show-invisibles/prism-show-invisibles.min.js
1d4046b0d0ac5e9dce658c7255f26229a537f2f32c7e4b07ddfd686223ea7027,https://ajax.aspnetcdn.com/ajax/signalr/jquery.signalr-1.1.1.js
1d4197c3e0205f1c1ac0c0e1f82acdd8f352295495501d0b35938504d011bbf5,https://www.youtube.com/s/player/5afa7c36/player_ias.vflset/en_US/base.js
1d4e32ecf0f09d0f8fe1ac2e3208f7b606a5459c56fc9cab18f26186c33e728f,https://cdnjs.cloudflare.com/ajax/libs/dayjs/1.11.18/locale/uk.min.js
1d575b8e820c8ce644017d9b037e8708254eaccaa09a22d1612efc2bf05be34b,https://ajax.aspnetcdn.com/ajax/jQuery/jquery-1.10.1-vsdoc.js
1d6f5449d4e40e774ecc08c820e8899e8f837b5abb326d1d446ae9f3185ac339,https://cdnjs.cloudflare.com/ajax/libs/prism/9000.0.1/components/prism-haskell.js
1db6ff0d91089c9ed2eb7bce68f0fe1b5e4090d783a2a0d4404e3a46af67873d,https://www.youtube.com/s/player/fc6f7cb5/player_ias.vflset/en_US/base.js
1dc69d5213e5ad0777a380cb15fcd4d3237084f0b40a0db4fdeb203ff863ec6c,https://cdnjs.cloudflare.com/ajax/libs/popper.js/2.11.8/esm/modifiers/computeStyles.js
1e15e5257fae2cb830b9a3b9289f9136680ed1b943e7f4e7eb98b57bd74f098a,https://cdnjs.cloudflare.com/ajax/libs/date-fns/4.1.0/locale/it-CH/cdn.min.js
1e16489ef423991910633b6701e84f863751e1d233e332e852e895a1b87c4745,https://www.youtube.com/s/player/55b1ff8b/player_ias.vflset/en_US/captions.js
1e16489ef423991910633b6701e84f863751e1d233e332e852e895a1b87c4745,https://www.youtube.com/s/player/d11f06d8/player_ias.vflset/en_US/captions.js
1e16489ef423991910633b6701e84f863751e1d233e332e852e895a1b87c4745,https://www.youtube.com/s/player/3db16eda/player_ias.vflset/en_US/captions.js
1e16489ef423991910633b6701e84f863751e1d233e332e852e895a1b87c4745,https://www.youtube.com/s/player/669cd14f/player_ias.vflset/en_US/captions.js
1e16955bda1798614652bad855489515142d21b663fa97f6bcf4ded84699d628,https://www.youtube.com/s/player/c2b286e4/player_ias.vflset/en_US/base.js
1e2bb0b55899f117adcd3fce2ef3e7a761ee4ef47e973c575174e366f7b63af6,https://www.youtube.com/s/player/3e133d8d/player_ias.vflset/en_US/captions.js
1e2bb0b55899f117adcd3fce2ef3e7a761ee4ef47e973c575174e366f7b63af6,https://www.youtube.com/s/player/924b2d9a/player_ias.vflset/en_US/captions.js
1e2bb0b55899f117adcd3fce2ef3e7a761ee4ef47e973c575174e366f7b63af6,https://www.youtube.com/s/player/5afa275f/player_ias.vflset/en_US/captions.js
1e3b05336944dc8257502af3b9d063bd66295c799afe9ae1368eddfb4db6e250,https://ajax.aspnetcdn.com/ajax/bootstrap/3.0.2/css/bootstrap.min.css
1e41ea39143e34c256fbf9056b56afdd6c0438d84ed772e4e3f6230ccfeee81b,https://cdnjs.cloudflare.com/ajax/libs/rxjs/7.8.2/rxjs.umd.js
1e46f15002696985e80c61d47aaa30dabb03c954270a690f5f7dfbbacfa9002b,https://cdnjs.cloudflare.com/ajax/libs/react/19.1.1/cjs/react-jsx-runtime.production.js
1e59486d3abf70850fad0d7a12e7a4ca65c171dbb9762ffc8e2ff0859773f2dd,https://cdnjs.cloudflare.com/ajax/libs/dayjs/1.11.18/locale/et.js
1e5bb35a81146c4c12bbe2f2d429515716bd87606b0fe770fc5d735cb5abfad3,https://cdnjs.cloudflare.com/ajax/libs/popper.js/2.11.8/esm/utils/mergePaddingObject.min.js
1e6227629cdb3e3630dabab6ab1f494d3d86eec7d6f5bee3e653a260dfea90c1,https://ajax.aspnetcdn.com/ajax/modernizr/modernizr-2.7.1.js
1e6814fa8d3d1de5985330bc6a24b2233f528981a97f8e5ba3cb7af4178f474c,https://cdnjs.cloudflare.com/ajax/libs/prism/9000.0.1/components/prism-smarty.js
1e6bf289ca070834472bc99cdbec514e303e0f22e6fe255c7113687cfa3816f6,https://www.youtube.com/s/player/4a6035e3/player_ias.vflset/en_US/base.js
1e80de36726582824df3f9a7eb6ecdfe9827fc5a7c69f597b1502ebc13950ecd,https://ajax.googleapis.com/ajax/libs/jquery/1.10.0/jquery.min.js
1e8c683e048c6317d47cdae63424898bcfab17d2e4359f69caeb9e345d18384f,https://www.youtube.com/s/player/d9454757/player_ias.vflset/en_US/captions.js
1e96629e5c2431ad7b70184060b21bcde423ef26ea26f515a3e74d5f3820b308,https://cdnjs.cloudflare.com/ajax/libs/web-vitals/5.1.0/web-vitals.js
1ea707188de5726c32a38af6cc97e2c269781fac5730405513de07798ffb8e0c,https://cdnjs.cloudflare.com/ajax/libs/jose/6.1.0/jws/compact/sign.js
1ea874e69f3e23dcbb671a937eccef0e7af36b27124d5050e36fcaae8a2e98bd,https://cdnjs.cloudflare.com/ajax/libs/moment.js/2.30.1/locale/en-ca.js
1eadbb4c5e18e484abcfdcd9828f993f7eef7fbf49e0c91bbcc1080515395117,https://www.youtube.com/s/player/25f11721/player_ias.vflset/en_US/base.js
1eafcccd960f284e3b3648fd758466166c883d0879a3ddc72c63a174910069e6,https://ajax.aspnetcdn.com/ajax/jQuery/jquery-1.4.1.min.js
1eb24253fd20a8f3f2ad5670d98ac045cc6686c9a1a4e01f06d98a900f077f2e,https://cdnjs.cloudflare.com/ajax/libs/vue/3.5.22/vue.cjs.min.js
1eb5292722597c255b65067ece10fbe2b6d18d614580b23ba72c155fd4dae9c0,https://www.youtube.com/s/player/dbb1f29d/player_ias.vflset/en_US/base.js
1ebb4a61a98a6c7f299f48e8f4f3a3f1da0288a89e82b35a5505e545451d0900,https://ajax.googleapis.com/ajax/libs/d3js/5.9.0/d3.min.js
1ec1d72e80819b8fd11fd42d60db851f216dcccc6222389db25283a16da05fe5,https://cdnjs.cloudflare.com/ajax/libs/dayjs/1.11.18/locale/ug-cn.min.js
1edb1725a9ea8ca4dcf2f5508cee183218aa1685e47c1b23056717f754f58ebf,https://cdnjs.cloudflare.com/ajax/libs/font-awesome/6.4.0/css/all.min.css
1ef120c98ef77fe66cf1de9240f6d9ec1b7f13dce3e5ca2d5fc24582dd07131d,https://www.youtube.com/s/player/4d9879e9/player_ias.vflset/en_US/captions.js
1f0189e087fcefbf654fad74a3a06668b782c01353a61d5c0b7f0bf23e33c020,https://cdnjs.cloudflare.com/ajax/libs/font-awesome/6.6.0/webfonts/fa-solid-900.woff2
1f03d04ff50723c34774a94fc03b6e3f313ae28e20b8d917a296464fe2100469,https://cdnjs.cloudflare.com/ajax/libs/tailwindcss/4.1.13/default-theme.mjs
1f058e34466ba6ea21f79d5c403d68bf61d42b9cc0e43c09d433545da33a16c6,https://ajax.aspnetcdn.com/ajax/jQuery/jquery-3.6.0.slim.js
1f1b1f367a6c41dc489bb20832a68f214509fde61f888ca29a548adc2678a82e,https://cdnjs.cloudflare.com/ajax/libs/prism/9000.0.1/themes/prism-funky.css
1f2a67659bf0d0042a95482517d37ef8a59b5e76acdedd7d8a7c6778569d20a0,https://www.youtube.com/s/player/16ef956e/player_ias.vflset/en_US/captions.js
1f2a67659bf0d0042a95482517d37ef8a59b5e76acdedd7d8a7c6778569d20a0,https://www.youtube.com/s/player/c4f5cc56/player_ias.vflset/en_US/captions.js
1f2a67659bf0d0042a95482517d37ef8a59b5e76acdedd7d8a7c6778569d20a0,https://www.youtube.com/s/player/57f5d44f/player_ias.vflset/en_US/captions.js
1f2a67659bf0d0042a95482517d37ef8a59b5e76acdedd7d8a7c6778569d20a0,https://www.youtube.com/s/player/dbc3c96f/player_ias.vflset/en_US/captions.js
1f2a67659bf0d0042a95482517d37ef8a59b5e76acdedd7d8a7c6778569d20a0,https://www.youtube.com/s/player/80f08606/player_ias.vflset/en_US/captions.js
1f2a67659bf0d0042a95482517d37ef8a59b5e76acdedd7d8a7c6778569d20a0,https://www.youtube.com/s/player/8b54769b/player_ias.vflset/en_US/captions.js
1f3217d69f6512ea3984fb7428e1afe0c7779cf3822582c52e6eaa8982ac23b1,https://cdnjs.cloudflare.com/ajax/libs/moment.js/2.30.1/locale/bm.js
1f429f4e2829515fb4ff9b67d875c2d023f08610e15a049ac0976715dd02182a,https://ajax.aspnetcdn.com/ajax/bootstrap/3.4.0/css/bootstrap.min.css
1f54297089bd8394c668e0372605cdc197e0db8ddd0164fb358ea777d2da6b97,https://cdnjs.cloudflare.com/ajax/libs/dayjs/1.11.18/locale/it-ch.min.js
1f5664e1a24ed771727fa50417014bba809c2d0ee8a6ff77a7334f1a7712726a,https://cdnjs.cloudflare.com/ajax/libs/prism/9000.0.1/components/prism-jade.min.js
1f841a445b068c0c16a1b07e87725a7bbd474a67154d8c823198bf90ff771d2c,https://cdnjs.cloudflare.com/ajax/libs/dayjs/1.11.18/locale/ko.min.js
1f9312cffc1f4abf1e964bdfd88bb31741373b51872fc41dc58b76bdb5c2844d,https://cdnjs.cloudflare.com/ajax/libs/moment.js/2.30.1/locale/be.min.js
1f992c9123c36ca4ac534d87c144850d0ca799e26643b62d49e98d40cd146391,https://cdnjs.cloudflare.com/ajax/libs/prism/9000.0.1/plugins/show-invisibles/prism-show-invisibles.js
1f9cdeb0535c47622bb1615a1b57b6185b53fabbb1e450079627220778c2b876,https://cdnjs.cloudflare.com/ajax/libs/prism/9000.0.1/components/prism-sql.min.js
1fd37d6e5571aa02cd8636739e5da6d11fd5108a85213f02147c8b146551ba7b,https://ajax.aspnetcdn.com/ajax/knockout/knockout-3.4.2.debug.js
1fdd331f8fd0448f9d7ce97573cb828a83aad7a7bb2c4da0e75fdb9563eef129,https://static.parastorage.com/unpkg/firebase@9.23.0/firebase-database-compat.js
1fe2bb5390a75e5d61e72c107cab528fc3c29a837d69aab7d200e1dbb5dcd239,https://ajax.aspnetcdn.com/ajax/jQuery/jquery-3.6.0.js
1fef2796d3e74a8ff82e487f7dfedb73d6933980667436cff665657f86485ffa,https://cdnjs.cloudflare.com/ajax/libs/redux-thunk/3.1.0/redux-thunk.legacy-esm.js
1fef2796d3e74a8ff82e487f7dfedb73d6933980667436cff665657f86485ffa,https://cdnjs.cloudflare.com/ajax/libs/redux-thunk/3.1.0/redux-thunk.mjs
1ffa86862e66b6c0fff35cb96875e97a793aaf86ca749b29381cbc67a0877bba,https://cdnjs.cloudflare.com/ajax/libs/crypto-js/4.2.0/format-openssl.js
2014c523c3210bcc166648c4d4cc57f05b747df07a24277bf71c51e67dc79e3d,https://cdnjs.cloudflare.com/ajax/libs/KaTeX/0.16.9/fonts/KaTeX_Size2-Regular.woff
201e5d86c4f1e11efbd23ff7628b68719fd76062db08b3887bcb74050200a2ad,https://ajax.googleapis.com/ajax/libs/spf/2.3.1/spf.js
203eacb56ace5c15de56560bda7e399e3c111c21bc70e9167e2bb5db5f67720e,https://cdnjs.cloudflare.com/ajax/libs/preact/10.27.2/preact.min.module.js
2051d61446d4dbffb03727031022a08c84528ab44d203a7669c101e5fbdd5515,https://cdnjs.cloudflare.com/ajax/libs/jquery/2.1.3/jquery.min.js
20648add745f967aff4c8626bbc0c788fc683c7a3656664881ca31fc309a2948,https://www.youtube.com/s/player/8201a429/player_ias.vflset/en_US/base.js
2065aecca0fb9b0567358d352ed5f1ab72fce139bf449b4d09805f5d9c3725ed,https://ajax.aspnetcdn.com/ajax/jQuery/jquery-1.11.3.js
206fe93d6b659cc8d9c4889316a1b566c8db63c24979196d44e9e47cbf4b9e99,https://cdnjs.cloudflare.com/ajax/libs/qs/6.14.0/qs.min.js
208e22d315a9107bff2514160c82b22dce0c4be0c69aa8484a68022627a07d4a,https://cdnjs.cloudflare.com/ajax/libs/fuse.js/7.1.0/fuse.basic.mjs
20a17ca455b1f57fff2a8587936659df476d6c96cba150bdddb3dc209de8ae25,https://ajax.aspnetcdn.com/ajax/jquery.migrate/jquery-migrate-1.1.1.js
20a659fdf718e5eb722663a7b4240d42813cd556dc3897d4745a0eb6a51a0206,https://ajax.googleapis.com/ajax/libs/shaka-player/4.13.25/shaka-player.compiled.js
20a8c9b10020661caf7a161f935105a95996cc02f79fae8e77aed668d1fe294f,https://cdnjs.cloudflare.com/ajax/libs/dayjs/1.11.18/locale/sr.min.js
20c6c16b68d8464c239439e08fdeced3a5a1a53c478d91f2d782959ca2570d27,https://www.youtube.com/s/player/4a6bba85/player_ias.vflset/en_US/base.js
20d1d9105d12b4a2c4b1fa6d1a145d5254140da83093e98f97a4f91148fbcd01,https://www.youtube.com/s/player/e237d4c5/www-player.css
20d1d9105d12b4a2c4b1fa6d1a145d5254140da83093e98f97a4f91148fbcd01,https://www.youtube-nocookie.com/s/player/e237d4c5/www-player.css
20d44b561d62c37a3f4d4e747e5a4337ee2c812d302a588a067a8bd8c8b747fd,https://cdnjs.cloudflare.com/ajax/libs/dayjs/1.11.18/plugin/customParseFormat.min.js
20d8c4d4d74c8cbc67af7d2c7694d48cfec339067f7177b9512c87db85182232,https://cdnjs.cloudflare.com/ajax/libs/date-fns/4.1.0/locale/he/cdn.js
20e8128b0d4aa2160040e3690a576e24e7224626ecb7ded3d87d24fbd831e3f3,https://cdnjs.cloudflare.com/ajax/libs/dayjs/1.11.18/locale/gu.min.js
20f124f5ca30423ae938ea6564ff4027099483d5d954585c6770eabbe246d65e,https://cdnjs.cloudflare.com/ajax/libs/dompurify/3.2.7/purify.js
20f9dc1b8566a371cc3e871516427ca49165c3c5ee486801240fe3e725da235c,https://ajax.aspnetcdn.com/ajax/bootstrap/3.0.2/bootstrap.js
20fb0d0967e2720d135a6894165bf96e327b42bdedcbf45a9b2f9e44da7986dc,https://cdnjs.cloudflare.com/ajax/libs/moment.js/2.30.1/locale/de.js
21281b3f406bd4fd404d4db253955aa245f320a2977277bae1202ca5e2351552,https://cdnjs.cloudflare.com/ajax/libs/marked/16.3.0/lib/marked.esm.min.js
2152e8a794982170a4c1dae32a74e31a81218fd74781c27b0d628a02bf532413,https://cdnjs.cloudflare.com/ajax/libs/rxjs/7.8.2/rxjs.umd.min.js
21561f388c1202a7d2b53c365658036f0500ba40f3df2b2825625718827ac601,https://www.youtube.com/s/player/e7573094/player_ias.vflset/en_US/base.js
215ca7b3c6edcae903cb900102286450a38877014c65e62abdddd9c7d42b7601,https://cdnjs.cloudflare.com/ajax/libs/crypto-js/4.2.0/enc-latin1.min.js
215d932cbabd20c522de1e9b352dea0c3a9a4fe726ba04c7acc8a43ece334682,https://www.youtube.com/s/player/3ccae36b/player_ias.vflset/en_US/captions.js
215eb74df635e94498e55d885a08be87391c81153d7901a5f299e5c812b83ea1,https://maps.googleapis.com/maps-api-v3/api/js/65/3b/places_impl.js
21671e63016f14cf41ae8aa35d7709aecc3f9d17c08066330d6020fdfcbe1ae0,https://ajax.googleapis.com/ajax/libs/jqueryui/1.9.2/themes/smoothness/jquery-ui.css
217ea0c8d055db909ca8b6d44b0c8dfef2a95f07010c634af88aa61202e4f08b,https://cdnjs.cloudflare.com/ajax/libs/exceljs/4.4.0/exceljs.js
218060f49802e12ad8ffe0f87a732d7cc97d16b7a185420703b667a9b6a85df8,https://cdnjs.cloudflare.com/ajax/libs/date-fns/4.1.0/locale/ar-EG/cdn.js
21940da4b9182c279523d9f40e22eaf77a2dd258ea7e2f1e34f9c48becd3e588,https://www.youtube.com/s/player/d11f06d8/player_ias.vflset/en_US/base.js
21a0a7092a8d46ffa1840b73f57acfdfc4410311a707f8bb9dba605dfa5ba9f9,https://www.youtube.com/s/player/21cd2156/player_ias.vflset/en_US/base.js
21b00e586a09f4634d9fab6e7290f707be03865be82088e0b1300dc0e4cf4862,https://cdnjs.cloudflare.com/ajax/libs/dayjs/1.11.18/locale/hi.min.js
21b24d9d6143c281e4206b0da8c3cf929d50dc82af6d6ce2a00f017ea7b7fb22,https://www.youtube.com/s/player/8180e7ff/player_ias.vflset/en_US/captions.js
21cfe14e920b3edc4bc394709929f61aa5f2f9e51d3ca0c6edd1e51f29d7e3c9,https://cdnjs.cloudflare.com/ajax/libs/moment.js/2.30.1/locale/az.js
21e0b62a6ccf16f63921471d5ce041f08a9c32c6c3b78ba30798b83c6531ad80,https://cdnjs.cloudflare.com/ajax/libs/cheerio/1.1.2/dist/commonjs/api/traversing.min.js
21e1b25838c62bc681b3e5937cb4fac0dc124c63de9cab64a4498bacb5702de3,https://cdnjs.cloudflare.com/ajax/libs/jose/6.1.0/lib/decrypt.js
21ec149e4e1d244f1e9ca50d25b91fa5fa494055f6214af9bad91b0c2a774252,https://www.youtube.com/s/player/ef5f17ca/player_ias.vflset/en_US/base.js
220136e025ba2699237b8785cd2cf6588224f99c21021d9f1380b1fc5e2ea131,https://www.youtube.com/s/player/7ce603a3/player_ias.vflset/en_US/base.js
220934f576134b0466d99f786ce21b13f87d319b1e9ae633c55e68f6f41c3c9d,https://cdnjs.cloudflare.com/ajax/libs/fuse.js/7.1.0/fuse.min.js
22197186d18445959e5fe5577d8e34440b31d87c811daf47318078310c0c5530,https://cdnjs.cloudflare.com/ajax/libs/pdf.js/5.4.149/images/annotation-pushpin.svg
22332e204a00bf387d853edb439defc934efdfec8dac5c90347c88b3a90023ce,https://cdnjs.cloudflare.com/ajax/libs/moment.js/2.30.1/locale/el.min.js
22642f202577f0ba2f22cbe56b6cf291a09374487567cd3563e0d2a29f75c0c5,https://ajax.googleapis.com/ajax/libs/jquery/2.1.4/jquery.min.js
22642f202577f0ba2f22cbe56b6cf291a09374487567cd3563e0d2a29f75c0c5,https://ajax.aspnetcdn.com/ajax/jQuery/jquery-2.1.4.min.js
228e57ff04cff9eb1cefe86e9c8eae6438a6806cf66d36b886c444d7596ec5c1,https://www.youtube.com/s/player/c7c1953f/player_ias.vflset/en_US/captions.js
228e57ff04cff9eb1cefe86e9c8eae6438a6806cf66d36b886c444d7596ec5c1,https://www.youtube.com/s/player/4c6971ef/player_ias.vflset/en_US/captions.js
229278f6a9c1c27fc55bec50f06548fe64c2629f59f462d50cac28e65bb93a83,https://ajax.googleapis.com/ajax/libs/jquery/1.5.0/jquery.min.js
229278f6a9c1c27fc55bec50f06548fe64c2629f59f462d50cac28e65bb93a83,https://ajax.aspnetcdn.com/ajax/jQuery/jquery-1.5.min.js
2298921bcca0760aa852bc6c337b8baa8599879948b6936d27aef59f869b8101,https://maps.google.com/maps-api-v3/api/js/65/3b/common.js
2298921bcca0760aa852bc6c337b8baa8599879948b6936d27aef59f869b8101,https://maps.googleapis.com/maps-api-v3/api/js/65/3b/common.js
22af0117cd6411487606190fed1401f823e4b009df867e8ba3f3d671c588a28e,https://cdnjs.cloudflare.com/ajax/libs/jose/6.1.0/lib/get_sign_verify_key.js
22b464461c1d3b621c3f6fb5b678b6531ab0a704d0e1bd078ddd371b87473db0,https://ajax.aspnetcdn.com/ajax/bootstrap/5.2.3/css/bootstrap.css
22c005b862ea0555a08cd4ce11b21f79b506ca9b6a27087089f5ff35031bab0c,https://www.youtube.com/s/player/6e52949b/player_ias.vflset/en_US/captions.js
22f002a85e23a9ce491dcfb65f01e2e7e842d5e3783e6116808c2beee2a8f115,https://ajax.aspnetcdn.com/ajax/jQuery/jquery-1.4.2.js
2300a779b92393d194dde96e95742236fa2dace8ea696434822f4590611e60a2,https://cdnjs.cloudflare.com/ajax/libs/moment.js/2.30.1/locale/oc-lnc.min.js
232066e3f6f1351afdaee1acb70c409766641fd5669e0b55ce7c77fac0a857ef,https://ajax.googleapis.com/ajax/libs/jquery/1.6.4/jquery.min.js
2330570d99ff16c08ad07c2b87a22b52b11da86966c4fd69ff0fd87f6e36a4a6,https://www.youtube.com/s/player/26a9c282/player_ias.vflset/en_US/captions.js
23357f47570e4c6822c16cb00aae87a75c4ce8a726e8319b078f9951d0f2b490,https://www.youtube.com/s/player/6572a644/player_ias.vflset/en_US/base.js
2359d383bf2d4ab65ebf7923bdf74ce40e4093f6e58251b395a64034b3c39772,https://ajax.googleapis.com/ajax/libs/jquery/1.12.1/jquery.min.js
2359d383bf2d4ab65ebf7923bdf74ce40e4093f6e58251b395a64034b3c39772,https://ajax.aspnetcdn.com/ajax/jQuery/jquery-1.12.1.min.js
238040837b5172381b31d5721c7ff8993bdb761be29547b503e3a9b4e14c0f13,https://cdnjs.cloudflare.com/ajax/libs/socket.io/4.8.1/socket.io.js
23852543b9e3b4bd261bf89c8d752c531f420d5dec39d70870fce9c54753982d,https://www.youtube.com/s/player/a57cdcbf/player_ias.vflset/en_US/base.js
2388ca24ba1ed2c8f0028d5c72acdf25652740bc590fdf2deeb8ff64395334e2,https://cdnjs.cloudflare.com/ajax/libs/popper.js/2.11.8/esm/utils/uniqueBy.js
239a87978c0fc495ad14f7c180831e1e17b5447078d1298c91b6e1968de656b2,https://www.youtube.com/s/player/b15c2dcf/player_ias.vflset/en_US/base.js
239b808703fdde12c2f6985d93f7d47b97949ee905238dd502c590896974064d,https://cdnjs.cloudflare.com/ajax/libs/moment.js/2.30.1/locale/bm.min.js
239b8be0f10661b519602fd56e08ab951ce12239adb94923ae2f62622c09b70b,https://www.youtube.com/s/player/e5ae3fff/player_ias.vflset/en_US/base.js
23bdfacd12ad9bd2a7b39a727c1548897e04cdcf21b1960647a08a7c55d1fe05,https://www.youtube.com/s/player/5bb72cbb/player_ias.vflset/en_US/captions.js
23bdfacd12ad9bd2a7b39a727c1548897e04cdcf21b1960647a08a7c55d1fe05,https://www.youtube.com/s/player/bbe4bdbc/player_ias.vflset/en_US/captions.js
23bdfacd12ad9bd2a7b39a727c1548897e04cdcf21b1960647a08a7c55d1fe05,https://www.youtube.com/s/player/cb017549/player_ias.vflset/en_US/captions.js
23bdfacd12ad9bd2a7b39a727c1548897e04cdcf21b1960647a08a7c55d1fe05,https://www.youtube.com/s/player/0a5faf6d/player_ias.vflset/en_US/captions.js
23eb11f4201d61178c1fd02b00db912def67fec105e2f281de037cb90c052e01,https://www.youtube.com/s/player/4f48ea67/player_ias.vflset/en_US/base.js
24039160e1a31357f54f538ada6b1de1c0a14e352e76851c3d6e9771255ea605,https://www.youtube.com/s/player/4f38b487/player_ias.vflset/en_US/base.js
2405bdf4c255a4904671bcc4b97938033d39b3f5f20dd068985a8d94cde273e2,https://ajax.googleapis.com/ajax/libs/jquery/3.2.0/jquery.min.js
2405bdf4c255a4904671bcc4b97938033d39b3f5f20dd068985a8d94cde273e2,https://ajax.aspnetcdn.com/ajax/jQuery/jquery-3.2.0.min.js
24232769a9ff80fc29ea2fede0fd6bc451d726a506f42d50c81fb57d9d6d3646,https://cdnjs.cloudflare.com/ajax/libs/moment.js/2.30.1/locale/uz-latn.min.js
24263c9d2dad6c3aaf208b58ac10994dbb3a83bb0e2e81297a17d0015ed7f6fc,https://cdnjs.cloudflare.com/ajax/libs/popper.js/2.11.8/esm/popper.js
2439cc76221f06f1bd3d645c2d4e8cda84d2d1291040b0823daa15611a8c5d53,https://ajax.googleapis.com/ajax/libs/model-viewer/1.12.0/model-viewer.min.js
243f6ee513637db6d897f01b89862f54f29c2cd94a35edaead432e1b334421c9,https://ajax.aspnetcdn.com/ajax/jQuery/jquery-2.0.1.min.js
2453e31f9c5e0dbee528d11f97a85edf897ed93406954ce8e475f0244abf249a,https://ajax.aspnetcdn.com/ajax/bootstrap/3.3.4/css/bootstrap-theme.min.css
246b58fdaee11470801e719500160bba4d6ae3f421d998dddf1c3e5f81e422ef,https://cdnjs.cloudflare.com/ajax/libs/crypto-js/4.2.0/mode-ctr-gladman.min.js
246cbeb45fe22519edab8ce0952418623383c56c70dc78cc9ee3a8c0f22d996a,https://www.youtube.com/s/player/fe8bd208/player_ias.vflset/en_US/captions.js
24711fd29744df86dd428659b7052a67f3e09726424798ef0360102e4331ed82,https://www.youtube.com/s/player/e99d8d7c/player_ias.vflset/en_US/base.js
24770d815523edda36901999c213d085dac68c34412a8b45d5a09fed74d79b60,https://www.youtube.com/s/player/1898687b/www-player.css
24770d815523edda36901999c213d085dac68c34412a8b45d5a09fed74d79b60,https://www.youtube-nocookie.com/s/player/1898687b/www-player.css
249ea254b5f40568dc750fa3004aa011f9d0771bfed0f5a8484c49fef0eb5838,https://ajax.googleapis.com/ajax/libs/scriptaculous/1.8.3/scriptaculous.js
24be41bd910e26371523fdff4f901c07b3f60e07a22424db58e3aa56918682dc,https://www.youtube.com/s/player/38bfa716/player_ias.vflset/en_US/base.js
24c8928619c471831467afc05aca6f0299e40b418b78bb30b4d66942d872d2bb,https://cdnjs.cloudflare.com/ajax/libs/moment.js/2.30.1/locale/tg.js
24cc29533598f962823c4229bc280487646a27a42a95257c31de1b9b18f3710f,https://ajax.aspnetcdn.com/ajax/bootstrap/3.2.0/bootstrap.min.js
24d24dca97cee756cf72233d188840328f8b73cd83b5dc762cd304204626f49b,https://cdnjs.cloudflare.com/ajax/libs/cheerio/1.1.2/dist/commonjs/types.js
24d75bb288be399b3b5b6950088b700426deaee6cbc315c81f3b01e902d59a1b,https://cdnjs.cloudflare.com/ajax/libs/moment.js/2.30.1/locale/az.min.js
24dfee2cc51ec0481aad1f62933bd0ae1238c34c5b0e73aeb1729027c913a26b,https://cdnjs.cloudflare.com/ajax/libs/crypto-js/4.2.0/enc-latin1.js
24e1b9d84341956a2b35d49647754dc4589bb95388df676c8496e758cb86e3c0,https://cdnjs.cloudflare.com/ajax/libs/moment.js/2.30.1/locale/is.min.js
24f099c92866d88ba834404372c3c1ad21bf305e9c501cb8089e520fdd3a63a1,https://ajax.googleapis.com/ajax/libs/jqueryui/1.8.2/themes/smoothness/jquery-ui.css
254d16e0c2ca9216ba271f2bb67681e023e6a83fe37905c103db2cf03f0d23b9,https://cdnjs.cloudflare.com/ajax/libs/popper.js/2.11.8/esm/dom-utils/isTableElement.js
2571993e30c0260f204eb36e6e7c32ef651fc75f67ae87491f093bef231489d5,https://www.youtube.com/s/player/c7119fda/player_ias.vflset/en_US/base.js
257dd68b07d7b18b6e2665a4ecedab506ece1fd7ac447d45c2ead70c412ec885,https://www.youtube.com/s/player/f104ea90/player_ias.vflset/en_US/base.js
2584e7871b3d869fcba965cf8f1f30e962d60019931a0b88cc474fd99f80822f,https://cdnjs.cloudflare.com/ajax/libs/bluebird/3.7.2/bluebird.js
259ad59cefcfd33be71822653c7135440c8f0084bdc889e3671d4668a1ec2be8,https://cdnjs.cloudflare.com/ajax/libs/popper.js/2.11.8/esm/modifiers/hide.js
25b8af792baac929c76b1b4cbeca3899cb376886087c86e9ac0bf996c4108402,https://cdnjs.cloudflare.com/ajax/libs/dayjs/1.11.18/plugin/isoWeek.min.js
25bbd7aa9858ecef3ee10ef68a7a12152f602a9fd11e1adfaa91b5ba117ba7ae,https://cdnjs.cloudflare.com/ajax/libs/react-select/5.10.2/react-select.cjs.dev.min.js
25c4a2a8616f855f234df6576c02e06e59f334728354b5f0559a6756458773a0,https://cdnjs.cloudflare.com/ajax/libs/date-fns/4.1.0/locale/uk/cdn.min.js
25d219431e5a018f5175a271e6b11c34ff51990a68e38a12e799752efb16ff51,https://cdnjs.cloudflare.com/ajax/libs/crypto-js/4.2.0/enc-hex.min.js
25daca6f804e01f659a322a505a2fe000635c0859fc884aaa0b0ebcff18b2783,https://www.youtube.com/s/player/25822515/player_ias.vflset/en_US/base.js
25e6b544ee02c43b37cdda3fad01e1adbee9c2e6779adf7971e91c88b949aa6e,https://cdnjs.cloudflare.com/ajax/libs/popper.js/2.11.8/umd/popper-lite.js
2610f191af3df324961a436c46d9d4cd67b8815f91818de0f6aea0a5f4198144,https://cdnjs.cloudflare.com/ajax/libs/dayjs/1.11.18/plugin/weekYear.min.js
262166fbb9689e1ef3a5ceaaf733e98dd77b06a0eb37818e02ab8b4208496605,https://ajax.googleapis.com/ajax/libs/jqueryui/1.8.14/themes/smoothness/jquery-ui.css
26246a985ec7bd5c933b9aa83d07601a0c066f2f9db3739a6f3852c1d559ac55,https://www.youtube.com/s/player/9da62807/player_ias.vflset/en_US/captions.js
262d40a89b22b440bb1e168a326b8d5160b1e7a954b1a651f64f0b0d82af71ec,https://cdnjs.cloudflare.com/ajax/libs/cytoscape/3.33.1/cytoscape.umd.min.js
2638bdd7224472f801890636d42df16c144ca46c84229ef3087190d21f935daf,https://cdnjs.cloudflare.com/ajax/libs/crypto-js/4.2.0/core.js
26494360e0db8345fef2c3e22a47055116f9cfb46f94d308684dd1036cfdeefc,https://ajax.aspnetcdn.com/ajax/jquery.migrate/jquery-migrate-3.0.0.min.js
265a924c42de4784cba8fd0e1bd77133bc833ea5f5a31fc77e08922c18fcfa43,https://ajax.aspnetcdn.com/ajax/jQuery/jquery-3.7.0.js
265f7d6f0023e92828fbc607d4d123e7006d61e0138ef6e6812c7901751afe57,https://cdnjs.cloudflare.com/ajax/libs/dayjs/1.11.18/locale/ar-sa.min.js
26625e9f97400b0ef91022aad487e78f7d84924205d98d21e588a3f0c8155eed,https://cdnjs.cloudflare.com/ajax/libs/date-fns/4.1.0/locale/fr-CA/cdn.min.js
266bcea0bb58b26aa5b16c5aee60d22ccc1ae9d67daeb21db6bad56119c3447d,https://ajax.googleapis.com/ajax/libs/jquery/3.0.0/jquery.min.js
266bcea0bb58b26aa5b16c5aee60d22ccc1ae9d67daeb21db6bad56119c3447d,https://ajax.aspnetcdn.com/ajax/jQuery/jquery-3.0.0.min.js
266d901ea379b2c17e7f3fc63cf98547a96b4dd9269b0cda64711274923a35fe,https://cdnjs.cloudflare.com/ajax/libs/ramda/0.31.3/ramda.min.js
26759852eabe0de944644a4c74582c56d182007699c4cc8bd1053b1f5c84dc40,https://www.youtube.com/s/player/b1ac6210/player_ias.vflset/en_US/base.js
2682b4d83b9cb5a3786dc20d9a2beb55e4100731377261ec6436889fdbfb4aa1,https://cdnjs.cloudflare.com/ajax/libs/dayjs/1.11.18/locale/fi.min.js
269c614f28c2a9470a6f1c3642a1734986a949f9272a0ce52e1c9d7eb888028f,https://cdnjs.cloudflare.com/ajax/libs/angular-ui/0.4.0/angular-ui-ieshiv.js
26a34d5ec76b69e13aeb03d6eac1ab0d3763169cfd6f99b0971bcaecc6840ef7,https://cdnjs.cloudflare.com/ajax/libs/react/19.1.1/cjs/react-compiler-runtime.development.min.js
26b74dfc6ad42c2a366fc2ae61c25b53649085d5418a89ca0f0ab45730884967,https://ajax.googleapis.com/ajax/libs/dojo/1.7.10/dojo/dojo.js
26bdd4ba04099aae2c1cea29be23e0f46f5c6c719bb73b8308d9466d09b8eaca,https://cdnjs.cloudflare.com/ajax/libs/react/19.1.1/cjs/react-jsx-dev-runtime.react-server.development.js
26c0b99111410388f0698d542b132a3f96b49c47e54b378c822cb10e0cd7f41a,https://cdnjs.cloudflare.com/ajax/libs/pdf.js/5.4.149/pdf.worker.mjs
26c133b45b9ecd82f90ca8dce74ea106ece6c67f297ee59af9191e502bd2b076,https://cdnjs.cloudflare.com/ajax/libs/dayjs/1.11.18/locale/uz.js
26fa0e203ffb28f3e977607c57baf09f915f9bb939e375ff4ce9a68b5860e913,https://cdnjs.cloudflare.com/ajax/libs/prism/9000.0.1/themes/prism-tomorrow.css
26ff57b15a8bc50f20339248b3f438ab2723136596082a063c2e0783fc4d8130,https://www.youtube.com/s/player/6bac48cb/player_ias.vflset/en_US/base.js
2707ae69c4b775dce87849834f5e788cc5115c8b0d2e461acb106156bbb40e57,https://cdnjs.cloudflare.com/ajax/libs/cheerio/1.1.2/dist/commonjs/api/css.min.js
27137da5c964a764766bfa2895495217694ad2b1229c5d32e6366118160a98d9,https://cdnjs.cloudflare.com/ajax/libs/prism/9000.0.1/components/prism-python.js
272212085ab16310ce600cda7842daf54bd31ec69cb99ac6f42c4b36fbbde312,https://cdnjs.cloudflare.com/ajax/libs/react-select/5.10.2/useStateManager-7748b351.cjs.dev.js
272212085ab16310ce600cda7842daf54bd31ec69cb99ac6f42c4b36fbbde312,https://cdnjs.cloudflare.com/ajax/libs/react-select/5.10.2/useStateManager-ce23061c.cjs.prod.js
273a97cec12ef063bc71f356e47412e3ea572dab79fb4a907820457d52d3c3b1,https://cdnjs.cloudflare.com/ajax/libs/vue/3.5.22/vue.global.min.js
2756848fff7f4333a26edc0e48b806a50a82eb433541d799b0da729474608dbc,https://cdnjs.cloudflare.com/ajax/libs/cheerio/1.1.2/dist/commonjs/api/traversing.js
275a0499cc335e482ea818fb0bfb321d0cbd404381b62fe5d6b304eef67c642b,https://ajax.aspnetcdn.com/ajax/globalize/1.0.0/globalize/number.js
275bc9a74bd4fd52d590b107f5d69b305ae9510840e888e7056a99d10121098f,https://cdnjs.cloudflare.com/ajax/libs/vue/3.5.22/vue.cjs.prod.min.js
2760380d4b6f74267db4443c1f5d4f04eea2b7391601d6b9bd09e43529bf1be0,https://cdnjs.cloudflare.com/ajax/libs/preact/10.27.2/compat.js
27606993352ec07213bee82aadd32e19173daf44d1921eb146acfcf8d26b3231,https://cdnjs.cloudflare.com/ajax/libs/dayjs/1.11.18/plugin/weekOfYear.min.js
276192e39a372cfbb4a97814aa4aecf63d1c166274eccf5887d4325c88857ca4,https://www.youtube.com/s/player/290465a5/player_ias.vflset/en_US/captions.js
276192e39a372cfbb4a97814aa4aecf63d1c166274eccf5887d4325c88857ca4,https://www.youtube.com/s/player/44899b31/player_ias.vflset/en_US/captions.js
27657a197e7882be419660ca00985d301ffbe085787cd42692fba7cffbbf808b,https://ajax.aspnetcdn.com/ajax/bootstrap/5.2.3/css/bootstrap-reboot.min.css
276c431d57ab8a6bb44182f799bae74e70bdf5cb984bc87fd9898323bd15ebfa,https://www.youtube.com/s/player/3510b6ff/player_ias.vflset/en_US/base.js
277aeff374e8a41ca9518580e54b5358bfad8a1e9f4b76c78f3f5ae6d02d9ea8,https://cdnjs.cloudflare.com/ajax/libs/date-fns/4.1.0/locale/de-AT/cdn.js
277b00868c54807fa92dd67c547621f6dc1871835b98ba9b8100e61ccf5abb30,https://cdnjs.cloudflare.com/ajax/libs/react-select/5.10.2/useAsync-6b7b2aae.cjs.dev.min.js
27855434b444c260e0dccc4cc42a7ee1b2e20135fe8b5c07a231879cb2f39ab9,https://www.youtube.com/s/player/3fb7e6ac/player_ias.vflset/en_US/captions.js
27aa9afe06ce877aba4424a47425dd724aaccf568e8f21f210b74b877cce4249,https://cdnjs.cloudflare.com/ajax/libs/moment.js/2.30.1/locale/ar-tn.min.js
27add7e26dce39431b6ba75154b24b2f3388741120abf4243dbb1317866865e3,https://www.youtube.com/s/player/7b9b4e02/player_ias.vflset/en_US/base.js
27b2fb3d04f9878687ab58717172592650e256de727e910366340be87e0f8352,https://cdnjs.cloudflare.com/ajax/libs/react/19.1.1/cjs/react-jsx-runtime.profiling.js
27b83af4a1ad34b50fa7e17b0b1b7294092af20a465812fc1268a4a2809bf3ae,https://cdnjs.cloudflare.com/ajax/libs/moment.js/2.30.1/locale/hy-am.min.js
27c41d224a9006b97f987b5b9cd0f0de68259af4ba5aef92694755edcbd977a1,https://www.youtube.com/s/player/9955f7e6/player_ias.vflset/en_US/captions.js
27c41d224a9006b97f987b5b9cd0f0de68259af4ba5aef92694755edcbd977a1,https://www.youtube.com/s/player/58012f6a/player_ias.vflset/en_US/captions.js
27fc1c356c6becdf3762ea1a5b96f7034531e6ff628692f18525ea15fe9fc268,https://ajax.aspnetcdn.com/ajax/knockout/knockout-2.1.0.debug.js
28033e449a31ebcc396e5be8b13b63152bf03094288fb5867034321927bce087,https://cdnjs.cloudflare.com/ajax/libs/gsap/3.12.5/gsap.min.js
2812d625ee79e57845893acdf604599b32505eca3b6de8fa98b3815bd51c4f3d,https://cdnjs.cloudflare.com/ajax/libs/prism/9000.0.1/components/prism-nsis.js
281b2348ed747ea3ee74763a01d56441d8c570b3e68f11556dc4084a14484d1f,https://cdnjs.cloudflare.com/ajax/libs/pdf.js/5.4.149/images/comment-actionsButton.svg
281db00f1ec4417b389d0f5455d5efeb883958ecba6cabdb10835b2fceb46f21,https://www.youtube.com/s/player/a0d0e12d/player_ias.vflset/en_US/base.js
284c01ef0aa3183632315ad4fb95838a0ed70926747d534cb93aebdb6b4299b2,https://cdnjs.cloudflare.com/ajax/libs/dayjs/1.11.18/locale/pt-br.js
284d87801a60349866d36bd4ad0b7e24f9029a9ffead121bcd61c9a33c01e9a6,https://ajax.googleapis.com/ajax/libs/dojo/1.5.0/dojo/dojo.js
285ba8edb91a3a18ba217568b4dc222bd53a618dc575c89c63fb8632f06bcdfd,https://www.youtube.com/s/player/3fb7e6ac/player_ias.vflset/en_US/base.js
285c2c04776dc61c5ca68c881e31b524135313e3a462eda28e1b73778dce3d43,https://www.youtube.com/s/player/65578ad1/www-player.css
285c2c04776dc61c5ca68c881e31b524135313e3a462eda28e1b73778dce3d43,https://www.youtube-nocookie.com/s/player/65578ad1/www-player.css
285c2c04776dc61c5ca68c881e31b524135313e3a462eda28e1b73778dce3d43,https://www.youtube.com/s/player/7dc3db36/www-player.css
285c2c04776dc61c5ca68c881e31b524135313e3a462eda28e1b73778dce3d43,https://www.youtube-nocookie.com/s/player/7dc3db36/www-player.css
285c2c04776dc61c5ca68c881e31b524135313e3a462eda28e1b73778dce3d43,https://www.youtube.com/s/player/7b9b4e02/www-player.css
285c2c04776dc61c5ca68c881e31b524135313e3a462eda28e1b73778dce3d43,https://www.youtube-nocookie.com/s/player/7b9b4e02/www-player.css
285d199065a293136e4d06d375dbd17767da26a3775a970c43ce03819ac09126,https://maps.google.com/maps-api-v3/api/js/63/14d/util.js
285d199065a293136e4d06d375dbd17767da26a3775a970c43ce03819ac09126,https://maps.googleapis.com/maps-api-v3/api/js/63/14d/util.js
28776b02ba99f56aee0b25a0e420cb77c186f52cd8abc3e9161e49f92fcbd5ef,https://www.youtube.com/s/player/82e5a015/player_ias.vflset/en_US/base.js
2881daa4ad6d8166824a0903fd71e39a870838acfbdd10ced0c5db6c12b23e73,https://ajax.aspnetcdn.com/ajax/knockout/knockout-2.2.1.js
289576691fec2281201f2a80bde8a3a2b1278dab1fe438d4083931cf6a40b88d,https://cdnjs.cloudflare.com/ajax/libs/date-fns/4.1.0/locale/de/cdn.min.js
289c0b7854f2403813b2e03999888a9fda5d80ec11d3cf98ffb2c0e7d0cd99c0,https://cdnjs.cloudflare.com/ajax/libs/request/2.88.2/request.js
28af32c59e10eaff5621e44517e9fa858bb921edea72094ce43eddd66b4d2716,https://cdnjs.cloudflare.com/ajax/libs/Chart.js/4.5.0/helpers.js
28c022136bacd5fe7f3ef6c95c3814212bee6b6e29af87aea956c5f47a5ed2cf,https://cdnjs.cloudflare.com/ajax/libs/jose/6.1.0/jwks/remote.js
28ce75d953678c4942df47a11707a15e3c756021cf89090e3e6aa7ad6b6971c3,https://cdnjs.cloudflare.com/ajax/libs/jqueryui/1.12.1/jquery-ui.min.js
28e2bdcb143840e4e01eff312a728e0f652d7dcb0d1bbdceab0bf48ff5cae8ac,https://cdnjs.cloudflare.com/ajax/libs/crypto-js/4.2.0/hmac-ripemd160.js
28f1b7a2fa3fc44a20198f2e051b21f9adfd6348983d6e4c631eafa5e1188370,https://www.youtube.com/s/player/54bd1de4/player_ias.vflset/en_US/captions.js
28ff04fb6c427631995cc7334fc98265dfbd6c8b2f57a4610f4a188b3cf3f171,https://cdnjs.cloudflare.com/ajax/libs/moment.js/2.30.1/locale/lb.min.js
2908afd6e99a5fee2a40f41f074e71a748cdf4d9b298673418ae06da2e2dc441,https://cdnjs.cloudflare.com/ajax/libs/popper.js/2.11.8/esm/dom-utils/getCompositeRect.min.js
290f233e4f6f436a4db3581ab5a9c9ea010136fd4f339da8c7db6175028ac2a0,https://cdnjs.cloudflare.com/ajax/libs/prism/9000.0.1/themes/prism-twilight.min.css
29147e2117e57b88b331537e88cf369e93d5af7756ff5147aa274f5512d0d8b4,https://www.youtube.com/s/player/a8a275d9/player_ias.vflset/en_US/captions.js
29203d5df2350c41c8b9d3fbff2bfc539a598f8617ad57816f63564dc14fcb66,https://cdnjs.cloudflare.com/ajax/libs/react-select/5.10.2/useCreatable-55029b87.cjs.dev.js
292e220a151a7fc1d00c826f1f0b00ce29b9d7fc3a17e98321e9b4513d92a70f,https://cdnjs.cloudflare.com/ajax/libs/date-fns/4.1.0/locale/uz-Cyrl/cdn.js
2937b11bd6b7bea906bba52dcc8f9d5993274f60678ad88afa7d30f28178e0c6,https://cdnjs.cloudflare.com/ajax/libs/dayjs/1.11.18/locale/oc-lnc.js
293f407596e37ca410f24164eb94fdd9f9d8b66d7180afb0afa08cc6b0aaeecc,https://cdnjs.cloudflare.com/ajax/libs/moment.js/2.30.1/locale/me.min.js
29436a44b97e3cc71a5c5027ad75c04c53a41ad0bdf4d493925662d7ce66dfbb,https://cdnjs.cloudflare.com/ajax/libs/es6-promise/4.2.8/es6-promise.auto.js
295255a605a2d9fa1b0042967e2b1bd11d6775ba0c4c8a3e7edb299b52e1bd8d,https://cdnjs.cloudflare.com/ajax/libs/dayjs/1.11.18/locale/he.js
2958f05c13267e5207ede373c722e4c9e252ec60c11df1ee0ec78ac0fe267eeb,https://cdnjs.cloudflare.com/ajax/libs/dayjs/1.11.18/locale/hu.min.js
296141e5809a318685068b7507d1f7d99a0fed1fa5298be669a6fe4f5f87c5a7,https://cdnjs.cloudflare.com/ajax/libs/date-fns/4.1.0/locale/cy/cdn.min.js
2978ac0d6e588ff518a32fb596ba84514c7ba98cc8b991246e8567d43abbfe1b,https://ajax.aspnetcdn.com/ajax/respond/1.4.1/respond.matchmedia.addListener.js
2979f9a6e32fc42c3e7406339ee9fe76b31d1b52059776a02b4a7fa6a4fd280a,https://ajax.aspnetcdn.com/ajax/bootstrap/3.3.6/bootstrap.min.js
29afbb3f4ec3f07fcd0d88222bb058acb9ec6253d8ccf9412f8e606d4a581216,https://cdnjs.cloudflare.com/ajax/libs/vue/3.5.22/vue.global.js
29caac15f3ed96a7c4e6226972b16f9fd3118abd4e411b716dc78422b3782297,https://cdnjs.cloudflare.com/ajax/libs/UAParser.js/1.0.37/ua-parser.js
29d34e9e6307e455bd2f297147351746386bf5aa097920f69d7d4771fb9f16e4,https://www.youtube.com/s/player/4e51e895/www-player.css
29d34e9e6307e455bd2f297147351746386bf5aa097920f69d7d4771fb9f16e4,https://www.youtube-nocookie.com/s/player/4e51e895/www-player.css
29d34e9e6307e455bd2f297147351746386bf5aa097920f69d7d4771fb9f16e4,https://www.youtube.com/s/player/0675bd00/www-player.css
29d34e9e6307e455bd2f297147351746386bf5aa097920f69d7d4771fb9f16e4,https://www.youtube-nocookie.com/s/player/0675bd00/www-player.css
29d34e9e6307e455bd2f297147351746386bf5aa097920f69d7d4771fb9f16e4,https://www.youtube.com/s/player/3510b6ff/www-player.css
29d34e9e6307e455bd2f297147351746386bf5aa097920f69d7d4771fb9f16e4,https://www.youtube-nocookie.com/s/player/3510b6ff/www-player.css
29d34e9e6307e455bd2f297147351746386bf5aa097920f69d7d4771fb9f16e4,https://www.youtube.com/s/player/f104ea90/www-player.css
29d34e9e6307e455bd2f297147351746386bf5aa097920f69d7d4771fb9f16e4,https://www.youtube-nocookie.com/s/player/f104ea90/www-player.css
29d34e9e6307e455bd2f297147351746386bf5aa097920f69d7d4771fb9f16e4,https://www.youtube.com/s/player/54bd1de4/www-player.css
29d34e9e6307e455bd2f297147351746386bf5aa097920f69d7d4771fb9f16e4,https://www.youtube-nocookie.com/s/player/54bd1de4/www-player.css
29d34e9e6307e455bd2f297147351746386bf5aa097920f69d7d4771fb9f16e4,https://www.youtube.com/s/player/5d93cfdb/www-player.css
29d34e9e6307e455bd2f297147351746386bf5aa097920f69d7d4771fb9f16e4,https://www.youtube-nocookie.com/s/player/5d93cfdb/www-player.css
29dd4e555d8b70e85ab7560525248c2e3c2ad40fd90698161da423568d65e517,https://www.youtube.com/s/player/55b1ff8b/player_ias.vflset/en_US/base.js
29e5a081b0b244d53993c32067b25ff1a921fceb4bed0bbf625a020696b28f8d,https://ajax.aspnetcdn.com/ajax/bootstrap/4.1.1/css/bootstrap.css
29edafd5f282f4a1abc09956abc02185b17a588ad7f2364d0104defd774a9f3e,https://www.youtube.com/s/player/632739fe/player_ias.vflset/en_US/base.js
2a2632c81e13ca41fc81a3b9a95b98b6526768e9795263beae0aeb19d592ac4f,https://ajax.googleapis.com/ajax/libs/mootools/1.5.1/mootools-yui-compressed.js
2a289b64909ee1736c08903ebe4d6c6daabab6606b1ce4d3a5de3e5641f50c00,https://ajax.googleapis.com/ajax/libs/model-viewer/2.0.1/model-viewer.min.js
2a31c6169dd582f64ffbe52285a6dbe3fd5a556716bc84de22756a19248a33e3,https://cdnjs.cloudflare.com/ajax/libs/date-fns/4.1.0/locale/bn/cdn.js
2a347e79bb462a2998280e273cea2ce477348a8c63123ceb8cd5be48ed196aaf,https://www.youtube.com/s/player/19b1fd9c/player_ias.vflset/en_US/base.js
2a5319dae02ef52955dd1572bfcc6a3b596a7fccff64fcab8085ce5228d53ec6,https://www.youtube.com/s/player/3062cec8/player_ias.vflset/en_US/base.js
2a5b8b99cd30c337372a8971a5a172ff1d859dad72225746e8ded811da2edfec,https://cdnjs.cloudflare.com/ajax/libs/dayjs/1.11.18/plugin/objectSupport.js
2a74ff9e0442cfbb70a9ea3f92c8687cb735147889686c2684cab8fa3879c053,https://cdnjs.cloudflare.com/ajax/libs/date-fns/4.1.0/locale/ta/cdn.min.js
2a89f4b0b93f55eba0ac546c1310317471eaa4aaa5e6a81e60747e23820a5637,https://cdnjs.cloudflare.com/ajax/libs/prism/9000.0.1/components/prism-julia.js
2a8f1790d492fc338933a032a862f99998f31bcaf7a0e4fc298b6a3cb04cdf7e,https://cdnjs.cloudflare.com/ajax/libs/moment.js/2.30.1/locale/es.js
2aad0e7cffbfa43f72c0e116b6a934f5f644d2269ceb9672985f5856c6b6c82a,https://cdnjs.cloudflare.com/ajax/libs/request/2.88.2/lib/getProxyFromURI.js
2ac5c79c5762c270e8a0e2b449abfbb6defb6e8820293f9cc58d714d5287aca1,https://cdnjs.cloudflare.com/ajax/libs/date-fns/4.1.0/locale/th/cdn.js
2ac6f2618a99381a11510876b1cf6f7d166a4664f86b1def08c741224776ca2b,https://cdnjs.cloudflare.com/ajax/libs/popper.js/2.11.8/esm/modifiers/index.min.js
2ad2bc5db48a85dcac21a3d6f21ff922c0933aa7fbdbdf443dd88e36fb24e72a,https://www.youtube.com/s/player/1765788a/player_ias.vflset/en_US/captions.js
2adefcbc041e7d18fcf2d417879dc5a09997aa64d675b7a3c4b6ce33da13f3fe,https://cdnjs.cloudflare.com/ajax/libs/font-awesome/4.7.0/fonts/fontawesome-webfont.woff2
2adf8efda2a0dbcfa93c7fc49dc269a2193023ca19de38529c6e4c091417cd3d,https://cdnjs.cloudflare.com/ajax/libs/date-fns/4.1.0/locale/is/cdn.js
2ae8f50f9022a330ac249b301f451fc9a064deed90d0bf29ed7d5d4450e39c73,https://cdnjs.cloudflare.com/ajax/libs/dayjs/1.11.18/plugin/pluralGetSet.min.js
2b240dd9395cf2859bbae3142b91d020363d8c2c2f4338c77f51cc083af91851,https://www.youtube.com/s/player/1898687b/player_ias.vflset/en_US/base.js
2b38d18de21cbe88d22a3d8c519aeaf57ac44d8cae06d34032a5894c2bc4fc40,https://cdnjs.cloudflare.com/ajax/libs/styled-components/6.1.19/styled-components.min.js
2b42a46918757ecfd461f29c9f304af46fd7ec7833b9a7952358493d2f12c6ce,https://ajax.aspnetcdn.com/ajax/bootstrap/4.2.1/bootstrap.js
2b59127ea307556b439aa3f8e98e719b09d65450c6186b4ab38a54b38f493903,https://ajax.googleapis.com/ajax/libs/dojo/1.9.4/dojo/dojo.js
2b5b376abb1ae5858a9be60aa504a6f42b7296dad53552c287d33f07ce3135b4,https://www.youtube.com/s/player/ec38d4eb/player_ias.vflset/en_US/base.js
2b687769fdb40e61ed4a9bb4266b3cfbffc6b221e7bd5b1a7114c7399204ae3f,https://cdnjs.cloudflare.com/ajax/libs/popper.js/2.11.8/esm/modifiers/popperOffsets.min.js
2b6a611f7d21a0752d9101347b22943dcdd91293f7e09ac11c3b04cee41f594f,https://cdnjs.cloudflare.com/ajax/libs/moment.js/2.30.1/locale/ar-tn.js
2b8ec465ca7e9ec297cd90078f85da6c057af9f395ff62a959b2f2cb600156c4,https://cdnjs.cloudflare.com/ajax/libs/date-fns/4.1.0/locale/en-IN/cdn.min.js
2b915db83faf258e3896383fff4ade727015942390cbfcbe0333899425d72257,https://ajax.googleapis.com/ajax/libs/shaka-player/4.7.15/shaka-player.compiled.js
2b942d706f1e21272ddcf7fad5a6b51578ba9d84514da0155925013dcdf66fe2,https://www.youtube.com/s/player/f4f81892/player_ias.vflset/en_US/base.js
2baa933e4fe1f6e5936a7faa5395c4eddfad2ae75850bca5d4bdc40213f03324,https://ajax.googleapis.com/ajax/libs/mootools/1.3.0/mootools-yui-compressed.js
2bc744d3a3e57f2012c4716103ef39812b820e65acb9a98eeba821219d17535b,https://cdnjs.cloudflare.com/ajax/libs/popper.js/2.11.8/esm/utils/computeAutoPlacement.min.js
2bccecf0bc7e96cd5ce4003abeb3ae9ee4a3d19158c4e6edfd2df32d2f0d5721,https://cdnjs.cloudflare.com/ajax/libs/font-awesome/6.5.1/webfonts/fa-regular-400.woff2
2bde893b38eec800b9e58b5d79d96c394ab8bd2825f466aa6cb12b9b032e9110,https://maps.googleapis.com/maps-api-v3/api/js/62/13e/search.js
2bf2956f9884298a8371cf2cc317cf8511ba15f12fab7265397a787e690f1533,https://cdnjs.cloudflare.com/ajax/libs/moment.js/2.30.1/locale/km.min.js
2c0b8b1b44960fa5584fb5d8f1bb50e21662ec06a70fca8eedf8299c69f2e2ba,https://img1.wsimg.com/blobby/go/static/radpack/@widget/LAYOUT/c/bs-defaultSocialIconPack-a2c518b6.js
2c0cf52a9381993c5676d755dde55f1754122a80b22a8c3e126edb44e2880fb5,https://cdnjs.cloudflare.com/ajax/libs/prism/9000.0.1/components/prism-fortran.min.js
2c0f3dcfe93d7e380c290fe4ab838ed8cadff1596d62697f5444be460d1f876d,https://ajax.aspnetcdn.com/ajax/bootstrap/4.0.0/css/bootstrap.min.css
2c15068d2ceb1f34e4b92f95710b181bd1034410b8a96ae15dd11ee24d0ff0fa,https://cdnjs.cloudflare.com/ajax/libs/moment.js/2.30.1/locale/ka.js
2c1d7153b012280e111b7f60a4311a3fb19c30765386ed8eacde5c79d1d854e2,https://www.youtube.com/s/player/59a3aff2/player_ias.vflset/en_US/base.js
2c2495d58191196670cec23dabb98e07f7cad147f5f0e35ba27fb6467bd13812,https://cdnjs.cloudflare.com/ajax/libs/popper.js/2.11.8/esm/utils/expandToHashMap.min.js
2c2595aace6078114a53bc49194cc41d2528907fb449ebb41b32383f5699904e,https://cdnjs.cloudflare.com/ajax/libs/prism/9000.0.1/plugins/ie8/prism-ie8.min.js
2c3bf5ef8c5162c7c4ed0ce4b144fad24eefd691911d7c8b86c21cab84f3bfe6,https://cdnjs.cloudflare.com/ajax/libs/moment.js/2.30.1/locale/hy-am.js
2c45a5eb97e8ab82131877dc492284c753ffd80dfb15d9737a4fd13ada1c3351,https://ajax.aspnetcdn.com/ajax/bootstrap/4.5.2/css/bootstrap-grid.min.css
2c6088500c67020544d499fbb662a59145980d123f40b92c28caebab761a3982,https://www.youtube.com/s/player/638ec5c6/player_ias.vflset/en_US/captions.js
2c63b3f29253ef2ccff234d137272b8f8edea005c3037051f3d4f3f1b688416c,https://static.parastorage.com/services/fonts-data/dist/wixMadefor.j95mkaziqjnrn77aekr8.css
2c6be0306219ffbd4ddd5572cd9ca65ad410de398726cfc2c6ec685958d8bb93,https://cdnjs.cloudflare.com/ajax/libs/date-fns/4.1.0/locale/it-CH/cdn.js
2cb48e95898f869350a4db10c1c508ed60e798cbf3b1494f055e2cdb1877a92c,https://cdnjs.cloudflare.com/ajax/libs/moment.js/2.30.1/locale/sw.min.js
2cc07292a2ab5702d8e1e849ae3b28cca5c6194d0d150ec637c6289d9d864e32,https://cdnjs.cloudflare.com/ajax/libs/moment.js/2.30.1/locale/te.js
2cec78f739fbddfed852cd7934d2530e7cc4c8f14b38673b03ba5fb880ad4cc7,https://ajax.googleapis.com/ajax/libs/jquery/1.4.1/jquery.min.js
2cf87a5a5f9f677fedca30aee75c2d791e79b2330cccc77345efc87091d09f12,https://cdnjs.cloudflare.com/ajax/libs/marked/16.3.0/lib/marked.esm.js
2d0e338ac1fb23f277c88611d881cc92a9455b37cbb24561801164839e356ae9,https://cdnjs.cloudflare.com/ajax/libs/dayjs/1.11.18/locale/sq.js
2d19c254c2a08422e556e80829acfc96f16d202420a6467b12a018a5813f23cf,https://www.youtube.com/s/player/fd65c577/player_ias.vflset/en_US/base.js
2d448e1f95abbb9612c4cd99b930f3af42eff2a3b48e66928c5c0f2ef8082a73,https://cdnjs.cloudflare.com/ajax/libs/prism/9000.0.1/components/prism-powershell.js
2d45566e91dc851e888ec4cdd1b8496ebd901de847767ff9696848b32fb60f22,https://www.youtube.com/s/player/bce13099/player_ias.vflset/en_US/base.js
2d62b3eed32309379961b1d0b725614585855b0e12b82d9ae72228d8990beeb9,https://cdnjs.cloudflare.com/ajax/libs/moment.js/2.30.1/locale/cs.js
2d704496cd3b1cb948ecd423431a6b8b95cfce1d40f9a76b995fa1807cbfecc3,https://cdnjs.cloudflare.com/ajax/libs/dayjs/1.11.18/locale/jv.min.js
2d72d9259f45cf3edf6cf0ca0dcc32e41a9c1933489545009b773a697fe4e973,https://cdnjs.cloudflare.com/ajax/libs/crypto-js/4.2.0/pad-ansix923.min.js
2d924ef55a5d2ad94b0c777c9c8ef44025aa9b9ac6f6df1ab005da861dc26725,https://cdnjs.cloudflare.com/ajax/libs/immer/10.1.3/immer.legacy-esm.min.js
2d9df78338fef4c2ab218b7912e3869c83c8a4867020e16bdbbb5d552a36883f,https://www.youtube.com/s/player/c72d3621/player_ias.vflset/en_US/base.js
2dae88a3138adda69fdec54914461ec28d4fa5e720d7626ddb3fb91a74a2ab6b,https://cdnjs.cloudflare.com/ajax/libs/moment.js/2.30.1/locale/ta.js
2db41f97615a8c912f676a62c88b12e2b8715f4ed188df325737423501aa4a8a,https://cdnjs.cloudflare.com/ajax/libs/pdf.js/5.4.149/images/toolbarButton-menuArrow.svg
2db6bb7da786587cb7051777a3cd9bc1c6a3d321a4686da3074a47a87c92e4f5,https://cdnjs.cloudflare.com/ajax/libs/moment.js/2.30.1/locale/bs.min.js
2dc7c916f71f410522191c5afd573ca51e79ea647847b0f7cd0e9047c8e5729e,https://cdnjs.cloudflare.com/ajax/libs/date-fns/4.1.0/locale/sr/cdn.js
2de1654d8753a3b8f9f83e617747efcb38e8c9679fcd41960b8f921a0b6ff753,https://www.youtube.com/s/player/2a850cbf/player_ias.vflset/en_US/captions.js
2de1654d8753a3b8f9f83e617747efcb38e8c9679fcd41960b8f921a0b6ff753,https://www.youtube.com/s/player/16886a7c/player_ias.vflset/en_US/captions.js
2e0897f3200d277881105db7f6d35c9b14810083e8f48750938f72f8a13e4544,https://www.youtube.com/s/player/217a23a9/player_ias.vflset/en_US/captions.js
2e122603b68d8c5413e3de52ceb2c24bf82e69b7ba4dc059d0ff415117d86d62,https://cdnjs.cloudflare.com/ajax/libs/date-fns/4.1.0/locale/nl-BE/cdn.js
2e2b9b9bf4342965d6b7b1b1133fc0e503948bbf95f982689134eefdf48ad6e2,https://cdnjs.cloudflare.com/ajax/libs/dayjs/1.11.18/plugin/dayOfYear.js
2e346129ab77de5f8a78b621a18a2a56358a13a5dd5a3a70092abd10f869962e,https://cdnjs.cloudflare.com/ajax/libs/cheerio/1.1.2/dist/browser/api/forms.min.js
2e346129ab77de5f8a78b621a18a2a56358a13a5dd5a3a70092abd10f869962e,https://cdnjs.cloudflare.com/ajax/libs/cheerio/1.1.2/dist/esm/api/forms.min.js
2e3facdfe5f153e030fb8e93069d8a50912e70fd56c7b60712ee5d936ff22317,https://cdnjs.cloudflare.com/ajax/libs/jsdiff/8.0.2/diff.min.js
2e42e95156a96676901f6d3e83d9eb24e5b92f47dbdcd35a902ce979d2c07149,https://cdnjs.cloudflare.com/ajax/libs/plyr/3.6.8/plyr.css
2e5034665e1c0d2a27a4b4a750e284c783d1615d16740933457b980f40864ac5,https://www.youtube.com/s/player/f85ea353/player_ias.vflset/en_US/captions.js
2e5928c2f76d07b837e605e79245b4a5b813f0aceb428a3d4c72f88273554cd7,https://cdnjs.cloudflare.com/ajax/libs/dayjs/1.11.18/locale/en-au.js
2e912014c8649a94cdb1a085d25fe16327ee73fa71b4c817f193ce565a0252b7,https://ajax.googleapis.com/ajax/libs/jqueryui/1.8.7/themes/smoothness/jquery-ui.css
2eb90600e22ce90e6844795c66dcb5e8b3a703c621dbcf27423c410a6f66da1e,https://cdnjs.cloudflare.com/ajax/libs/moment.js/2.30.1/locale/de.min.js
2eb9d155862667b3f5985f06e5817a2df194831b73ce5f36b410612c7393f627,https://cdnjs.cloudflare.com/ajax/libs/moment.js/2.30.1/locale/ca.js
2ec0a817578761dcd179ad72aceffc41ed3ace39923c0e57b7fd3e911fac69a0,https://www.youtube.com/s/player/56211dc2/player_ias.vflset/en_US/base.js
2ec4dd4029f6eda33351ada7fee8531878022ab400e80995b5cc0560d03500ae,https://www.blogger.com/static/v1/v-css/828616780-lightbox_bundle.css
2ecd295d295bec062cedebe177e54b9d6b19fc0a841dc5c178c654c9ccff09c0,https://ajax.googleapis.com/ajax/libs/jquery/1.11.2/jquery.min.js
2ecd295d295bec062cedebe177e54b9d6b19fc0a841dc5c178c654c9ccff09c0,https://ajax.aspnetcdn.com/ajax/jQuery/jquery-1.11.2.min.js
2ee13ec9f1f68cba86c73ad88f6faa82282626d72f4d10f5b2a23a10740bf629,https://www.youtube.com/s/player/6baf88c8/player_ias.vflset/en_US/base.js
2ee1fbb2f25f7f11146f63a1ebdde5cfce23eda94800dcf400c1596faf84c12d,https://www.youtube.com/s/player/e40d18fc/player_ias.vflset/en_US/base.js
2ef78dca117360cb843d617b10333356eb8753b82fa2f7f510991b937a5c3f00,https://cdnjs.cloudflare.com/ajax/libs/moment.js/2.30.1/locale/gd.min.js
2f07c1d38799c2d44820b40bea488cd3a6ff7f104aa08cb3f8efe8b94bd5b1b7,https://maps.googleapis.com/maps-api-v3/api/js/65/3b/onion.js
2f09ebcae886fd76e6107343b5f01160bd75f36cf425b37d6f67cee399e0651a,https://ajax.aspnetcdn.com/ajax/bootstrap/2.3.2/css/bootstrap-responsive.min.css
2f27bcf471b2d69dd78494f6e2172fb28470eb843820e2f96bb85d39f9618d30,https://cdnjs.cloudflare.com/ajax/libs/Chart.js/4.5.0/chart.umd.min.js
2f315e81474c2d6fa742b61197ed7d3a4b3660f4501629474b7e16b3b81a625c,https://cdnjs.cloudflare.com/ajax/libs/dayjs/1.11.18/locale/sv-fi.js
2f37382f870e1ebd5ceacc160a939a6fcdb917213083818dedc34fb8326e6e86,https://cdnjs.cloudflare.com/ajax/libs/date-fns/4.1.0/locale/he/cdn.min.js
2f4413aea4ae79b7120c0a8b039edcd63942936ff44da88659cde8b01e0dae31,https://www.youtube.com/s/player/2868f080/player_ias.vflset/en_US/captions.js
2f4413aea4ae79b7120c0a8b039edcd63942936ff44da88659cde8b01e0dae31,https://www.youtube.com/s/player/6ae88b83/player_ias.vflset/en_US/captions.js
2f785bf8fcdfa197eb3d47685c73381a797e67d05bf9d10351ed2194c4c2455e,https://cdnjs.cloudflare.com/ajax/libs/mocha/11.7.2/mocha.js
2f798f77929c788a4e011f1028c7edf38b5f522f55fec3597e62a379bae58d61,https://cdnjs.cloudflare.com/ajax/libs/moment.js/2.30.1/locale/te.min.js
2f8ddd66bf77d8b247f77b70ac66b9869c6037f4b9b47ba70a2ce355dd567aae,https://cdnjs.cloudflare.com/ajax/libs/dayjs/1.11.18/locale/ms-my.js
2fa2004cc8ba2a56a82d4dd9d7c7d87febe8e535ffcecaed49903d7f559040c1,https://www.youtube.com/s/player/777857f0/player_ias.vflset/en_US/base.js
2faa690232fa8e0b5199f8ae8a0784139030348da91ff5fd2016cfc9a9c9799c,https://ajax.aspnetcdn.com/ajax/jQuery/jquery-3.1.0.slim.js
2fc37a602593e7bf53d8e6672f8d9983fb3858f2eb4858c213f975aa22960165,https://www.youtube.com/s/player/45ac5a1a/player_ias.vflset/en_US/base.js
2fc6a0ccab6c60c69ed1bd107c7aa564f9b51d62377b4830cccf7995e1227033,https://cdnjs.cloudflare.com/ajax/libs/history/5.3.0/history.development.js
2fd23328acda8cc2062811a1ab04101a5976925adfb37ff89812cc065a917d5f,https://cdnjs.cloudflare.com/ajax/libs/nanoid/5.1.6/nanoid.js
2ff5b959fa9f6b4b1d04d20a37d706e90039176ab1e2a202994d9580baeebfd6,https://ajax.aspnetcdn.com/ajax/bootstrap/4.4.1/css/bootstrap.min.css
300040ff0171295d23c06bcfdd13c84989f6bffd35a40faaedcb8f600d85ec66,https://ajax.aspnetcdn.com/ajax/bootstrap/2.3.1/css/bootstrap.css
3029834a820c79c154c377f52e2719fc3ff2a27600a07ae089ea7fde9087f6bc,https://ajax.aspnetcdn.com/ajax/jQuery/jquery-1.11.1.js
3074e39a9800d664590fcdcd2d33597050e9e3d01fb6d52b968996059543fc6f,https://cdnjs.cloudflare.com/ajax/libs/prism/9000.0.1/components/prism-git.min.js
307eb8be823a2997ce88c5ad8c3ca19e7a6345f116331fe3856659665de0d453,https://cdnjs.cloudflare.com/ajax/libs/moment.js/2.30.1/locale/sr.js
308b1eee7a3334b8b7b0278128609357f58ee3e5ffe668e5c37b201815547ca6,https://ajax.googleapis.com/ajax/libs/jqueryui/1.8.24/themes/smoothness/jquery-ui.css
30960c6dadf7ac7d05d44422f5884366669fd6aaf82c0997bda5d35b3f724bd2,https://www.youtube.com/s/player/10a04aa8/player_ias.vflset/en_US/base.js
30983bcc0e67d1c9dd7772070b6b9173a980f705bdaa4924cddaf51e56a34045,https://cdnjs.cloudflare.com/ajax/libs/luxon/3.7.2/luxon.js
30a037d97e462afc59e8405975193203de2ccbc7026810c02f10178256dd70dc,https://ajax.aspnetcdn.com/ajax/globalize/1.0.0/globalize/message.js
30a411ac5841e6da5866f8f80bda88f44bdbcf1c1cac2a83829d76ad6cd66cd8,https://cdnjs.cloudflare.com/ajax/libs/date-fns/4.1.0/locale/ka/cdn.min.js
30a8ae2c56338c33f8facaac3bc8f320af5eb31279b136743f4c5957396acf37,https://cdnjs.cloudflare.com/ajax/libs/cheerio/1.1.2/dist/commonjs/static.min.js
30ac4a517f4a7d464c369cba6cb7ae280a871f7da3d258cc8758773f96389824,https://www.youtube.com/s/player/16589d5e/player_ias.vflset/en_US/base.js
30bce1b3ef4b3153a3c455bf48d8d17c8f7a6b062298b300520573b5d4ce88b7,https://cdnjs.cloudflare.com/ajax/libs/popper.js/2.11.8/esm/utils/debounce.js
30da91e84c893f875e252689faebdc590b2871145e8adc7f9a9d4dbd8ce0b251,https://cdnjs.cloudflare.com/ajax/libs/KaTeX/0.16.9/fonts/KaTeX_AMS-Regular.woff
30deb2563394db642d9d755e8280b975e27a1335dfb19a985c7c75fb3266a634,https://ajax.googleapis.com/ajax/libs/model-viewer/1.6.0/model-viewer.min.js
31069d8cbddb6a73827a204a9e1a4fe75f9928a9e51cc0473801c2de1f1592d5,https://ajax.googleapis.com/ajax/libs/jquery/1.2.3/jquery.min.js
3120abba1fd0ea031f25ab22ac93e726f6f63467da1a6349b82e82f3df5d775c,https://cdnjs.cloudflare.com/ajax/libs/xlsx/0.18.5/xlsx.mini.min.js
31266da9fdec80bd52cfe1722067a9bf438a571448c0908cea26366c46cd8e0b,https://www.youtube.com/s/player/63233546/player_ias.vflset/en_US/captions.js
314909b3ad8bc5e22a8fe74eb768c2952ff9a6f17f583cafbfdcfc5ecd6ee57a,https://cdnjs.cloudflare.com/ajax/libs/request/2.88.2/lib/oauth.min.js
3152ade06f59191c11ceb7d3276aebaf9b09529d49ea1c3ca17c53045b349613,https://cdnjs.cloudflare.com/ajax/libs/dayjs/1.11.18/locale/sv-fi.min.js
316de4acfee9ca4c390b9d0c2aaaeb6e9208c912fb614a8c507d26588d43a129,https://cdnjs.cloudflare.com/ajax/libs/popper.js/2.11.8/esm/modifiers/eventListeners.min.js
31bec7daaa7da4ba33a04fb426ae38d8ef779f4919fc731ab49414ab41b4981c,https://cdnjs.cloudflare.com/ajax/libs/prism/9000.0.1/components/prism-sas.js
31df1e69ea3aece8a8bae5c08bcb7f5e977cb76f886897b301355359b66a48ec,https://ajax.aspnetcdn.com/ajax/bootstrap/4.1.1/css/bootstrap.min.css
31f6254eef54dafd3bad6d1d19f91a7af3ada23f72025965e650173b013318ec,https://cdnjs.cloudflare.com/ajax/libs/jspdf/3.0.3/polyfills.es.min.js
31fbd99641c212a6ad3681a2397bde13c148c0ccd98385bce6a7eb7c81417d87,https://ajax.aspnetcdn.com/ajax/bootstrap/3.3.5/css/bootstrap.min.css
3226f2443c214b02805b30d01727e8ed280e2de37eaa1143a40942b306c87818,https://ajax.aspnetcdn.com/ajax/bootstrap/3.3.2/css/bootstrap-theme.css
323f58e8ad022264395077b155c003d3f9a2a7348269f5b94eed5debd0365091,https://cdnjs.cloudflare.com/ajax/libs/fuse.js/7.1.0/fuse.min.mjs
3241b5b548c861f298619890fe5a88e431ce5be7d5a75a979274aa63e8308aeb,https://cdnjs.cloudflare.com/ajax/libs/dayjs/1.11.18/locale/en-in.js
325bac0cb2483f519180bace7e5510b6c8723f44f04ff4475ec235c161a7421b,https://ajax.aspnetcdn.com/ajax/jQuery/jquery-3.5.0.slim.min.js
326d5339c81482604620c858eef81c22ce4d3e492eca43e351dac6050f6d3c0f,https://cdnjs.cloudflare.com/ajax/libs/react-select/5.10.2/Select-1b9abbe3.cjs.dev.js
326e0be4fc0a3c0ef2dc88def3b79a13ec0b21a641b2abd84ed355cd475224c2,https://cdnjs.cloudflare.com/ajax/libs/superagent/10.2.3/superagent.js
32887ce05fe1a055d630540ad3667442bd690c366081837c9a5be8f5bb3b438e,https://www.youtube.com/s/player/b174a5bb/player_ias.vflset/en_US/captions.js
328f90a9a030c4d63159c75123e679c80e851ea9ea732d7f3345db7f4cd519d7,https://cdnjs.cloudflare.com/ajax/libs/jsonwebtoken/9.0.2/lib/timespan.js
32ac0013874fda5588380481e82114f9970adeeb7bb0cf741fc403e2a1db9d52,https://cdnjs.cloudflare.com/ajax/libs/pdf.js/5.4.149/pdf_viewer.mjs
32af95877d046e17b77c4d0e849ce557eb8affb1d0063da4e361f725b34c900d,https://cdnjs.cloudflare.com/ajax/libs/moment.js/2.30.1/locale/ms.min.js
32bb7cb99bb2ffb5b46efeed845a241336eb27cc959be9865c6e17629dc36e33,https://ajax.aspnetcdn.com/ajax/bootstrap/4.0.0/bootstrap.bundle.js
32f505444fb4aabf7402fe229c0d1712208ec4109c3b3784a37cc1fb90933be0,https://cdnjs.cloudflare.com/ajax/libs/crypto-js/4.2.0/mode-ofb.min.js
32f9ba3ffa6d4eb76507634c5c243d88f0d76cca1451fbecef15b58905279f80,https://www.youtube.com/s/player/5d93cfdb/player_ias.vflset/en_US/base.js
32fa49ba4da4e2eb75f91a84385d8718660fe5b51192ed317c6161b5d72a4a89,https://cdnjs.cloudflare.com/ajax/libs/jsonwebtoken/9.0.2/decode.js
32fbfa6791e4abf23d3c7d0598f6ab5a71b36ea80094e25f2d4fff15f4831e44,https://cdnjs.cloudflare.com/ajax/libs/popper.js/2.11.8/esm/dom-utils/getLayoutRect.js
32ffdfc3910d79608fa2e41aca47113f41e35f2462f878160d90b836bf297d23,https://ajax.googleapis.com/ajax/libs/d3js/6.5.0/d3.min.js
3310192240f822741ff438c0e9a99df30647894fe4712bfcb241d3e7009995dd,https://cdnjs.cloudflare.com/ajax/libs/dayjs/1.11.18/plugin/isoWeeksInYear.min.js
333be8494375af49d51bf4b0294b964bbf016b8d58e4ec277a96bfa20dd8d4e3,https://cdnjs.cloudflare.com/ajax/libs/date-fns/4.1.0/cdn.js
33620a66a097f9624f5a483572a4cefbc12ea95c6df4b511bdf87ff0e40cb9d6,https://ajax.aspnetcdn.com/ajax/bootstrap/4.2.1/css/bootstrap-reboot.css
33620d63ec2e5af2cc24dd313d7b0ce4a10ca3e7702a80acf58dbc4aa01bcf44,https://www.youtube.com/s/player/a9f67a82/player_ias.vflset/en_US/base.js
33633eb200b66d9e2bef714ed4b5792661e24b908ec046f652ac3b11bb079816,https://ajax.googleapis.com/ajax/libs/d3js/5.14.2/d3.min.js
336e21d5eba1b8cdedb84c4f03a87c161b80fca999b087710ca9206fffa15ef8,https://cdnjs.cloudflare.com/ajax/libs/date-fns/4.1.0/locale/ug/cdn.js
337d22eff6fe0ff13987dcf8ec96787d7586c9a75bfda3ac6d5f7b3f959131cb,https://www.youtube.com/s/player/5ba44d10/player_ias.vflset/en_US/base.js
3398dd02302557a793f2863f88e02d96ce10df2abffa07c8e9fa90775116e65c,https://cdnjs.cloudflare.com/ajax/libs/KaTeX/0.16.9/fonts/KaTeX_Caligraphic-Regular.woff
339a6f07e35270f54526a4af71539b322ce63720f503bc6c2adb8f397dbf43a7,https://www.youtube.com/s/player/e0dc87a1/player_ias.vflset/en_US/base.js
33b1ec934731d6638cc9d0f7a91110a5b3bf9efb03474a4a199f477c05b7b348,https://cdnjs.cloudflare.com/ajax/libs/date-fns/4.1.0/locale/fi/cdn.min.js
34200a216f42b734a9723a5367645bb517c31e036b42e2bf6a480c62880fc12c,https://cdnjs.cloudflare.com/ajax/libs/Swiper/4.2.6/js/swiper.min.js
3428e76ca879e1c4c9460f85d353ea86b79f46a0352e6be8f720b26f5c04da32,https://cdnjs.cloudflare.com/ajax/libs/popper.js/2.11.8/esm/utils/computeAutoPlacement.js
3454368f052aeabedcbb18ee73bae63e577e54f6c06be953a0568d58992789a9,https://cdnjs.cloudflare.com/ajax/libs/react-dom/19.1.1/cjs/react-dom-server-legacy.browser.development.js
34970b98696e77ba7a8eba818f8446931de4e52ad3d6978def783f4341114fed,https://cdnjs.cloudflare.com/ajax/libs/popper.js/2.11.8/esm/utils/mergeByName.min.js
34b102cb7689409fd1c3c180aeb1fd3f0b8bf0b47ab25c74c42eaff574e661a9,https://ajax.aspnetcdn.com/ajax/bootstrap/3.2.0/css/bootstrap-theme.min.css
34dc55828a26f5cc6810438ef9ee3cf373e900b49bab4994214c14b313fd1545,https://cdnjs.cloudflare.com/ajax/libs/request/2.88.2/lib/redirect.min.js
34e297b11471ec6ff416d8491e3af32229f59c9127d3700618cd830d8f78b2af,https://ajax.googleapis.com/ajax/libs/shaka-player/4.7.0/shaka-player.compiled.js
34e30c7d1f228cf7e1dccf3c6d9dbadbbe78aea11c246b4c799b5d3c0b66d11a,https://ajax.googleapis.com/ajax/libs/model-viewer/1.11.1/model-viewer.min.js
34eeb5e0f809a13192fb25bac6743da67b4660d776b6d50387a8ead1bb957e2c,https://cdnjs.cloudflare.com/ajax/libs/moment.js/2.30.1/locale/ar-ly.js
350d8d49ebaafaae95890b12133043f01f73c95d01f96ec51aaeb9943c1bdcb9,https://cdnjs.cloudflare.com/ajax/libs/prism/9000.0.1/themes/prism.css
3517c69d20ba4cbe00974daa5d47bef10f6cae8bb3a6e82e2b7fad8105bf99c1,https://cdnjs.cloudflare.com/ajax/libs/moment.js/2.30.1/locale/tl-ph.min.js
35208e1e4631ff5f9bd83220dbfbef63290eb93e914055b35583fbf19eb76693,https://cdnjs.cloudflare.com/ajax/libs/crypto-js/4.2.0/hmac-sha224.js
35213c52580f9240d2fb7b12825a29cf758461abf346adede2784c714b89fc35,https://cdnjs.cloudflare.com/ajax/libs/prism/9000.0.1/components/prism-javascript.js
352a7bd7281244d59d10ec1ab6bcad79e1944f93689ba08b1e85a71c16ed486e,https://www.youtube.com/s/player/c4f5cc56/player_ias.vflset/en_US/base.js
3573bdd8c59f5bf89e5b572af3091b28bec601227f2d343cc620a7cf6e40c20f,https://cdnjs.cloudflare.com/ajax/libs/dayjs/1.11.18/plugin/isSameOrAfter.min.js
357452f2a55c999ddd3afdcbce2c339d41cf7a01613d9d45ff88a753bb82f21d,https://cdnjs.cloudflare.com/ajax/libs/slick-carousel/1.9.0/slick.min.js
357453cf8d3895f3851892e51e19e2de8d3376174e044040910bf755fa54f42f,https://www.youtube.com/s/player/6e4dbefe/player_ias.vflset/en_US/captions.js
3596deca0b5145ee014c77399ea17544ba8981a2fb8706097d82f10d3549599c,https://cdnjs.cloudflare.com/ajax/libs/dayjs/1.11.18/locale/de.js
35a237e8dfce09138436bc855b4d324f7a2d3cabdfa026a982e1e87099c51502,https://cdnjs.cloudflare.com/ajax/libs/jose/6.1.0/lib/secs.js
35b4113f7552400639dc76ea40d55f1be6f44af2eaf4289e7c37e4e657522ba4,https://cdnjs.cloudflare.com/ajax/libs/moment.js/2.30.1/locale/br.js
35c9f999a7fc52666a8862333690cb599c4a725b8bc2482dd88ada19f773e888,https://maps.googleapis.com/maps-api-v3/api/js/65/3b/marker.js
35e108df2d4482e4984bda7ffaed21d525652cedbe603307c6ef3d77dde0d946,https://cdnjs.cloudflare.com/ajax/libs/prism/9000.0.1/prism.js
35f4f974f4b2bcd44da73963347f8952e341f83909e4498227d4e26b98f66f0d,https://static.parastorage.com/unpkg/react-dom@18.3.1/umd/react-dom.production.min.js
35f7366343913dfb918d4177cebb984b97cadfee7e33664a4d963864909611a5,https://cdnjs.cloudflare.com/ajax/libs/popper.js/2.11.8/esm/dom-utils/isScrollParent.min.js
35fbb6dc3891aacaf1ffa07abec2344fdbc454aab533a2a03bcf93577eb7837b,https://ajax.aspnetcdn.com/ajax/bootstrap/4.3.1/css/bootstrap.css
35fdb68dea632779c5fa58f225fd02d65a6d8e15a004928a18b48724da423428,https://cdnjs.cloudflare.com/ajax/libs/jsonwebtoken/9.0.2/lib/JsonWebTokenError.js
3613c89747be4a2d5dc17f442d0a482da665784e2e5a3931fb9a1fc38fa0fa8d,https://ajax.aspnetcdn.com/ajax/jQuery/jquery-1.5.js
36168bc60c47cd0b545bde565568059c1bfc08b877bce128c32e1972aa4906fd,https://cdnjs.cloudflare.com/ajax/libs/jose/6.1.0/index.js
363c3822b7aeb8ad3edde35fe1047c6a4044aa2a22663893e1da9634039dda41,https://cdnjs.cloudflare.com/ajax/libs/dayjs/1.11.18/locale/sv.min.js
368e8fbbcd72bbd162bec28e95e6638d0e5ff728df4b76bc7ad5b604f41a68de,https://maps.googleapis.com/maps-api-v3/api/js/63/14d/map.js
3690fe53d37c3140dd93fa9053cc495943705da801daf4382d27340986af2c32,https://ajax.aspnetcdn.com/ajax/globalize/0.1.1/globalize.js
369d6c5277eae7c834f729bebb91a75446c253e3e14bf6dacf4912122392b46d,https://www.youtube.com/s/player/08635129/player_ias.vflset/en_US/captions.js
369ed6204dcd2373f618bfc026b7a513134df9500aae67c520d68b4a0d7b3134,https://cdnjs.cloudflare.com/ajax/libs/moment.js/2.30.1/moment-with-locales.js
36aa3a9c2d380119d4ccb86ea6bf68f009643331a3f573f17b9c8b5c39c926e9,https://ajax.googleapis.com/ajax/libs/jqueryui/1.14.1/themes/smoothness/jquery-ui.css
36acae5677930b4a90850bcfbd11f839c4beb7d2620448a88dbe63f376df450d,https://cdnjs.cloudflare.com/ajax/libs/date-fns/4.1.0/locale/ms/cdn.js
36c1feb5a8c1030f6e933aeb9971ed617bdd833b574e8c07b4db09bd3f003b06,https://cdnjs.cloudflare.com/ajax/libs/crypto-js/4.2.0/hmac-sha256.min.js
36da4563501c2f4c310bea8b6e9f92de0c33c708002ec4836e9ac6e9ba0e5fe1,https://www.youtube.com/s/player/eace5bba/player_ias.vflset/en_US/captions.js
36e0a7e08bee65774168528938072c536437669c1b7458ac77976ec788e4439c,https://cdnjs.cloudflare.com/ajax/libs/font-awesome/4.7.0/css/font-awesome.css
36ef095d011c4ced97b0acef551ca36d76b95299518595dc1acab792a2344601,https://ajax.googleapis.com/ajax/libs/webfont/1.5.3/webfont.js
371a8e6bb853f1fc19fd559e5ef5956a4aae0d666911554a1045b038e682bfb2,https://cdnjs.cloudflare.com/ajax/libs/dayjs/1.11.18/locale/zh.min.js
373d48330a23de5914b00b05a5db80e6f6b7003b2d8ae31b93a3194e95a9c294,https://cdnjs.cloudflare.com/ajax/libs/date-fns/4.1.0/locale/ckb/cdn.js
37469f291bbebb39967fb68f6463e90620e25db1ab5c944fd6bb8d162087f41a,https://www.youtube.com/s/player/56211dc2/player_ias.vflset/en_US/captions.js
3759d8b1d36d802740e07d9265c963a426214a2b9eb10c5908f6339b46d31b6a,https://cdnjs.cloudflare.com/ajax/libs/moment.js/2.30.1/locale/ko.min.js
3763895b641bcfd10406abfe223efa940bf95d292111f82d737eaf5f1ddf8b2d,https://www.youtube.com/s/player/ecde8a55/player_ias.vflset/en_US/captions.js
3763895b641bcfd10406abfe223efa940bf95d292111f82d737eaf5f1ddf8b2d,https://www.youtube.com/s/player/1e1d6f74/player_ias.vflset/en_US/captions.js
37c1adefb5d29f27d4e20414a61b963bd60ec0ddd5b43973e019ad660342b7a1,https://www.youtube.com/s/player/3db16eda/player_ias.vflset/en_US/base.js
37d4ab13ceffced41af7764e0b417718b53b7f2355ae1d012e8fd768bb2c878a,https://www.youtube.com/s/player/e354dd90/player_ias.vflset/en_US/base.js
37db5b38ba0bae460d13361e457934ec8ff8c24a4d67039d0fc1c62bbe4b110f,https://cdnjs.cloudflare.com/ajax/libs/moment.js/2.30.1/locale/ne.min.js
37fb307c7f4197bbe246c30d94a594ac30dac3dd1e62e80877526e7c3743f3b2,https://www.youtube.com/s/player/edbc38da/player_ias.vflset/en_US/base.js
37ff7cb5ca45903c6734d419cebe1860acca901938b34b937ecaf608048b2ce3,https://www.youtube.com/s/player/98fb51a3/player_ias.vflset/en_US/base.js
382a4120b748eaf656e422f2f27c8778d311fabb97a644db97011ec176c130bf,https://ajax.aspnetcdn.com/ajax/bootstrap/3.1.1/css/bootstrap-theme.css
384b1106a643ea4b6eb6e93c4c2620847e6be982ba2879dfb743a97b42c494a1,https://cdnjs.cloudflare.com/ajax/libs/popper.js/2.11.8/esm/utils/computeOffsets.js
38544024da1a0fc2f706be6582557b5722d17f48ad9a8073594a0cf928e2e3ff,https://ajax.aspnetcdn.com/ajax/bootstrap/4.5.0/bootstrap.min.js
3857c0f89ef25d463d9917fe29e0899fa23a690b2cb225b78966def6dd5471dc,https://www.youtube.com/s/player/32a343c8/player_ias.vflset/en_US/base.js
385c323debcf36fc63d6ecd9ded4c11377090f91a4ce0b4f2d69eb8a90232351,https://cdnjs.cloudflare.com/ajax/libs/dayjs/1.11.18/locale/mk.min.js
38672b068984f1b4341ef486666440a02478c76a845b5a969f2cf1faa0aaf66e,https://www.youtube.com/s/player/218d9d92/player_ias.vflset/en_US/base.js
386b1ac95b07da44f687cb5d55e1f6af75fc05cf89a49b6929bc63bab5cadef9,https://cdnjs.cloudflare.com/ajax/libs/dayjs/1.11.18/plugin/isLeapYear.js
389d80710907ae3e49736e38c8c56870ba584ddc18286659e13417c9c73b4e5d,https://www.youtube.com/s/player/7d647a07/www-player.css
389d80710907ae3e49736e38c8c56870ba584ddc18286659e13417c9c73b4e5d,https://www.youtube-nocookie.com/s/player/7d647a07/www-player.css
389d80710907ae3e49736e38c8c56870ba584ddc18286659e13417c9c73b4e5d,https://www.youtube.com/s/player/21176969/www-player.css
389d80710907ae3e49736e38c8c56870ba584ddc18286659e13417c9c73b4e5d,https://www.youtube-nocookie.com/s/player/21176969/www-player.css
389d80710907ae3e49736e38c8c56870ba584ddc18286659e13417c9c73b4e5d,https://www.youtube.com/s/player/b32979e9/www-player.css
389d80710907ae3e49736e38c8c56870ba584ddc18286659e13417c9c73b4e5d,https://www.youtube-nocookie.com/s/player/b32979e9/www-player.css
38a4c7ccb4ba57425929b6c270541b62740f4e378d8d934ad09d604987438574,https://www.youtube.com/s/player/a644926e/player_ias.vflset/en_US/base.js
38a550ce8328fb33df61366e57f47112482852e983bb6ccc49e803440344f53b,https://ajax.aspnetcdn.com/ajax/jQuery/jquery-1.7.1-vsdoc.js
38a6099bbde0575ef1c9ec6046f2a5e2502d70ff107bf4ae511770460d1f0acd,https://cdnjs.cloudflare.com/ajax/libs/request/2.88.2/lib/getProxyFromURI.min.js
38ab5953a468c8084db2452a42bdc59a6be197bab8dad4105c040b63186155e9,https://ajax.googleapis.com/ajax/libs/jqueryui/1.12.0/themes/smoothness/jquery-ui.css
38adae2c05e82ec3aa7e765b94b5a7ec4c7862d403581a0b52640b1b4182856d,https://cdnjs.cloudflare.com/ajax/libs/prism/9000.0.1/components/prism-fsharp.js
38b50f6a9cf836ab3786b57a4f5897b7e463fcf3417ad5d34374bcc8f521f69e,https://ajax.aspnetcdn.com/ajax/bootstrap/3.0.2/css/bootstrap-theme.css
38e2387d18e0df9d1bc39250de46fc9d609ec849ad094ba5e01eb7dd7772f6b1,https://static.parastorage.com/services/editor-elements-library/dist/thunderbolt/rb_wixui.thunderbolt[TextInput].35b7f2b7.bundle.min.js
39128cf74803ced57fd7ee34ea92ccccff2ba3d99e7b860e5275262fb418226d,https://static.parastorage.com/services/editor-elements-library/dist/thunderbolt/rb_wixui.thunderbolt[MeshGroup].ed33e0e4.bundle.min.js
3919e5743e5854b0d6644b967f37ed0c94e385d3548b718a31d725a8a35fe918,https://ajax.googleapis.com/ajax/libs/bootstrap-table/1.23.2/dist/bootstrap-table.min.css
391f4bce932c3261e784ce52cc36935ef13699a0f48f9eec55fdc55ed51fd5be,https://www.youtube.com/s/player/5a188d69/player_ias.vflset/en_US/captions.js
391f4bce932c3261e784ce52cc36935ef13699a0f48f9eec55fdc55ed51fd5be,https://www.youtube.com/s/player/99f55c01/player_ias.vflset/en_US/captions.js
3923c6bd6137387d5edc62f6dc0174cc9eef8363238c16eef78bd9d9c69bfafc,https://cdnjs.cloudflare.com/ajax/libs/moment.js/2.30.1/locale/es-us.js
392d786310a4392389e7cc2846c03f666811152f9f8f286c1e89615e270baabe,https://cdnjs.cloudflare.com/ajax/libs/date-fns/4.1.0/locale/uz/cdn.js
39368cdbf30dbfa1b4ae0bac5d59627a6e9557890c2ef3b31bf67c57d5c5b641,https://cdnjs.cloudflare.com/ajax/libs/date-fns/4.1.0/locale/nn/cdn.js
393b31357f2a4803b77e198b615554b90411cc59d2965c13639f6e9d7efa6489,https://cdnjs.cloudflare.com/ajax/libs/date-fns/4.1.0/locale/fr-CH/cdn.js
3943e946fcad9c965f147c50e08da71d3270239175de530d1f48be6fb44956ed,https://cdnjs.cloudflare.com/ajax/libs/moment.js/2.30.1/locale/uz-latn.js
397733364041c86da6e5df0150e120e3b642bb91b2edb6b0fa7f2661cfb1e122,https://ajax.aspnetcdn.com/ajax/bootstrap/2.3.1/css/bootstrap.min.css
397a8cffdeec35be161d00e3ed1378a644223f710dafee49584d376a64d3b9a0,https://cdnjs.cloudflare.com/ajax/libs/web-vitals/5.1.0/web-vitals.attribution.iife.js
3987c424117a0be2438dffe5a7ac29c3464b496211cc397886fe214ff0a01098,https://www.youtube.com/s/player/5af2a490/player_ias.vflset/en_US/base.js
399c0c0cc22b71c63ba1ca661bef06f4bc74af580f554abaa57c888517d7efee,https://www.youtube.com/s/player/3bf393b6/player_ias.vflset/en_US/captions.js
39cf6e996b468efdbd47c246866730f6a2074f47f68d7eadda9508ab126625cc,https://www.youtube.com/s/player/67ff56cb/player_ias.vflset/en_US/captions.js
39d11616a38a96a270d62e2b675c17e2bc5b9e810289e3784136872ff28db84d,https://cdnjs.cloudflare.com/ajax/libs/dayjs/1.11.18/locale/tzl.min.js
39d49d302f40c5c8245599e95efbf08aea9aa9f4471cc5cbebcfd5c13e966046,https://cdnjs.cloudflare.com/ajax/libs/prism/9000.0.1/plugins/line-highlight/prism-line-highlight.css
39e43b3d3115bdfe86924ff89d8dca6e74c5e1871d56ca79b9d66abc1057ce0a,https://www.youtube.com/s/player/658ecde4/player_ias.vflset/en_US/base.js
3a4c8a3341d0461e91a7191610b06c255b8293cf7e7bdeedabe6b2381f64d754,https://cdnjs.cloudflare.com/ajax/libs/moment.js/2.30.1/locale/it.js
3a62fff0df3af04bd39245f9f99177079a0d15e572a23bddbaf9fe4bfe1e67d6,https://www.youtube.com/s/player/96c57227/player_ias.vflset/en_US/base.js
3a8924cd5203a28628716aedb5cef0943da4c3b44e3ffcee90ab06387b41c490,https://cdnjs.cloudflare.com/ajax/libs/font-awesome/6.5.1/webfonts/fa-brands-400.woff2
3a9760d706275d9ffe85a0042f3ee73f8425e3011cac1fa8a3c15a59e4053ffa,https://ajax.aspnetcdn.com/ajax/bootstrap/3.0.0/fonts/glyphicons-halflings-regular.svg
3aafb02ab1fca30f905750a61fa84fb1e202ebfafd0e07add22341be307bbbdc,https://cdnjs.cloudflare.com/ajax/libs/date-fns/4.1.0/locale/ko/cdn.min.js
3ac1e3f921b33f9a463c4cfbf5372ab3cc1ff2e4cf60f516b224cfabf5fcc88b,https://cdnjs.cloudflare.com/ajax/libs/dayjs/1.11.18/plugin/preParsePostFormat.min.js
3acce645c801ff4356c6da7325b5fe06c70171da52256f6e47e374ffb6218c6a,https://cdnjs.cloudflare.com/ajax/libs/date-fns/4.1.0/locale/ta/cdn.js
3ace9434c75b268a9166c320f54a3f48b233e9e82ce047f9d7e4c8cdf207cab5,https://www.youtube.com/s/player/19712d96/www-player.css
3ace9434c75b268a9166c320f54a3f48b233e9e82ce047f9d7e4c8cdf207cab5,https://www.youtube-nocookie.com/s/player/19712d96/www-player.css
3adda9f7f2657655f40dd9a399a6b002618a835b20cb8c35fa5395b3e0149fd6,https://www.youtube.com/s/player/ab5096ab/player_ias.vflset/en_US/base.js
3adf77e9239139d7a99358f3fd78ac767419c5c57298ebaea105fcac1862cd5f,https://cdnjs.cloudflare.com/ajax/libs/jose/6.1.0/lib/subtle_dsa.js
3af5dd635938efb5c432b31e810c76361f2f668c07811f88e91e7a79a6500584,https://cdnjs.cloudflare.com/ajax/libs/vue/3.5.22/vue.esm-bundler.min.js
3b039336619b6dcf75129a3cc16fbcb5cdcf4594c88ec7c09d0deb6daa5ac23e,https://cdnjs.cloudflare.com/ajax/libs/dayjs/1.11.18/locale/tg.min.js
3b0ef556b9ab31871f1686d04ed24d0d51f603f34dc0d5dd901d67826d2f1a8a,https://www.youtube.com/s/player/4e51e895/player_ias.vflset/en_US/captions.js
3b3d6be70a0af38aa18c6c2c352555db48a4114c7ab38e335e4df32bce6cfab9,https://cdnjs.cloudflare.com/ajax/libs/dayjs/1.11.18/locale/rn.js
3b49189f80f194fa2c10afbd1c416d559c91d25982a5502eca5ee07b8faa44f2,https://cdnjs.cloudflare.com/ajax/libs/popper.js/2.11.8/esm/utils/computeOffsets.min.js
3b5ef7aff1e0fd476acc55f0d3ca60562ce8666ece638c1ec850021deab53887,https://cdnjs.cloudflare.com/ajax/libs/dayjs/1.11.18/locale/es-do.min.js
3b68dbd73d3c8aa22fdb13f83a324a141c018b56fb3b2f2b34712b7ddd0f23d7,https://cdnjs.cloudflare.com/ajax/libs/dayjs/1.11.18/locale/ar-iq.js
3b6c6e3b265283f4c9b1db4db6fbaaddb0755a88d600ecbb35556f27c474c4f7,https://cdnjs.cloudflare.com/ajax/libs/moment.js/2.30.1/locale/fo.min.js
3b6c94dc00c7f57dd357b1f28370783b63404ad41a431e77ebf0f4479c0c1da9,https://cdnjs.cloudflare.com/ajax/libs/forge/1.3.1/forge.all.min.js
3b6fdaa10a3f2da9ea71643d6e9b852e9e6976fcf86e0433e5ff87d14564ecad,https://cdnjs.cloudflare.com/ajax/libs/date-fns/4.1.0/locale/pt-BR/cdn.js
3ba9efd2cbd6e35dd9b5e662c2ac7b1ce005474e7fae65e6a0ae88772d3dca46,https://www.youtube.com/s/player/bcd893b3/player_ias.vflset/en_US/base.js
3bb77630d4bc3fa50d0e25cb83bd0e46760ee927e4e1a161fc8d4dd61e4e6639,https://cdnjs.cloudflare.com/ajax/libs/prism/9000.0.1/components/prism-autohotkey.js
3bcde1e49ff7dc2a6ee8d3dd1c01ccb3e2ab3b1201eb0c5ef1de6d88f72d8b9b,https://ajax.aspnetcdn.com/ajax/mvc/4.0/jquery.validate.unobtrusive.js
3bd12911368c6050dce487f0d9b7f968667acaa8f444079f59cbe7230a71ecd5,https://cdnjs.cloudflare.com/ajax/libs/cheerio/1.1.2/dist/browser/api/css.js
3bd12911368c6050dce487f0d9b7f968667acaa8f444079f59cbe7230a71ecd5,https://cdnjs.cloudflare.com/ajax/libs/cheerio/1.1.2/dist/esm/api/css.js
3be189d9102a37d9d09d676315b7c435145d5b642d3893bf99ed8b55925a6cbe,https://cdnjs.cloudflare.com/ajax/libs/dayjs/1.11.18/locale/tg.js
3be5fa8d4a26199fb8af8fd260ba869c9ef78c0529c27b2bccfe1f18d0105eca,https://cdnjs.cloudflare.com/ajax/libs/dayjs/1.11.18/locale/uk.js
3bfabb8c2fa2ae28680177ce31824258d202e21ee8a072187d5c61a8dda6a573,https://www.youtube.com/s/player/fcf70340/player_ias.vflset/en_US/captions.js
3c4a7359b496acc66385dbc2cc75e06c47cfc67d7ba3ae19eebf15f3b937d413,https://www.youtube.com/s/player/659a519e/player_ias.vflset/en_US/captions.js
3c4a7359b496acc66385dbc2cc75e06c47cfc67d7ba3ae19eebf15f3b937d413,https://www.youtube.com/s/player/4746b641/player_ias.vflset/en_US/captions.js
3c4a7359b496acc66385dbc2cc75e06c47cfc67d7ba3ae19eebf15f3b937d413,https://www.youtube.com/s/player/c3edfa37/player_ias.vflset/en_US/captions.js
3c4a7359b496acc66385dbc2cc75e06c47cfc67d7ba3ae19eebf15f3b937d413,https://www.youtube.com/s/player/57fefa84/player_ias.vflset/en_US/captions.js
3c4a7359b496acc66385dbc2cc75e06c47cfc67d7ba3ae19eebf15f3b937d413,https://www.youtube.com/s/player/5a9b5eed/player_ias.vflset/en_US/captions.js
3c548748deae47704d113023d010973051946d90f39b23f587ce28637344f4a1,https://ajax.aspnetcdn.com/ajax/bootstrap/3.0.2/css/bootstrap-theme.min.css
3c5702a351be214e860a3662987889e0cf89757d3d16fd0e814a13287bc45469,https://cdnjs.cloudflare.com/ajax/libs/dayjs/1.11.18/plugin/bigIntSupport.min.js
3c5a3093bd14e7155e4ce3c987fcac6899dc99723029fb21b3dc0aad07a46d78,https://www.youtube.com/s/player/d95a0e03/player_ias.vflset/en_US/base.js
3c854562c55f388c64054559853bfd14ca7d298983c4cc12ed8e52f6fcdb1375,https://cdnjs.cloudflare.com/ajax/libs/dayjs/1.11.18/locale/uz-latn.min.js
3c933be43f969c0166d1ac4b28a8ecb655e9b9af1b81966abd4211c5f4962f62,https://cdnjs.cloudflare.com/ajax/libs/dayjs/1.11.18/locale/lt.js
3c9d035f17872f6a5972090b296a9f93e287a72313b1a8081250bee37299cc6e,https://browser.sentry-cdn.com/7.120.3/modulemetadata.es5.min.js
3cbd8a28a3d8691e112e71c38e4d2dea3fa12ff3a99c923afadbe6710e2ce7dd,https://cdnjs.cloudflare.com/ajax/libs/jose/6.1.0/jwt/unsecured.js
3cbf2d9c4474567aab123216ebc85f5e4f754f3f914c547c0be8dbcd3bc1cc73,https://cdnjs.cloudflare.com/ajax/libs/date-fns/4.1.0/locale/sv/cdn.min.js
3cc647ab815f6459ea6b33f903b5b340d3445318db610d95775a7f940fad2e2c,https://www.youtube.com/s/player/b6048f74/player_ias.vflset/en_US/captions.js
3cc647ab815f6459ea6b33f903b5b340d3445318db610d95775a7f940fad2e2c,https://www.youtube.com/s/player/fb58f923/player_ias.vflset/en_US/captions.js
3cc789ad4f234a9630e835330c39ded17dec9da68b7a2b662a27c54471544a62,https://www.youtube.com/s/player/35df120f/player_ias.vflset/en_US/base.js
3cce063b8d8aa0c8eac285f21bd28ded1ebccb155d38bb056d36d5e93f7bd3e9,https://ajax.aspnetcdn.com/ajax/bootstrap/4.5.0/css/bootstrap-grid.css
3cfdf415e6e90102f9bd436177108477b41aca1f0fe41c8911df8e365c3e992b,https://www.youtube.com/s/player/3cfa24db/player_ias.vflset/en_US/base.js
3d16b22f147b37991372897c9bf83f5b5332b24eb76b6886594706596f31d841,https://cdnjs.cloudflare.com/ajax/libs/react-redux/9.2.0/react-redux.legacy-esm.min.js
3d2204f635ccd7112f90b2b9d55aa2daddf8d1c13739ed0e67366551eab9c6e4,https://cdnjs.cloudflare.com/ajax/libs/prism/9000.0.1/components/prism-rest.js
3d469e41aea9da1caac426df61eb4105d5f83768aa0ddaf87254d5dc337a624a,https://cdnjs.cloudflare.com/ajax/libs/dayjs/1.11.18/locale/tlh.js
3d53d69bdaf60f8a0d86273c37d8e01d8b898b87e400e374953adcfb23682b25,https://www.youtube.com/s/player/d9454757/player_ias.vflset/en_US/base.js
3d53e6c5fccec237aa998d418bca0e1603cc9800587ab61129e00d0f3c7aa5ea,https://www.youtube.com/s/player/b2515611/player_ias.vflset/en_US/base.js
3d7744dcabf62768a3747c4fbd7734f961447f5249a65e6303e3c5b5bcb2e2e4,https://cdnjs.cloudflare.com/ajax/libs/tailwindcss/4.1.13/flatten-color-palette.js
3d7eea732acb8f27ba7be5ec54cc1c5ea198be2f7b12ae78cf03ce3b87d78da1,https://cdnjs.cloudflare.com/ajax/libs/crypto-js/4.2.0/ripemd160.js
3d7f7359568809409e92573359a4bd0cb05bf6e18dee90a4093d0acb3d5e951a,https://ajax.aspnetcdn.com/ajax/knockout/knockout-3.4.1.js
3d8e9246f48e4a8340e7698afca06c1878ab0807108849fa5d35124e8663aa5c,https://cdnjs.cloudflare.com/ajax/libs/react/19.1.1/cjs/react.development.min.js
3d9120fa621da6d613c1698b7014ec6bdf4620366e8f2b7b547059f4b6f6272b,https://cdnjs.cloudflare.com/ajax/libs/lazysizes/5.3.2/lazysizes.min.js
3db06560ec17a6b46c6ae483ca978f759ff8f2cff4ce82997e219e5b1a8000e9,https://www.youtube.com/s/player/ce74690f/player_ias.vflset/en_US/captions.js
3db06560ec17a6b46c6ae483ca978f759ff8f2cff4ce82997e219e5b1a8000e9,https://www.youtube.com/s/player/68179ae3/player_ias.vflset/en_US/captions.js
3db7fe4ba146a960fb68dbd7fc3bdd0222afd0e6c95b7410748e3579cfe52cbf,https://ajax.aspnetcdn.com/ajax/modernizr/modernizr-2.7.2.js
3e041a0b01629b26c6959a0cac9bec64ad56901d831ca519408e4fc7473a1768,https://cdnjs.cloudflare.com/ajax/libs/luxon/3.7.2/cjs-browser/luxon.min.js
3e05b4ca6d5bd3ea6f15c63ab33f36252579946b84610b512b2d63624b24eb74,https://cdnjs.cloudflare.com/ajax/libs/date-fns/4.1.0/locale/zh-TW/cdn.min.js
3e0dbb8a79ce13e7ec98b64f76d66be5ddb27037b9212401b0680f7d123cc704,https://www.youtube.com/s/player/4eecba16/player_ias.vflset/en_US/captions.js
3e17128553bc415eac93fd73bbd5f609d79008b112da463b52acbb201c023417,https://maps.googleapis.com/maps-api-v3/api/js/62/13e/controls.js
3e21ee69bc23a8cb71d82bde05012057945321c4a98bc6db5aead8dba7d2db83,https://www.youtube.com/s/player/b1ac6210/player_ias.vflset/en_US/captions.js
3e2f84043957526fe870b9880d925ef2b0462916755671e2c5bc3a50b3c7e985,https://ajax.aspnetcdn.com/ajax/bootstrap/3.1.0/css/bootstrap-theme.min.css
3e460b21839bf49543aeac626269114e5bc49092a516d7e94da7dbaee582bfd6,https://ajax.aspnetcdn.com/ajax/bootstrap/3.0.1/bootstrap.min.js
3e501bb205a6b4aa839247dc1e645caa37400f0657a9f62ece4bc181cac62deb,https://cdnjs.cloudflare.com/ajax/libs/popper.js/2.11.8/cjs/popper-base.js
3e62ce6dd41a0540dc04af03149fc30f65934c34dd10e3abc57eebc6e6acecb2,https://cdnjs.cloudflare.com/ajax/libs/tailwindcss/4.1.13/plugin.mjs
3e76e1dc883b283100a6e8b9dad16b529006e509423f250126352c7cbc381bd6,https://cdnjs.cloudflare.com/ajax/libs/popper.js/2.11.8/esm/dom-utils/getWindow.js
3e8a6a6d16ffd3df4fa2b449086cad6cbc9a0ef6a39b09c0a7b660454c594d0f,https://cdnjs.cloudflare.com/ajax/libs/popper.js/2.11.8/esm/utils/getAltLen.js
3e94b694b0efc60e31fb14f9d37ba0d39dc282d27b713bf42f2e85b9d62afac5,https://assets.squarespace.com/universal/styles-compressed/popup-overlay-b742b752f5880972-min.en-US.css
3e9c689b7be56b12489a43ddaee32d52e0a365b7f7560c82d56f27a53fab2843,https://www.youtube.com/s/player/26a9c282/player_ias.vflset/en_US/base.js
3ecfc1aeca0472165bcd4c799aa2a82f14e7b4d4294b4ba80630a1bea8e4e3bd,https://www.youtube.com/s/player/bcd88ad3/player_ias.vflset/en_US/captions.js
3ecfc1aeca0472165bcd4c799aa2a82f14e7b4d4294b4ba80630a1bea8e4e3bd,https://www.youtube.com/s/player/820123f3/player_ias.vflset/en_US/captions.js
3f1a3c06507476184ab2a662b4a6e9bc340999539dbcc0bacacf3e50e9b4caf9,https://cdnjs.cloudflare.com/ajax/libs/moment.js/2.30.1/locale/mr.min.js
3f2e1654b3dd9429fe541224edb5f6af8de1b17652b30017af445574b41b2a33,https://www.youtube.com/s/player/6e4dbefe/player_ias.vflset/en_US/base.js
3f327a63d612b8804a8e27dbd73736c8a52a3f59dff7a8ffcb83084f28d89869,https://cdnjs.cloudflare.com/ajax/libs/jose/6.1.0/util/base64url.js
3f4865cbdf3eba6f4b6c4c0c5364d8e72332a9821aabebf6256d847c36db1e6c,https://www.youtube.com/s/player/3fb7e6ac/www-player.css
3f4865cbdf3eba6f4b6c4c0c5364d8e72332a9821aabebf6256d847c36db1e6c,https://www.youtube-nocookie.com/s/player/3fb7e6ac/www-player.css
3f56ae7cba62e66d3fa6deb946d6e7b41f6738c933c9424534ad15281c940e6e,https://www.youtube.com/s/player/4d9ffdf8/player_ias.vflset/en_US/base.js
3f6f19368eb52257aa83967ebffe2e11b3aedf0610f229880610cd38460b6d17,https://cdnjs.cloudflare.com/ajax/libs/prism/9000.0.1/components/prism-lolcode.js
3f95e7bca2ffa5973d3d9a06bfd8de61fdfb51bb9b43c4f84af38a79bdc55195,https://cdnjs.cloudflare.com/ajax/libs/date-fns/4.1.0/locale/eo/cdn.min.js
3fa2f459af271e7edc9a8bce9edbf7ab3cf331a3bef73ce2050b8bd97cb616db,https://cdnjs.cloudflare.com/ajax/libs/dayjs/1.11.18/locale/mt.js
3fcae7d507e63e484800ed4a092f87c8b8016203ba0378bb14226959e51295ef,https://cdnjs.cloudflare.com/ajax/libs/handlebars.js/4.7.8/handlebars.runtime.min.js
3fddc6d28aba3c13d64cfd4847c333ff48c71d4a5a58bd1a0494ca6ae8ac1bb4,https://cdnjs.cloudflare.com/ajax/libs/magnific-popup.js/1.1.0/jquery.magnific-popup.min.js
3fe104e9602fe51a5927a22dbe293f48817e3b07c090bfa9d97cce409556dfcd,https://cdnjs.cloudflare.com/ajax/libs/dayjs/1.11.18/locale/ta.js
3ff9255c43ffe876d84fcc95ec5fc7057e9ac13c3fe858fabe420fab8e9b5740,https://www.youtube.com/s/player/d138a901/player_ias.vflset/en_US/base.js
4012ff15770ba22142235d19ed84a575ba011b5064eeceb3ed20192165db0841,https://cdnjs.cloudflare.com/ajax/libs/dayjs/1.11.18/plugin/isToday.min.js
404c7493cdb56b5b235e7e3b011a73e5de1a3bfc3273b2426d9485bd8c9f54ab,https://www.youtube.com/s/player/9fc68080/player_ias.vflset/en_US/captions.js
404c7493cdb56b5b235e7e3b011a73e5de1a3bfc3273b2426d9485bd8c9f54ab,https://www.youtube.com/s/player/98d96711/player_ias.vflset/en_US/captions.js
404c7493cdb56b5b235e7e3b011a73e5de1a3bfc3273b2426d9485bd8c9f54ab,https://www.youtube.com/s/player/b6e44494/player_ias.vflset/en_US/captions.js
404c7493cdb56b5b235e7e3b011a73e5de1a3bfc3273b2426d9485bd8c9f54ab,https://www.youtube.com/s/player/ce44be02/player_ias.vflset/en_US/captions.js
404c7493cdb56b5b235e7e3b011a73e5de1a3bfc3273b2426d9485bd8c9f54ab,https://www.youtube.com/s/player/75dfc895/player_ias.vflset/en_US/captions.js
404c7493cdb56b5b235e7e3b011a73e5de1a3bfc3273b2426d9485bd8c9f54ab,https://www.youtube.com/s/player/204ff6e4/player_ias.vflset/en_US/captions.js
404c7493cdb56b5b235e7e3b011a73e5de1a3bfc3273b2426d9485bd8c9f54ab,https://www.youtube.com/s/player/38dca859/player_ias.vflset/en_US/captions.js
404c7493cdb56b5b235e7e3b011a73e5de1a3bfc3273b2426d9485bd8c9f54ab,https://www.youtube.com/s/player/4e0a5143/player_ias.vflset/en_US/captions.js
404c7493cdb56b5b235e7e3b011a73e5de1a3bfc3273b2426d9485bd8c9f54ab,https://www.youtube.com/s/player/fa305f43/player_ias.vflset/en_US/captions.js
404c7493cdb56b5b235e7e3b011a73e5de1a3bfc3273b2426d9485bd8c9f54ab,https://www.youtube.com/s/player/f649823c/player_ias.vflset/en_US/captions.js
404c7493cdb56b5b235e7e3b011a73e5de1a3bfc3273b2426d9485bd8c9f54ab,https://www.youtube.com/s/player/f529f326/player_ias.vflset/en_US/captions.js
404c7493cdb56b5b235e7e3b011a73e5de1a3bfc3273b2426d9485bd8c9f54ab,https://www.youtube.com/s/player/30b88c09/player_ias.vflset/en_US/captions.js
404e1854f5de36422f5044855f200cf639b223cc62b8af7c9fb8bb92a536b288,https://ajax.googleapis.com/ajax/libs/dojo/1.8.0/dojo/dojo.js
4056494e80f0354a6253c6fc08a526bf10920c1b2bb517efb1249945a1291672,https://cdnjs.cloudflare.com/ajax/libs/request/2.88.2/lib/redirect.js
40638da2be2a2c97aceeb09bc7a64a3ca05728fdf3f62a726e8b83c1184395e2,https://cdnjs.cloudflare.com/ajax/libs/dayjs/1.11.18/plugin/buddhistEra.js
40665bb2d84be4db51bde88fa066d6dcb7bb6035dcc28eba71f3fae2b9943ffc,https://cdnjs.cloudflare.com/ajax/libs/dayjs/1.11.18/locale/cy.min.js
40723852f0369d453ee285dd827a4ddd936d6ec6fe98460fa594ec9b219e3157,https://www.youtube.com/s/player/e42f4bf8/player_ias.vflset/en_US/base.js
40739ff8253ab26a374a870bd7c05c9ace01045e57fb1a71981248f8d4c7d1dd,https://www.youtube.com/s/player/80f08606/player_ias.vflset/en_US/base.js
4089182e21627182ed1d4020978b597d984fb8de4cf547e9f4ac2aec9af13179,https://cdnjs.cloudflare.com/ajax/libs/pdf.js/5.4.149/images/altText_spinner.svg
408df13457faa3e895984c43ea580c6f70d3456c601f35e789df658ce5a4db87,https://www.youtube.com/s/player/89e685a2/www-player.css
408df13457faa3e895984c43ea580c6f70d3456c601f35e789df658ce5a4db87,https://www.youtube-nocookie.com/s/player/89e685a2/www-player.css
4099d985abdbf6d4e5f4ec53782e83e90c46de8baeba0e89ac451da224dc05df,https://maps.googleapis.com/maps-api-v3/api/js/64/14a/log.js
40a795d027b5889e3e97f0e92fe2c950ba3ad77a22f01f8c2bdeb49897ddbdec,https://www.youtube.com/s/player/4c6971ef/player_ias.vflset/en_US/base.js
40ba4c5d50dbcab9139a480c1748541f13929f8b49821d2d8264bbd7ae621455,https://ajax.googleapis.com/ajax/libs/jqueryui/1.8.19/themes/smoothness/jquery-ui.css
40cff492b54353a55cdf9ffb369786539ffb7d54d25f97dd4a1e8975b309c35d,https://cdnjs.cloudflare.com/ajax/libs/dompurify/3.2.7/purify.min.js
40ee71397c608f15e2d5efe405c721db5672d9c37a16e08ac04639f0565b485a,https://cdnjs.cloudflare.com/ajax/libs/immer/10.1.3/cjs/immer.cjs.development.js
41036d1ad78836c990e754a71b31d7343989bb644ab82358b7f943d727ee757e,https://cdnjs.cloudflare.com/ajax/libs/prism/9000.0.1/components/prism-objectivec.min.js
410d48bd407d037c25fd12012d10523c847106fc5415ff61be7f4cd20960bda6,https://cdnjs.cloudflare.com/ajax/libs/prism/9000.0.1/components/prism-coffeescript.min.js
413416d30a243e8d34798641a617b48814c97c36d0bbf2a4edd29f02d01ec487,https://cdnjs.cloudflare.com/ajax/libs/dayjs/1.11.18/locale/en-ca.min.js
414127c17dd1d148622f9af2202257d516f048da07dd944599f38a41f2b90d4b,https://cdnjs.cloudflare.com/ajax/libs/moment.js/2.30.1/locale/ca.min.js
415b1a868d833633f8b89c4d5f4f2fffea9b2363353389feac54d163afd0652d,https://cdnjs.cloudflare.com/ajax/libs/cheerio/1.1.2/dist/commonjs/parsers/parse5-adapter.min.js
415d0d3ff680b392baf1d8a25313f169556d48c170bbccaeeb34ce0d075231d8,https://cdnjs.cloudflare.com/ajax/libs/react-select/5.10.2/useAsync-be659a57.cjs.prod.js
4164104213767dcf6933f86096a8f25d93b95723dab2cf420e2cb3209067698f,https://cdnjs.cloudflare.com/ajax/libs/three.js/0.180.0/three.webgpu.min.js
41650e0d1eab253870d946fd766da8d43d6d0c22d2f860ecc3463aead2844238,https://ajax.googleapis.com/ajax/libs/dojo/1.4.7/dojo/dojo.js
41670be3521593e1069527489fc37d5105b5928d889999b5327832078f1c937b,https://cdnjs.cloudflare.com/ajax/libs/dayjs/1.11.18/locale/mn.js
416a3b2c3bf16d64f6b5b6d0f7b079df2267614dd6847fc2f3271b4409233c37,https://ajax.aspnetcdn.com/ajax/jQuery/jquery-3.5.1.js
4181d09c7c02a6782680f338da6310abfbb4981ea4d1334a8ff1bee0a34dda1a,https://cdnjs.cloudflare.com/ajax/libs/dayjs/1.11.18/locale/me.js
4194e1e79cb8dddc9cabfd0af9fd2ab68c5e00ada2a01087a437412ddb999b98,https://cdnjs.cloudflare.com/ajax/libs/crypto-js/4.2.0/core.min.js
41af969ee00e8132a0040094db2b1a79a15b4d9b7e2bb485012970fdf7b5c455,https://ajax.aspnetcdn.com/ajax/bootstrap/3.3.4/bootstrap.js
41c700b7a38c4ca7d4cc0b156be0a0648ffef4abb8ed657b371c8f63f7edf950,https://cdnjs.cloudflare.com/ajax/libs/jose/6.1.0/lib/check_key_length.js
41eb27d1f2327c903455f1adce6d0a81ae51a3d782ce891d36830f91eedb4b11,https://ajax.aspnetcdn.com/ajax/bootstrap/4.6.0/bootstrap.bundle.js
41edaf74683d24b03af0d11a7291c1f6ff771fe91506bf28847a8eb716a18f38,https://www.youtube.com/s/player/1ebf2aa6/player_ias.vflset/en_US/base.js
420b3d68e87c190370d928c51daff4d027603e7b21d5071afb3640ca2081c9c9,https://ajax.aspnetcdn.com/ajax/bootstrap/3.0.0/css/bootstrap.css
42192b99b32c2013cc096a9e7063b3e69d68d7138df37680a8b71d4fa01e37ce,https://cdnjs.cloudflare.com/ajax/libs/dayjs/1.11.18/locale/ar-kw.min.js
422fd617085929da78d1c4b2d4618af81bec231bffc635301056b4bd09a11b21,https://cdnjs.cloudflare.com/ajax/libs/jsonwebtoken/9.0.2/lib/psSupported.js
423c41974cdb3b526fdf0b0bcd582f20590d2f3ba878ec0bffeb1d0bc89b8c29,https://cdnjs.cloudflare.com/ajax/libs/moment.js/2.30.1/locale/cv.js
424ed10805d004f217b44ff6a0da5bad51d8f3b25577306f6e1f59c387525da2,https://cdnjs.cloudflare.com/ajax/libs/moment.js/2.30.1/locale/se.js
4257e7fd3a3677b22d6a98b8c60e905f070bdc36605c12b9eb340570fec47604,https://cdnjs.cloudflare.com/ajax/libs/popper.js/2.11.8/esm/utils/getOppositePlacement.min.js
4260f16f587962c22d502e28a6f9debdfadc6b96bfba3903f3920e4f9ea5b507,https://cdnjs.cloudflare.com/ajax/libs/dayjs/1.11.18/locale/en-sg.js
4271391a68df53a21081bfdf003beed1c99acf1432c2f65755188095af14a196,https://www.youtube.com/s/player/42c5570b/player_ias.vflset/en_US/captions.js
429fa5ff00584425d06580a2c5eff98a8975e53a246fb6ccf4c5b2a6545cc6b6,https://cdnjs.cloudflare.com/ajax/libs/date-fns/4.1.0/locale/nl/cdn.min.js
42c38bfe45a98f3eb6bab94e1b9aaf3b818e48edfbc5d13c003e912355a953d3,https://www.youtube.com/s/player/ef65734f/player_ias.vflset/en_US/captions.js
42cfe4c164fe87a0fdae1e2466876054cd412e23f345ea745fcda13bff9de6cf,https://www.youtube.com/s/player/5bb72cbb/player_ias.vflset/en_US/base.js
42d3240990d45436d6dd4dfb36e7792448cdc2b602c47ac424fd09b1e93dbdfe,https://cdnjs.cloudflare.com/ajax/libs/KaTeX/0.16.9/contrib/auto-render.mjs
42d3ca7e6f299a60de206b5dff7626f076caa479299f2aab28f56d463071ac56,https://www.youtube.com/s/player/ec38d4eb/player_ias.vflset/en_US/captions.js
42e8aa892f98807c2b3f49f7c83002b605e357c9463e8a3fbaeffa805fae5bcc,https://cdnjs.cloudflare.com/ajax/libs/angular.js/1.2.22/angular-sanitize.min.js
42f60659d265c1a3c30f9fa42abcbb56bd4a53af4d83d316d6dd7a36903c43e5,https://ajax.aspnetcdn.com/ajax/bootstrap/3.4.1/fonts/glyphicons-halflings-regular.svg
42f60659d265c1a3c30f9fa42abcbb56bd4a53af4d83d316d6dd7a36903c43e5,https://ajax.aspnetcdn.com/ajax/bootstrap/3.4.0/fonts/glyphicons-halflings-regular.svg
42f60659d265c1a3c30f9fa42abcbb56bd4a53af4d83d316d6dd7a36903c43e5,https://ajax.aspnetcdn.com/ajax/bootstrap/3.3.7/fonts/glyphicons-halflings-regular.svg
42f60659d265c1a3c30f9fa42abcbb56bd4a53af4d83d316d6dd7a36903c43e5,https://ajax.aspnetcdn.com/ajax/bootstrap/3.3.6/fonts/glyphicons-halflings-regular.svg
42f60659d265c1a3c30f9fa42abcbb56bd4a53af4d83d316d6dd7a36903c43e5,https://ajax.aspnetcdn.com/ajax/bootstrap/3.3.5/fonts/glyphicons-halflings-regular.svg
42f60659d265c1a3c30f9fa42abcbb56bd4a53af4d83d316d6dd7a36903c43e5,https://ajax.aspnetcdn.com/ajax/bootstrap/3.3.4/fonts/glyphicons-halflings-regular.svg
42f60659d265c1a3c30f9fa42abcbb56bd4a53af4d83d316d6dd7a36903c43e5,https://ajax.aspnetcdn.com/ajax/bootstrap/3.3.2/fonts/glyphicons-halflings-regular.svg
4303c9fdaad321fe8510cd05d6a219030da553b17efb2b6f701a9a48dfbd1555,https://cdnjs.cloudflare.com/ajax/libs/date-fns/4.1.0/locale/gd/cdn.js
4307e8abef91056a2103a591d6f500d91d7f9982a8c7a68ca6d93a6fe4d2e297,https://cdnjs.cloudflare.com/ajax/libs/date-fns/4.1.0/locale/lt/cdn.js
430c86f6c0ea0199d8622045883048b35875bea37b44424663bbe573056ec981,https://cdnjs.cloudflare.com/ajax/libs/moment.js/2.30.1/locale/kk.js
430f36f9b5f21aae8cc9dca6a81c4d3d84da5175eaedcf2fdc2c226302cb3575,https://ajax.aspnetcdn.com/ajax/jQuery/jquery-1.12.4.js
432665b5ba2d006e9dd214b5c157557b454c193eb7578e83f5a80bb5036a6e1b,https://cdnjs.cloudflare.com/ajax/libs/jspdf/3.0.3/polyfills.es.js
432c5bf8b9cad2d4c030fe52d8f49b89349d247c7a00c9a6d4fdab0d8c377625,https://www.youtube.com/s/player/f1ddd097/player_ias.vflset/en_US/base.js
432f28dae2f06a98028ea0b8c9154f70e2936fa82887c08e00f9fde9f7d78feb,https://cdnjs.cloudflare.com/ajax/libs/tailwindcss/4.1.13/colors.mjs
434b61ac05ad506c47f65f679f1638cf38870885d52b786822ffd1b34a41bbcb,https://cdnjs.cloudflare.com/ajax/libs/popper.js/2.11.8/esm/utils/getAltLen.min.js
434ff0dd1eac1acf7aa683e97a8da20304a963ca14978005b8221ab07248c6d5,https://ajax.aspnetcdn.com/ajax/bootstrap/4.5.2/css/bootstrap-grid.css
435fc5ea995d4bb39c4741337a3846f21c59be73842260cda8d67d6f2c96a1de,https://cdnjs.cloudflare.com/ajax/libs/crypto-js/4.2.0/tripledes.min.js
436deee65762dc2cd01329405c06d70bdb6b349796e5d40bfefb81aa6526802d,https://cdnjs.cloudflare.com/ajax/libs/dayjs/1.11.18/locale/hy-am.js
43780fa999cb63bc08211604c9bdc8847172377d81d8e702495e6eb3452c47bb,https://cdnjs.cloudflare.com/ajax/libs/cheerio/1.1.2/dist/browser/static.js
43780fa999cb63bc08211604c9bdc8847172377d81d8e702495e6eb3452c47bb,https://cdnjs.cloudflare.com/ajax/libs/cheerio/1.1.2/dist/esm/static.js
439a5897e7fd0af2184cd85e981b75a2248fd666eb5233230eeab7a23a99ae33,https://www.youtube.com/s/player/ecde8a55/player_ias.vflset/en_US/base.js
43b56cfb3ba01a3904dda09c629560b1c6c8499274147144527cae13834d3a7d,https://cdnjs.cloudflare.com/ajax/libs/moment.js/2.30.1/locale/ar.min.js
43b7ead41219cc821e9dbf958d1e803d4b406c79ecf1d823a544e7d0e8d7c2db,https://cdnjs.cloudflare.com/ajax/libs/jspdf/3.0.3/jspdf.umd.js
43c9cd29c9ed8eed2dd6e0071d4c689ee816d1ac5e5271820f362eb7801d1f77,https://ajax.aspnetcdn.com/ajax/bootstrap/4.1.1/css/bootstrap-grid.min.css
43e21ee81d80adccf54b5d576da2ae4cacb595282014cf89b0f154f4c3b7aa95,https://ajax.aspnetcdn.com/ajax/knockout/knockout-3.3.0.js
43f4f4ab7ad358863ce1a215711b0bac297ed0030cdfb8db35329b201a554671,https://cdnjs.cloudflare.com/ajax/libs/request/2.88.2/lib/tunnel.js
440645cad3480edeaa059f0ebea205fa6ec59832f5a829141697a0f9f284d39c,https://ajax.aspnetcdn.com/ajax/bootstrap/4.5.2/css/bootstrap-reboot.min.css
4407e38601f9c7874def2f0db5e05a7d2ed7ea8ed39471457a0884b9ad9f033e,https://cdnjs.cloudflare.com/ajax/libs/Chart.js/4.5.0/helpers.min.js
441498532079fe2f2f88717ab92f62b9511efa4afe309ea8d8ae15db9c22a9e0,https://www.youtube.com/s/player/d6afc319/player_ias.vflset/en_US/base.js
443ff9b6374857143fafbf01bd756aabedb74fb887ce932cd212fe0db7c7c733,https://maps.googleapis.com/maps-api-v3/api/js/65/3b/infowindow.js
44782eef6a54b0ec8b9f7fbef5858152812a408a6b576521a9db82394e2ea04b,https://cdnjs.cloudflare.com/ajax/libs/popper.js/2.11.8/esm/dom-utils/contains.js
44939793a8834502cc53538e6706991f66671092c682ed1f5dc6716dc5e8b14f,https://www.youtube.com/s/player/46e01509/player_ias.vflset/en_US/base.js
44b58466f7aedb408553f945c4bac50d19c67f360c79fa61a3f0202c9589bf70,https://www.youtube.com/s/player/4b0d80ee/player_ias.vflset/en_US/captions.js
44bdd0dbbf51d5d49ac46ece12e919151c7f27b7f5b174790c4ca6aef0b6a1eb,https://cdnjs.cloudflare.com/ajax/libs/react/19.1.1/cjs/react-jsx-runtime.react-server.production.js
44c5d9596fe6a2d02080366de1ccce2a73e20474b46a1222c45303a8f15e843e,https://www.youtube.com/s/player/116dbe15/player_ias.vflset/en_US/base.js
44e4cb084c17b29456704016e62d9e1d1e94e0fdffc08d0dac009546dced6f6b,https://cdnjs.cloudflare.com/ajax/libs/date-fns/4.1.0/locale/et/cdn.min.js
44f2c69e6f14ce36a1c8f282c0b744b95dee004cda08bf6de1ff5f68064d9670,https://cdnjs.cloudflare.com/ajax/libs/crypto-js/4.2.0/sha256.min.js
44fb20bc2899c2dcd9df5ff8cb4148c13eed1b9772cf3aea696f0120dea7e4c0,https://ajax.googleapis.com/ajax/libs/mootools/1.4.2/mootools-yui-compressed.js
452a4b796cea482993981a023d627456c171a48718e7b2eacb8cac4b0dc3684b,https://maps.googleapis.com/maps-api-v3/api/js/64/14a/controls.js
453d54f2da991b3ffbc7b793123888904490d7fa2f7a2e986516f582d193b3f6,https://cdnjs.cloudflare.com/ajax/libs/vue/3.5.22/vue.runtime.esm-browser.prod.js
454445da33eb6f3c14584e966e6eaec71d41a3736ad3506ca18da3e2c142afa9,https://cdnjs.cloudflare.com/ajax/libs/dayjs/1.11.18/plugin/timezone.min.js
4552edf18f3abfd382227e7a8ac655667cb57227e380cdf4e49719f363ba482b,https://ajax.googleapis.com/ajax/libs/dojo/1.4.4/dojo/dojo.js
455d28d71b8d59da5d26877fb2b42ac3822fb213dd69179002c01fde937c0fa3,https://cdnjs.cloudflare.com/ajax/libs/moment.js/2.30.1/locale/tg.min.js
4575be3facc89fe141b54728c9e74138bc4081575343f0a7f4b30537b2744429,https://cdnjs.cloudflare.com/ajax/libs/dayjs/1.11.18/plugin/toObject.min.js
458182f10739336a6f8cada6088fb7977d155202e809b5d5fd74fbec27356561,https://cdnjs.cloudflare.com/ajax/libs/moment.js/2.30.1/locale/zh-cn.min.js
458e8348348a3ec71db02948fd36198ca10a9233948087d25416848effa182a8,https://cdnjs.cloudflare.com/ajax/libs/dayjs/1.11.18/locale/se.js
45910406a59219dfff45c0c3d3d781b337a45929127206d899b1a22a3c0097ba,https://cdnjs.cloudflare.com/ajax/libs/prism/9000.0.1/components/prism-http.js
45920be153ff3779a96824c02dea12937a00f6c8c79287b5e0396a18a0551a80,https://www.youtube.com/s/player/487b9fc1/player_ias.vflset/en_US/base.js
45995ddf4b7239b57521886956eaf0c7b7ce0c303aa63249894946cb2730d836,https://cdnjs.cloudflare.com/ajax/libs/prism/9000.0.1/components/prism-latex.js
45bb7b66af345c2a5bceda0345c1a8a958bec5f57d0e0592b51c0c8b6468b23d,https://ajax.aspnetcdn.com/ajax/jQuery/jquery-1.7-vsdoc.js
45bd93cf6229b02d95e7dc963c0e456016bb8753fa1aa3ceeb9ce1b988cb357f,https://cdnjs.cloudflare.com/ajax/libs/moment.js/2.30.1/locale/en-in.min.js
45c16db026ab6520c4c671613acd79f985f51d0ae3405bdefa5ec32ec73b6adf,https://www.youtube.com/s/player/67ff56cb/player_ias.vflset/en_US/base.js
45ce63fde1db108d9a75db7dcb317fbd97078b5008b4fbe93fe9243a080fa6e0,https://cdnjs.cloudflare.com/ajax/libs/date-fns/4.1.0/locale/bs/cdn.min.js
45dc3dd03dc07a06705a2c2989b8c7f709013f04bd5386e3279d4e447f07ebd7,https://cdnjs.cloudflare.com/ajax/libs/js-yaml/4.1.0/js-yaml.min.js
45f0c44fd74b874a20e003f51e078dedbe45b4547db00755cd09a442457b4f23,https://cdnjs.cloudflare.com/ajax/libs/dayjs/1.11.18/locale/en-ca.js
45fe0169d7f20adb2f1e63bcf4151971b62f34dbd9bce4f4f002df133bc2b03d,https://ajax.aspnetcdn.com/ajax/jQuery/jquery-3.0.0.slim.min.js
4612d712f53f79361dd9567c09f4fb48f72266064d9c0feb1b8e908f38953ae7,https://cdnjs.cloudflare.com/ajax/libs/popper.js/2.11.8/esm/popper.min.js
462dead8b8162740d9ee78a286adbfcc597bf794551c55abfefd34d9a1e17460,https://www.youtube.com/s/player/4e0a5143/player_ias.vflset/en_US/base.js
462df39c5050f5df7fde6eb2f462e23bf609952a558f61621272a9580b05500e,https://www.youtube.com/s/player/10ecb549/player_ias.vflset/en_US/captions.js
46406da2eb784d19f730fc2d380c2c5c816a65714514edd75a6cb0ded01ce90a,https://cdnjs.cloudflare.com/ajax/libs/pdf.js/5.4.149/pdf.sandbox.mjs
46a2de362f54e3c988cc8c9fbf68fe12018c8ae42fe11509a747f52f17834466,https://ajax.aspnetcdn.com/ajax/bootstrap/3.0.3/css/bootstrap.min.css
46bc7c7b853bf69ab0b165153453f7c1e84bf6982fe8adb6245088a5f3de8360,https://ajax.googleapis.com/ajax/libs/prototype/1.7.3.0/prototype.js
46beb048fdeea612ea54c35ee6065e56855414d3e26ef908c86e48669f538869,https://www.youtube.com/s/player/57fefa84/player_ias.vflset/en_US/base.js
46c209d93f601141c15ed4c5b91a4d5742048f2bfbd04d1aaa5831c03f2b856b,https://cdnjs.cloudflare.com/ajax/libs/jsonwebtoken/9.0.2/lib/validateAsymmetricKey.js
46eb0b3d58003085eff6b97439d3c845b404b1f870c8fa33c14e5d1168850c98,https://cdnjs.cloudflare.com/ajax/libs/prism/9000.0.1/components/prism-yaml.min.js
46eb83f64f50d70bfee5dcc862f1355986dc8464b6c27827bb6f06aa5aef5013,https://maps.googleapis.com/maps-api-v3/api/js/64/14a/geocoder.js
46f4de0ead36f0ae0b6ec8fa35a4d8b0443891092393b4fdb6348ded15e46b26,https://cdnjs.cloudflare.com/ajax/libs/moment.js/2.30.1/locale/en-gb.js
4708a9dfcd83eb392f1d5e3878962167e806fc4ccb8a05a12b3a1a6989fa0c25,https://cdnjs.cloudflare.com/ajax/libs/moment.js/2.30.1/locale/ar-dz.min.js
470948b2b32e157b4c11ce072e58a3325802c2d3d52d8a6848b7bca750a380ba,https://cdnjs.cloudflare.com/ajax/libs/dayjs/1.11.18/locale/x-pseudo.js
47098c61f977c6b0d12d4fdc73b3eeb029279368f7a50b8121eb31b212197eef,https://cdnjs.cloudflare.com/ajax/libs/popper.js/2.11.8/umd/enums.js
470e6634aaf4ce736ad23f117676813d6f163e1f3b0c2e7ed0ba6be45713cf66,https://cdnjs.cloudflare.com/ajax/libs/dayjs/1.11.18/locale/en-tt.js
47345b6f32e979d05dbf1fff348b5f574a961537647edd8fc4a17b0293cb92f7,https://cdnjs.cloudflare.com/ajax/libs/cheerio/1.1.2/dist/browser/api/extract.min.js
47345b6f32e979d05dbf1fff348b5f574a961537647edd8fc4a17b0293cb92f7,https://cdnjs.cloudflare.com/ajax/libs/cheerio/1.1.2/dist/esm/api/extract.min.js
47359aae9bbd74b9155af24afddeeb248c2bea9e7ad8e8e5c24e36098d65d463,https://cdnjs.cloudflare.com/ajax/libs/dayjs/1.11.18/plugin/updateLocale.min.js
47396e76eed0fd53fd44d3c6cca479ccb8a6b4c58ba9d3c8602830accef9c552,https://cdnjs.cloudflare.com/ajax/libs/angular.js/1.6.4/angular-sanitize.min.js
4740e77b69c2d95fef19d2a7e0ba242c87bdb8ad543015f1bd84d7ea2272bc56,https://www.youtube.com/s/player/e5fcb1c4/player_ias.vflset/en_US/captions.js
4740e77b69c2d95fef19d2a7e0ba242c87bdb8ad543015f1bd84d7ea2272bc56,https://www.youtube.com/s/player/7256bbfc/player_ias.vflset/en_US/captions.js
474da0e6bc3d690226cf36bf250f09114f68415b03656cc7a02bf1426ec0296c,https://cdnjs.cloudflare.com/ajax/libs/date-fns/4.1.0/locale/gu/cdn.js
47569ad0a1aa368b0d8159c8a314b2a6d1b84ddf3b0f25240b40617ee72bf649,https://www.youtube.com/s/player/ee507a59/player_ias.vflset/en_US/base.js
4758f3e36fb68b635501c6c8a1b50df7277f0095a1ebc163ccca9d42ec8bda28,https://www.youtube.com/s/player/1c74cab8/player_ias.vflset/en_US/captions.js
478e0d6b9a4ac62560d988e5ecc25e597befd5ff333f60842369456a0a1fb1ee,https://ajax.googleapis.com/ajax/libs/jquerymobile/1.4.1/jquery.mobile.min.css
47933880a9ae2c21896314d83b864eda21d9c40e858398049178bd57f6b2d413,https://cdnjs.cloudflare.com/ajax/libs/popper.js/2.11.8/esm/utils/userAgent.js
47b68dce8cb6805ad5b3ea4d27af92a241f4e29a5c12a274c852e4346a0500b4,https://ajax.googleapis.com/ajax/libs/jquery/1.7.2/jquery.min.js
47b68dce8cb6805ad5b3ea4d27af92a241f4e29a5c12a274c852e4346a0500b4,https://ajax.aspnetcdn.com/ajax/jQuery/jquery-1.7.2.min.js
47bf6b2e0bb21849f205a4f2d90c8e40b2773f3fdf4c764471cd050ef0a87378,https://ajax.aspnetcdn.com/ajax/bootstrap/3.3.2/bootstrap.js
47c349d898950b445f3f54473e8aefd6e9b7a01d49d05fc0b74292f8167238d8,https://cdnjs.cloudflare.com/ajax/libs/dayjs/1.11.18/plugin/toArray.min.js
47d21013ed89a79e00fd25b4b6d589e8530685d55da3d21c855fb9208a3efeb7,https://cdnjs.cloudflare.com/ajax/libs/dayjs/1.11.18/locale/nb.min.js
47d3eb01d7218d85b7e8c60af98c2bf282e30b1fdcb260853a75c86d3cdfad5c,https://ajax.googleapis.com/ajax/libs/mootools/1.2.1/mootools-yui-compressed.js
47d6c3bbf6508fd42c0526adc55175b38d0291fe5eecd243020f8260fd597193,https://ajax.aspnetcdn.com/ajax/mvc/5.1/jquery.validate.unobtrusive.js
47e23f3454369faf960b7b7e4532d0fe9e3102c43e311378a59c5eb138d239d5,https://cdnjs.cloudflare.com/ajax/libs/dayjs/1.11.18/plugin/devHelper.js
480767b3413cd9033feda74d6cac3015cf84280b40659e7187f98a41c1c8f215,https://www.youtube.com/s/player/d396ac15/player_ias.vflset/en_US/captions.js
48181960ebddb6b9ff04914a9d00f2cebe56c6acd71731b71b1374224e92476d,https://cdnjs.cloudflare.com/ajax/libs/dayjs/1.11.18/locale/tr.js
482f9289851cc5add17895787d427259acf8d9467db37000d383021aa097a1e3,https://cdnjs.cloudflare.com/ajax/libs/moment.js/2.30.1/locale/hi.js
483317f31643c368fe782245be9c3c3cd20c0dbbaaeb17baadcea804ed0e4d62,https://cdnjs.cloudflare.com/ajax/libs/styled-components/6.1.19/styled-components.js
4837f7e1f1565ff667528cd75c41f401e07e229de1bd1b232f0a7a40d4c46f79,https://ajax.aspnetcdn.com/ajax/jQuery/jquery-1.10.1.min.js
484081bfe6c76d77610eb71a6e71206fe5304d62c037f058b403592192069306,https://ajax.aspnetcdn.com/ajax/bootstrap/3.3.0/bootstrap.min.js
4844d982a423d205714a5c9dd0dc064f5c43c48bab298bba2e7da19d9be7734b,https://cdnjs.cloudflare.com/ajax/libs/dayjs/1.11.18/locale/ar-sa.js
48861b2e0f0ac9bd765bc460c53ef3c0d01e50c7eb7e57755e929b73fd10d611,https://ajax.aspnetcdn.com/ajax/bootstrap/5.2.3/bootstrap.bundle.js
488ee9be4172452530912cd7949b2d6bf8d41f59386dff450342b13189a1956c,https://cdnjs.cloudflare.com/ajax/libs/prism/9000.0.1/plugins/wpd/prism-wpd.min.js
489917e284f6be3fc5dcd24e7707fc8e0f9fbf7d4a0729b33e5b2b6ed85e1a8d,https://www.youtube.com/s/player/0d0138e0/player_ias.vflset/en_US/base.js
489e1dad678d54b6bb948144e94161e09f6f11ccbd2e6a58b2ef5bdf83b79303,https://www.youtube.com/s/player/f53077c5/player_ias.vflset/en_US/base.js
48a4fd51466ac55d081ff932371021b328f118f74ee6ba93c0ec8fd163e34a30,https://ajax.googleapis.com/ajax/libs/prototype/1.7.1.0/prototype.js
48aa37dd993523cd290d3b63b88dc6ce505993357718113d9c91e00060327fd2,https://cdnjs.cloudflare.com/ajax/libs/dayjs/1.11.18/locale/bn.min.js
48cda8293a9b9c7ce2b8c1a04d10f3e891f2156c0fce930a51fcd03724a57d43,https://cdnjs.cloudflare.com/ajax/libs/dayjs/1.11.18/locale/mk.js
48d7cf9e2bb8781178489622330d2586de83c9a11b8f2981b18fd3763cf491d6,https://ajax.aspnetcdn.com/ajax/bootstrap/4.1.1/css/bootstrap-grid.css
48dc1a423aeac4a685642cac5d7b1ca110fe83373e06e5e9b6f404385dca537d,https://www.youtube.com/s/player/5e4f1adf/player_ias.vflset/en_US/base.js
48eb8b500ae6a38617b5738d2b3faec481922a7782246e31d2755c034a45cd5d,https://cdnjs.cloudflare.com/ajax/libs/jquery-migrate/1.4.1/jquery-migrate.min.js
48f2e783cd2daa0a0c1b1db474c9742aed1c841fa3d7b472bbe92987bd75a745,https://cdnjs.cloudflare.com/ajax/libs/sinon.js/21.0.0/sinon.js
48f9ba72447cc8cf7be8092b7ccd27bbf7e146ad43230d1525404152a379a1ac,https://cdnjs.cloudflare.com/ajax/libs/date-fns/4.1.0/locale/ar-DZ/cdn.js
49027f9c260f5c53eeaa84b9e847e77ac0c13cd8a2b6774e21f37659d3d18bfa,https://ajax.googleapis.com/ajax/libs/d3js/5.15.1/d3.min.js
4913900a380ed33b662fc5299fda05cfba74367870ba23f3d9db5dfd0775c876,https://cdnjs.cloudflare.com/ajax/libs/moment.js/2.30.1/locale/ar-sa.js
491554a30757689bd7c52d5d87a54ae530bd20cc632845a1f68bd779db1ff5f4,https://www.youtube.com/s/player/0502bc08/player_ias.vflset/en_US/base.js
4925c3d4bb0b1bb0533b9577e08a1e56ea36bdcdbc28d184f758ab06ebab86f7,https://www.youtube.com/s/player/63233546/player_ias.vflset/en_US/base.js
49481eaa850b6bf72bf2104352520ea71460b5193c60793edaa442c70d004b01,https://cdnjs.cloudflare.com/ajax/libs/dayjs/1.11.18/locale/bn.js
4949f4e1cff9e8a960b44c9a8be70bc4bb10216eb4d0123ca61753e0908a0f87,https://static.parastorage.com/unpkg/react-dom@16.14.0/umd/react-dom.production.min.js
4954a56f7e7602a11a119115d8bd2b4b8f16f9da832dfab4f56368e8470b7fc0,https://cdnjs.cloudflare.com/ajax/libs/date-fns/4.1.0/locale/is/cdn.min.js
4960ffe79384a1d776c980637aec8e6b6a9e062ad265ec19e47d32b1475250bb,https://www.youtube.com/s/player/ea7a7460/player_ias.vflset/en_US/base.js
49ada4fd419ebadc7cc933d96e892b1f751534f2fde555d6f1b7ea23c2ef4804,https://cdnjs.cloudflare.com/ajax/libs/date-fns/4.1.0/locale/mn/cdn.js
49b2ea9434b4a9766f7d529042815526b13d88c4bb35cef73fdac9bf8188e1cc,https://ajax.googleapis.com/ajax/libs/dojo/1.9.9/dojo/dojo.js
49bf9c06b71e6355e19394cb7c234b967f82b40ae454dae247f79d0e7c8fcc63,https://www.youtube.com/s/player/29a37ef6/player_ias.vflset/en_US/captions.js
49f5d339b1e841cf001192e5f7a28b2bc4ff0162cbb0f4d3219b50e0bf683ab6,https://www.youtube.com/s/player/ec3567a3/player_ias.vflset/en_US/base.js
49feb722a2b7cb8a35c1687a54c8ceeab98f5bf8dc7d45b8a68e7033ece59de2,https://www.youtube.com/s/player/a9f67a82/player_ias.vflset/en_US/captions.js
4a165b93d4e30b2f81e6089534799470c0cbbee6c2ee36c97213ef7f2b7ada21,https://cdnjs.cloudflare.com/ajax/libs/prism/9000.0.1/plugins/show-language/prism-show-language.css
4a1e7e88be4b1a02bfa942dd0d989d53d633ad125a212a6fb871434c4e2eec97,https://cdnjs.cloudflare.com/ajax/libs/prism/9000.0.1/components/prism-cpp.min.js
4a3cac3d0e426c1f24f2d28a6ff5b2c564ba4ab95e8f9aafd4b9430c064d8333,https://www.youtube.com/s/player/d9ea877b/player_ias.vflset/en_US/base.js
4a3d9f50726e2dc48728329f15bed529b17e8e1238c784566e6e97a03a710e83,https://www.youtube.com/s/player/652bbb94/www-player.css
4a3d9f50726e2dc48728329f15bed529b17e8e1238c784566e6e97a03a710e83,https://www.youtube-nocookie.com/s/player/652bbb94/www-player.css
4a3d9f50726e2dc48728329f15bed529b17e8e1238c784566e6e97a03a710e83,https://www.youtube.com/s/player/afc53320/www-player.css
4a3d9f50726e2dc48728329f15bed529b17e8e1238c784566e6e97a03a710e83,https://www.youtube-nocookie.com/s/player/afc53320/www-player.css
4a3d9f50726e2dc48728329f15bed529b17e8e1238c784566e6e97a03a710e83,https://www.youtube.com/s/player/8da75a6a/www-player.css
4a3d9f50726e2dc48728329f15bed529b17e8e1238c784566e6e97a03a710e83,https://www.youtube-nocookie.com/s/player/8da75a6a/www-player.css
4a3d9f50726e2dc48728329f15bed529b17e8e1238c784566e6e97a03a710e83,https://www.youtube.com/s/player/eace5bba/www-player.css
4a3d9f50726e2dc48728329f15bed529b17e8e1238c784566e6e97a03a710e83,https://www.youtube-nocookie.com/s/player/eace5bba/www-player.css
4a3d9f50726e2dc48728329f15bed529b17e8e1238c784566e6e97a03a710e83,https://www.youtube.com/s/player/c9168c90/www-player.css
4a3d9f50726e2dc48728329f15bed529b17e8e1238c784566e6e97a03a710e83,https://www.youtube-nocookie.com/s/player/c9168c90/www-player.css
4a3d9f50726e2dc48728329f15bed529b17e8e1238c784566e6e97a03a710e83,https://www.youtube.com/s/player/01b2d163/www-player.css
4a3d9f50726e2dc48728329f15bed529b17e8e1238c784566e6e97a03a710e83,https://www.youtube-nocookie.com/s/player/01b2d163/www-player.css
4a3d9f50726e2dc48728329f15bed529b17e8e1238c784566e6e97a03a710e83,https://www.youtube.com/s/player/c1c87fb0/www-player.css
4a3d9f50726e2dc48728329f15bed529b17e8e1238c784566e6e97a03a710e83,https://www.youtube-nocookie.com/s/player/c1c87fb0/www-player.css
4a47407d6e87dbe00499b68d2dbea01c8f396f6d09b7a33a3952fd9b3f727a61,https://cdnjs.cloudflare.com/ajax/libs/date-fns/4.1.0/locale/ka/cdn.js
4a4de7903ea62d330e17410ea4db6c22bcbeb350ac6aa402d6b54b4c0cbed327,https://ajax.aspnetcdn.com/ajax/bootstrap/3.3.5/bootstrap.min.js
4a6a64d35376d87a17a769a6f6b2a72c1322eed7241010acf18c4013a662b722,https://cdnjs.cloudflare.com/ajax/libs/crypto-js/4.2.0/sha224.min.js
4a7556565805186788b090b2b79f0e9a53cd8218df0a4daff889c1cf06acc86b,https://www.youtube.com/s/player/38e0f4b0/player_ias.vflset/en_US/captions.js
4a7556565805186788b090b2b79f0e9a53cd8218df0a4daff889c1cf06acc86b,https://www.youtube.com/s/player/17ad44a3/player_ias.vflset/en_US/captions.js
4a958856cb46b4dc36334b5e8e3ce780ac45f413aa597d8fdd042a0feb38b7b5,https://cdnjs.cloudflare.com/ajax/libs/dayjs/1.11.18/locale/mi.min.js
4a9e0bd2ff2d07e8861589123db9f6cabd22b3ec49d397134b47600aa02919d7,https://www.youtube.com/s/player/25822515/player_ias.vflset/en_US/captions.js
4aa0fb4199a5a287a433aaa7410354cb4f5fa7eb15ea80ebcba67dbb02bda1e5,https://cdnjs.cloudflare.com/ajax/libs/moment.js/2.30.1/locale/nb.js
4ae88cfb3309c26335bad849edb58e61f6e11ad560b531797b6c2d5a7b5d7270,https://cdnjs.cloudflare.com/ajax/libs/pdf.js/5.4.149/pdf_viewer.min.css
4af37cc6b498a4c3418f0b5d90efe5354422b3d158681454dc2eedee31ce1469,https://cdnjs.cloudflare.com/ajax/libs/moment.js/2.30.1/locale/hr.js
4b0e02a9ef3805a319bbb9492ae8480c57fdebb042575ac8a483b024e4aa0ff0,https://ajax.googleapis.com/ajax/libs/dojo/1.7.7/dojo/dojo.js
4b29b3390dd09116dfea0d0900028546580e3b77ab3222a8a8557844b8e4c7f7,https://www.youtube.com/s/player/9d2ef9ef/player_ias.vflset/en_US/base.js
4b2d4e16f3656cfedc14e677d1f5333e2fa419f6f23e381775f153dac9a63c98,https://www.youtube.com/s/player/3ccae36b/player_ias.vflset/en_US/base.js
4ba62f8728c1a9ef5d149f4ad0a34266dc463552c84bd40c1cab34f8c00a9339,https://cdnjs.cloudflare.com/ajax/libs/moment.js/2.30.1/locale/id.min.js
4bb0949a62e1418f82a9e9a45e026490f517906dd8bdb95c4c15c5b890c9a900,https://www.youtube.com/s/player/9be3886e/player_ias.vflset/en_US/base.js
4bb96d9d53f380ac801819411b8c10868ac9a984de863e56402ac00c2289b9f1,https://cdnjs.cloudflare.com/ajax/libs/json5/2.2.3/index.min.js
4bd2cc76a4b43c8b0a137f88de875e30056f6b334dcf672c52c2b0363633ce73,https://www.youtube.com/s/player/f067dbb6/player_ias.vflset/en_US/base.js
4bd4f6f339ab257d800d07ee1bac7b34f0155946793cd26a6aa5fb993932ec7f,https://www.youtube.com/s/player/dbc3c96f/player_ias.vflset/en_US/base.js
4c0b08012e4eff434b40e58c19f266713dc1cab66ba66a933b1637ae401aa3fd,https://ajax.googleapis.com/ajax/libs/shaka-player/2.4.0/shaka-player.compiled.js
4c1ff0d36025475e3f18aa5ff03389dc48a450912a4c6351f7679c08d180eef6,https://www.youtube.com/s/player/218d9d92/player_ias.vflset/en_US/captions.js
4c1ff0d36025475e3f18aa5ff03389dc48a450912a4c6351f7679c08d180eef6,https://www.youtube.com/s/player/5570c7bc/player_ias.vflset/en_US/captions.js
4c1ff0d36025475e3f18aa5ff03389dc48a450912a4c6351f7679c08d180eef6,https://www.youtube.com/s/player/6baf88c8/player_ias.vflset/en_US/captions.js
4c27a730b175be2121ebbfbde77c242b2cc3e90619c097fbc37f3c5dc8bb3ffb,https://www.youtube.com/s/player/9c249f6f/player_ias.vflset/en_US/base.js
4c43ed63d1e73964084322f8c53f5fcd3df29d76e5c8449759016b50862dc51a,https://www.youtube.com/s/player/886cbf26/player_ias.vflset/en_US/captions.js
4c43ed63d1e73964084322f8c53f5fcd3df29d76e5c8449759016b50862dc51a,https://www.youtube.com/s/player/b6e5a811/player_ias.vflset/en_US/captions.js
4c4b37e1a1a629c838a519652ddb794ff357eb469ea309904b70831a37541f26,https://cdnjs.cloudflare.com/ajax/libs/snowplow/2.16.3/sp.min.js
4c53caacff49d7d3f0d8290472bee0e5d48b1ed9d09b50f301f13c1c93457aa7,https://ajax.googleapis.com/ajax/libs/shaka-player/3.1.8/shaka-player.compiled.js
4ca3a45346846f7ae258725985596972dff818b6eeb406f1c8851f17783d9a08,https://cdnjs.cloudflare.com/ajax/libs/popper.js/2.11.8/esm/utils/rectToClientRect.js
4cb3b96d7c22b17c7410a0192dd7d6e274e27029ea2bfe267eae41508892dce4,https://cdnjs.cloudflare.com/ajax/libs/moment.js/2.30.1/locale/en-au.js
4cbb01943efd227b24c8ec293e03648f3589733cfb51140222d1a3484a24e3ae,https://cdnjs.cloudflare.com/ajax/libs/moment.js/2.30.1/locale/bn-bd.min.js
4cdf71cef3c12528cd7163f6955d55aa77c260a440a3fcb93b77e3a9c4ab1650,https://cdnjs.cloudflare.com/ajax/libs/request/2.88.2/lib/hawk.js
4cecd2a1083225f5675bb50ba3f43f92f828fc04b84fcdd9d40f758269381bd8,https://cdnjs.cloudflare.com/ajax/libs/cheerio/1.1.2/dist/commonjs/api/attributes.js
4d13182ad7ad0504e3995f3c2f802a0cc0670ef3d3ee83a483f730576ba59b26,https://ajax.googleapis.com/ajax/libs/shaka-player/4.10.26/shaka-player.compiled.js
4d137d401db1fa5db1878b4810981f7ca03cbaefb7229da2ebe9c0b9dc58ee01,https://ajax.googleapis.com/ajax/libs/dojo/1.8.8/dojo/dojo.js
4d147fb2da3f1a3dad3c3eb04e8ce8c710208a71379fa7d9b2ebeb3c49fd42ed,https://cdnjs.cloudflare.com/ajax/libs/dayjs/1.11.18/locale/fr-ca.js
4d23b66370e1ee899e7c5c3d7ba161458da6e59ac1f05a4a2b9b59b7fb9ebab3,https://cdnjs.cloudflare.com/ajax/libs/dayjs/1.11.18/locale/pa-in.min.js
4d3b00a1cf322ae46c9f4b422f4d9235f1f5a397de660bda0cdb39a7c3ecaca0,https://ajax.googleapis.com/ajax/libs/d3js/6.6.0/d3.min.js
4d7b01c2f6043bcee83a33d0f627dc6fbc27dc8aeb5bdd5d863e84304b512ef3,https://ajax.aspnetcdn.com/ajax/jquery/jquery-1.9.0.js
4d7b01c2f6043bcee83a33d0f627dc6fbc27dc8aeb5bdd5d863e84304b512ef3,https://ajax.aspnetcdn.com/ajax/jQuery/jquery-1.9.0.js
4d83d1ae3cbc212a2df745bc4ce666e96f394685d1f16c880945b3170eb385d4,https://ajax.aspnetcdn.com/ajax/bootstrap/3.0.3/css/bootstrap.css
4d85d4e3a8aa326363be22aa6f2f343571a0969f951ba269d6c89376d52fac16,https://cdnjs.cloudflare.com/ajax/libs/dayjs/1.11.18/locale/lo.js
4d9538125cafe50af6cb9c0d7e75a6fcd14b4fa69d1f98c1f1eef727d7edfaa2,https://cdnjs.cloudflare.com/ajax/libs/dayjs/1.11.18/locale/bo.js
4d9586a075f082a04fd40178499c472012b351db4c1a4d210907a0891f7d8ad9,https://ajax.aspnetcdn.com/ajax/jQuery/jquery-2.0.2.min.js
4dc25ef00a8354afd704afd899c42a04ffc1050058bfb000fb1a23ab1cc8d309,https://ajax.googleapis.com/ajax/libs/shaka-player/1.6.5/shaka-player.compiled.js
4dd0f1692347e70d4257c7e87500f560d6f092a0b36d15ef44cab4e588ecee6e,https://cdnjs.cloudflare.com/ajax/libs/popper.js/2.11.8/esm/dom-utils/isTableElement.min.js
4df74a01d575a4c5a6e22ea2a5a305400f8c63df20f5b3f2e25e068608990b8f,https://cdnjs.cloudflare.com/ajax/libs/immer/10.1.3/immer.legacy-esm.js
4e05ea67b25c4fd74b46c520573cb723b17292678f56cc4fbc4c85f0f324eab7,https://cdnjs.cloudflare.com/ajax/libs/request/2.88.2/lib/multipart.min.js
4e1354fc542b617c58cbba3aeb5116a528cf08bb1299f5dc7f3bc77a3b902b68,https://ajax.googleapis.com/ajax/libs/jquery/2.0.1/jquery.min.js
4e1fb5828d882456912e121823f2c49484815e036cd78e3abc73b7becb4e82ce,https://cdnjs.cloudflare.com/ajax/libs/isomorphic-fetch/3.0.0/fetch-npm-browserify.js
4e7617ed42c4cd4e2264f84fd8273e840cdd4859054b86cac6a31fd3f1a6ff8c,https://cdnjs.cloudflare.com/ajax/libs/dayjs/1.11.18/locale/rw.js
4e8399d3079df67f90c065c290c56d1b8fe14f84d637886e2c0bf6634003c187,https://www.youtube.com/s/player/631d3938/player_ias.vflset/en_US/base.js
4e883d40b753248ae2ede48811a2a78d4013a8dbfe7e178a1bfd4e8241856455,https://cdnjs.cloudflare.com/ajax/libs/dayjs/1.11.18/plugin/minMax.js
4ea6de9832c8e17c55a323a97dfbfe1532f9a0f9e74f46bfa962c9cb6fc035e8,https://ajax.aspnetcdn.com/ajax/bootstrap/5.2.3/bootstrap.js
4ee7062efb2c4282d0e6aa8c4e708976dade98c8415b18929df71e421720898f,https://www.youtube.com/s/player/9e63f8e4/player_ias.vflset/en_US/base.js
4f0a8cbd87750e6d74f4f1acba4524679bf02dfb0f0b36346061bd78130f04e1,https://ajax.aspnetcdn.com/ajax/knockout/knockout-3.1.0.js
4f18551bb1b2d65aeeae0a162c9e4d1613f485e747a4d32f96a9e1f58beee493,https://www.youtube.com/s/player/2f47d04e/player_ias.vflset/en_US/base.js
4f1acd50091733a1834aaa3d0ae4246c8352091b19a6222eaacbf80c42553c68,https://www.youtube.com/s/player/7fefdcfe/player_ias.vflset/en_US/base.js
4f47f57d6a1fa208c80482c951caf23f3734c304e8323ba03bf05639b8f30551,https://ajax.aspnetcdn.com/ajax/globalize/0.1.1/globalize.min.js
4f563373ba4af442e1b425b7b7dd1030ed84b9babe9821949922d9677bf14701,https://cdnjs.cloudflare.com/ajax/libs/crypto-js/4.2.0/mode-ecb.js
4f69426c62c0cb2538cbb9bb8b928c79b5cacf7d1f438f8a9c4e48809b56e9a3,https://cdnjs.cloudflare.com/ajax/libs/crypto-js/4.2.0/enc-base64url.min.js
4f8d50eafe1a542e0d54cd8e591313b3982cded4e235a034cbd4464deb491721,https://www.youtube.com/s/player/67da7e92/player_ias.vflset/en_US/base.js
4fa7f2eabb5cbdeb10c3aa899a8337a04bf2880ffec075883a5d09ee4666c4f2,https://cdnjs.cloudflare.com/ajax/libs/prism/9000.0.1/components/prism-scala.js
4fb9de0ba12deacbe17680fb1c774f55332a32039c2d6a37cb62562f88b22e67,https://cdnjs.cloudflare.com/ajax/libs/crypto-js/4.2.0/format-hex.min.js
4fe1b3aa18d8a2b2b52acd146b0cc727f6e6ebb60c58e0af7700c2d689c796c9,https://ajax.aspnetcdn.com/ajax/knockout/knockout-3.1.0.debug.js
4fe2aadd2d7b16b128c92be5bd94b297f39ec9c11f8546b8990ca07dc5a2046c,https://www.youtube.com/s/player/f8a07cad/player_ias.vflset/en_US/captions.js
4ff22a7bb2fe290a4766b37d791006a21fd2532dc29d2cfbb8a809fcfda9a938,https://maps.googleapis.com/maps-api-v3/api/js/62/13e/search_impl.js
4ffcc598ee6cff4692c1cea272cd8a2f195f6dec32473e94370d6cdcfa5fe601,https://ajax.aspnetcdn.com/ajax/bootstrap/4.6.0/css/bootstrap.min.css
5016e347d18b9cbd80bf7c286a4a679609c3cf5c2b8f9e39e66a3312d6a4b918,https://maps.googleapis.com/maps-api-v3/api/js/64/14a/map.js
505d5f829022bb7b4f24dfee0aa1141cd7bba67afe411d1240335f820960b5c3,https://cdnjs.cloudflare.com/ajax/libs/KaTeX/0.16.9/katex.min.css
506d9a9bfc20ae4705736896673f88e5f882aeffc083e8c3192ef1790ce22e13,https://www.youtube.com/s/player/c1c87fb0/player_ias.vflset/en_US/base.js
5097d95aa6a2e9a09aa6365975069dcbbada248e46576eac4bb87f735676932c,https://www.youtube.com/s/player/6c5cb4f4/player_ias.vflset/en_US/captions.js
509a1b5b1f3402b81e28510e46145618373a9cba61c94c119d5e9242a86261e1,https://cdnjs.cloudflare.com/ajax/libs/jspdf/3.0.3/jspdf.umd.min.js
50ac8a0bc1aeb6f8d0ab6b93883492601cc07ee5197eee7507e4fa868635fbc6,https://cdnjs.cloudflare.com/ajax/libs/prism/9000.0.1/components/prism-smarty.min.js
50ad448a8a5720bf8a5617db15af31ae60163de06331576f60c6244c012ffc72,https://cdnjs.cloudflare.com/ajax/libs/slick-carousel/1.8.1/slick.min.css
50ad448a8a5720bf8a5617db15af31ae60163de06331576f60c6244c012ffc72,https://cdnjs.cloudflare.com/ajax/libs/slick-carousel/1.9.0/slick.min.css
50b3ede3f3afe4156f7244de7bc998c7773209475207a7bcd64932a03972d9b3,https://cdnjs.cloudflare.com/ajax/libs/dayjs/1.11.18/plugin/isTomorrow.js
50bdf14d72229372cf3751195e80f3659d4bf94eadc4a059452afcee969f8a19,https://cdnjs.cloudflare.com/ajax/libs/preact/10.27.2/preact.umd.min.js
50ceffaf2fc194baacb8f47ddfec2e00e6e56c2652cca75d84cc27df884aa2a7,https://cdnjs.cloudflare.com/ajax/libs/tailwindcss/4.1.13/plugin.min.js
50d981e32bd62e1625258b4ef43d4d10ca117f3849f38e0cdc9cfdef72492cfa,https://ajax.aspnetcdn.com/ajax/jQuery/jquery-2.1.0-vsdoc.js
50e76f02d09943f85b5473c3bc33b887707daf3a183f743d4f5231ac142091dc,https://www.youtube.com/s/player/f85ea353/player_ias.vflset/en_US/base.js
50f1b86132ea1a7acda9b48b69016c7623660efad2c79b554bd30c78286f3bf5,https://cdnjs.cloudflare.com/ajax/libs/request/2.88.2/lib/helpers.js
510b249dffe640f2d0df26cd303fd5da629ee0919cecab985313a18d05b43f5f,https://ajax.aspnetcdn.com/ajax/bootstrap/4.4.1/css/bootstrap-grid.min.css
511026dcf380c93a5c53c00275bda222331616e4da8b8fdf09d5dd7aa18dde1f,https://cdnjs.cloudflare.com/ajax/libs/q.js/1.5.1/q.min.js
511d18f18cd8bbac90882f3b13d195409644da61951db435b46668714b324e88,https://cdnjs.cloudflare.com/ajax/libs/moment.js/2.30.1/locale/et.min.js
512a10b888a60646c8925a6b945a0e2ee973578acf1deae5119c7b60fccd3b8d,https://cdnjs.cloudflare.com/ajax/libs/date-fns/4.1.0/locale/id/cdn.min.js
5132124393b5e683974341923e887800a250e69ec0a6a8dbc4d0924b4e6e59fc,https://cdnjs.cloudflare.com/ajax/libs/prism/9000.0.1/themes/prism-twilight.css
513903046f3a4e229c68f250b6ec6eea6f3fa57f3f15151ef8c8fb1203aa61bb,https://ajax.googleapis.com/ajax/libs/shaka-player/3.3.19/shaka-player.compiled.js
514384fdf9939ebb81e0d6456284a6aa927b1d43209dc5fdb886b9352160fb73,https://www.youtube.com/s/player/06dc4a70/player_ias.vflset/en_US/captions.js
514384fdf9939ebb81e0d6456284a6aa927b1d43209dc5fdb886b9352160fb73,https://www.youtube.com/s/player/ee507a59/player_ias.vflset/en_US/captions.js
5155f3aa5fe43b18c7b06cf02ff6e9d6c157d7da822c658fbd8e2f0edceef161,https://cdnjs.cloudflare.com/ajax/libs/moment.js/2.30.1/locale/gu.js
5166a1fbafe5b0fa487d0db761ef06483b784ed83ac5ed60b5a764f53919eab5,https://cdnjs.cloudflare.com/ajax/libs/prism/9000.0.1/plugins/line-numbers/prism-line-numbers.css
516c5fea5c82bdf1fb5c472b9aafdca9cda6dc806b2c12ce9d62c2e0fc348104,https://cdnjs.cloudflare.com/ajax/libs/luxon/3.7.2/luxon.min.js
516f4c62dd16d6bafce5cdc8b44b033d2df2a8c96280b4933754bd9ada4d20bd,https://www.youtube.com/s/player/1c74cab8/player_ias.vflset/en_US/base.js
517364f2d45162fb5037437b5b6cb953d00d9b2b3b79ba87d9fe57ea6ee6070c,https://ajax.googleapis.com/ajax/libs/jquery/1.4.4/jquery.min.js
517364f2d45162fb5037437b5b6cb953d00d9b2b3b79ba87d9fe57ea6ee6070c,https://ajax.aspnetcdn.com/ajax/jQuery/jquery-1.4.4.min.js
51814d270d06ff0255dba0799994fa4d8c84d11f09951d47595f4abb1f3602dc,https://cdnjs.cloudflare.com/ajax/libs/KaTeX/0.16.9/fonts/KaTeX_Fraktur-Regular.woff2
518b41023df84831572bf2cdb3ddabac1479b36383121373cfcf7ab7a75e2d5a,https://cdnjs.cloudflare.com/ajax/libs/styled-components/6.1.19/styled-components.esm.min.js
518bdd72a508bfe21b1a19bef2c9ec128add52a921e228f77fcba2c2b4efec61,https://www.youtube.com/s/player/82e5a015/player_ias.vflset/en_US/captions.js
518bdd72a508bfe21b1a19bef2c9ec128add52a921e228f77fcba2c2b4efec61,https://www.youtube.com/s/player/ec6f9bb5/player_ias.vflset/en_US/captions.js
518bdd72a508bfe21b1a19bef2c9ec128add52a921e228f77fcba2c2b4efec61,https://www.youtube.com/s/player/be5a4839/player_ias.vflset/en_US/captions.js
518bdd72a508bfe21b1a19bef2c9ec128add52a921e228f77fcba2c2b4efec61,https://www.youtube.com/s/player/9c3bdbc5/player_ias.vflset/en_US/captions.js
518bdd72a508bfe21b1a19bef2c9ec128add52a921e228f77fcba2c2b4efec61,https://www.youtube.com/s/player/25f11721/player_ias.vflset/en_US/captions.js
518bdd72a508bfe21b1a19bef2c9ec128add52a921e228f77fcba2c2b4efec61,https://www.youtube.com/s/player/efa2c4f5/player_ias.vflset/en_US/captions.js
518bdd72a508bfe21b1a19bef2c9ec128add52a921e228f77fcba2c2b4efec61,https://www.youtube.com/s/player/e0dc87a1/player_ias.vflset/en_US/captions.js
518bdd72a508bfe21b1a19bef2c9ec128add52a921e228f77fcba2c2b4efec61,https://www.youtube.com/s/player/551c312f/player_ias.vflset/en_US/captions.js
518bdd72a508bfe21b1a19bef2c9ec128add52a921e228f77fcba2c2b4efec61,https://www.youtube.com/s/player/4d9ffdf8/player_ias.vflset/en_US/captions.js
518bdd72a508bfe21b1a19bef2c9ec128add52a921e228f77fcba2c2b4efec61,https://www.youtube.com/s/player/0727df12/player_ias.vflset/en_US/captions.js
518bdd72a508bfe21b1a19bef2c9ec128add52a921e228f77fcba2c2b4efec61,https://www.youtube.com/s/player/74be5b62/player_ias.vflset/en_US/captions.js
518bdd72a508bfe21b1a19bef2c9ec128add52a921e228f77fcba2c2b4efec61,https://www.youtube.com/s/player/c5a4a312/player_ias.vflset/en_US/captions.js
518bdd72a508bfe21b1a19bef2c9ec128add52a921e228f77fcba2c2b4efec61,https://www.youtube.com/s/player/5c692b33/player_ias.vflset/en_US/captions.js
518bdd72a508bfe21b1a19bef2c9ec128add52a921e228f77fcba2c2b4efec61,https://www.youtube.com/s/player/3859fa39/player_ias.vflset/en_US/captions.js
518bdd72a508bfe21b1a19bef2c9ec128add52a921e228f77fcba2c2b4efec61,https://www.youtube.com/s/player/1680feb2/player_ias.vflset/en_US/captions.js
518bdd72a508bfe21b1a19bef2c9ec128add52a921e228f77fcba2c2b4efec61,https://www.youtube.com/s/player/16589d5e/player_ias.vflset/en_US/captions.js
518c3c1b849d41be9ef9673726ac3c71290096a727ff29c9edfb0f7489e3253f,https://cdnjs.cloudflare.com/ajax/libs/moment.js/2.30.1/locale/hu.js
51dcfec717171439875f89c61b9be79447036e7d7903a6a1e77eedd0bd0f7d53,https://ajax.googleapis.com/ajax/libs/dojo/1.7.5/dojo/dojo.js
51e13883b0771f5592bdb7f2c61f3e09da7445494cddcf26c8c50c2c592ce814,https://cdnjs.cloudflare.com/ajax/libs/date-fns/4.1.0/locale/fr/cdn.js
51f06f1e0b9c6bd04c996c399f746aa1f294dc401a5d72c421bd4ace1be27774,https://cdnjs.cloudflare.com/ajax/libs/dayjs/1.11.18/locale/ar.min.js
51f74e490b196f265772b28f34868cc5f962f7d37bb655520cc133c4d40f753f,https://cdnjs.cloudflare.com/ajax/libs/date-fns/4.1.0/locale/en-US/cdn.min.js
51f8a866d31635e1e64c5ed2d9edf69d9b4907dd570919058c48f7dd0a55b808,https://www.youtube.com/s/player/35df120f/player_ias.vflset/en_US/captions.js
520bef37cbc19203b496e3d2525dacf13225392611a061405f88e50889bd01d7,https://ajax.aspnetcdn.com/ajax/jQuery/jquery-3.7.1.slim.js
520bef37cbc19203b496e3d2525dacf13225392611a061405f88e50889bd01d7,https://cdnjs.cloudflare.com/ajax/libs/jquery/3.7.1/jquery.slim.js
521410e1fc44780061e09adc980275fb5ea277fd5d9e538454214ec4379ff4bc,https://cdnjs.cloudflare.com/ajax/libs/OwlCarousel2/2.3.4/assets/owl.carousel.min.css
522682022079cf724fc03316d1e8e313331aeb454f969b9bca3f284f40362a88,https://cdnjs.cloudflare.com/ajax/libs/cheerio/1.1.2/dist/commonjs/api/extract.js
5252fcbe17be54e28bdf394e4157f34a1415fceda9b3cf47d43882a38219d36f,https://cdnjs.cloudflare.com/ajax/libs/react-is/19.1.1/cjs/react-is.production.min.js
5263958960b60aa39de13920e7e18d2284450659841e904bda475e0557afbbd3,https://cdnjs.cloudflare.com/ajax/libs/jose/6.1.0/jwt/sign.js
526cd32e28083eb7412c50b253f3b3612b33180b65d699f5b7c731f0f20df96d,https://www.youtube.com/s/player/8c83ec2e/player_ias.vflset/en_US/base.js
527582d7d413a6c1c01081a871f6d3a61c7d1b3a067d8b6415c2cb7cdcf82025,https://cdnjs.cloudflare.com/ajax/libs/date-fns/4.1.0/locale/pt-BR/cdn.min.js
5282393b3732f12faf44a1fe4bd31c192b2b804a465e78d08f3d29570813f452,https://static.parastorage.com/services/santa-resources/dist/viewer/user-site-fonts/v19/languages.css
528c24e08913fe2bd48df2653e3a928508ea5770402eb7893aa0d99436493c8a,https://ajax.aspnetcdn.com/ajax/jQuery/jquery-1.4.4-vsdoc.js
52a90015bcd96704d5194dc4b369c05ed1f4fa3b68f1280726629d29a8f06851,https://cdnjs.cloudflare.com/ajax/libs/popper.js/2.11.8/esm/index.js
52b8af76b034b209ec40e13fc38d6072a24726b547520a36d3b6a8d718a31adc,https://ajax.googleapis.com/ajax/libs/mootools/1.4.4/mootools-yui-compressed.js
52ce78fab4860d24ef22128a52ce24ca01368a9034457a565a1d3fccbab0ddbb,https://cdnjs.cloudflare.com/ajax/libs/KaTeX/0.16.9/contrib/copy-tex.min.js
52e13589bb56e143502b56010b80bfa5db962ca5ae8ecdcc648462a5fd8ab667,https://cdnjs.cloudflare.com/ajax/libs/moment.js/2.30.1/locale/en-ie.min.js
530f4a8ff1d5fc3985b1f4498b3025a7d82527d84b37d6e3696823a268948d30,https://cdnjs.cloudflare.com/ajax/libs/dayjs/1.11.18/plugin/buddhistEra.min.js
53138532aad7c571af10cf6b17a678552e9a9e7ef5014d250f97af8dc61ae6e1,https://cdnjs.cloudflare.com/ajax/libs/moment.js/2.30.1/locale/zh-cn.js
531ad5b3c79e50b94cfd4430b97a6eb2ab7c9c99b7f6acc3aa8fd51b9646f810,https://cdnjs.cloudflare.com/ajax/libs/date-fns/4.1.0/locale/cs/cdn.js
53218025a43649159f828c3ce7c7ef8dd8917d7b213e73a0e1f5c3d67296e0b1,https://cdnjs.cloudflare.com/ajax/libs/react-dom/19.1.1/cjs/react-dom-server.node.production.min.js
53300359677c2112612ea36269d2923393f8979e4b715dda4f6f99d8947464ec,https://cdnjs.cloudflare.com/ajax/libs/dayjs/1.11.18/locale/en.min.js
5342b8677daaf8ef30dae4d13962da86e942d92586e88d72b59162aac6bc04ad,https://cdnjs.cloudflare.com/ajax/libs/moment.js/2.30.1/locale/lv.min.js
534431dc68f4f3336a0a450302c0eac0ab133112adbba0f60b84e4aa8676ca2f,https://ajax.googleapis.com/ajax/libs/dojo/1.10.8/dojo/dojo.js
535a0eb07fb0fbd62a59719e584c1b27a71066285b222f21684eaf4606ea9e01,https://ajax.aspnetcdn.com/ajax/bootstrap/3.1.0/bootstrap.js
537ba68afbc86b5c9fdd13ac6cb233b0be4196edca5883bb2aabe58b4bbd74e2,https://cdnjs.cloudflare.com/ajax/libs/cheerio/1.1.2/dist/browser/slim.min.js
537ba68afbc86b5c9fdd13ac6cb233b0be4196edca5883bb2aabe58b4bbd74e2,https://cdnjs.cloudflare.com/ajax/libs/cheerio/1.1.2/dist/esm/slim.min.js
53835e16202aae7e469318edef3f2929648251c03ffc8b6da1e0daad8de4cedc,https://ajax.googleapis.com/ajax/libs/dojo/1.8.10/dojo/dojo.js
5386525f58308727280363f9e3ca8570afae1724c5c0e3b5673edfcbe68f64b5,https://www.youtube.com/s/player/5afa275f/player_ias.vflset/en_US/base.js
538fca3b551cce7af15e486a0ef584bc87599b66ef44cdafc05b0bebd8a8b882,https://ajax.aspnetcdn.com/ajax/bootstrap/4.5.2/css/bootstrap.css
53964478a7c634e8dad34ecc303dd8048d00dce4993906de1bacf67f663486ef,https://ajax.aspnetcdn.com/ajax/bootstrap/3.3.7/bootstrap.min.js
53964478a7c634e8dad34ecc303dd8048d00dce4993906de1bacf67f663486ef,https://maxcdn.bootstrapcdn.com/bootstrap/3.3.7/js/bootstrap.min.js
5399e41a6b45eb33d487a1af6215276db8228c2e53d0cb690ace394075e0ce37,https://cdnjs.cloudflare.com/ajax/libs/dayjs/1.11.18/locale/gl.js
539cdafb02e7517727f86f034bd5b9bc36b123c1b4950d99147ca37f5bcd2b92,https://cdnjs.cloudflare.com/ajax/libs/dayjs/1.11.18/locale/br.js
53bbbdf2f5ae24e19c22899887ce76bcc5883cab52990b6da1a7a0cf73c59f04,https://cdnjs.cloudflare.com/ajax/libs/moment.js/2.30.1/locale/eo.min.js
53c2b453228668e8ed2e6793d50cc159a7aed41849a9a227c5176dacffc02c8f,https://www.youtube.com/s/player/42c5570b/player_ias.vflset/en_US/base.js
53c8f179aaec160e246a8bc6f12a6aea17812468ed826a4aaefeeee67cb9e744,https://www.youtube.com/s/player/a0d0e12d/player_ias.vflset/en_US/captions.js
53e3bc9d41c34550a478925cf71a36bf0bd27bc914078c6fa9e25869e0cfb82d,https://cdnjs.cloudflare.com/ajax/libs/prism/9000.0.1/components/prism-gherkin.js
53e8eb5ad5f4ec0c6667dd8a5352a28458374a202b036974827e96155cddfca7,https://cdnjs.cloudflare.com/ajax/libs/vue/3.5.22/vue.cjs.js
53fdc5f23d96f57db1e2a2152fc156949b37fccb5d3d9a39e035e919233798cb,https://cdnjs.cloudflare.com/ajax/libs/request/2.88.2/lib/oauth.js
540bc6dec1dd4b92ea4d3fb903f69eabf6d919afd48f4e312b163c28cff0f441,https://ajax.googleapis.com/ajax/libs/jquery/1.11.1/jquery.min.js
540bc6dec1dd4b92ea4d3fb903f69eabf6d919afd48f4e312b163c28cff0f441,https://ajax.aspnetcdn.com/ajax/jQuery/jquery-1.11.1.min.js
542c8e37fad15d9554af99069aaff24655ddcf075e199f9968350ebc678830f3,https://cdnjs.cloudflare.com/ajax/libs/moment.js/2.30.1/locale/pt-br.min.js
542ddc722d9711595c11d57caa9424beca928b3553747a51e3f1c57c2c08ec16,https://cdnjs.cloudflare.com/ajax/libs/crypto-js/4.2.0/sha224.js
5435a1265dacc269403f275095e24a63ff3b8bb0f95908f7a2a987fbe2ab9e43,https://cdnjs.cloudflare.com/ajax/libs/moment.js/2.30.1/locale/pl.js
544467d53f5bae175207b1a5f0af46daaa101c52b84dc0292404c515a53ac185,https://cdnjs.cloudflare.com/ajax/libs/dayjs/1.11.18/locale/en-ie.min.js
54491fcc7087dac3145622f773753513c67ac4988465b1a2095b3dae149ed554,https://ajax.aspnetcdn.com/ajax/bootstrap/4.1.1/bootstrap.bundle.js
544d1c1f9a94e97bc3b2772f913c85266fc96668d96b68c25334a14c0aac96ef,https://www.youtube.com/s/player/c2dd02e1/player_ias.vflset/en_US/base.js
544efeb6ff34d822ba91408b0dad68b4a11ed77913e1d237afae9e9e4868c8a0,https://cdnjs.cloudflare.com/ajax/libs/react-dom/19.1.1/cjs/react-dom-server.node.development.js
545c6839c0e4b425f658bfa614cfac12f83cd89067bdd4a82066c41871e86012,https://cdnjs.cloudflare.com/ajax/libs/js-cookie/3.0.5/js.cookie.mjs
5465bef5a0a94e76ddf74226f2dc9c8a358e2bef64f14532333ed16de57b9de1,https://ajax.googleapis.com/ajax/libs/jqueryui/1.8.12/themes/smoothness/jquery-ui.css
547a24150d1270d26f7afba4a046023744e71d31c84bc41ec6dbc033440a23b3,https://cdnjs.cloudflare.com/ajax/libs/jose/6.1.0/lib/base64.js
548c82e5dd67e633118bb226d4656f809b3a87a0a3884da9abec989f85709809,https://cdnjs.cloudflare.com/ajax/libs/jose/6.1.0/lib/key_to_jwk.js
54964f8b580ad795a962fb27066715d3281ae1ad13a28bf8aedd5d8859ebae37,https://ajax.aspnetcdn.com/ajax/jQuery/jquery-1.6.4.js
54977086cbdd7327433d30609e7214cae8c2d74be7976023b4856ad5e9341712,https://cdnjs.cloudflare.com/ajax/libs/date-fns/4.1.0/locale/af/cdn.min.js
54a7831bf498d66d1fd512bd7cbd1a2c411fcef1654582f04e303b81abd32c9a,https://cdnjs.cloudflare.com/ajax/libs/prism/9000.0.1/components/prism-haml.min.js
54c867fcb8466aedcea4fb204ce9c01f1809084b116a53aa5dbcf7c8286e5068,https://cdnjs.cloudflare.com/ajax/libs/jose/6.1.0/lib/aesgcmkw.js
54d21b0676784d0c983bbd4093898770adefa932d89b72c8afd88183a19172a7,https://ajax.aspnetcdn.com/ajax/bootstrap/3.0.0/bootstrap.min.js
54e832663426c696b1f603379026e5e15720e8c812bbbc60d63aa2ad8a479f75,https://assets.squarespace.com/@sqs/polyfiller/1.6/modern.js
54e93988dc75f8791304d01ae4d688d7be317666db7b80f7730b1ff72d6870da,https://cdnjs.cloudflare.com/ajax/libs/date-fns/4.1.0/locale/th/cdn.min.js
551130c265cec8e5280b37abf3ba49ab851ed43ac9871481a1f9fbd8673160b0,https://cdnjs.cloudflare.com/ajax/libs/dayjs/1.11.18/locale/en-tt.min.js
5540b2af46570795610626e8d8391356176ca639b1520c4319a2d0c7ba9bef16,https://ajax.aspnetcdn.com/ajax/jQuery/jquery-1.12.2.js
554841abfaf5ab87657ce7ab4bf2491aa370ff36dac4c2f4a42cdfb073dcfd9b,https://www.youtube.com/s/player/944b5ebc/player_ias.vflset/en_US/base.js
5564284a5af01cc76f2cfa4e32631ffd58368c167ecac60664b351f895732d19,https://cdnjs.cloudflare.com/ajax/libs/tailwindcss/4.1.13/plugin.js
557e0303149c64ed140d71b96843a8f1ceae5f440b986ee8070b811a02e8003b,https://cdnjs.cloudflare.com/ajax/libs/crypto-js/4.2.0/hmac-sha3.min.js
559f1339fa908a3bf357a12f3b6976031040df7604f497c587211eb111b41b70,https://cdnjs.cloudflare.com/ajax/libs/dayjs/1.11.18/locale/be.js
55abda41fda6e108352dabbdd87e78762fcafafb50b191f82b4d7c2fd026e213,https://www.youtube.com/s/player/69722e65/player_ias.vflset/en_US/captions.js
55abda41fda6e108352dabbdd87e78762fcafafb50b191f82b4d7c2fd026e213,https://www.youtube.com/s/player/d46d9f81/player_ias.vflset/en_US/captions.js
55c2cad0c6b4e3c092120df843da085be1be998b4a3184f079810e9aec773f8a,https://cdnjs.cloudflare.com/ajax/libs/request/2.88.2/lib/cookies.min.js
55c4a0b85c542379fdb693da5bbd9dfb02d07f1ae0ed4236ea6b88d61506b521,https://cdnjs.cloudflare.com/ajax/libs/protobufjs/7.5.4/minimal/protobuf.min.js
55cf4d79d6b088228f9917fda5f664b78b1a8719516add1c10d4dc65618a7484,https://cdnjs.cloudflare.com/ajax/libs/prism/9000.0.1/components/prism-twig.js
55e043f35244ef1042eaf4ba927d7663dc5d216e6ef74b5d7b6ed1e645b014e4,https://ajax.aspnetcdn.com/ajax/signalr/jquery.signalr-1.1.3.min.js
56087f3d01e49111fbcc4ff3805a6ae7a8752075d8174d2a5ab293823b959eab,https://cdnjs.cloudflare.com/ajax/libs/date-fns/4.1.0/locale/ht/cdn.min.js
5610a52c36babafdd7f911abce60f994003a042da7bbb4ea795ca4e2b6dbe1b4,https://ajax.googleapis.com/ajax/libs/shaka-player/4.12.18/shaka-player.compiled.js
5634c98659ee9aa615087b8559bb5612d0300472ee3bf67d1137017bbd6458fd,https://cdnjs.cloudflare.com/ajax/libs/dayjs/1.11.18/locale/bm.js
565e490b90d3ecf1b98638dad0cd4d2b58f586c79b69237ccfd16c23646ac538,https://cdnjs.cloudflare.com/ajax/libs/dayjs/1.11.18/locale/sl.js
568b48aab0d3c9595c0da291a579af34d6e35e1b155bdd49a8ae3decc2af15da,https://cdnjs.cloudflare.com/ajax/libs/dayjs/1.11.18/locale/en-gb.js
56c152e548b3629273b2813d5a3f4d8deedb3f7ddade5c4de12055bc9707970a,https://www.youtube.com/s/player/89e685a2/player_ias.vflset/en_US/base.js
56c3ef1508691541cb01860450f4bae7c311e7d36168ca3d57e26564e5c11408,https://maps.googleapis.com/maps-api-v3/api/js/62/13e/geometry.js
56ccc50c4963011189a26eb4eedfc5b66a83cd0201cd0c04489b59a7aaebb91c,https://www.youtube.com/s/player/ebc32385/player_ias.vflset/en_US/captions.js
56ccc50c4963011189a26eb4eedfc5b66a83cd0201cd0c04489b59a7aaebb91c,https://www.youtube.com/s/player/18d29a11/player_ias.vflset/en_US/captions.js
56ccc50c4963011189a26eb4eedfc5b66a83cd0201cd0c04489b59a7aaebb91c,https://www.youtube.com/s/player/9e63f8e4/player_ias.vflset/en_US/captions.js
56d17131cf7e4f2c676520f9e8c7576177edd042bc161bf238dbf51698164826,https://ajax.googleapis.com/ajax/libs/shaka-player/2.3.10/shaka-player.compiled.js
56d75284819d71e6edb376c124293bc97e204125fe221c7597d81a8a33bc4b41,https://cdnjs.cloudflare.com/ajax/libs/cheerio/1.1.2/dist/browser/api/attributes.js
56d75284819d71e6edb376c124293bc97e204125fe221c7597d81a8a33bc4b41,https://cdnjs.cloudflare.com/ajax/libs/cheerio/1.1.2/dist/esm/api/attributes.js
56dd4a4caed37f41cd51ef2c732b25388a19d7f34d835acf340f66600c4c2ef4,https://cdnjs.cloudflare.com/ajax/libs/jose/6.1.0/jwe/compact/encrypt.js
56e843a66b2bf7188ac2f4c81df61608843ce144bd5aa66c2df4783fba85e8ef,https://ajax.aspnetcdn.com/ajax/jQuery/jquery-1.12.1.js
56e89337b13d83317f7e1da476b5e908fe0db3b9d6683b0452ef7493dc014858,https://www.youtube.com/s/player/4e67f8a0/player_ias.vflset/en_US/base.js
56fd282bd15c83b052a63eaa8100281c5ba5a092f74146f4caf8fccedef10ded,https://cdnjs.cloudflare.com/ajax/libs/dayjs/1.11.18/plugin/badMutable.js
571eca05c055a26c729f757f83b9f849968ae0dc0ba9870e5be9526019c53a33,https://cdnjs.cloudflare.com/ajax/libs/crypto-js/4.2.0/rc4.js
5734e8fa0fbc18fdefef86ed0c0bee25ecc2e28cd7dfc486902734549b630a24,https://ajax.aspnetcdn.com/ajax/knockout/knockout-2.2.1.debug.js
5736e3eec0c34bfc288854b7b8d2a8f1e22e9e2e7dae3c8d1ad5dfb2d4734ad0,https://cdnjs.cloudflare.com/ajax/libs/fancybox/3.5.7/jquery.fancybox.min.css
574c8a26919823f2cd5401f85c0ea5e12977113550ffabc9d6d9e6e26a84e08f,https://www.youtube.com/s/player/a3286ae2/player_ias.vflset/en_US/captions.js
5772b8dd158b0f02bb2be689bb680f4903d84e202cb29a3dc0560af53134c6ba,https://cdnjs.cloudflare.com/ajax/libs/pdf.js/5.4.149/images/annotation-key.svg
5786c80450e4a357318384dd0f79bdbab0807eaa0e25f41f49f0e5408d017372,https://cdnjs.cloudflare.com/ajax/libs/crypto-js/4.2.0/lib-typedarrays.min.js
578c614d0d66b61b936212632eca1b80686d62bd477d6f15ef46d8d6e33d9793,https://ajax.aspnetcdn.com/ajax/jquery.migrate/jquery-migrate-1.2.1.js
578d820d7a4399b6b07f04770084f4de7f96bd1944e6394fb4735d917bc854b2,https://cdnjs.cloudflare.com/ajax/libs/date-fns/4.1.0/fp/cdn.js
579ce91c91747e5cbcd464022df83502beb1c0389722d381defd3e4dc57e7685,https://cdnjs.cloudflare.com/ajax/libs/date-fns/4.1.0/locale/cs/cdn.min.js
57af4434412a78bfa11779cb88cd520df94724d2e3a6b50e988ff896a0d31ceb,https://maps.googleapis.com/maps-api-v3/api/js/63/14d/places_impl.js
57cd9932c9777ad2ca3472b86f73729439edaf78df0666a9e43af8d02129350c,https://ajax.googleapis.com/ajax/libs/dojo/1.12.2/dojo/dojo.js
57d27e09c836e730b8d04924adfd9bae2ceb56b17c4a4844b91f60357225506f,https://www.youtube.com/s/player/06ab93f2/player_ias.vflset/en_US/base.js
57d4b160423bece1b645bdde2df9016a8f081b5aca7a2164a3d8766d59fce1b2,https://static.parastorage.com/services/editor-elements-library/dist/thunderbolt/rb_wixui.thunderbolt[FiveGridLine_SolidLine].72adc7c0.bundle.min.js
57db52608af597f500fdde15e84eed98a5df2eb1420c500b6802683ecdc19c6b,https://ajax.aspnetcdn.com/ajax/jQuery/jquery-1.8.1-vsdoc.js
57f519b2230307c74d08020f52c859c969f5527eb40d24bb8ab3e2167808d5c6,https://cdnjs.cloudflare.com/ajax/libs/KaTeX/0.16.9/contrib/mathtex-script-type.mjs
58036c9d7ca7e075b017e4c673435eb6ce7a3a8ab98d1dbd53fb92b64c0f01bc,https://www.youtube.com/s/player/46c7ab03/player_ias.vflset/en_US/base.js
581fe5f58bcd2a61f2716f54634c387e1cba4e75770480f9aff33b328c973645,https://cdnjs.cloudflare.com/ajax/libs/moment.js/2.30.1/locale/ky.min.js
582cc085dd8fea044917d1efde838e77e845262fd025bbfe0339f808607c81f6,https://cdnjs.cloudflare.com/ajax/libs/js-cookie/3.0.5/js.cookie.min.js
582e62bec2f76665e8328fcfbfec6f45810467820c3b1e866708f2153effef96,https://cdnjs.cloudflare.com/ajax/libs/react-select/5.10.2/Select-8685a2b1.cjs.prod.js
58346eb1da97294c17b563362e0759fa9cea189782de0c17c5396c0486e568b2,https://cdnjs.cloudflare.com/ajax/libs/dayjs/1.11.18/locale/tk.js
58527f128a4922129d02ba8830358c634b40e4ab7d926fe75e54002c86398e81,https://cdnjs.cloudflare.com/ajax/libs/preact/10.27.2/hooks.module.min.js
5852dac9e905db610bb4323eee0cc170a741318d74dcda4e3194e1290fdbb5d6,https://www.youtube.com/s/player/bf9226b1/player_ias.vflset/en_US/base.js
585a1e926461873df9f5d8c3d88bcc3d3fae182ab1fc8596bc2aa2bb7c28e0b0,https://ajax.aspnetcdn.com/ajax/bootstrap/3.3.0/css/bootstrap-theme.min.css
585e38688ec7da5f9146026a9cbf624e0ea2abb5f741385eda0c0aa02ef44255,https://cdnjs.cloudflare.com/ajax/libs/crypto-js/4.2.0/md5.min.js
586bd2488d4a77593a39af53fc846d149c7b34275211cf0c59e81f57a5610d00,https://cdnjs.cloudflare.com/ajax/libs/dayjs/1.11.18/locale/az.js
5872f16d95742d3bbce6a5620fcc55c33b13f1d79e05eadca12f8f08e482dba7,https://www.youtube.com/s/player/cbad65aa/player_ias.vflset/en_US/base.js
58748be14f634f6a1d58a88013be8a536dcbdd3fd0532cd3554b5a964754a60d,https://cdnjs.cloudflare.com/ajax/libs/dayjs/1.11.18/locale/eo.js
588869338954ac10ea65ee2347697f1199628178ea7c8ffd9ce0e1344323c47f,https://cdnjs.cloudflare.com/ajax/libs/pdf.js/5.4.149/pdf.mjs
58b66021c6fc2777c3f70096fc774ced21325331591dcb0619f4972fb2dccdf8,https://cdnjs.cloudflare.com/ajax/libs/popper.js/2.11.8/esm/dom-utils/getParentNode.js
58c27035b7a2e589df397e5d7e05424b90b8c1aaaf73eff47d5ed6daecb70f25,https://ajax.aspnetcdn.com/ajax/jQuery/jquery-1.11.2.js
58de2ad653876b1eb27ceaffb0037ddb0e4fb7917e111fa7a88ef8ab01fd041d,https://cdnjs.cloudflare.com/ajax/libs/moment.js/2.30.1/locale/ug-cn.js
58de6c57e7d87ec42ea2d04e51198ccc90aa790b923ce704c93682c4191d8f67,https://cdnjs.cloudflare.com/ajax/libs/dayjs/1.11.18/locale/pt.min.js
58fc2469df9fbdc4217db17b6f2a2993fc6861aae11697b04f1d608b8496d9c9,https://cdnjs.cloudflare.com/ajax/libs/cheerio/1.1.2/dist/browser/cheerio.js
58fc2469df9fbdc4217db17b6f2a2993fc6861aae11697b04f1d608b8496d9c9,https://cdnjs.cloudflare.com/ajax/libs/cheerio/1.1.2/dist/esm/cheerio.js
593391a73ae927223cdc601b6a1e1562b6c561b6aeb24d8cf6ae70a34b9f96d3,https://cdnjs.cloudflare.com/ajax/libs/dayjs/1.11.18/locale/nn.js
5945c13469f3dd56c4de81bf9e7863e3bb1069de1b505d5fbb0d052960ba3d19,https://cdnjs.cloudflare.com/ajax/libs/date-fns/4.1.0/locale/lv/cdn.js
59827fac631751864f2e913d186c45d58be08badce62911413e63fabca9d74a5,https://www.youtube.com/s/player/b6048f74/player_ias.vflset/en_US/base.js
59b2240235eec11316144fae2ad875b45961541b0331519a7d8366199e5b09f2,https://cdnjs.cloudflare.com/ajax/libs/date-fns/4.1.0/locale/fy/cdn.min.js
59b4253d14ac439cdc7894ecf9b2675cb464fc6d3093ce0000eec6a04d81c2e5,https://cdnjs.cloudflare.com/ajax/libs/popper.js/2.11.8/esm/dom-utils/getLayoutRect.min.js
59b653c76baad706177287abdc973807fb66086cc1a98dd0c2f9a12897d247c1,https://www.youtube.com/s/player/fd65c577/player_ias.vflset/en_US/captions.js
59c252182a500bd9453f21391bb8c448ac7dd23512502ae1b56e61943f52812d,https://cdnjs.cloudflare.com/ajax/libs/vue/3.5.22/vue.runtime.global.prod.js
59c5acfba5605fa641721bf16123300164ccc043f4bad6009aa8d880b159124a,https://cdnjs.cloudflare.com/ajax/libs/moment.js/2.30.1/locale/fr-ca.js
59e3728e9322268f849dfd0d686f0aa5d8ea59ea72bb93e9e5c60787f2acf702,https://ajax.googleapis.com/ajax/libs/shaka-player/4.14.0/shaka-player.compiled.js
5a04eba84649cea0bec2792999567950545df1b13e8080a9424602add46f00ad,https://ajax.googleapis.com/ajax/libs/dojo/1.8.9/dojo/dojo.js
5a17530ac4c5ce243b6aae35498009f9385596b09631d5513eda723fd2eab8a8,https://ajax.aspnetcdn.com/ajax/jquery.migrate/jquery-migrate-1.0.0.js
5a21e7f4dae4df73c18bfd8e1ad5cf23f6a123cead69c7d76caf378a6195a849,https://cdnjs.cloudflare.com/ajax/libs/dayjs/1.11.18/locale/ar-ma.js
5a2df7ab4e8c137177ecc7c441c72843daa4b10e8205cac68c34c81c73cc3240,https://www.youtube.com/s/player/84fd6c82/player_ias.vflset/en_US/base.js
5a684227c1eef599cf45d875e0f906a73e0fb247aca49c0de70c1a14e7ef818f,https://cdnjs.cloudflare.com/ajax/libs/slick-carousel/1.6.0/slick-theme.min.css
5a817de0e2703575c4ba08c8b06130316f4930ec2be22cc2f84cfa63762bfbc0,https://www.youtube.com/s/player/5fc1ea49/player_ias.vflset/en_US/base.js
5a851e909efa1da2c8f47d192a610723d9f7f914be7bf650ef966998ec8fecb4,https://www.youtube.com/s/player/5c692b33/player_ias.vflset/en_US/base.js
5a8d9ff98ae6bfcc86f949f1a12e920afec7c0e9de80ee3f448cfba765c4b075,https://cdnjs.cloudflare.com/ajax/libs/tailwindcss/4.1.13/default-theme.js
5a93a88493aa32aab228bf4571c01207d3b42b0002409a454d404b4d8395bd55,https://ajax.aspnetcdn.com/ajax/jQuery/jquery-3.4.1.js
5aa07938b622e27c399d52db135917e7ead944dad5ca26146ecee8f7556e07d3,https://cdnjs.cloudflare.com/ajax/libs/nanoid/5.1.6/index.browser.min.js
5aa53525abc5c5200c70b3f6588388f86076cd699284c23cda64e92c372a1548,https://ajax.aspnetcdn.com/ajax/bootstrap/4.4.1/bootstrap.min.js
5b0fbe5b7ad705f6a937c4998ad02f73d8f0d976fe231b74aef0ec996990c93a,https://ajax.aspnetcdn.com/ajax/bootstrap/4.5.2/css/bootstrap.min.css
5b294b4beffc073116e500279a2f5143a787f6274b63812b1303e0aac2201083,https://ajax.aspnetcdn.com/ajax/respond/1.2.0/respond.js
5b392c99d677348413a1617fb1910a7d5974d7130c5603421db80ef8dcc8f689,https://www.youtube.com/s/player/ae417f28/player_ias.vflset/en_US/base.js
5b3eef58af8f051a73350fb530ccd1826e6a21ea840a60d5a9b81acb6d3823a0,https://cdnjs.cloudflare.com/ajax/libs/moment.js/2.30.1/moment.min.js
5b40360d098d1a93227a0a5cdb110f6e5ff3a3eb4af97b61e856c49e17141621,https://cdnjs.cloudflare.com/ajax/libs/pdf.js/5.4.149/images/altText_done.svg
5b48a23b98780b52215b603e2a7d799e41f6d8027c5d7bc473e35d49e387f4c9,https://cdnjs.cloudflare.com/ajax/libs/dayjs/1.11.18/locale/sw.min.js
5b6c9dd6b1f2deb50d6a62e1c4bc4a362004502663f1d6e1e278a76e9af79a85,https://ajax.googleapis.com/ajax/libs/jqueryui/1.10.1/themes/smoothness/jquery-ui.css
5b6d8170adb9c74865703010a6d64061207a5a3ee3bc93dedb171cc7bb7e2c1f,https://www.youtube.com/s/player/4d3f167a/player_ias.vflset/en_US/captions.js
5b94d9a47ab2956dbb71a0a77583a0b4cfa948b58c333e9caaab40a70a96171e,https://cdnjs.cloudflare.com/ajax/libs/styled-components/6.1.19/styled-components.browser.cjs.min.js
5b9b92a4af569e143761511dbad7b41f23477dc58848f3c4bd8d9f1039ad3a17,https://cdnjs.cloudflare.com/ajax/libs/jose/6.1.0/jwe/compact/decrypt.js
5ba548ba7844a1c5c4a7f003337237f940b5e8aa67254fb90e1a05a66f2b43ac,https://cdnjs.cloudflare.com/ajax/libs/moment.js/2.30.1/locale/pa-in.js
5bba92f99f2514add495efe994a74f8602180e17ff646d9d4260f3bc8302f043,https://ajax.googleapis.com/ajax/libs/jqueryui/1.10.4/themes/smoothness/jquery-ui.css
5bc93110c96729caeaf0fed485c64fc6a9ff6e262c12e8225eeacc69309aadc2,https://www.youtube.com/s/player/bcea3860/player_ias.vflset/en_US/base.js
5bdf69efed939065f281e2e691c48b20a3a087f28e744e8203bc973a4ebb214d,https://cdnjs.cloudflare.com/ajax/libs/preact/10.27.2/compat.module.js
5beed07eb86f7b772b9c45d47dee741dc35e8da9150e5d0b4db3bf167f4e4057,https://ajax.googleapis.com/ajax/libs/jqueryui/1.13.3/themes/smoothness/jquery-ui.css
5bf568bb0aa204dc7ee0e7bf54f1ef88b2a589433ce51efcc82e766db645b880,https://maps.googleapis.com/maps-api-v3/api/js/64/14a/onion.js
5c27e3643cb70c2fe4162ee58ecfdd2245f2a21f96dc08efd73466937b0e81c6,https://cdnjs.cloudflare.com/ajax/libs/aws-sdk/2.1692.0/aws-sdk.min.js
5c3615813a0948e201386685a52acf77dc57c09daa7572554200729ab1d9dd19,https://www.youtube.com/s/player/367cdf18/player_ias.vflset/en_US/base.js
5c48d61e2a6f762397a95071f23265d1ba7be330af25feac1d8181e1f5e57658,https://cdnjs.cloudflare.com/ajax/libs/jose/6.1.0/lib/invalid_key_input.js
5c6bbf807b47bcba319ec296c519eac87b48407cb111f8e100acd03037085abf,https://cdnjs.cloudflare.com/ajax/libs/react-transition-group/4.4.5/react-transition-group.js
5c823192829ac689f2939a91657372f277b50ddd3d350b6a296b1c914608efc3,https://cdnjs.cloudflare.com/ajax/libs/date-fns/4.1.0/locale/zh-CN/cdn.min.js
5c973d45e87f6d9916e7397f26a624062aef81d38d2813dba809418238fcf684,https://cdnjs.cloudflare.com/ajax/libs/popper.js/2.11.8/esm/modifiers/index.js
5cc937f4aae61de33e3acd1fa3fc6e4577ede23a048a7dc386b9c0d9cad02d06,https://maps.googleapis.com/maps-api-v3/api/js/64/14a/geometry.js
5ce87bf23dee496c2dcb0187a0eefff40c43714e1368586ad5edd62614061e88,https://cdnjs.cloudflare.com/ajax/libs/popper.js/2.11.8/esm/createPopper.min.js
5ceaaba22d75b58e04150311f596306562a3e595e27ed4b1dfa451b82dda9e50,https://cdnjs.cloudflare.com/ajax/libs/font-awesome/6.5.2/css/all.min.css
5cef9367d2bcaba25b74d20e0e139d2cf900e9123e5fde26101aee7f40f6b5cf,https://static.parastorage.com/unpkg/react@16.14.0/umd/react.production.min.js
5cfbabe65e101496d80392a687d51d1f5e50240f19fa74e5aed3ad26097a528f,https://www.youtube.com/s/player/0fe2b028/player_ias.vflset/en_US/base.js
5d08d7e953df5a07d6eb37a69b4c900b6bf08b8539bca51e8a143675e6f0ad75,https://cdnjs.cloudflare.com/ajax/libs/dayjs/1.11.18/locale/en-ie.js
5d19067a6b51e5bcc2d61325033a8450d301535505a97c50f4141f4cd9e2cf05,https://cdnjs.cloudflare.com/ajax/libs/pdf.js/5.4.149/images/altText_disclaimer.svg
5d1ce8e85b0e08b464b6a121ca408424a97e0d40c603f0a637ada250489f562f,https://ajax.googleapis.com/ajax/libs/jquerymobile/1.4.2/jquery.mobile.min.css
5d234508037dc13a419ef6ce48f3fc73dbb477f1a162c052b872182b494e626e,https://ajax.aspnetcdn.com/ajax/bootstrap/3.3.1/fonts/glyphicons-halflings-regular.svg
5d234508037dc13a419ef6ce48f3fc73dbb477f1a162c052b872182b494e626e,https://ajax.aspnetcdn.com/ajax/bootstrap/3.3.0/fonts/glyphicons-halflings-regular.svg
5d27b84713281b7214a10a255287323e154ced7f1aaca4194e986666523cf6cb,https://cdnjs.cloudflare.com/ajax/libs/prism/9000.0.1/plugins/autolinker/prism-autolinker.css
5d27b84713281b7214a10a255287323e154ced7f1aaca4194e986666523cf6cb,https://cdnjs.cloudflare.com/ajax/libs/prism/9000.0.1/plugins/ie8/prism-ie8.css
5d3ceefd3ccc270f0ca43b092d506df76df71fe57e236aacabd61a58227dac28,https://cdnjs.cloudflare.com/ajax/libs/KaTeX/0.16.9/contrib/render-a11y-string.js
5d53e70ad607c2352162dec9e0923fb54ecdafaccbf604cd8dcf7d00facb989b,https://cdnjs.cloudflare.com/ajax/libs/KaTeX/0.16.9/fonts/KaTeX_Caligraphic-Regular.woff2
5d5ed344c17d9e5084c727030c05fdfb4a6de514fc853c0e0b3df064e5e8c721,https://www.youtube.com/s/player/51e03cf0/player_ias.vflset/en_US/base.js
5d9fef9a61c330c89d0294d955c47117d165e88a44acfdb2165a2ef5c728837e,https://cdnjs.cloudflare.com/ajax/libs/dayjs/1.11.18/locale/es-us.min.js
5da186bf6594b96c187c641359037480e6f7034763491458afbed847871d50f3,https://cdnjs.cloudflare.com/ajax/libs/popper.js/2.11.8/umd/popper-base.min.js
5dbe924b3847df010f0b8572dd6ef42ea87d6370eeff72b13ea236247412a53c,https://ajax.googleapis.com/ajax/libs/d3js/5.16.0/d3.min.js
5dd3625ea7fc6c00559d575988c0f8d8d3a78ddb36c7544929181ea037a3748a,https://cdnjs.cloudflare.com/ajax/libs/popper.js/2.11.8/esm/dom-utils/getNodeName.js
5ddda6459e634887e64fa2aea76a9bb6f1936ba0532492fb9a656025f897bf6c,https://cdnjs.cloudflare.com/ajax/libs/prism/9000.0.1/plugins/file-highlight/prism-file-highlight.js
5df820dd9376bd23ef424e5cfc45505d57ae646fb0c5533758e7ad51e048893b,https://cdnjs.cloudflare.com/ajax/libs/KaTeX/0.16.9/contrib/render-a11y-string.mjs
5e0a9fcb3671381dacd0aba9409a9ebb754198b5523cf69f639fad55c0ba9960,https://cdnjs.cloudflare.com/ajax/libs/popper.js/2.11.8/esm/utils/detectOverflow.min.js
5e28753be717dac97f559f49bc10be9cf3c124ddcabda6659d11cb68febc6463,https://cdnjs.cloudflare.com/ajax/libs/KaTeX/0.16.9/fonts/KaTeX_Fraktur-Regular.woff
5e2f2ed47ffe1589b84c46da64dcb8af173bc308858a9c2cf4ec169f11ee4477,https://cdnjs.cloudflare.com/ajax/libs/dayjs/1.11.18/locale/lo.min.js
5e30cdf50fbdb0dd670cbb756602605be3a2368f3aeae6525cd9ee00f2fbbd15,https://cdnjs.cloudflare.com/ajax/libs/jose/6.1.0/lib/crypto_key.js
5e43c11981a69e2df3fc319676c8383d110b344087207c827294528eb0a65699,https://cdnjs.cloudflare.com/ajax/libs/jose/6.1.0/lib/jwt_claims_set.js
5ea2fb5c877c63f4b756ad03b4ef28cb35e64310015bbc827c237c429fd7c21d,https://cdnjs.cloudflare.com/ajax/libs/vue/3.5.22/vue.esm-browser.prod.min.js
5ec72a901698839e363629f6caa064f71473e63c5c85640dcb950f23c095a8a7,https://cdnjs.cloudflare.com/ajax/libs/react-select/5.10.2/useCreatable-92373e48.cjs.prod.min.js
5f0cc8cc3c764e924a2877f32dcd93709756d0b6c26d2471bfd911ce6f8e81c2,https://cdnjs.cloudflare.com/ajax/libs/xlsx/0.18.5/cpexcel.js
5f1ab65fe2ad6b381a1ae036716475bf78c9b2e309528cf22170c1ddeefddcbf,https://ajax.googleapis.com/ajax/libs/jquery/1.12.0/jquery.min.js
5f1ab65fe2ad6b381a1ae036716475bf78c9b2e309528cf22170c1ddeefddcbf,https://ajax.aspnetcdn.com/ajax/jQuery/jquery-1.12.0.min.js
5f1addaf2e9f5922aed63d802f2b8afe01c543ed81a7be99ad1e9fdd05c8e3b6,https://cdnjs.cloudflare.com/ajax/libs/es6-promise/4.2.8/es6-promise.auto.min.js
5f3108172b89a1ea9ced2aa60bb05faa473039084b2e36c249649987b9357771,https://cdnjs.cloudflare.com/ajax/libs/react-select/5.10.2/index-665c4ed8.cjs.prod.min.js
5f336a1817dbdb483e197ba4f4fca6c55d3ec524f03c11aeea26ad1a1c5da9e7,https://cdnjs.cloudflare.com/ajax/libs/date-fns/4.1.0/locale/en-AU/cdn.min.js
5f4dc44f39280b15c456d894d73aed239cb32b1f6abe154e1f6ad3a1d49f04ac,https://www.youtube.com/s/player/0a5faf6d/player_ias.vflset/en_US/base.js
5f59300a1de23d12731d46697d97f9e3765e57dc22732f15e806d3c10138a393,https://cdnjs.cloudflare.com/ajax/libs/react-select/5.10.2/index-665c4ed8.cjs.prod.js
5f5aca7d3de8e04003df2338c929f45404944ee455818b6b653fa23a58719cb5,https://cdnjs.cloudflare.com/ajax/libs/jose/6.1.0/key/generate_key_pair.js
5f7c5c28dd0b0e0a314a1e03b3ef207d80daee412a7e33346106b4a29d794bab,https://cdnjs.cloudflare.com/ajax/libs/dayjs/1.11.18/plugin/negativeYear.min.js
5f8493e3bcf0ff83d1fae233c6b42fa6f19ed846ec510698399993240aa78ccb,https://cdnjs.cloudflare.com/ajax/libs/date-fns/4.1.0/locale/eu/cdn.js
5f8b02d87028a3f689b8d9303a828e7ce2c16d47e10ca2cb7775d21c5741aecf,https://cdnjs.cloudflare.com/ajax/libs/js-cookie/3.0.5/js.cookie.js
5f8c99a7c37cd8485606cb6de379ae850b23b45648a439e07d59bd3322cbf685,https://ajax.aspnetcdn.com/ajax/jQuery/jquery-1.4.2-vsdoc.js
5f8f4530ee05d20363a6f82bba44e3c596d5e6a3ca14594716d05306ab822451,https://ajax.googleapis.com/ajax/libs/model-viewer/2.0.0/model-viewer.min.js
5f9c68733a23473edfacdfc4f6cce59e081b835c3c896a514e495b3661fe03b0,https://cdnjs.cloudflare.com/ajax/libs/react-dom/19.1.1/cjs/react-dom-profiling.development.js
5fabe543cc167364b260d11aa97ba686a8baa7205b62364172085d3d901ff707,https://www.youtube.com/s/player/c7119fda/player_ias.vflset/en_US/captions.js
5fabe543cc167364b260d11aa97ba686a8baa7205b62364172085d3d901ff707,https://www.youtube.com/s/player/1acfe3aa/player_ias.vflset/en_US/captions.js
5fb6e46b769b5ab212d3f943b0030b496140e0bff6359ed39d9054e046b94802,https://ajax.aspnetcdn.com/ajax/knockout/knockout-3.0.0.debug.js
5fbaeb9f8e25d7e0143bae61d4b1802c16ce7390b96ceb2d498b0d96ff4c853f,https://cdnjs.cloudflare.com/ajax/libs/animate.css/4.1.1/animate.min.css
5fc11e4df085cdfc6293a31be2087a9290b4d731eaafaeb3f10898e81fa7548d,https://cdnjs.cloudflare.com/ajax/libs/Chart.js/4.5.0/chart.js
5fe2f5e79018f6e7b744dc6ee70988e27a4e8c17ae04dd272e500729b34d4ad9,https://www.youtube.com/s/player/3dfa10c2/www-player.css
5fe2f5e79018f6e7b744dc6ee70988e27a4e8c17ae04dd272e500729b34d4ad9,https://www.youtube-nocookie.com/s/player/3dfa10c2/www-player.css
600da681fe1d992b46aaac7d2736095b523077907c8bbf98f54f7e119a076e02,https://www.youtube.com/s/player/1bb6ee63/player_ias.vflset/en_US/captions.js
6045af4d04b51f332b3ac2e05f60bbcf283b7c0892b606333f66a31751784f07,https://www.youtube.com/s/player/8a6e7bc4/player_ias.vflset/en_US/base.js
604ec12a7d5e6bd8e2ac21cfaff11a5b93719a465919be76f99683d942a87576,https://ajax.aspnetcdn.com/ajax/jQuery/jquery-2.1.2.min.js
605d9f342d310189b3e6386db930247be08f819b0c23286472f409521ae189da,https://www.youtube.com/s/player/7d647a07/player_ias.vflset/en_US/captions.js
6080353d446fe2f4644b1e6b7ba601e9b07cd175aaaff90ca6346927393198fe,https://ajax.googleapis.com/ajax/libs/shaka-player/2.4.7/shaka-player.compiled.js
60a3ee6002775fa385d56c18f0d85b8a9dc7250fd3fa4794a57c5eb917cb59cb,https://cdnjs.cloudflare.com/ajax/libs/jose/6.1.0/lib/sign.js
60aa08598d5608e71da291e3f2803216e95a8734fbc90395dc428aa4a6a650f1,https://cdnjs.cloudflare.com/ajax/libs/crypto-js/4.2.0/sha3.min.js
60b19e5da6a9234ff9220668a5ec1125c157a268513256188ee80f2d2c8d8d36,https://ajax.aspnetcdn.com/ajax/bootstrap/4.3.1/css/bootstrap.min.css
60cac127c0d8560dddc7f9eef0b5522d45fafcbe597999c761f7933c6469fddd,https://ajax.googleapis.com/ajax/libs/ext-core/3.1.0/ext-core.js
60d8dcef6e8557a1f7d05912ede2844145d8681e62e6b30bcc79a2b7982f1ab4,https://ajax.googleapis.com/ajax/libs/dojo/1.9.7/dojo/dojo.js
60e3cf606e370e78f9463b242ab766bbb6b4d8d12e37c4ee23024b12b217a5ce,https://cdnjs.cloudflare.com/ajax/libs/moment.js/2.30.1/locale/es-us.min.js
60ef1ad7409e8e7d81cf00eaf51e32f9a2a3afe4b80878879f2dd07331876f63,https://www.youtube.com/s/player/5d6c9da0/player_ias.vflset/en_US/base.js
610eac51823855ef00510a480764e1f30e237e5f9d73a59002dc4cb3809642e0,https://ajax.aspnetcdn.com/ajax/bootstrap/4.2.1/bootstrap.bundle.js
612762b1ee7a749006f9739e85b29e7b1d92f3bee076d83e52579bee5e4d9b27,https://ajax.aspnetcdn.com/ajax/globalize/1.0.0/globalize.js
614772e67c1e3a5049ce18edff8ed4d7dacb0131e9e578576c43f2436d7d4bca,https://ajax.googleapis.com/ajax/libs/dojo/1.4.8/dojo/dojo.js
61624445037288177b54eb2f91979b06af05bf608e33b6ff4b8e1b7ffe4d09aa,https://cdnjs.cloudflare.com/ajax/libs/react-dom/19.1.1/cjs/react-dom.react-server.development.js
6189ff4ff08bed0d5f361b694f52b6175f661d4abda2a4a3d5281dfa2cd5f5ce,https://www.youtube.com/s/player/edc3ba07/player_ias.vflset/en_US/captions.js
61a07bfa459b82fc4ebc4cb4f7287e05ab03418b14b9646c8396cfd9f138a5f3,https://cdnjs.cloudflare.com/ajax/libs/date-fns/4.1.0/locale/id/cdn.js
61aee561641477dbf5455efc78b577e9ceda8456b096533ce765d19b9c63d004,https://www.youtube.com/s/player/43395a38/player_ias.vflset/en_US/base.js
61ba0df005b05991361d040d8ff670e1aadfd0ce7aeebd1fdb0725957a8957de,https://cdnjs.cloudflare.com/ajax/libs/three.js/0.180.0/three.core.min.js
61c06058c35b4aa22e70887e2d796e76c53fcec3b4e5c96c38637e4ad2326abb,https://cdnjs.cloudflare.com/ajax/libs/react-dropzone/14.3.8/index.min.js
61c6caebd23921741fb5ffe6603f16634fca9840c2bf56ac8201e9264d6daccf,https://ajax.googleapis.com/ajax/libs/jquery/1.8.3/jquery.min.js
61cf184b169f30945c8aa69b71794f4deefd2f8ea92db9ea1843aef46b0eea4c,https://ajax.aspnetcdn.com/ajax/signalr/jquery.signalr-1.1.0.js
61eb8f5f669cdee42eb1922bfb67e8d4457341c950057aa5b76d003a687e087b,https://cdnjs.cloudflare.com/ajax/libs/moment.js/2.30.1/locale/sl.min.js
62290be32156783082b33df401d82defd7d2ba1ff5b31a1c9a39c33fc9c541f8,https://cdnjs.cloudflare.com/ajax/libs/crypto-js/4.2.0/pad-iso97971.min.js
622ba5cb15667f4c4b474382d5eaeafb1fdab66287557a0689e1d4ca894e42bb,https://www.youtube.com/s/player/ab89db3f/player_ias.vflset/en_US/base.js
626b21c6862b0ea410ce82a70432ace5e56ec415c9a2b0dbb6c908b34ea3e51f,https://cdnjs.cloudflare.com/ajax/libs/moment.js/2.30.1/locale/sr-cyrl.min.js
62852d0895709d5b20b2d1d6afa21b7a08539dd4e3f4b2a31f68bfb0aa5dccab,https://ajax.aspnetcdn.com/ajax/signalr/jquery.signalr-2.0.3.min.js
6290e2290dac851c52b743077a0b8e09f48539e5eaeb4dde4e4152896be49382,https://cdnjs.cloudflare.com/ajax/libs/jsdiff/8.0.2/diff.js
62992250fb49286abbffc8ffeab988f2c687d91c89192f87a1cffcbbf002ed64,https://maps.googleapis.com/maps-api-v3/api/js/62/13e/log.js
629eff704e018008fbb069a2136d5cb5e38e1612189fd39daf6742ce38a52b9c,https://ajax.aspnetcdn.com/ajax/signalr/jquery.signalr-2.2.2.js
62ad8c7a7a3bcc080e1c47dcb2148636358bbfd53854484347ad981341b3131b,https://cdnjs.cloudflare.com/ajax/libs/date-fns/4.1.0/locale/af/cdn.js
62b12396fb7d5d64c543599ed6da2374b26a65fa1ddfa6c0cd4664fc56819801,https://www.youtube.com/s/player/0d130d9d/player_ias.vflset/en_US/base.js
62b1cff44a5e34b9587ad49f7ca951160f1559c5c545bcf99e13574ccaa5425a,https://cdnjs.cloudflare.com/ajax/libs/gsap/1.19.1/TweenMax.min.js
62c1466725d04a9e8ec2fd7ddb1ca89a15b91b1ff280c4c1163b625b3585bede,https://cdnjs.cloudflare.com/ajax/libs/popper.js/2.11.8/esm/utils/userAgent.min.js
62cbfb2a9766e1ce92097277208d124aec73311e0ccba5d86f396da611bbfc89,https://cdnjs.cloudflare.com/ajax/libs/prism/9000.0.1/plugins/show-language/prism-show-language.min.js
62d644b306c45ae9bda922785122d6520235194422ad3589e6432ba33d4b75ca,https://ajax.googleapis.com/ajax/libs/model-viewer/1.7.0/model-viewer.min.js
62df2477e348b8be0da8efa95c2e5f93f7538e6f2aa3be75c667c71c54025aef,https://cdnjs.cloudflare.com/ajax/libs/dayjs/1.11.18/locale/cs.min.js
62f7e0c38526cf3505ebb2f01d1786dcad0df61cbae68d1258fc8d77f225aefc,https://cdnjs.cloudflare.com/ajax/libs/pako/2.1.0/pako_inflate.js
62fb1b36d24050120cadf807b975ffe9d7986aeb41a0f4ac218c3ad23a1c9b1a,https://cdnjs.cloudflare.com/ajax/libs/moment.js/2.30.1/locale/zh-tw.js
63005eb8c0f1220c6529d6b3b511a3e8152196e1d10e6868f1badb9a702ae3cd,https://cdnjs.cloudflare.com/ajax/libs/dayjs/1.11.18/locale/ar-ly.min.js
6308384a55531b484d9ab0090ce32954a654bc169a7ade0d64ea5bfeae643118,https://ajax.aspnetcdn.com/ajax/jquery.migrate/jquery-migrate-1.1.0.js
6311bd085b19434d282ead35f0b055e53b05f43d6087db6b9181209b821b14ec,https://cdnjs.cloudflare.com/ajax/libs/popper.js/2.11.8/esm/utils/expandToHashMap.js
63211eb921a269e83ed10ac34329a4ba87ffa97dfd1f95933af4a9b80b3a0f73,https://cdnjs.cloudflare.com/ajax/libs/prism/9000.0.1/plugins/line-highlight/prism-line-highlight.js
6325a2b52f995f98cde962ec595cadb49f8e524b08062b61fa1657a1bcabcbdd,https://www.youtube.com/s/player/0e48fdab/player_ias.vflset/en_US/captions.js
6325a2b52f995f98cde962ec595cadb49f8e524b08062b61fa1657a1bcabcbdd,https://www.youtube.com/s/player/4f43eb64/player_ias.vflset/en_US/captions.js
6338de573601e330030918569b8d2f80f98a57754e748a03ff56e3672fa25be7,https://cdnjs.cloudflare.com/ajax/libs/moment.js/2.30.1/locale/fo.js
63434ce3722e02ed9937660e3cef8274ed750e403bed0796807dfc3d1c3fabfb,https://cdnjs.cloudflare.com/ajax/libs/popper.js/2.11.8/umd/popper.js
63638d1e0086675a81dae7a05ecbae948056388621ab9643d3fd77fca3fdac75,https://cdnjs.cloudflare.com/ajax/libs/prism/9000.0.1/plugins/show-invisibles/prism-show-invisibles.min.css
63978b6d644f75da84dd39cd8a9c7c3cea846d4e13b10074bb5786ec6ddb46ce,https://www.youtube.com/s/player/3dfa10c2/player_ias.vflset/en_US/captions.js
63a8e41144448c1e328c0fd5b50b7cd25e092b70fafa19600edfd4c18bbd83bd,https://cdnjs.cloudflare.com/ajax/libs/date-fns/4.1.0/locale/cdn.js
63b3793f0fc85e724e13397edb6999753a2fdfbafef7b254d10ebc1709b6307f,https://ajax.aspnetcdn.com/ajax/modernizr/modernizr-1.7-development-only.js
63bf9cddbc2376bd7d22aa4cca13d0da42067bdfe0885e83562199c1a9fdef54,https://cdnjs.cloudflare.com/ajax/libs/dayjs/1.11.18/locale/nn.min.js
63c1c84f5bca45ef2f5858c40ee8bb5b821ee47fec143032a628309481352b47,https://cdnjs.cloudflare.com/ajax/libs/dayjs/1.11.18/plugin/badMutable.min.js
63faf0af44a428f182686f0d924bb30e369a9549630c7b98a969394f58431067,https://ajax.aspnetcdn.com/ajax/bootstrap/3.1.0/fonts/glyphicons-halflings-regular.woff
63faf0af44a428f182686f0d924bb30e369a9549630c7b98a969394f58431067,https://ajax.aspnetcdn.com/ajax/bootstrap/3.0.3/fonts/glyphicons-halflings-regular.woff
63faf0af44a428f182686f0d924bb30e369a9549630c7b98a969394f58431067,https://ajax.aspnetcdn.com/ajax/bootstrap/3.0.2/fonts/glyphicons-halflings-regular.woff
63faf0af44a428f182686f0d924bb30e369a9549630c7b98a969394f58431067,https://ajax.aspnetcdn.com/ajax/bootstrap/3.0.1/fonts/glyphicons-halflings-regular.woff
6404b98752964e71deeba2188342b5d3baa39af264f71da355694a8399050418,https://www.youtube.com/s/player/ace4b2f8/player_ias.vflset/en_US/base.js
642196b6dd114b1255010e6ef2f134184734068cb4e9b2a8c75de1dac7814d71,https://www.youtube.com/s/player/2721aa5c/player_ias.vflset/en_US/base.js
643743ca5cfcd983f8aa14b90c9a4a38902049eddc5b6e59697236ce9f43396f,https://cdnjs.cloudflare.com/ajax/libs/prism/9000.0.1/plugins/autolinker/prism-autolinker.min.css
643743ca5cfcd983f8aa14b90c9a4a38902049eddc5b6e59697236ce9f43396f,https://cdnjs.cloudflare.com/ajax/libs/prism/9000.0.1/plugins/ie8/prism-ie8.min.css
644559b7590cf725119fd0ab8ed45a236d0faf9751693abb303038d7c349d2b2,https://www.youtube.com/s/player/d6afc319/www-player.css
644559b7590cf725119fd0ab8ed45a236d0faf9751693abb303038d7c349d2b2,https://www.youtube-nocookie.com/s/player/d6afc319/www-player.css
644559b7590cf725119fd0ab8ed45a236d0faf9751693abb303038d7c349d2b2,https://www.youtube.com/s/player/ed3f6ea5/www-player.css
644559b7590cf725119fd0ab8ed45a236d0faf9751693abb303038d7c349d2b2,https://www.youtube-nocookie.com/s/player/ed3f6ea5/www-player.css
644559b7590cf725119fd0ab8ed45a236d0faf9751693abb303038d7c349d2b2,https://www.youtube.com/s/player/42c5570b/www-player.css
644559b7590cf725119fd0ab8ed45a236d0faf9751693abb303038d7c349d2b2,https://www.youtube-nocookie.com/s/player/42c5570b/www-player.css
644559b7590cf725119fd0ab8ed45a236d0faf9751693abb303038d7c349d2b2,https://www.youtube.com/s/player/fcf70340/www-player.css
644559b7590cf725119fd0ab8ed45a236d0faf9751693abb303038d7c349d2b2,https://www.youtube-nocookie.com/s/player/fcf70340/www-player.css
644559b7590cf725119fd0ab8ed45a236d0faf9751693abb303038d7c349d2b2,https://www.youtube.com/s/player/acf964b9/www-player.css
644559b7590cf725119fd0ab8ed45a236d0faf9751693abb303038d7c349d2b2,https://www.youtube-nocookie.com/s/player/acf964b9/www-player.css
644559b7590cf725119fd0ab8ed45a236d0faf9751693abb303038d7c349d2b2,https://www.youtube.com/s/player/146d3747/www-player.css
644559b7590cf725119fd0ab8ed45a236d0faf9751693abb303038d7c349d2b2,https://www.youtube-nocookie.com/s/player/146d3747/www-player.css
644559b7590cf725119fd0ab8ed45a236d0faf9751693abb303038d7c349d2b2,https://www.youtube.com/s/player/627e46f5/www-player.css
644559b7590cf725119fd0ab8ed45a236d0faf9751693abb303038d7c349d2b2,https://www.youtube-nocookie.com/s/player/627e46f5/www-player.css
644559b7590cf725119fd0ab8ed45a236d0faf9751693abb303038d7c349d2b2,https://www.youtube.com/s/player/1c3a131b/www-player.css
644559b7590cf725119fd0ab8ed45a236d0faf9751693abb303038d7c349d2b2,https://www.youtube-nocookie.com/s/player/1c3a131b/www-player.css
644559b7590cf725119fd0ab8ed45a236d0faf9751693abb303038d7c349d2b2,https://www.youtube.com/s/player/0e380a3c/www-player.css
644559b7590cf725119fd0ab8ed45a236d0faf9751693abb303038d7c349d2b2,https://www.youtube-nocookie.com/s/player/0e380a3c/www-player.css
644559b7590cf725119fd0ab8ed45a236d0faf9751693abb303038d7c349d2b2,https://www.youtube.com/s/player/a0f30157/www-player.css
644559b7590cf725119fd0ab8ed45a236d0faf9751693abb303038d7c349d2b2,https://www.youtube-nocookie.com/s/player/a0f30157/www-player.css
644559b7590cf725119fd0ab8ed45a236d0faf9751693abb303038d7c349d2b2,https://www.youtube.com/s/player/b95b0e7a/www-player.css
644559b7590cf725119fd0ab8ed45a236d0faf9751693abb303038d7c349d2b2,https://www.youtube-nocookie.com/s/player/b95b0e7a/www-player.css
644559b7590cf725119fd0ab8ed45a236d0faf9751693abb303038d7c349d2b2,https://www.youtube.com/s/player/e78b6727/www-player.css
644559b7590cf725119fd0ab8ed45a236d0faf9751693abb303038d7c349d2b2,https://www.youtube-nocookie.com/s/player/e78b6727/www-player.css
644559b7590cf725119fd0ab8ed45a236d0faf9751693abb303038d7c349d2b2,https://www.youtube.com/s/player/48ba8ecf/www-player.css
644559b7590cf725119fd0ab8ed45a236d0faf9751693abb303038d7c349d2b2,https://www.youtube-nocookie.com/s/player/48ba8ecf/www-player.css
644559b7590cf725119fd0ab8ed45a236d0faf9751693abb303038d7c349d2b2,https://www.youtube.com/s/player/58b06374/www-player.css
644559b7590cf725119fd0ab8ed45a236d0faf9751693abb303038d7c349d2b2,https://www.youtube-nocookie.com/s/player/58b06374/www-player.css
644559b7590cf725119fd0ab8ed45a236d0faf9751693abb303038d7c349d2b2,https://www.youtube.com/s/player/cb975c6f/www-player.css
644559b7590cf725119fd0ab8ed45a236d0faf9751693abb303038d7c349d2b2,https://www.youtube-nocookie.com/s/player/cb975c6f/www-player.css
644559b7590cf725119fd0ab8ed45a236d0faf9751693abb303038d7c349d2b2,https://www.youtube.com/s/player/b75a8e80/www-player.css
644559b7590cf725119fd0ab8ed45a236d0faf9751693abb303038d7c349d2b2,https://www.youtube-nocookie.com/s/player/b75a8e80/www-player.css
644559b7590cf725119fd0ab8ed45a236d0faf9751693abb303038d7c349d2b2,https://www.youtube.com/s/player/0502bc08/www-player.css
644559b7590cf725119fd0ab8ed45a236d0faf9751693abb303038d7c349d2b2,https://www.youtube-nocookie.com/s/player/0502bc08/www-player.css
644559b7590cf725119fd0ab8ed45a236d0faf9751693abb303038d7c349d2b2,https://www.youtube.com/s/player/721caf0b/www-player.css
644559b7590cf725119fd0ab8ed45a236d0faf9751693abb303038d7c349d2b2,https://www.youtube-nocookie.com/s/player/721caf0b/www-player.css
645a7b60d50c3b5bab96f83a8d0b73a76206fcab4122bfebd19fd418d5b24b5f,https://ajax.googleapis.com/ajax/libs/dojo/1.4.0/dojo/dojo.js
646567cdbd1183a1fb1f19c7364e35d54193b63f6d9f0ac9f321db5e38fbb249,https://cdnjs.cloudflare.com/ajax/libs/crypto-js/4.2.0/sha512.min.js
6490865c545c18b9b68fb1f2aa4c057235073fdd164c8fa62c0c6b1861e85f6e,https://ajax.aspnetcdn.com/ajax/bootstrap/3.3.6/css/bootstrap-theme.css
64b93d902ebc9683ba79420bd8d7c2ef01360547e3e74655d8b48edc08f4d1f2,https://www.youtube.com/s/player/ce945a2b/player_ias.vflset/en_US/base.js
64cf3f53519f592c7c3966e99251340fcaf9619b811f56687fe2fb2086999c8a,https://static.parastorage.com/services/editor-elements-library/dist/thunderbolt/rb_wixui.thunderbolt[FormContainer_FormContainerSkin].c05c753c.bundle.min.js
64d4e1748fc8080e8a6b808c97851701984dc18e616fcff8d4d035fc0ea1f161,https://www.youtube.com/s/player/7d647a07/player_ias.vflset/en_US/base.js
64ef526913b286ab2ff57fc140214259b7bd2995e17f1494abf8ebcf96bc6f29,https://cdnjs.cloudflare.com/ajax/libs/prism/9000.0.1/components/prism-stylus.js
652caf25aa96d78eb21b93bbfd396b1385bc0ff22db3b1d74a0667f15dfc8510,https://cdnjs.cloudflare.com/ajax/libs/react/19.1.1/cjs/react-jsx-runtime.react-server.development.js
653132b672cc4622e1637e4b55a76d57a25413cda75ee042ca16e6857cee99e5,https://cdnjs.cloudflare.com/ajax/libs/dayjs/1.11.18/locale/th.min.js
653aed43f3cc4c90a50ac0dda1e5b3468e54eccee7506163454c66f780408639,https://cdnjs.cloudflare.com/ajax/libs/moment.js/2.30.1/locale/ru.js
653e073e97423adda5bc3917a241ee8497dd38a48f14bcde0098a4e54fd0fa5e,https://ajax.aspnetcdn.com/ajax/bootstrap/3.3.7/css/bootstrap-theme.min.css
65468b46d5dccf7dee656acc861116430bd769ec23a7b575ace5d27cbc54d8f9,https://static.parastorage.com/services/editor-elements-library/dist/thunderbolt/rb_wixui.thunderbolt[Container_DefaultAreaSkin].2353971d.bundle.min.js
65511bd83e0c1ef38a9cb076f6527c38c9322d5c9725a302f176b89251080f45,https://cdnjs.cloudflare.com/ajax/libs/react-dom/19.1.1/cjs/react-dom-server.browser.development.min.js
65545c6dba8bb24fa530555944a79f9e26c9ed1a172404d9df281b7bc2d14992,https://cdnjs.cloudflare.com/ajax/libs/date-fns/4.1.0/locale/en-ZA/cdn.min.js
655ab40d5c641c67f51e3e1505f2fcd87560e023ed3a3b8dd9174950e251d593,https://cdnjs.cloudflare.com/ajax/libs/bowser/2.12.1/es5.js
6571c9df07015cdb6c6899996ab6ebfb9cf25799255e3100534a5e5db40485f1,https://ajax.googleapis.com/ajax/libs/shaka-player/3.0.15/shaka-player.compiled.js
658225ca394f8ef5cd8a08643cd721ccc95d50d9c4a6699bb5fa9bcc93e67b01,https://www.youtube.com/s/player/f4c47414/player_ias.vflset/en_US/base.js
65934bb1e3450e39a77e677b4a748423bade0d812b570d232e9aff67d6a66c78,https://cdnjs.cloudflare.com/ajax/libs/dayjs/1.11.18/locale/pl.min.js
65a5e76241c6a8886a4db27a301e25f45aecfebed4e23971ee2afc3c9601a9b2,https://ajax.aspnetcdn.com/ajax/jQuery/jquery-3.4.0.slim.min.js
65af136a8018835073994f517bb162cba1e1dda7388ecc0f13530a793b3de5bc,https://ajax.aspnetcdn.com/ajax/bootstrap/4.3.1/css/bootstrap-reboot.css
66007f84c945a3475100a3024d5fa3d430d6e11e64de81849e50ea73e3f390be,https://cdnjs.cloudflare.com/ajax/libs/moment.js/2.30.1/locale/nn.js
6618fe461dd6bac7177c74bd1e6aa0dd72c563f31668aab45d3df593534ecfd6,https://www.youtube.com/s/player/67da7e92/player_ias.vflset/en_US/captions.js
6618fe461dd6bac7177c74bd1e6aa0dd72c563f31668aab45d3df593534ecfd6,https://www.youtube.com/s/player/fda13de8/player_ias.vflset/en_US/captions.js
6618fe461dd6bac7177c74bd1e6aa0dd72c563f31668aab45d3df593534ecfd6,https://www.youtube.com/s/player/80f5ca15/player_ias.vflset/en_US/captions.js
6643bc9a226a00e5632636934aab861f5f9f601cbe13b1fdc6847eac2600dcc9,https://ajax.aspnetcdn.com/ajax/bootstrap-touch-carousel/0.8.0/css/bootstrap-touch-carousel.css
665b39c296ff01d4d511d2c50b4207e26ef0b96043032f4f396b8bd24386855e,https://cdnjs.cloudflare.com/ajax/libs/popper.js/2.11.8/cjs/popper-base.min.js
665efc795c27c8e1bab8411e25e55a4a99de3e42eda9903c877f296729ca675d,https://www.youtube.com/s/player/f96c7636/player_ias.vflset/en_US/captions.js
667dc55af62e26d451d4fdb3bc9182d03448d6ebcf4b1c22ff9b84cf26daedc7,https://www.youtube.com/s/player/7f3b257d/player_ias.vflset/en_US/captions.js
668b046d12db350ccba6728890476b3efee53b2f42dbb84743e5e9f1ae0cc404,https://ajax.googleapis.com/ajax/libs/jquery/1.12.4/jquery.min.js
668b046d12db350ccba6728890476b3efee53b2f42dbb84743e5e9f1ae0cc404,https://ajax.aspnetcdn.com/ajax/jQuery/jquery-1.12.4.min.js
668b046d12db350ccba6728890476b3efee53b2f42dbb84743e5e9f1ae0cc404,https://cdnjs.cloudflare.com/ajax/libs/jquery/1.12.4/jquery.min.js
66a0187a77f6fe977bc3342e38932157cb98477155c01ada4827a24ec20ab98e,https://www.youtube.com/s/player/ebc32385/player_ias.vflset/en_US/base.js
66e1d843db74bff4dc87404f42f71e4e2badd70c155442dc9c0dea3cb541fee8,https://www.youtube.com/s/player/10ecb549/player_ias.vflset/en_US/base.js
66ed50211d277c70bc627c531abb4b8e93c05c6f07ab309e03cd0de09cafe8fe,https://www.youtube.com/s/player/5fe6131f/player_ias.vflset/en_US/captions.js
66f3a07e1fa9b64a686b66381e4458dbc8abf3dbbff954720c4eec07b84411c2,https://cdnjs.cloudflare.com/ajax/libs/popper.js/1.14.7/umd/popper.min.js
66fc62dc04eda581dc0bc0388eba596784f082581464fa1fe7e4a76fbad7abc0,https://cdnjs.cloudflare.com/ajax/libs/date-fns/4.1.0/locale/it/cdn.min.js
67094f46733b71c3546fa6215835ea078622e243a7afe7285291bdf51e11ca61,https://www.youtube.com/s/player/e237d4c5/player_ias.vflset/en_US/base.js
670a99215743de25cdc861db49876c9963fffd4068923d851c0c4ab9204a0d2a,https://ajax.aspnetcdn.com/ajax/jQuery/jquery-3.6.3.slim.min.js
670c8851fd771d66faab5eb1ff44ec6635a5ab07365030e1366f376fb0a386de,https://www.youtube.com/s/player/bcd893b3/player_ias.vflset/en_US/captions.js
6716e1fbf6d0c0f086b71e077f2b4fe59a0bbd89e8b1248440d71e24a4df78f3,https://cdnjs.cloudflare.com/ajax/libs/moment.js/2.30.1/locale/fr.min.js
672fbd80c053f51ced783a0d14398bdc26d6afd7bfb0f8acac1b1db01a900733,https://www.youtube.com/s/player/475c090b/player_ias.vflset/en_US/base.js
674fd5e807a51c06c8f9af2fdcdb17814f79e97fb575b5dd6c7626bd7c247408,https://www.youtube.com/s/player/53db3343/player_ias.vflset/en_US/base.js
67518ae41cbc4a03d2f02798ab1588453911e8e2c37d2ea430e57c4f98cbde44,https://cdnjs.cloudflare.com/ajax/libs/jsonwebtoken/9.0.2/lib/asymmetricKeyDetailsSupported.min.js
675b7ec3167b121e53d6c2ba69e3d63211103a0851e236552f08f0ad464045e1,https://ajax.aspnetcdn.com/ajax/bootstrap/4.4.1/bootstrap.bundle.js
676984130ef4903f5f31e804f4d337c90a585ca644667b195923535836a5b201,https://www.youtube.com/s/player/8180e7ff/player_ias.vflset/en_US/base.js
677ce8543c2e2ebbd678f5fafd7b5aada2a057cc2aed1f432ee810e93112ade3,https://cdnjs.cloudflare.com/ajax/libs/crypto-js/4.2.0/evpkdf.min.js
67b53fa7849afc74a3836231803ee3adc7ca22d6dca984023aa595ba39458286,https://www.youtube.com/s/player/859db743/player_ias.vflset/en_US/captions.js
67b544385dc9da065b79b73ee876af0b66a04fd8d78acef0d7bd90b079182fe6,https://cdnjs.cloudflare.com/ajax/libs/date-fns/4.1.0/locale/fr-CA/cdn.js
67f03c341b9bd674b7a6696645f2eb3f345631a2b756adfd01d352614b60df3f,https://cdnjs.cloudflare.com/ajax/libs/react-redux/9.2.0/react-redux.browser.mjs
68086ee8b987b0142fd657ca85a41c55ef6bad1e509d63168c9a4b408eabc66b,https://ajax.aspnetcdn.com/ajax/jQuery/jquery-1.5-vsdoc.js
680af6669abc319f9803f0fa26d443df1b6bc29133d88a8e4bea560ffed7288c,https://ajax.aspnetcdn.com/ajax/bootstrap/4.5.0/css/bootstrap.min.css
683f3c86e29d1e46f132223802d9ac579d0c3d994e6644b8b6038bedb370cd26,https://www.youtube.com/s/player/712f0810/player_ias.vflset/en_US/base.js
6852734eab18b39c34599fe1e08c721d3c167d2d0db8efd8439889eefdf2ca0f,https://cdnjs.cloudflare.com/ajax/libs/moment.js/2.30.1/locale/ur.min.js
6862ad0573d9e0dc7df96f7c9ce6efe9094e4fc42d2e4277f6a85d32f29de398,https://cdnjs.cloudflare.com/ajax/libs/prism/9000.0.1/components/prism-matlab.js
6896e0c520f104b187e6c8f209b69245874e9ef324c2bf4701ec33a5b413a7f6,https://www.youtube.com/s/player/329e7d83/player_ias.vflset/en_US/captions.js
6896e0c520f104b187e6c8f209b69245874e9ef324c2bf4701ec33a5b413a7f6,https://www.youtube.com/s/player/b0ff957c/player_ias.vflset/en_US/captions.js
689dc65b7087be130f50a341caf2c6ceb42c5b54aa1c4eae391b137a1e065aad,https://www.youtube.com/s/player/b15c2dcf/player_ias.vflset/en_US/captions.js
689dc65b7087be130f50a341caf2c6ceb42c5b54aa1c4eae391b137a1e065aad,https://www.youtube.com/s/player/bcf89e14/player_ias.vflset/en_US/captions.js
689dc65b7087be130f50a341caf2c6ceb42c5b54aa1c4eae391b137a1e065aad,https://www.youtube.com/s/player/40aa5b89/player_ias.vflset/en_US/captions.js
689dc65b7087be130f50a341caf2c6ceb42c5b54aa1c4eae391b137a1e065aad,https://www.youtube.com/s/player/6b334ac1/player_ias.vflset/en_US/captions.js
689dc65b7087be130f50a341caf2c6ceb42c5b54aa1c4eae391b137a1e065aad,https://www.youtube.com/s/player/5e979b82/player_ias.vflset/en_US/captions.js
689dc65b7087be130f50a341caf2c6ceb42c5b54aa1c4eae391b137a1e065aad,https://www.youtube.com/s/player/43395a38/player_ias.vflset/en_US/captions.js
689dc65b7087be130f50a341caf2c6ceb42c5b54aa1c4eae391b137a1e065aad,https://www.youtube.com/s/player/4a6bba85/player_ias.vflset/en_US/captions.js
68aeb964e08bb17e178106c4bce85898477764696640faec5576192ab5e68b7e,https://cdnjs.cloudflare.com/ajax/libs/dayjs/1.11.18/plugin/isLeapYear.min.js
68b94c82e605853e64de65bc87007e133dac7762abfaf030d4be8947eddd7762,https://www.youtube.com/s/player/d9ea877b/player_ias.vflset/en_US/captions.js
68db6d4dc39b6544d8f6f77daf843ec9d6ae13cf22af7e5bfdbaf48ff5e1862c,https://cdnjs.cloudflare.com/ajax/libs/moment.js/2.30.1/locale/si.min.js
68e8c73ef42afd3ccec58bf0fba302cce448938e7fc020a5e31f8a952eee1342,https://cdnjs.cloudflare.com/ajax/libs/KaTeX/0.16.9/fonts/KaTeX_SansSerif-Regular.woff2
6901578036d803757a074d10eac0a8853d4d12f403ebbc08b9982082aa47aa39,https://www.youtube.com/s/player/7b9b4e02/player_ias.vflset/en_US/captions.js
6904382455acddc39783d3236963459f78bac0d3d604fa5385d62adb36a9dae0,https://www.youtube.com/s/player/551c312f/player_ias.vflset/en_US/base.js
69112488ba4e007c1a11e19fdfe258138c403102be30298e4fecf6c3ace95c70,https://cdnjs.cloudflare.com/ajax/libs/dayjs/1.11.18/locale/kn.min.js
69211c203e815dc01aee627d49f5b74bc20b32ddd60d6f4559f7ffc05ca4e9ad,https://cdnjs.cloudflare.com/ajax/libs/date-fns/4.1.0/locale/hy/cdn.min.js
693710fb9d15d6183c8230ab42b76b995dd39df555a29fe380a08a7a6f92f816,https://cdnjs.cloudflare.com/ajax/libs/protobufjs/7.5.4/protobuf.min.js
6942f0873b6a7108e18a983b4192ad469011a8131317f88161d6f0917058da22,https://cdnjs.cloudflare.com/ajax/libs/Swiper/11.0.5/swiper-bundle.min.js
6943c853ee0ad65ad2e3e38baecc90dc8088071f10406ee8a5ad995d7cf5f6e6,https://cdnjs.cloudflare.com/ajax/libs/moment.js/2.30.1/locale/is.js
697a9a650e2b58c05f6b4e54ac076e0eafcb244c89e4969dfe1cd957a8657258,https://ajax.googleapis.com/ajax/libs/mootools/1.2.2/mootools-yui-compressed.js
6989864ecc9b2c14abdfaf0812213a289640b6145beec8de73d3d16f9e842891,https://www.youtube.com/s/player/a4a1bee0/player_ias.vflset/en_US/base.js
698d06becb39f1c8fe874aed6f15839afb2fd580790446a37d20055179f31b6f,https://cdnjs.cloudflare.com/ajax/libs/jose/6.1.0/jwe/general/decrypt.js
6992da67708c368b3b3baf461feea187aa35707d5be38f0be30038a043da2d5c,https://www.youtube.com/s/player/638ec5c6/www-player.css
6992da67708c368b3b3baf461feea187aa35707d5be38f0be30038a043da2d5c,https://www.youtube-nocookie.com/s/player/638ec5c6/www-player.css
69a3831c082fc105b56c53865cc797fa90b83d920fb2f9f6875b00ad83a18174,https://ajax.googleapis.com/ajax/libs/jquery/1.12.3/jquery.min.js
69a3831c082fc105b56c53865cc797fa90b83d920fb2f9f6875b00ad83a18174,https://ajax.aspnetcdn.com/ajax/jQuery/jquery-1.12.3.min.js
69a3e2056996676357457aa5f576b9b3aafe34c8452751a572481c2aa25908d1,https://www.youtube.com/s/player/0e56f409/player_ias.vflset/en_US/base.js
69ad644b0ab4b3c39486a909655430e53a3436ef05b207b127e74da669d97325,https://cdnjs.cloudflare.com/ajax/libs/moment.js/2.30.1/moment-with-locales.min.js
69c54af8c1059ce684061cade60114bded0e402d452b5a64bfea9c92529aeefe,https://www.youtube.com/s/player/cb975c6f/player_ias.vflset/en_US/base.js
69d51f7c8a8d45f78d248d915d29d3049b57db0537c1ea51741927ca4e8c9bbd,https://cdnjs.cloudflare.com/ajax/libs/cheerio/1.1.2/dist/browser/load.min.js
69d51f7c8a8d45f78d248d915d29d3049b57db0537c1ea51741927ca4e8c9bbd,https://cdnjs.cloudflare.com/ajax/libs/cheerio/1.1.2/dist/esm/load.min.js
69d691f5a0d8bc1c97aa6dc17ea84d36ea518e81465b3d2ef79e2fd7166989b5,https://ajax.googleapis.com/ajax/libs/indefinite-observable/2.0.1/indefinite-observable.bundle.js
69d7f3748ef0c9d688897fff06d52349f93e887179d89ce77badb24bba9da4e4,https://www.youtube.com/s/player/f8a07cad/player_ias.vflset/en_US/base.js
69df2418cc958e871f48a2c927193da3fe981953675cbde664e1c8024ddcb89c,https://cdnjs.cloudflare.com/ajax/libs/prism/9000.0.1/components/prism-matlab.min.js
69dfba66308cb9e46bec657b1f6e1dc19c1b06bbf00b8b7ad15c5ee687792589,https://cdnjs.cloudflare.com/ajax/libs/prism/9000.0.1/components/prism-scss.min.js
6a03b27f9a8f3d26d0764380a777cb52b6f51ea51ae6ef6530f4f7ecfe676089,https://www.youtube.com/s/player/56545ff7/player_ias.vflset/en_US/captions.js
6a43b3c58e62d623fd0a65f97c1db6b6fec8baa41dce267bbd979f41e43607f4,https://cdnjs.cloudflare.com/ajax/libs/react-is/19.1.1/cjs/react-is.development.js
6a7a3c47d3440c5e6ed2ac2722626973d62b89cf5418de913e44ecfb79b21225,https://cdnjs.cloudflare.com/ajax/libs/prism/9000.0.1/components/prism-r.js
6a8588daa3f7cd2d9c2d95f0d28c04376e0fef8d911dec850de5e471015d8cd5,https://cdnjs.cloudflare.com/ajax/libs/popper.js/2.11.8/esm/dom-utils/getNodeName.min.js
6a8d1da1c51902ce09d2cf5bb40da13de08c748ffdd2db00e0d50728c7f1d5a3,https://cdnjs.cloudflare.com/ajax/libs/moment.js/2.30.1/locale/x-pseudo.js
6ab0350f09e7f78f96424a2cf3ef1597837bb28f11d58ff5370c2bb7502b4346,https://cdnjs.cloudflare.com/ajax/libs/react-dom/19.1.1/cjs/react-dom-client.production.min.js
6ab6b62e9b62dae2c00dd90f791bd10950be0ecc3490d7d6045f51c2e8fe0949,https://cdnjs.cloudflare.com/ajax/libs/KaTeX/0.16.9/fonts/KaTeX_Size3-Regular.woff
6ab94a9a6ca43d43677d3fdb6394c1ff6d81bf7b692ec54c8c031b2549ee3a0b,https://www.youtube.com/s/player/b443d9d5/player_ias.vflset/en_US/base.js
6ac16023b412b61c5ab1bf909e1298a36e5f61b4ceb638bd3174428ceff0c835,https://cdnjs.cloudflare.com/ajax/libs/dayjs/1.11.18/plugin/minMax.min.js
6ad4a1a8a79060462bedb4703a76081bcc0da2fb6dcda7e70479b387f2c18b7d,https://www.youtube.com/s/player/ace4b2f8/player_ias.vflset/en_US/captions.js
6af1d3643bd218941f30da0f6ba7bd64d4c2d0c49336876308af3af0387b0440,https://cdnjs.cloudflare.com/ajax/libs/moment.js/2.30.1/locale/mt.js
6afd8299936559e41911f8658abad05510c59470cfabd4913d335450a53e5da8,https://cdnjs.cloudflare.com/ajax/libs/pako/2.1.0/pako_deflate.es5.js
6aff115490b07a4f7623cb46509e4ccc8b09c97aadff8de11188a06066870310,https://cdnjs.cloudflare.com/ajax/libs/vue/3.5.22/vue.runtime.esm-browser.min.js
6b00ec10451206aea36d49226d1b0fed356877b604435cb5bc65b31386f1c99a,https://www.youtube.com/s/player/c6aa5b85/player_ias.vflset/en_US/captions.js
6b00ec10451206aea36d49226d1b0fed356877b604435cb5bc65b31386f1c99a,https://www.youtube.com/s/player/d759498c/player_ias.vflset/en_US/captions.js
6b00ec10451206aea36d49226d1b0fed356877b604435cb5bc65b31386f1c99a,https://www.youtube.com/s/player/a9146527/player_ias.vflset/en_US/captions.js
6b1d41fb525eb9898c19b374bf5277891c232e35fc2be129e3eb9b6d1e60a64f,https://cdnjs.cloudflare.com/ajax/libs/dayjs/1.11.18/locale/ko.js
6b1d71c3c0f627aca04d9f9eb06d0a5f86246c8eb2dbd582d91d3ee6c2363bab,https://cdnjs.cloudflare.com/ajax/libs/date-fns/4.1.0/locale/sv/cdn.js
6b2c603b15305380f7dfff78703d7049643b9a6c6d48e0de5bbef046241cf90f,https://cdnjs.cloudflare.com/ajax/libs/cheerio/1.1.2/dist/browser/api/manipulation.min.js
6b2c603b15305380f7dfff78703d7049643b9a6c6d48e0de5bbef046241cf90f,https://cdnjs.cloudflare.com/ajax/libs/cheerio/1.1.2/dist/esm/api/manipulation.min.js
6b3bef53dc4a96ec07149d02a60b5fd026332bbce0b4ece79f3c55e3ddb85f5c,https://ajax.aspnetcdn.com/ajax/bootstrap/4.2.1/css/bootstrap.min.css
6b47c40166b6dbe21a5dfca7718413f2147fd2399be1ba605d8ad39cedf25dfe,https://cdnjs.cloudflare.com/ajax/libs/KaTeX/0.16.9/fonts/KaTeX_Size1-Regular.woff2
6b5fd5c9c711c29a948fb7a4db70b0432c9341979160151f1e4236a744172ebf,https://ajax.aspnetcdn.com/ajax/jQuery/jquery-1.8.3-vsdoc.js
6b6301d42544281a07e51e517a1acd2e498e6289b29e74817433a86751761f71,https://cdnjs.cloudflare.com/ajax/libs/moment.js/2.30.1/locale/ms.js
6b67e1c832a96eff4a4e210356b9ef5fb3e724e3354d7ce0e2ffc131c63a8a3c,https://www.youtube.com/s/player/76ad2fe8/player_ias.vflset/en_US/base.js
6b6ca31cce239c5f5fe78c5441a9236466aa62cfd5d4262f5a9a2a6730b6fc1c,https://ajax.aspnetcdn.com/ajax/jQuery/jquery-3.6.4.slim.min.js
6b6de0d4db7876d1183a3edb47ebd3bbbf93f153f5de1ba6645049348628109a,https://ajax.googleapis.com/ajax/libs/jquery/2.2.3/jquery.min.js
6b6de0d4db7876d1183a3edb47ebd3bbbf93f153f5de1ba6645049348628109a,https://ajax.aspnetcdn.com/ajax/jQuery/jquery-2.2.3.min.js
6b7c38fffa97891aa201809b4cdc2a3cc0c9c6919aede07af9560f1da26998ba,https://ajax.aspnetcdn.com/ajax/bootstrap/4.1.1/css/bootstrap-reboot.min.css
6b97155dd807f48cb02eee6a4a984bf96b0b4bfa4a16ba712166b2f204663ca1,https://ajax.aspnetcdn.com/ajax/knockout/knockout-3.0.0.js
6bb3b09cc35762c59092c17e2b4d7fc8d1ebdab5dff23e298f2fd5f607c5ad7f,https://cdnjs.cloudflare.com/ajax/libs/popper.js/2.11.8/esm/modifiers/popperOffsets.js
6bc4fe2a70e24102315b2f83790ab880c5a52e9e1943a456aecb59851940e42f,https://www.youtube.com/s/player/afc53320/player_ias.vflset/en_US/captions.js
6bc4fe2a70e24102315b2f83790ab880c5a52e9e1943a456aecb59851940e42f,https://www.youtube.com/s/player/8da75a6a/player_ias.vflset/en_US/captions.js
6bd8c1051ca05f5061e65b7c1998d70f3c8e07e6d6bdef4488eeed44e52d8ff1,https://ajax.aspnetcdn.com/ajax/jQuery/jquery-3.6.4.js
6be70110418f9738ca23c6d61d73ce3c0cb01087843c96de5ced119c5ab882c6,https://ajax.googleapis.com/ajax/libs/mootools/1.4.5/mootools-yui-compressed.js
6bf205447c4bb96e30d2802575dc9e6accf2568b34a2ed922f2613dd4e3af7bf,https://cdnjs.cloudflare.com/ajax/libs/jose/6.1.0/lib/check_key_type.js
6bf54c8f559f1baa288be406715a10efa7cdd1bde90a85a4ebfa3f5aed2addb4,https://cdnjs.cloudflare.com/ajax/libs/moment.js/2.30.1/locale/fr-ch.min.js
6c0f4fd09cc0880ea1bcde31493ed189d925cea9afc304815ff7292812d9869e,https://www.youtube.com/s/player/c9168c90/player_ias.vflset/en_US/base.js
6c1a60d36ee078f1d72d11abe1d8b06e4df5e2b15cd3d250af30d942b8316f68,https://www.youtube.com/s/player/bc7db0b2/player_ias.vflset/en_US/base.js
6c272034fbf328bec2f89ce8593be85ab9b54625af19f95db0fc9c3ecc2fa967,https://cdnjs.cloudflare.com/ajax/libs/prism/9000.0.1/components/prism-autohotkey.min.js
6c2b59ac5e27099986b28d32e425ed3d65a4621c1c6512d03d40b336c6e88a2d,https://cdnjs.cloudflare.com/ajax/libs/crypto-js/4.2.0/hmac-sha512.js
6c366575332a23c82010fe5426193e328a5321b36f5220a2a9d7a1ef24334546,https://www.youtube.com/s/player/e354dd90/player_ias.vflset/en_US/captions.js
6c366575332a23c82010fe5426193e328a5321b36f5220a2a9d7a1ef24334546,https://www.youtube.com/s/player/2b8b264c/player_ias.vflset/en_US/captions.js
6c3811233a378ba547a893250f051cbbf8359a7c42a12e81d6c356df6ebd9096,https://cdnjs.cloudflare.com/ajax/libs/date-fns/4.1.0/cdn.min.js
6c5714c86accd80da626929187755a3760ea174918500b7c9c9e714e64f5f30d,https://cdnjs.cloudflare.com/ajax/libs/date-fns/4.1.0/locale/bg/cdn.min.js
6c615a16309bee54974f2af82459a0a1bb2fa3c18b7fc367af957ab825082ce7,https://cdnjs.cloudflare.com/ajax/libs/history/5.3.0/history.development.min.js
6c62e3d58fd23d98baf67f4d6e3c40d91ab4a17b0d4fdd61ffd9565c274b1be1,https://cdnjs.cloudflare.com/ajax/libs/moment.js/2.30.1/locale/ug-cn.min.js
6c7422a9c15b9c96f542187ad5163d70c87a911d204ee418ea214e063d728f4d,https://ajax.aspnetcdn.com/ajax/bootstrap/3.3.5/css/bootstrap-theme.min.css
6c80d94cd6cda7ab21cff602f362bb9dd7ecf647c32c1fa938aa18632ffce9ad,https://cdnjs.cloudflare.com/ajax/libs/gsap/3.9.1/ScrollToPlugin.min.js
6c816565dac5bfaea231c93af806b7f14a44634905efd30d0ce307d8540d20c3,https://www.youtube.com/s/player/8c83ec2e/player_ias.vflset/en_US/captions.js
6c8c05b78361bba2152b8bd959c314bc5ba7dde66e68bb5ed8c9f111a31e975e,https://cdnjs.cloudflare.com/ajax/libs/pako/2.1.0/pako.es5.js
6cb0f42858f1cf72cc7d33c674fbf6ace5f2e99a150cede7afd50ec1b7ac8d25,https://www.youtube.com/s/player/ab89db3f/www-player.css
6cb0f42858f1cf72cc7d33c674fbf6ace5f2e99a150cede7afd50ec1b7ac8d25,https://www.youtube-nocookie.com/s/player/ab89db3f/www-player.css
6cb0f42858f1cf72cc7d33c674fbf6ace5f2e99a150cede7afd50ec1b7ac8d25,https://www.youtube.com/s/player/a644926e/www-player.css
6cb0f42858f1cf72cc7d33c674fbf6ace5f2e99a150cede7afd50ec1b7ac8d25,https://www.youtube-nocookie.com/s/player/a644926e/www-player.css
6cb0f42858f1cf72cc7d33c674fbf6ace5f2e99a150cede7afd50ec1b7ac8d25,https://www.youtube.com/s/player/3062cec8/www-player.css
6cb0f42858f1cf72cc7d33c674fbf6ace5f2e99a150cede7afd50ec1b7ac8d25,https://www.youtube-nocookie.com/s/player/3062cec8/www-player.css
6cc49c4d244d65f0d3cccaa52745e45f7a366a1ceda45726552fc9063f8cdc38,https://cdnjs.cloudflare.com/ajax/libs/react-dom/19.1.1/cjs/react-dom-test-utils.production.min.js
6cc82ffdfe54cd143f25d686e0212493f45b67ab9bb0a3da97298551e206c6e9,https://www.youtube.com/s/player/7fefdcfe/player_ias.vflset/en_US/captions.js
6cce0ed35c694730c32188da84280d78b2afd7715a93c01a56ed425dfd0d49b5,https://cdnjs.cloudflare.com/ajax/libs/dayjs/1.11.18/locale/si.js
6ce03f8cfdd19be06e1e9ecda86b75789c5207b81b27fe2e7f7b269796439ce3,https://cdnjs.cloudflare.com/ajax/libs/date-fns/4.1.0/locale/fi/cdn.js
6ce14cbda7367a53fe74dc0f10251fa419f8da05cb858cb1da85d138eaf38906,https://www.youtube.com/s/player/7dc3db36/player_ias.vflset/en_US/base.js
6d10614b494320d1dd278b26c1707aa1f8191ef39875984cf1d51bac7cbfd9e9,https://cdnjs.cloudflare.com/ajax/libs/popper.js/2.11.8/esm/modifiers/eventListeners.js
6d2002ed4743a73f0aa97439a2f80dc6205625cefea09f9aa620a435b5ae6239,https://www.youtube.com/s/player/6506e6fd/player_ias.vflset/en_US/base.js
6d6cb58957176859c0a822c4b3b95fa73cb0029661236eb1999e56ba378522b5,https://www.youtube.com/s/player/880394d5/player_ias.vflset/en_US/base.js
6d92dfc1700fd38cd130ad818e23bc8aef697f815b2ea5face2b5dfad22f2e11,https://ajax.aspnetcdn.com/ajax/bootstrap/3.4.1/css/bootstrap.min.css
6db1ac81b7813adc75ff7164a4d3e8ddf31f4fd30e3980f9b99abdd985a6aaa0,https://www.youtube.com/s/player/5d6c9da0/player_ias.vflset/en_US/captions.js
6db1ac81b7813adc75ff7164a4d3e8ddf31f4fd30e3980f9b99abdd985a6aaa0,https://www.youtube.com/s/player/c6e9bca4/player_ias.vflset/en_US/captions.js
6db1ac81b7813adc75ff7164a4d3e8ddf31f4fd30e3980f9b99abdd985a6aaa0,https://www.youtube.com/s/player/04586e8e/player_ias.vflset/en_US/captions.js
6db1ac81b7813adc75ff7164a4d3e8ddf31f4fd30e3980f9b99abdd985a6aaa0,https://www.youtube.com/s/player/0006d355/player_ias.vflset/en_US/captions.js
6db1ac81b7813adc75ff7164a4d3e8ddf31f4fd30e3980f9b99abdd985a6aaa0,https://www.youtube.com/s/player/658ecde4/player_ias.vflset/en_US/captions.js
6db1ac81b7813adc75ff7164a4d3e8ddf31f4fd30e3980f9b99abdd985a6aaa0,https://www.youtube.com/s/player/9d2ef9ef/player_ias.vflset/en_US/captions.js
6db1ac81b7813adc75ff7164a4d3e8ddf31f4fd30e3980f9b99abdd985a6aaa0,https://www.youtube.com/s/player/880394d5/player_ias.vflset/en_US/captions.js
6dbe9c2e13cf06c6633ea3fcf6d7bd30452561202a205c75a035cd1d8b93368f,https://cdnjs.cloudflare.com/ajax/libs/gsap/3.9.1/gsap.min.js
6dd52634e58e62664ebfa9f8758443543451102258c73b4cdf525d37f6847df0,https://cdnjs.cloudflare.com/ajax/libs/popper.js/2.11.8/esm/dom-utils/getNodeScroll.min.js
6ddcc3798a17cb6481fd035989374b96f9a4aede325064d949be5e28df3e8e49,https://ajax.aspnetcdn.com/ajax/bootstrap/3.0.1/bootstrap.js
6df0535d4b76b49f1057fbdd19b5570d8e4ebabaad0070b5f9e401211c7127ad,https://cdnjs.cloudflare.com/ajax/libs/react-select/5.10.2/react-select.cjs.default.min.js
6e01174df15beaa358255179127f90652e82ea8879b78e249724da10e3e9e092,https://www.youtube.com/s/player/2c206033/player_ias.vflset/en_US/base.js
6e093c5d4fd4f94874ea028e3191c5d8c556130634238a3f225fe2acb5360fb6,https://ajax.googleapis.com/ajax/libs/dojo/1.9.11/dojo/dojo.js
6e0962882e32ce4fae958fc71146560aadd747a631b2b64345d0817a6369ee07,https://cdnjs.cloudflare.com/ajax/libs/moment.js/2.30.1/locale/it-ch.min.js
6e15de25ca539cf316e5161ee0f62e3cee3f26d3219865e286403e8760716c00,https://ajax.googleapis.com/ajax/libs/spf/2.3.2/spf.js
6e1a34370719c1b3f6a203289dc8b1cc288a97f18ab048dcf25ce7dc2a56b0f9,https://cdnjs.cloudflare.com/ajax/libs/dayjs/1.11.18/locale/el.js
6e1fe90688a686dcd6baadc5a3bdc7aa741f8a01c147381af515a2ccca05f2fc,https://cdnjs.cloudflare.com/ajax/libs/socket.io/4.8.1/socket.io.esm.min.js
6e2a057f95bfae35c12f9c491d371245ab5b3540eb3b956032a63a92e99924d6,https://www.youtube.com/s/player/b75a8e80/player_ias.vflset/en_US/base.js
6e4b9d073caca3d8574534b44983d0dfb86a0f09654105c663ab6def37d8f9e7,https://cdnjs.cloudflare.com/ajax/libs/prism/9000.0.1/components/prism-aspnet.js
6e94abf306be95faa94ecd2fa790106eb70c476359de34e43e9df3703e6686fd,https://cdnjs.cloudflare.com/ajax/libs/validator/13.15.15/validator.min.js
6e95cf30e5e0bd4d11f0e1376b285d4ff84d796ba6da8edcf3f8207799a04241,https://www.youtube.com/s/player/61d68603/player_ias.vflset/en_US/base.js
6e99821f8204c5f611b56077e3fce056a1562d22bc341a1f4af01afe7e527d83,https://cdnjs.cloudflare.com/ajax/libs/decimal.js/10.6.0/decimal.js
6e99824040b6fe242f7c0dc892b880da15c1b62332805e1d590ee809d70090a9,https://cdnjs.cloudflare.com/ajax/libs/popper.js/2.11.8/esm/modifiers/offset.js
6ebb304fc710bc334267cabd667ee89f90ab8feb486f535eafc71ba172c00b42,https://ajax.googleapis.com/ajax/libs/model-viewer/2.0.2/model-viewer.min.js
6ecb861f2d327c402588217938d7e146743e5c4b4ae6801435ffa61229447fff,https://www.youtube.com/s/player/4e11051b/player_ias.vflset/en_US/base.js
6ee08cd3d69b181cb735011acd0a0d57b6a4a071baf8ecbbbb9aa18cf1e4d6ac,https://cdnjs.cloudflare.com/ajax/libs/crypto-js/4.2.0/sha3.js
6eee294996582bad0005f45ba351dab5b29905d42313201496c56b400d8ccbee,https://cdnjs.cloudflare.com/ajax/libs/popper.js/2.11.8/esm/modifiers/applyStyles.min.js
6f21a7428ef4a98dc9e068073804540d5bfef22a9a286e5d79ad28b6247f4dde,https://ajax.googleapis.com/ajax/libs/mootools/1.4.3/mootools-yui-compressed.js
6f25e841296950467517ec8bccba0ffd052a386d6ac8d893aeaba5edf84aca42,https://www.youtube.com/s/player/b15c2dcf/www-player.css
6f25e841296950467517ec8bccba0ffd052a386d6ac8d893aeaba5edf84aca42,https://www.youtube-nocookie.com/s/player/b15c2dcf/www-player.css
6f25e841296950467517ec8bccba0ffd052a386d6ac8d893aeaba5edf84aca42,https://www.youtube.com/s/player/bcf89e14/www-player.css
6f25e841296950467517ec8bccba0ffd052a386d6ac8d893aeaba5edf84aca42,https://www.youtube-nocookie.com/s/player/bcf89e14/www-player.css
6f25e841296950467517ec8bccba0ffd052a386d6ac8d893aeaba5edf84aca42,https://www.youtube.com/s/player/40aa5b89/www-player.css
6f25e841296950467517ec8bccba0ffd052a386d6ac8d893aeaba5edf84aca42,https://www.youtube-nocookie.com/s/player/40aa5b89/www-player.css
6f25e841296950467517ec8bccba0ffd052a386d6ac8d893aeaba5edf84aca42,https://www.youtube.com/s/player/6b334ac1/www-player.css
6f25e841296950467517ec8bccba0ffd052a386d6ac8d893aeaba5edf84aca42,https://www.youtube-nocookie.com/s/player/6b334ac1/www-player.css
6f25e841296950467517ec8bccba0ffd052a386d6ac8d893aeaba5edf84aca42,https://www.youtube.com/s/player/5e979b82/www-player.css
6f25e841296950467517ec8bccba0ffd052a386d6ac8d893aeaba5edf84aca42,https://www.youtube-nocookie.com/s/player/5e979b82/www-player.css
6f25e841296950467517ec8bccba0ffd052a386d6ac8d893aeaba5edf84aca42,https://www.youtube.com/s/player/43395a38/www-player.css
6f25e841296950467517ec8bccba0ffd052a386d6ac8d893aeaba5edf84aca42,https://www.youtube-nocookie.com/s/player/43395a38/www-player.css
6f25e841296950467517ec8bccba0ffd052a386d6ac8d893aeaba5edf84aca42,https://www.youtube.com/s/player/4a6bba85/www-player.css
6f25e841296950467517ec8bccba0ffd052a386d6ac8d893aeaba5edf84aca42,https://www.youtube-nocookie.com/s/player/4a6bba85/www-player.css
6f25e841296950467517ec8bccba0ffd052a386d6ac8d893aeaba5edf84aca42,https://www.youtube.com/s/player/8c83ec2e/www-player.css
6f25e841296950467517ec8bccba0ffd052a386d6ac8d893aeaba5edf84aca42,https://www.youtube-nocookie.com/s/player/8c83ec2e/www-player.css
6f25e841296950467517ec8bccba0ffd052a386d6ac8d893aeaba5edf84aca42,https://www.youtube.com/s/player/8c57fc20/www-player.css
6f25e841296950467517ec8bccba0ffd052a386d6ac8d893aeaba5edf84aca42,https://www.youtube-nocookie.com/s/player/8c57fc20/www-player.css
6f25e841296950467517ec8bccba0ffd052a386d6ac8d893aeaba5edf84aca42,https://www.youtube.com/s/player/51e03cf0/www-player.css
6f25e841296950467517ec8bccba0ffd052a386d6ac8d893aeaba5edf84aca42,https://www.youtube-nocookie.com/s/player/51e03cf0/www-player.css
6f25e841296950467517ec8bccba0ffd052a386d6ac8d893aeaba5edf84aca42,https://www.youtube.com/s/player/44596b36/www-player.css
6f25e841296950467517ec8bccba0ffd052a386d6ac8d893aeaba5edf84aca42,https://www.youtube-nocookie.com/s/player/44596b36/www-player.css
6f25e841296950467517ec8bccba0ffd052a386d6ac8d893aeaba5edf84aca42,https://www.youtube.com/s/player/f4c47414/www-player.css
6f25e841296950467517ec8bccba0ffd052a386d6ac8d893aeaba5edf84aca42,https://www.youtube-nocookie.com/s/player/f4c47414/www-player.css
6f25e841296950467517ec8bccba0ffd052a386d6ac8d893aeaba5edf84aca42,https://www.youtube.com/s/player/d0dfba13/www-player.css
6f25e841296950467517ec8bccba0ffd052a386d6ac8d893aeaba5edf84aca42,https://www.youtube-nocookie.com/s/player/d0dfba13/www-player.css
6f25e841296950467517ec8bccba0ffd052a386d6ac8d893aeaba5edf84aca42,https://www.youtube.com/s/player/dbb1f29d/www-player.css
6f25e841296950467517ec8bccba0ffd052a386d6ac8d893aeaba5edf84aca42,https://www.youtube-nocookie.com/s/player/dbb1f29d/www-player.css
6f25e841296950467517ec8bccba0ffd052a386d6ac8d893aeaba5edf84aca42,https://www.youtube.com/s/player/791f6bd4/www-player.css
6f25e841296950467517ec8bccba0ffd052a386d6ac8d893aeaba5edf84aca42,https://www.youtube-nocookie.com/s/player/791f6bd4/www-player.css
6f25e841296950467517ec8bccba0ffd052a386d6ac8d893aeaba5edf84aca42,https://www.youtube.com/s/player/86205a12/www-player.css
6f25e841296950467517ec8bccba0ffd052a386d6ac8d893aeaba5edf84aca42,https://www.youtube-nocookie.com/s/player/86205a12/www-player.css
6f25e841296950467517ec8bccba0ffd052a386d6ac8d893aeaba5edf84aca42,https://www.youtube.com/s/player/f4d92f0b/www-player.css
6f25e841296950467517ec8bccba0ffd052a386d6ac8d893aeaba5edf84aca42,https://www.youtube-nocookie.com/s/player/f4d92f0b/www-player.css
6f4dc8c434a0a505a9f31f348bea11917b819704d199c47c75695827c13c896e,https://cdnjs.cloudflare.com/ajax/libs/popper.js/2.11.8/esm/dom-utils/getHTMLElementScroll.js
6f567cead784eb6decd8974536597ec17a0adffefb124f26d202267f68ceb9ad,https://cdnjs.cloudflare.com/ajax/libs/crypto-js/4.2.0/pad-pkcs7.min.js
6f64246151ea972e362913a8d856c53fed86172f53a0dcd5119b2dea47c44a64,https://cdnjs.cloudflare.com/ajax/libs/popper.js/2.11.8/esm/utils/getMainAxisFromPlacement.min.js
6f73014c2b3f3b802ed296e4e9cd72e197857d0b511360970c5e4db0c80d83f7,https://cdnjs.cloudflare.com/ajax/libs/jose/6.1.0/index.bundle.min.js
6f928dd7a81686f109052de73f8513aac6b260b8bba3a94277fdbd5840ccf6e6,https://www.youtube.com/s/player/e795685c/player_ias.vflset/en_US/captions.js
6f9ca609c4af60f2a03033e72dec5714f4f8e7b240381934040f547a0282463f,https://cdnjs.cloudflare.com/ajax/libs/dayjs/1.11.18/plugin/advancedFormat.js
6f9fb81837bfc0e8c23a9560903bfb2881c07d979d8513709b3238fdc07fd629,https://cdnjs.cloudflare.com/ajax/libs/request/2.88.2/lib/querystring.min.js
6fc6933aaf701fe1bd095ad70ef334d514f28b9de68ffdf3864c79daa19b3cb4,https://cdnjs.cloudflare.com/ajax/libs/dayjs/1.11.18/locale/te.min.js
6fd077c7f63cb1a4ec115ce53370861e9111f23bed04a081278a819eac8f23e2,https://www.youtube.com/s/player/f4d92f0b/player_ias.vflset/en_US/captions.js
6fd994c71b2ab8f4e8bf4db060c6cf16dd689462b0330fd65add5a33ec09e5ec,https://www.youtube.com/s/player/5afa7c36/player_ias.vflset/en_US/captions.js
6fd994c71b2ab8f4e8bf4db060c6cf16dd689462b0330fd65add5a33ec09e5ec,https://www.youtube.com/s/player/32928ebd/player_ias.vflset/en_US/captions.js
6fe5001f13323b291c21115bd1f2d247d124e4df5f1182f6ad57fde27d7bd0e8,https://cdnjs.cloudflare.com/ajax/libs/dayjs/1.11.18/locale/zh-hk.min.js
701212beccad880325bdc49f94a5089d0fcf4ce20256587e05fb08d92b84c3f0,https://www.youtube.com/s/player/1fc62019/player_ias.vflset/en_US/captions.js
7023807a4c1c0463b29dfa20e2f8c4da5320dd5df458e2f0ff004a0b417ef25e,https://ajax.aspnetcdn.com/ajax/bootstrap/4.5.2/bootstrap.bundle.js
7026b32c8b5a33e673e54133bbd1cdce581685796f9270b38dd138e4b05e4e7b,https://ajax.aspnetcdn.com/ajax/bootstrap/4.3.1/css/bootstrap-grid.css
702b9e051e82b32038ffdb33a4f7eb5f7b38f4cf6f514e4182d8898f4eb0b7fb,https://ajax.googleapis.com/ajax/libs/jquery/3.1.0/jquery.min.js
702b9e051e82b32038ffdb33a4f7eb5f7b38f4cf6f514e4182d8898f4eb0b7fb,https://ajax.aspnetcdn.com/ajax/jQuery/jquery-3.1.0.min.js
703d5a66866d7783d984f070b982176ab365d1bcf047022e2e5c57daeb865970,https://www.youtube.com/s/player/475c090b/player_ias.vflset/en_US/captions.js
707617feaac7459e5d5c39ff3ea4a5e5da0cf398384902c1cd5975cbd1a113cd,https://cdnjs.cloudflare.com/ajax/libs/moment.js/2.30.1/locale/jv.js
7092336c1f5ce35750ad55bd1db1f8dfa85565ea49b0dc3eac35cb349db8d148,https://cdnjs.cloudflare.com/ajax/libs/cheerio/1.1.2/dist/commonjs/load.js
70b5458f21c6e56fe0c7d6a763ea1c8b2c6cabf6f35199a71f59e93f0d351c9d,https://cdnjs.cloudflare.com/ajax/libs/date-fns/4.1.0/locale/be-tarask/cdn.min.js
70b9b0924876d4a4c9e9c64f6797cb422f422662819ee6edf2138e2dc028d6d1,https://cdnjs.cloudflare.com/ajax/libs/react-select/5.10.2/react-select.cjs.dev.js
7102dc9b0db53ef07747d546ea5a5ef24a8a51bc73fb39f2b57ea427020216c2,https://ajax.aspnetcdn.com/ajax/respond/1.4.0/respond.matchmedia.addListener.js
71135cbba11f79413b28bcf5e3b4abcc754933c1be7b92d159600f46eefec117,https://www.youtube.com/s/player/820123f3/player_ias.vflset/en_US/base.js
711a568e848ec3929cc8839a64da388ba7d9f6d28f85861bea2e53f51495246f,https://ajax.aspnetcdn.com/ajax/jQuery/jquery-3.1.0.slim.min.js
7120d4265bb364f256122b926ddaa2f9b11b1a0c0fc1f94550b20cb88a0fe907,https://cdnjs.cloudflare.com/ajax/libs/prism/9000.0.1/components/prism-php.min.js
7135861f8a8768636a90c4fb777082380c84194319273624e88004ab2b9d98d2,https://cdnjs.cloudflare.com/ajax/libs/angular.js/1.2.22/angular-touch.min.js
713dbf0bbe4fefbe92369a874672a6d94b30183f8be472fe3508e660e742e3ad,https://cdnjs.cloudflare.com/ajax/libs/dayjs/1.11.18/locale/ga.min.js
71499c7e9fce9b8c69147d01d77547ad416c1e873ee5240894aaaed9c6068414,https://www.youtube.com/s/player/959dabb2/player_ias.vflset/en_US/base.js
7152a6933ee3d690ec2af3d09da9d701723d16aa3410a6d80f28ff8866f3b880,https://cdnjs.cloudflare.com/ajax/libs/font-awesome/6.4.0/webfonts/fa-solid-900.woff2
7157511697db744d384a5a2a8646af23f3c90560abf93bb240fdd690b29a898a,https://cdnjs.cloudflare.com/ajax/libs/js-sha256/0.9.0/sha256.min.js
71577fb46a22fa031506bab9c5ddb4640e38ef10a1b4959a11288b41ce4b0757,https://ajax.aspnetcdn.com/ajax/bootstrap/4.0.0/bootstrap.js
71628275b9bcf15e30746499bc20d475a8efe7b95647acf631043d2b55a04040,https://ajax.googleapis.com/ajax/libs/model-viewer/3.0.0/model-viewer.min.js
7193070cfccb8f43549e8947983c3ef79a8f5f332d8b95213ea38632cbee5e77,https://cdnjs.cloudflare.com/ajax/libs/moment.js/2.30.1/locale/en-nz.js
71973a211d1a9bd3500977e90dbf34f00620638183db307e8107c3265cd9da06,https://cdnjs.cloudflare.com/ajax/libs/popper.js/2.11.8/esm/utils/within.js
71c12656535e99119c2a952c10554cd6f47c6923d2d96155a7833276e68992af,https://ajax.aspnetcdn.com/ajax/bootstrap/3.0.0/fonts/glyphicons-halflings-regular.woff
71d517d67827787cfabdf186914cc3358eda539e37931941f2b2fd4a21f68c0b,https://cdnjs.cloudflare.com/ajax/libs/KaTeX/0.16.9/fonts/KaTeX_Typewriter-Regular.woff2
72127fc0ab4d7b9fa0c614fb5177cdc3fdc2ab10db7b48d641f5d09699b22bb3,https://cdnjs.cloudflare.com/ajax/libs/moment.js/2.30.1/locale/en-sg.min.js
72223c5f23a10723f6ae2edf55b04cc2440ae2957e35119bc0a21b96ddb09715,https://static.parastorage.com/unpkg/i18next@10.6.0/dist/umd/i18next.min.js
7254e458829d577a96eced76f3a76ec4adc44844646ed7edad5a64298d4a895f,https://ajax.aspnetcdn.com/ajax/mvc/3.0/MicrosoftMvcAjax.debug.js
7254e458829d577a96eced76f3a76ec4adc44844646ed7edad5a64298d4a895f,https://ajax.aspnetcdn.com/ajax/mvc/2.0/MicrosoftMvcAjax.debug.js
7259ac7ff4efeb468e978553351fabe17fb5df9c83cdfe7544feb4e38bbd8f73,https://cdnjs.cloudflare.com/ajax/libs/moment.js/2.30.1/locale/gom-deva.min.js
72747893977d302142409c3593d892343d41aa0cbc292ddb38cd37d0a240e355,https://ajax.googleapis.com/ajax/libs/d3js/6.6.2/d3.min.js
727c7a4ce74f8258c9552ed7395877f114eac2af2e8e55fea673b1029dd1ba0e,https://cdnjs.cloudflare.com/ajax/libs/prism/9000.0.1/plugins/line-highlight/prism-line-highlight.min.css
728ef03c0b043054dc0d190937baaa86cfa50696ce72d04fe6bb48a40f3ab566,https://cdnjs.cloudflare.com/ajax/libs/moment.js/2.30.1/locale/ar-ps.js
7291d7731fba3fb5228d8f89576828c76a8c3546af7c7c0a90d9fa68be0d6bab,https://cdnjs.cloudflare.com/ajax/libs/dayjs/1.11.18/locale/dv.js
72adcb23bdcdbd327b3a37ea3e6874da74ed8d2cff12c9b745fcf70e462ea04a,https://cdnjs.cloudflare.com/ajax/libs/moment.js/2.30.1/locale/ss.min.js
72e3ea13a8eaabcea89c63b6b9933d58eb1c5e76741dae02ef22110acf4840ea,https://cdnjs.cloudflare.com/ajax/libs/moment.js/2.30.1/locale/tzl.min.js
72e72a08cb5e59b8643c8c3c2e98d873dbbf1bb1895b5c46e0fdd360d31ed969,https://ajax.aspnetcdn.com/ajax/bootstrap/4.5.2/css/bootstrap-reboot.css
7309dc0b44ed6739fd8a1c0e72c71a8439e5f437e5da948684144f9b36d99ced,https://ajax.aspnetcdn.com/ajax/jQuery/jquery-1.5.1-vsdoc.js
730baba280d817bf9a9f5270b5a62e2dec168b246d9002a0ae4a7db8f8316008,https://www.youtube.com/s/player/aa8e2787/player_ias.vflset/en_US/captions.js
730baba280d817bf9a9f5270b5a62e2dec168b246d9002a0ae4a7db8f8316008,https://www.youtube.com/s/player/6dc99e32/player_ias.vflset/en_US/captions.js
730baba280d817bf9a9f5270b5a62e2dec168b246d9002a0ae4a7db8f8316008,https://www.youtube.com/s/player/ab4606fb/player_ias.vflset/en_US/captions.js
732006b66fa8282a27e1bc01d7ef7da55acc1f45d664b51b6f141a923002f67c,https://cdnjs.cloudflare.com/ajax/libs/date-fns/4.1.0/locale/el/cdn.min.js
733c358f7c15fbdbf79cad40255a6c0f3ca19a37687aa4ecb3a73ae844f2c3ab,https://cdnjs.cloudflare.com/ajax/libs/styled-components/6.1.19/styled-components.esm.js
735ca5fce2a86467cafea5163b04d72912cc2d7deaed5402e59ff05c32edfdc8,https://www.youtube.com/s/player/e9af09a2/player_ias.vflset/en_US/captions.js
73691766f60993150a8254f92db797fca76b80b9071f2c85b05f89de5b9fc036,https://www.youtube.com/s/player/8201a429/player_ias.vflset/en_US/captions.js
7372aa830a801064be80e9bf3026fe905a097263bdde87dffbb069660a0671d8,https://www.youtube.com/s/player/7c23feb2/player_ias.vflset/en_US/base.js
738c8d019891c6bd5579a8579ae82b65b80a9d464ecf1dbf91e2b4f41922c3d4,https://www.youtube.com/s/player/fac96cf8/player_ias.vflset/en_US/base.js
7393c7791916243eca6bbdda8bf137d36600fffc76d7a55d33a77bd4e7778193,https://cdnjs.cloudflare.com/ajax/libs/pdf.js/5.4.149/images/messageBar_closingButton.svg
73985c53580f7a5712b3369f8c24cfe67b6620b06a62457fec663ef0e26052dd,https://cdnjs.cloudflare.com/ajax/libs/date-fns/4.1.0/locale/ckb/cdn.min.js
7398a8f6cbae218945046c0c5f33043ead8b30303d1596a7e9faf8e9c0d23d10,https://www.youtube.com/s/player/be00faec/player_ias.vflset/en_US/base.js
73bcd92b89c5d51cb089bab31b8ab190bf7101616ae121c5aaa3f10ed34d5893,https://cdnjs.cloudflare.com/ajax/libs/jose/6.1.0/lib/buffer_utils.js
73c9a8d242612d4cc757fa8f0bf71c12abc4cabe96af3fbb52b3ed231e13abcf,https://cdnjs.cloudflare.com/ajax/libs/moment.js/2.30.1/locale/ku-kmr.min.js
73d06ecdf9a37a09458c93202cedcc5083b9a9f58d304416379fb49fb8ba56ad,https://ajax.googleapis.com/ajax/libs/dojo/1.10.0/dojo/dojo.js
73d591271b1604960cb10bb90fee021670af7297017e0e98480b332d11f51995,https://cdnjs.cloudflare.com/ajax/libs/KaTeX/0.16.9/fonts/KaTeX_Size3-Regular.woff2
73de4254959530e4d1d9bec586379184f96b4953dacf9cd5e5e2bdd7bfeceef7,https://cdnjs.cloudflare.com/ajax/libs/moment.js/2.29.1/moment.min.js
73f00cd4dfe7377472b1b338286211439e32e3ffcb45cdddc86de3fd92038ee4,https://cdnjs.cloudflare.com/ajax/libs/dayjs/1.11.18/locale/ml.min.js
74005d7c17d4a02f2f25404ec0655d9bc2fdaa53166874c87d7b7eec69d9088a,https://cdnjs.cloudflare.com/ajax/libs/font-awesome/6.7.2/css/all.min.css
740458b82de9774c1affb4781e4b7fb11db37cb1c281b9d5010dac3f084d7b40,https://ajax.aspnetcdn.com/ajax/bootstrap/4.3.1/css/bootstrap-reboot.min.css
740d2c30c6ab1fa7fd9d79a81bc9f652d4cf81d30bf8540421069f7407649a36,https://ajax.aspnetcdn.com/ajax/bootstrap/5.2.3/css/bootstrap-grid.css
741281cb88ec133479eaaad2b8c590cc543af4af4d3d9a3241be5d99d13a034f,https://cdnjs.cloudflare.com/ajax/libs/reselect/5.1.1/reselect.legacy-esm.js
7425ba1d0a46ad2819e01020b8490c30bfc908279684eca67b8347b4c80243af,https://www.youtube.com/s/player/32dc5910/player_ias.vflset/en_US/base.js
742ad7b06ba7bbfd77b8615b0f8d26844dbd55294e345f7111737cc7217c315c,https://www.youtube.com/s/player/be5a4839/player_ias.vflset/en_US/base.js
742be09ce0469f1d5d34648dfdd070e25948ad9fe0a0ac6435baf1a5a9e48374,https://www.youtube.com/s/player/267b6435/player_ias.vflset/en_US/captions.js
742d2f4c3ea8b47c5a5d3d8dea6fcf79e062ada7ab61412745e9ba002bb8eb6f,https://cdnjs.cloudflare.com/ajax/libs/prism/9000.0.1/components/prism-perl.min.js
7433acc78c7c70c98ff14bba93077e46dff7a42844447a3d8ad7a929aa4bbed2,https://ajax.googleapis.com/ajax/libs/dojo/1.8.11/dojo/dojo.js
74444efd593c005e3f4573b44524704c0af0a937fe911cca9e94068d0d140d3f,https://cdnjs.cloudflare.com/ajax/libs/KaTeX/0.16.9/fonts/KaTeX_Fraktur-Bold.woff2
7455525993fe5988810e65915d9370336b63450479eb3099216b45a1abdba98c,https://cdnjs.cloudflare.com/ajax/libs/dayjs/1.11.18/locale/se.min.js
7457087d542b320b9e94e3426ce72738bbccdbbb6fd7723ed2eb97deebb156eb,https://cdnjs.cloudflare.com/ajax/libs/crypto-js/4.2.0/rc4.min.js
7470f9d78491838f5cc3ee51d4ed4d8a232f6c80ae80706dff96c062d3d663b6,https://ajax.aspnetcdn.com/ajax/bootstrap/2.3.1/bootstrap.min.js
748332090c4b8e20f95d0ff59f0be20fa9c889359d3b36d4b886d73376054207,https://cdnjs.cloudflare.com/ajax/libs/font-awesome/6.4.0/webfonts/fa-brands-400.woff2
74887d7ad83610eb249ceeea573d870e242f3dde07e2419b11e87a579a8e0543,https://maps.googleapis.com/maps-api-v3/api/js/64/14a/search.js
74b3f8baa7b206ec62875e5a4a3fdee7cc862e20ed41264238c5180d7e66d765,https://cdnjs.cloudflare.com/ajax/libs/popper.js/2.11.8/esm/popper-lite.js
74ca6aae5468dbc924790c3b4d219a089b90a34bad53a0f7ca3a73e73b6f5ab8,https://cdn.jsdelivr.net/npm/swiper@11/swiper-bundle.min.css
74ccbccb0f4ff9f045fdf4bfd2b1fcacb0e7da5f42c4e6c08332e996cf95b41a,https://ajax.googleapis.com/ajax/libs/jqueryui/1.8.20/themes/smoothness/jquery-ui.css
74d9bba0814d12f5ae2715189e1747b7edf5ff6d82c4ca75bae86d717319b6eb,https://cdnjs.cloudflare.com/ajax/libs/pdf.js/5.4.149/images/annotation-help.svg
74dca5d0469d38074f350c48b1b82d696c4de1c2c4b33ab7c69e7670b0509de6,https://cdnjs.cloudflare.com/ajax/libs/dayjs/1.11.18/locale/ja.min.js
74f1a99b715f30d5606b092c62d56b5ac42c0952c2b25f6875bee342a81d78ed,https://ajax.aspnetcdn.com/ajax/jshint/r07/jshint.js
74f28cf256f165feb2e70d5f4088ce69254d002b33f5c45024b209fbd522e386,https://cdnjs.cloudflare.com/ajax/libs/dayjs/1.11.18/locale/ro.js
74f8519105dcd69d00523539a50b342932b63de0b4f86f7d36fe11043dde541f,https://cdnjs.cloudflare.com/ajax/libs/popper.js/2.11.8/esm/utils/math.js
7553ed54514eb206707f704cf04b0a7f4d816dd78dd4117f426a39da8c64c537,https://www.youtube.com/s/player/1798f86c/player_ias.vflset/en_US/captions.js
7553ed54514eb206707f704cf04b0a7f4d816dd78dd4117f426a39da8c64c537,https://www.youtube.com/s/player/ce945a2b/player_ias.vflset/en_US/captions.js
75567727701b77289d89366b940be21c183e6ea6bb7c29b491f437e209b1dfa3,https://cdnjs.cloudflare.com/ajax/libs/react-select/5.10.2/react-select.cjs.prod.js
755f82e7a0f8a0c0ea3ed5806e77b6e4eb0a5e4b96d739f09602b51274e75461,https://ajax.aspnetcdn.com/ajax/jquery.unobtrusive-ajax/3.2.5/jquery.unobtrusive-ajax.min.js
756bd5f384fa061ccee2f1ba81686c595295a1ae255662e7a4139987f0801d4e,https://ajax.aspnetcdn.com/ajax/jQuery/jquery-3.6.4.slim.js
75a92045d8db31e6b76f90e43293ce21028390b9af77645081c946a773928359,https://cdnjs.cloudflare.com/ajax/libs/dayjs/1.11.18/locale/fr-ch.min.js
75b4105c96ec450a48aabdb2c3312fef9409bff8b48f8db5472e9c6eb3d67c73,https://cdnjs.cloudflare.com/ajax/libs/popper.js/2.11.8/esm/utils/getFreshSideObject.js
75c56106fadf219ed9d609ed03d1ccf3a3f080430b95b9beeb2bba241438be55,https://www.youtube.com/s/player/7929661f/player_ias.vflset/en_US/captions.js
75c56106fadf219ed9d609ed03d1ccf3a3f080430b95b9beeb2bba241438be55,https://www.youtube.com/s/player/6572a644/player_ias.vflset/en_US/captions.js
75d83a482a37a8c266c17c4daa09fd371dbcad05625b285ff5c6a080a1948a58,https://ajax.googleapis.com/ajax/libs/shaka-player/2.0.6/shaka-player.compiled.js
75ec7c22f9482f3f53684559e5767e4ad1dab0b5c407c08fc9d46442f32100f7,https://www.youtube.com/s/player/146d3747/player_ias.vflset/en_US/base.js
7614fc75c4fcf6f32f7307f37550440e12adefb9289226acb79020c66faeffea,https://ajax.aspnetcdn.com/ajax/jQuery/jquery-1.8.1.js
76277ac909f2a26af03b51f7fdacd5c9b91394c57c7fb76b1334d4ba084b67d5,https://ajax.aspnetcdn.com/ajax/bootstrap/3.2.0/css/bootstrap-theme.css
76399e70d311834d11ab2d6239118b36847d79a78d7655b1f839d51c811304cf,https://cdnjs.cloudflare.com/ajax/libs/pdf.js/5.4.149/images/annotation-noicon.svg
7646618202758944de4f4aa30468ac860e78918d437f3cfd2d96522c7f49675d,https://cdnjs.cloudflare.com/ajax/libs/popper.js/2.11.8/esm/dom-utils/getDocumentElement.min.js
764b9e9f3ad386aaa5cdeae9368353994de61c0bede087c8f7e3579cb443de3b,https://ajax.googleapis.com/ajax/libs/jquery/1.5.1/jquery.min.js
764b9e9f3ad386aaa5cdeae9368353994de61c0bede087c8f7e3579cb443de3b,https://ajax.aspnetcdn.com/ajax/jQuery/jquery-1.5.1.min.js
7672607bd954a6070ce56ab2d9738dd08621559167e1590a2f4adee3d0995570,https://ajax.googleapis.com/ajax/libs/dojo/1.7.11/dojo/dojo.js
767eb8f3c764f2aa36d99ab7a244f376a2fac72e08a67087742f1a03b8380cb5,https://ajax.googleapis.com/ajax/libs/dojo/1.6.0/dojo/dojo.js
7685c076b71fd8e36c2cb84c645bb3a75d84566f26c3682a2792f0113b4d9b16,https://cdnjs.cloudflare.com/ajax/libs/moment.js/2.30.1/locale/sk.js
769a555de553babc35a3338f344dd7aa16260c93cea2c7db290707c90484e7cc,https://cdnjs.cloudflare.com/ajax/libs/crypto-js/4.2.0/crypto-js.min.js
76a06227945b3f8215623543deed9aef209aad313f90eb1ab3b7ed367d0c238c,https://ajax.aspnetcdn.com/ajax/bootstrap/2.3.1/css/bootstrap-responsive.min.css
76a26146580122f106508e66d178c25c589e7f1a7ecfc096f9a9bd7c8a8cae09,https://cdnjs.cloudflare.com/ajax/libs/bluebird/3.7.2/bluebird.core.js
76adefa84404e72f8b4bd1a468da22c9ced8caac16c0288d8ac4e1e45635c66e,https://ajax.aspnetcdn.com/ajax/signalr/jquery.signalr-1.1.3.js
76c39718d1c0a3fb321676b3b7e29306c0907919a5716d5728bd1b08ae0169e7,https://ajax.googleapis.com/ajax/libs/d3js/3.5.17/d3.min.js
76ca6cc0c952478cf954d70e5f51bb01c39e6ede5031f5d9a1624e1e2211a439,https://www.youtube.com/s/player/a32660fc/player_ias.vflset/en_US/base.js
76e4b4f6b0b6cfbc18ad9f680bcd90ab496ddc33ffed2afa032b99ff65893513,https://www.youtube.com/s/player/033fd556/player_ias.vflset/en_US/base.js
76e817dd31a61d800e398489a059e3c13b834346242dc4667cabccfae7663e08,https://cdnjs.cloudflare.com/ajax/libs/cheerio/1.1.2/dist/commonjs/api/manipulation.min.js
76fd5b819f1259d6d60e28e642fa85f92a22e643e8b49d7bda5dda3b2307a272,https://cdnjs.cloudflare.com/ajax/libs/dayjs/1.11.18/locale/en-au.min.js
7703096becb5df186966857571882ebfc7fe498dc05c4299314a1c1da1351dc7,https://cdnjs.cloudflare.com/ajax/libs/dayjs/1.11.18/locale/sd.js
77145ff93c772055f01c4e2df53bc4f80b6e0486ff4576b573ce9d9098f04bcf,https://cdnjs.cloudflare.com/ajax/libs/js-cookie/3.0.5/js.cookie.min.mjs
77205be45419c1e10296af189878f0975ebc492d998da12ef737a236150609df,https://www.youtube.com/s/player/041232d8/player_ias.vflset/en_US/captions.js
77205be45419c1e10296af189878f0975ebc492d998da12ef737a236150609df,https://www.youtube.com/s/player/e99d8d7c/player_ias.vflset/en_US/captions.js
77205be45419c1e10296af189878f0975ebc492d998da12ef737a236150609df,https://www.youtube.com/s/player/cd78997d/player_ias.vflset/en_US/captions.js
77205be45419c1e10296af189878f0975ebc492d998da12ef737a236150609df,https://www.youtube.com/s/player/592af824/player_ias.vflset/en_US/captions.js
77205be45419c1e10296af189878f0975ebc492d998da12ef737a236150609df,https://www.youtube.com/s/player/30bd0d3a/player_ias.vflset/en_US/captions.js
7741322b6f931f34f9f3444639302280b9ca39f1390b8d9c13b080461025a2ce,https://cdnjs.cloudflare.com/ajax/libs/prism/9000.0.1/components/prism-php-extras.js
7746c87d752a58d3482228ba0ab2993d38817cab7c0c0771cc4042ee0a060b5f,https://cdnjs.cloudflare.com/ajax/libs/cheerio/1.1.2/dist/commonjs/api/css.js
774d901c1a1f4796fbbd24ee1e48673c95c766a411b3b31d8e7d57c94e125e54,https://www.youtube.com/s/player/dc1c41a7/player_ias.vflset/en_US/base.js
7770ea2c3d9d472fdc1604f88acd3976918e3e17713af5486f00ed0a29aa2393,https://ajax.aspnetcdn.com/ajax/jQuery/jquery-1.3.2.js
77a8c2264f066d97d57f9d2050972f854d7af3d912f44f6ec9303c24eba1484c,https://www.youtube.com/s/player/2d01abf7/player_ias.vflset/en_US/base.js
77b5417e11fd6a422ffeae795761f95699d364be4eeeb4ddd79f324db0fa5131,https://www.youtube.com/s/player/06dc4a70/player_ias.vflset/en_US/base.js
77de557338a539f428b001f8f40d7a18f60a2f074173b25eab058de71874e49e,https://ajax.googleapis.com/ajax/libs/webfont/1.5.6/webfont.js
77e47ddc5b3af990445375441fbbbfab3f9bd368823ca10f98b2448117f6f8c5,https://cdnjs.cloudflare.com/ajax/libs/KaTeX/0.16.9/contrib/mathtex-script-type.min.js
780f79ee8e7ce0b36ea61c2e6e82dcf759c7cd99171b3f8f8b19547aa405b826,https://cdnjs.cloudflare.com/ajax/libs/dayjs/1.11.18/locale/zh-tw.js
7831b100dcfa88d3ff9d1136f1fe233b3f0ca46af818aa58a2e23f815468aca2,https://cdnjs.cloudflare.com/ajax/libs/prism/9000.0.1/components/prism-twig.min.js
788bd58e6b7d6b3d2bdb243d84e016e8af4275b7ff1526956d849bad3dcfe320,https://cdnjs.cloudflare.com/ajax/libs/react-select/5.10.2/Select-1b9abbe3.cjs.dev.min.js
78a6d16287dd89bb67d41d2f07d909761f3202f8d96c28d5f9027072c8a470c0,https://ajax.googleapis.com/ajax/libs/spf/2.2.0/spf.js
78a85aca2f0b110c29e0d2b137e09f0a1fb7a8e554b499f740d6744dc8962cfe,https://ajax.aspnetcdn.com/ajax/jQuery/jquery-3.7.1.js
78a85aca2f0b110c29e0d2b137e09f0a1fb7a8e554b499f740d6744dc8962cfe,https://cdnjs.cloudflare.com/ajax/libs/jquery/3.7.1/jquery.js
78d132a7e8990111c6b0c89e7d520637644fe1fd8d281e3e3636d9637396b0ba,https://www.youtube.com/s/player/e5ae3fff/player_ias.vflset/en_US/captions.js
78d132a7e8990111c6b0c89e7d520637644fe1fd8d281e3e3636d9637396b0ba,https://www.youtube.com/s/player/f1ddd097/player_ias.vflset/en_US/captions.js
78d714ccede3b2fd179492ef7851246c1f1b03bfc2ae83693559375e99a7c077,https://ajax.aspnetcdn.com/ajax/jQuery/jquery-2.2.1.js
78d737f5e77f6ff00b89100652fdf01d439dd39246091e95e8cd730f1997c8b5,https://cdnjs.cloudflare.com/ajax/libs/date-fns/4.1.0/locale/ar-SA/cdn.js
78e11e59173f67eb390ff6b6ac4791a558084aa33efe3eed747c21c9a4b386c2,https://cdnjs.cloudflare.com/ajax/libs/cheerio/1.1.2/dist/browser/slim.js
78e11e59173f67eb390ff6b6ac4791a558084aa33efe3eed747c21c9a4b386c2,https://cdnjs.cloudflare.com/ajax/libs/cheerio/1.1.2/dist/esm/slim.js
79077bba7611a04ca0f960a926d3d445324bef4294824cd9a2e548898de0f8f9,https://cdnjs.cloudflare.com/ajax/libs/prism/9000.0.1/components/prism-actionscript.js
7909cef0eb3080599c24794c079e05ba07af565f198450df0ad411c85be45030,https://cdnjs.cloudflare.com/ajax/libs/moment.js/2.30.1/locale/tzm-latn.js
7915e857beb4f772ad66a4add1eb6c4e2794ee98644f618bfae143b5c5807a37,https://cdnjs.cloudflare.com/ajax/libs/moment.js/2.30.1/locale/lt.js
79223c98339a4db60505294f4db0035702ff731b8f8d3c445613aa4c833c53b9,https://cdnjs.cloudflare.com/ajax/libs/date-fns/4.1.0/locale/vi/cdn.js
7935e6d0f7278c760cd580d4904437bd87d9c45d417dfa58196cf6945aa60ab8,https://ajax.aspnetcdn.com/ajax/bootstrap/4.6.0/css/bootstrap.css
79612d98db01edc0bf298aa6d76d12be478fd75bb0345af22e405eae1efc9d23,https://cdnjs.cloudflare.com/ajax/libs/prism/9000.0.1/components/prism-groovy.js
79672c276557650c665f997001c64c89f4e342aba11cab50696179dd9e2d94e6,https://www.youtube.com/s/player/00c52fa0/player_ias.vflset/en_US/base.js
796a6a847836449f9e2c5b6466b9e2d388a124dd34501d854e9760892be57556,https://cdnjs.cloudflare.com/ajax/libs/popper.js/2.11.8/esm/dom-utils/getHTMLElementScroll.min.js
7970f31907d91bf0f19efe8aefee74d6f0a2d8c72b2f8f20a5e297d3c414a78f,https://ajax.aspnetcdn.com/ajax/bootstrap/3.2.0/bootstrap.js
7975337a92bf72bb691df572421785d1dddea6d4ab6488444b7f8504f5c5532f,https://cdnjs.cloudflare.com/ajax/libs/moment.js/2.30.1/locale/jv.min.js
799aeb25cc0373fdee0e1b1db7ad6c2f6a0e058dfadaa3379689f583213190bd,https://cdnjs.cloudflare.com/ajax/libs/font-awesome/4.7.0/css/font-awesome.min.css
799aeb25cc0373fdee0e1b1db7ad6c2f6a0e058dfadaa3379689f583213190bd,https://maxcdn.bootstrapcdn.com/font-awesome/4.7.0/css/font-awesome.min.css
799aeb25cc0373fdee0e1b1db7ad6c2f6a0e058dfadaa3379689f583213190bd,https://stackpath.bootstrapcdn.com/font-awesome/4.7.0/css/font-awesome.min.css
79c599dd760cec0c1621a1af49d9a2a49da5d45e1b37d4575bace0a5e0226582,https://ajax.aspnetcdn.com/ajax/bootstrap/4.5.2/bootstrap.min.js
79db0b0cd841cca1e730fc17141e48c7d4175edc733cb54f03ed6de0093fed33,https://cdnjs.cloudflare.com/ajax/libs/dayjs/1.11.18/plugin/calendar.js
79eda263a04fa006fe2a956b1f7c90af8e46c0adba53fec40181956f26e50bc6,https://www.youtube.com/s/player/82ae1e3c/player_ias.vflset/en_US/captions.js
79eda263a04fa006fe2a956b1f7c90af8e46c0adba53fec40181956f26e50bc6,https://www.youtube.com/s/player/06459dfc/player_ias.vflset/en_US/captions.js
7a1b8279eeafbecdfef917a33e6d15e0f9d407d2e92452c79a7f1d42b12df787,https://cdnjs.cloudflare.com/ajax/libs/dayjs/1.11.18/locale/de-at.min.js
7a272deb8798d6c387aaca8e4fe87e66a74e0fabaa43c5412676b8c4a35d977f,https://www.youtube.com/s/player/a8a275d9/player_ias.vflset/en_US/base.js
7a5f479d9272b115b84696927fdc4779a80ae4cdef008019f6763afaa5c8a1a8,https://cdnjs.cloudflare.com/ajax/libs/jose/6.1.0/lib/rsaes.js
7a658a5f8d2145decded694674f1daf20145cb5adcf2aa512538e65dacd895eb,https://www.youtube.com/s/player/0675bd00/player_ias.vflset/en_US/base.js
7aa178f6efb45f246939af982fed2a6a8e79b0b60055de86231c380ba52b76db,https://www.youtube.com/s/player/329e7d83/player_ias.vflset/en_US/base.js
7aa5e0e9ca7e20d815a41b113f2d5777f1dd0db3b11cc314b5e0a20650dfa469,https://ajax.googleapis.com/ajax/libs/mootools/1.5.2/mootools.min.js
7aabaf48eb3467ce1ed935ff8fd233fd7b377ad921af012bc9468f34cb47498e,https://www.youtube.com/s/player/7256bbfc/player_ias.vflset/en_US/base.js
7acd891dcef46b03538291b113756ff7051df19a0812bb15d26b35d929f40e95,https://cdnjs.cloudflare.com/ajax/libs/dayjs/1.11.18/plugin/isMoment.js
7adced997e8fc7fad9e9bb97eb42445b70cde264f7ea9eea40d4e6fb5465dcba,https://www.youtube.com/s/player/38e0f4b0/player_ias.vflset/en_US/base.js
7ae8fa77a54c404572cba7065e14fe599a3d8cc0b68d34d649d8acc776e4e096,https://cdnjs.cloudflare.com/ajax/libs/react/19.1.1/cjs/react-compiler-runtime.development.js
7af204d7bf58dc45b8e1da828858bac160052d3dda7699f90faf6e022d3084ef,https://cdnjs.cloudflare.com/ajax/libs/date-fns/4.1.0/locale/ja/cdn.js
7af58c5ec8f132a2ddde9027c6d7814decce4d3b822a11192a42a20e2e973264,https://cdnjs.cloudflare.com/ajax/libs/KaTeX/0.16.9/fonts/KaTeX_Math-Italic.woff2
7b101d32d1dbbf05bbf8312ce7aecc5fae45ab56894137d110fe69c3c816f806,https://cdnjs.cloudflare.com/ajax/libs/prism/9000.0.1/themes/prism.min.css
7b2e1cea02fda77d2d30a3c676a3fad4d008f62b7ae4adc77563e94b6e74c3d3,https://cdnjs.cloudflare.com/ajax/libs/bluebird/3.7.2/bluebird.core.min.js
7b3855ff08cd6ccecfd1939280487130b6729f8282c87888a209ab74f2271356,https://cdnjs.cloudflare.com/ajax/libs/popper.js/2.11.8/esm/utils/orderModifiers.min.js
7b65111f9bd2d1d9f629f41701ee9755ec19bdc02f7f18616062d1d3337feb3b,https://www.youtube.com/s/player/dc7b3d61/player_ias.vflset/en_US/captions.js
7b65111f9bd2d1d9f629f41701ee9755ec19bdc02f7f18616062d1d3337feb3b,https://www.youtube.com/s/player/0fa0965b/player_ias.vflset/en_US/captions.js
7b6cc4b7021f3dba0c88b788425f2fd96020fb02b9be0e6701ebe5dcb3b9dbc1,https://cdnjs.cloudflare.com/ajax/libs/prism/9000.0.1/components/prism-eiffel.js
7b8ef6def93b427cde71dcfb7f4009fbe572a6dad5047b5dbe6c879856ed0e9c,https://cdnjs.cloudflare.com/ajax/libs/cheerio/1.1.2/dist/commonjs/static.js
7bd80d06c01c0340c1b9159b9b4a197db882ca18cbac8e9b9aa025e68f998d40,https://ajax.aspnetcdn.com/ajax/jQuery/jquery-1.9.1.js
7be896666f944505c5f5b3f3bf79480a747b1f9979e732ce23e71b7a3d4ce2a1,https://www.youtube.com/s/player/5fc1ea49/player_ias.vflset/en_US/captions.js
7be896666f944505c5f5b3f3bf79480a747b1f9979e732ce23e71b7a3d4ce2a1,https://www.youtube.com/s/player/3cfa24db/player_ias.vflset/en_US/captions.js
7be896666f944505c5f5b3f3bf79480a747b1f9979e732ce23e71b7a3d4ce2a1,https://www.youtube.com/s/player/a0424aaf/player_ias.vflset/en_US/captions.js
7c1885ec8620f40a10d045948d3f9f7b8f9c4f7bd2ff1ddfb486a9f27e95e3e3,https://ajax.aspnetcdn.com/ajax/jQuery/jquery-1.7.js
7c1aad37f12d11b640d5a8db5e8a106fb77c2b6a43ec6b035226849708821da9,https://cdnjs.cloudflare.com/ajax/libs/sinon.js/21.0.0/sinon.min.js
7c4df781e8b760ec8a0403d58d8d062cbbb2c816beb2793d86a7026b2efe9580,https://www.youtube.com/s/player/9955f7e6/player_ias.vflset/en_US/base.js
7c7eb8252199ec9042290b1044ed1ba5ed8847ee516771bbe6dd27f9f16a608c,https://www.youtube.com/s/player/08635129/www-player.css
7c7eb8252199ec9042290b1044ed1ba5ed8847ee516771bbe6dd27f9f16a608c,https://www.youtube-nocookie.com/s/player/08635129/www-player.css
7c7eb8252199ec9042290b1044ed1ba5ed8847ee516771bbe6dd27f9f16a608c,https://www.youtube.com/s/player/4d3f167a/www-player.css
7c7eb8252199ec9042290b1044ed1ba5ed8847ee516771bbe6dd27f9f16a608c,https://www.youtube-nocookie.com/s/player/4d3f167a/www-player.css
7c7eb8252199ec9042290b1044ed1ba5ed8847ee516771bbe6dd27f9f16a608c,https://www.youtube.com/s/player/5a188d69/www-player.css
7c7eb8252199ec9042290b1044ed1ba5ed8847ee516771bbe6dd27f9f16a608c,https://www.youtube-nocookie.com/s/player/5a188d69/www-player.css
7c7eb8252199ec9042290b1044ed1ba5ed8847ee516771bbe6dd27f9f16a608c,https://www.youtube.com/s/player/99f55c01/www-player.css
7c7eb8252199ec9042290b1044ed1ba5ed8847ee516771bbe6dd27f9f16a608c,https://www.youtube-nocookie.com/s/player/99f55c01/www-player.css
7c7eb8252199ec9042290b1044ed1ba5ed8847ee516771bbe6dd27f9f16a608c,https://www.youtube.com/s/player/ecc3e9a7/www-player.css
7c7eb8252199ec9042290b1044ed1ba5ed8847ee516771bbe6dd27f9f16a608c,https://www.youtube-nocookie.com/s/player/ecc3e9a7/www-player.css
7c7eb8252199ec9042290b1044ed1ba5ed8847ee516771bbe6dd27f9f16a608c,https://www.youtube.com/s/player/9f4cc5e4/www-player.css
7c7eb8252199ec9042290b1044ed1ba5ed8847ee516771bbe6dd27f9f16a608c,https://www.youtube-nocookie.com/s/player/9f4cc5e4/www-player.css
7c7eb8252199ec9042290b1044ed1ba5ed8847ee516771bbe6dd27f9f16a608c,https://www.youtube.com/s/player/c34f8c34/www-player.css
7c7eb8252199ec9042290b1044ed1ba5ed8847ee516771bbe6dd27f9f16a608c,https://www.youtube-nocookie.com/s/player/c34f8c34/www-player.css
7c7eb8252199ec9042290b1044ed1ba5ed8847ee516771bbe6dd27f9f16a608c,https://www.youtube.com/s/player/140dafda/www-player.css
7c7eb8252199ec9042290b1044ed1ba5ed8847ee516771bbe6dd27f9f16a608c,https://www.youtube-nocookie.com/s/player/140dafda/www-player.css
7c7eb8252199ec9042290b1044ed1ba5ed8847ee516771bbe6dd27f9f16a608c,https://www.youtube.com/s/player/e7f8ddfa/www-player.css
7c7eb8252199ec9042290b1044ed1ba5ed8847ee516771bbe6dd27f9f16a608c,https://www.youtube-nocookie.com/s/player/e7f8ddfa/www-player.css
7c7eb8252199ec9042290b1044ed1ba5ed8847ee516771bbe6dd27f9f16a608c,https://www.youtube.com/s/player/5f803d10/www-player.css
7c7eb8252199ec9042290b1044ed1ba5ed8847ee516771bbe6dd27f9f16a608c,https://www.youtube-nocookie.com/s/player/5f803d10/www-player.css
7c7eb8252199ec9042290b1044ed1ba5ed8847ee516771bbe6dd27f9f16a608c,https://www.youtube.com/s/player/38bfa716/www-player.css
7c7eb8252199ec9042290b1044ed1ba5ed8847ee516771bbe6dd27f9f16a608c,https://www.youtube-nocookie.com/s/player/38bfa716/www-player.css
7c7eb8252199ec9042290b1044ed1ba5ed8847ee516771bbe6dd27f9f16a608c,https://www.youtube.com/s/player/ec38d4eb/www-player.css
7c7eb8252199ec9042290b1044ed1ba5ed8847ee516771bbe6dd27f9f16a608c,https://www.youtube-nocookie.com/s/player/ec38d4eb/www-player.css
7c7eb8252199ec9042290b1044ed1ba5ed8847ee516771bbe6dd27f9f16a608c,https://www.youtube.com/s/player/ea233d9b/www-player.css
7c7eb8252199ec9042290b1044ed1ba5ed8847ee516771bbe6dd27f9f16a608c,https://www.youtube-nocookie.com/s/player/ea233d9b/www-player.css
7c7eb8252199ec9042290b1044ed1ba5ed8847ee516771bbe6dd27f9f16a608c,https://www.youtube.com/s/player/32a343c8/www-player.css
7c7eb8252199ec9042290b1044ed1ba5ed8847ee516771bbe6dd27f9f16a608c,https://www.youtube-nocookie.com/s/player/32a343c8/www-player.css
7c7eb8252199ec9042290b1044ed1ba5ed8847ee516771bbe6dd27f9f16a608c,https://www.youtube.com/s/player/4eecba16/www-player.css
7c7eb8252199ec9042290b1044ed1ba5ed8847ee516771bbe6dd27f9f16a608c,https://www.youtube-nocookie.com/s/player/4eecba16/www-player.css
7c7eb8252199ec9042290b1044ed1ba5ed8847ee516771bbe6dd27f9f16a608c,https://www.youtube.com/s/player/267b6435/www-player.css
7c7eb8252199ec9042290b1044ed1ba5ed8847ee516771bbe6dd27f9f16a608c,https://www.youtube-nocookie.com/s/player/267b6435/www-player.css
7c7eb8252199ec9042290b1044ed1ba5ed8847ee516771bbe6dd27f9f16a608c,https://www.youtube.com/s/player/69722e65/www-player.css
7c7eb8252199ec9042290b1044ed1ba5ed8847ee516771bbe6dd27f9f16a608c,https://www.youtube-nocookie.com/s/player/69722e65/www-player.css
7c7eb8252199ec9042290b1044ed1ba5ed8847ee516771bbe6dd27f9f16a608c,https://www.youtube.com/s/player/d46d9f81/www-player.css
7c7eb8252199ec9042290b1044ed1ba5ed8847ee516771bbe6dd27f9f16a608c,https://www.youtube-nocookie.com/s/player/d46d9f81/www-player.css
7c7eb8252199ec9042290b1044ed1ba5ed8847ee516771bbe6dd27f9f16a608c,https://www.youtube.com/s/player/00c52fa0/www-player.css
7c7eb8252199ec9042290b1044ed1ba5ed8847ee516771bbe6dd27f9f16a608c,https://www.youtube-nocookie.com/s/player/00c52fa0/www-player.css
7c7eb8252199ec9042290b1044ed1ba5ed8847ee516771bbe6dd27f9f16a608c,https://www.youtube.com/s/player/0b59edd6/www-player.css
7c7eb8252199ec9042290b1044ed1ba5ed8847ee516771bbe6dd27f9f16a608c,https://www.youtube-nocookie.com/s/player/0b59edd6/www-player.css
7c7eb8252199ec9042290b1044ed1ba5ed8847ee516771bbe6dd27f9f16a608c,https://www.youtube.com/s/player/03f50d92/www-player.css
7c7eb8252199ec9042290b1044ed1ba5ed8847ee516771bbe6dd27f9f16a608c,https://www.youtube-nocookie.com/s/player/03f50d92/www-player.css
7c7eb8252199ec9042290b1044ed1ba5ed8847ee516771bbe6dd27f9f16a608c,https://www.youtube.com/s/player/bffb4292/www-player.css
7c7eb8252199ec9042290b1044ed1ba5ed8847ee516771bbe6dd27f9f16a608c,https://www.youtube-nocookie.com/s/player/bffb4292/www-player.css
7c7eb8252199ec9042290b1044ed1ba5ed8847ee516771bbe6dd27f9f16a608c,https://www.youtube.com/s/player/4e67f8a0/www-player.css
7c7eb8252199ec9042290b1044ed1ba5ed8847ee516771bbe6dd27f9f16a608c,https://www.youtube-nocookie.com/s/player/4e67f8a0/www-player.css
7c7eb8252199ec9042290b1044ed1ba5ed8847ee516771bbe6dd27f9f16a608c,https://www.youtube.com/s/player/88a886f1/www-player.css
7c7eb8252199ec9042290b1044ed1ba5ed8847ee516771bbe6dd27f9f16a608c,https://www.youtube-nocookie.com/s/player/88a886f1/www-player.css
7c7eb8252199ec9042290b1044ed1ba5ed8847ee516771bbe6dd27f9f16a608c,https://www.youtube.com/s/player/46c7ab03/www-player.css
7c7eb8252199ec9042290b1044ed1ba5ed8847ee516771bbe6dd27f9f16a608c,https://www.youtube-nocookie.com/s/player/46c7ab03/www-player.css
7c7eb8252199ec9042290b1044ed1ba5ed8847ee516771bbe6dd27f9f16a608c,https://www.youtube.com/s/player/b0ee622c/www-player.css
7c7eb8252199ec9042290b1044ed1ba5ed8847ee516771bbe6dd27f9f16a608c,https://www.youtube-nocookie.com/s/player/b0ee622c/www-player.css
7c7eb8252199ec9042290b1044ed1ba5ed8847ee516771bbe6dd27f9f16a608c,https://www.youtube.com/s/player/251ca12e/www-player.css
7c7eb8252199ec9042290b1044ed1ba5ed8847ee516771bbe6dd27f9f16a608c,https://www.youtube-nocookie.com/s/player/251ca12e/www-player.css
7c7eb8252199ec9042290b1044ed1ba5ed8847ee516771bbe6dd27f9f16a608c,https://www.youtube.com/s/player/94667337/www-player.css
7c7eb8252199ec9042290b1044ed1ba5ed8847ee516771bbe6dd27f9f16a608c,https://www.youtube-nocookie.com/s/player/94667337/www-player.css
7c7eb8252199ec9042290b1044ed1ba5ed8847ee516771bbe6dd27f9f16a608c,https://www.youtube.com/s/player/e0528946/www-player.css
7c7eb8252199ec9042290b1044ed1ba5ed8847ee516771bbe6dd27f9f16a608c,https://www.youtube-nocookie.com/s/player/e0528946/www-player.css
7c7eb8252199ec9042290b1044ed1ba5ed8847ee516771bbe6dd27f9f16a608c,https://www.youtube.com/s/player/f57a8142/www-player.css
7c7eb8252199ec9042290b1044ed1ba5ed8847ee516771bbe6dd27f9f16a608c,https://www.youtube-nocookie.com/s/player/f57a8142/www-player.css
7c7eb8252199ec9042290b1044ed1ba5ed8847ee516771bbe6dd27f9f16a608c,https://www.youtube.com/s/player/48995d17/www-player.css
7c7eb8252199ec9042290b1044ed1ba5ed8847ee516771bbe6dd27f9f16a608c,https://www.youtube-nocookie.com/s/player/48995d17/www-player.css
7c7eb8252199ec9042290b1044ed1ba5ed8847ee516771bbe6dd27f9f16a608c,https://www.youtube.com/s/player/a13049a3/www-player.css
7c7eb8252199ec9042290b1044ed1ba5ed8847ee516771bbe6dd27f9f16a608c,https://www.youtube-nocookie.com/s/player/a13049a3/www-player.css
7c7eb8252199ec9042290b1044ed1ba5ed8847ee516771bbe6dd27f9f16a608c,https://www.youtube.com/s/player/62a6a39e/www-player.css
7c7eb8252199ec9042290b1044ed1ba5ed8847ee516771bbe6dd27f9f16a608c,https://www.youtube-nocookie.com/s/player/62a6a39e/www-player.css
7c7eb8252199ec9042290b1044ed1ba5ed8847ee516771bbe6dd27f9f16a608c,https://www.youtube.com/s/player/4c5cf06a/www-player.css
7c7eb8252199ec9042290b1044ed1ba5ed8847ee516771bbe6dd27f9f16a608c,https://www.youtube-nocookie.com/s/player/4c5cf06a/www-player.css
7c7eb8252199ec9042290b1044ed1ba5ed8847ee516771bbe6dd27f9f16a608c,https://www.youtube.com/s/player/23ba8f45/www-player.css
7c7eb8252199ec9042290b1044ed1ba5ed8847ee516771bbe6dd27f9f16a608c,https://www.youtube-nocookie.com/s/player/23ba8f45/www-player.css
7cd5c914895c6b4e4120ed98e73875c6b4a12b7304fbf9586748fe0a1c57d830,https://ajax.aspnetcdn.com/ajax/jQuery/jquery-3.3.1.slim.js
7cedffe0341b3f3ad83e5679232b0fb0d7facc1ddea171d7b83ef3758f05ec00,https://ajax.googleapis.com/ajax/libs/shaka-player/4.1.7/shaka-player.compiled.js
7cf55486dee2be0308bf563839af8fa0468c89d7d66871c770a00d3d59de9824,https://ajax.aspnetcdn.com/ajax/bootstrap/3.0.0/css/bootstrap-theme.css
7d02bdac0a3f016bd0ee058ea7dd47e08cfa8cbf9dd5235db9abf78a5473137b,https://cdnjs.cloudflare.com/ajax/libs/jsonwebtoken/9.0.2/lib/TokenExpiredError.min.js
7d053d78478af5834cfe8fcd3677e60f1878efb3a2c73c5f5f6c02ff4645763f,https://www.youtube.com/s/player/ca8b6ef4/player_ias.vflset/en_US/captions.js
7d29ab5e069f3d90c545aee6a8b4f26bbb0a07e79524ac354761fcb69ad1a380,https://ajax.googleapis.com/ajax/libs/mootools/1.4.0/mootools-yui-compressed.js
7d3ce60c9d485406627730a0c5603296d32f7024bf64fddeb25963559e4f19c1,https://cdnjs.cloudflare.com/ajax/libs/dayjs/1.11.18/locale/ar-iq.min.js
7d50646dd12a54eb223aec86479720b77f27a1a2998e1779009bccf7ff8c6b1d,https://cdnjs.cloudflare.com/ajax/libs/react-select/5.10.2/react-select.cjs.min.js
7d5954f8aca77d76cc2c4a444d42e94a78cd77da805760983df4b2eee4dcb515,https://cdnjs.cloudflare.com/ajax/libs/nanoid/5.1.6/nanoid.min.js
7d5b74b0fe508e0578e2bdaeab52083cd0c0059fa4a00d33f0bb5eb82400ea41,https://cdnjs.cloudflare.com/ajax/libs/tailwindcss/4.1.13/colors.js
7d5c52f019cbe86afdb4978b88175193f5710e509207082be60d6d11402749b0,https://www.youtube.com/s/player/0980151a/player_ias.vflset/en_US/base.js
7d643de7b5db80625c0bbbc142b9ef7ea1ffb8ed05ef1644dfaafd1345d5a9a8,https://cdnjs.cloudflare.com/ajax/libs/react/19.1.1/cjs/react.react-server.development.min.js
7d67ac198fbddb50ae75a2c892988e204cd68f926fb97a8b6787c8156b3159b1,https://cdnjs.cloudflare.com/ajax/libs/dayjs/1.11.18/locale/si.min.js
7d950bc42f262159a2786eea30d1153a3d0bca9aab9acdbcc1a981a8d2854ef7,https://cdnjs.cloudflare.com/ajax/libs/crypto-js/4.2.0/pad-ansix923.js
7dc0a51c32dae143f2eade235145dfd6a7756388c0f0bf409fa373dd6c233629,https://cdnjs.cloudflare.com/ajax/libs/moment.js/2.30.1/moment.js
7dc528afb4485c974aaec80177a843472f739ba9f92d76cf5bb9d1df156b7517,https://ajax.googleapis.com/ajax/libs/shaka-player/4.4.3/shaka-player.compiled.js
7de6a6041ebd1a43ecd79b59708795ac273930bb36265b41fff832d781e7bb27,https://cdnjs.cloudflare.com/ajax/libs/crypto-js/4.2.0/index.js
7dfc3ef73c1284c7aff3c5cdac3812d212c8b899037d7860c8ba20a1defb9a7f,https://ajax.aspnetcdn.com/ajax/modernizr/modernizr-2.8.3.js
7e0088a98738f9a2ae9c395e0aff5c31032562149a169b5d0ee776bb96c7c7f4,https://www.youtube.com/s/player/8fdc9fc5/player_ias.vflset/en_US/base.js
7e01072e6f1f2e646506a083ccc500ed19c5a657a5a6645b3fafeccdf3ce9c0a,https://cdnjs.cloudflare.com/ajax/libs/dayjs/1.11.18/plugin/utc.js
7e040dd5a3691f8c29bd63ccf1182c0acbdcec0c72232e51b44e214d002361da,https://cdnjs.cloudflare.com/ajax/libs/react-select/5.10.2/useAsync-be659a57.cjs.prod.min.js
7e1a8e039051c7b08994b32d09bc2484ddb6ab34ec15a194fdb20278147ccd55,https://ajax.googleapis.com/ajax/libs/shaka-player/4.8.20/shaka-player.compiled.js
7e3b7cfa4c00a290c53ab51825a9dc6d75ebd30371713420329f812025d02888,https://www.youtube.com/s/player/4d3f167a/player_ias.vflset/en_US/base.js
7e3befd5795fbdca49203900c8b976fc98cc7a1b4220033c3d48e8f009de7f9c,https://cdnjs.cloudflare.com/ajax/libs/redux-thunk/3.1.0/redux-thunk.legacy-esm.min.js
7e49da68588e250dbb8bba190d2caa8ab3787cc0284bda1d8b2f805c4df742c9,https://cdnjs.cloudflare.com/ajax/libs/exceljs/4.4.0/exceljs.min.js
7e630d90c7234b0df1729f62b8f9e4bbfaf293d91a5a0ac46df25f2a6759e39a,https://ajax.aspnetcdn.com/ajax/bootstrap/3.3.7/css/bootstrap.css
7e6f40dbf6a31e2a20dcae1134ecfcf2587205cf6c3ddae94c63541e03810602,https://www.youtube.com/s/player/3dfa10c2/player_ias.vflset/en_US/base.js
7e7de14d16fc9c308c53d4303309e4f924116d470ffec8e91436064382df95ca,https://cdnjs.cloudflare.com/ajax/libs/jsonwebtoken/9.0.2/lib/NotBeforeError.js
7e9833b6d737bc8a77f6f2ecf45b730e81db5f10f7db6b70cc303ff84c5366b8,https://cdnjs.cloudflare.com/ajax/libs/date-fns/4.1.0/locale/ar-MA/cdn.min.js
7ea744972b3a30c12f827414f00a30d5e8b4d367d4bbf2916884ebc56c4b313d,https://cdnjs.cloudflare.com/ajax/libs/date-fns/4.1.0/locale/de-AT/cdn.min.js
7ecb26f9c341b75abc97f730f24e753c559890cce8618d590162d9e075315750,https://www.youtube.com/s/player/23b70d29/player_ias.vflset/en_US/captions.js
7ecb26f9c341b75abc97f730f24e753c559890cce8618d590162d9e075315750,https://www.youtube.com/s/player/6b5a0420/player_ias.vflset/en_US/captions.js
7ecb26f9c341b75abc97f730f24e753c559890cce8618d590162d9e075315750,https://www.youtube.com/s/player/05558a16/player_ias.vflset/en_US/captions.js
7ecb26f9c341b75abc97f730f24e753c559890cce8618d590162d9e075315750,https://www.youtube.com/s/player/c2f0d301/player_ias.vflset/en_US/captions.js
7ee00c8af24d5621efc10fbd644bdb7549ca301027e8908587a1daf14e6d110b,https://www.youtube.com/s/player/aa8e2787/player_ias.vflset/en_US/base.js
7efa6c90a0e3400332db498fce03895fc188d6b5c7bb7bd255cae488f156bada,https://ajax.googleapis.com/ajax/libs/dojo/1.7.1/dojo/dojo.js
7efa816584bfda503cc208ba8b74643921a443d48fc32b82fb843b510132f329,https://cdnjs.cloudflare.com/ajax/libs/bowser/2.12.1/bundled.js
7f06acb563554367a2271cec437c2ac481161f1ddbef88848e0704ac6c01c4d4,https://cdnjs.cloudflare.com/ajax/libs/moment.js/2.30.1/locale/tlh.min.js
7f4b9e18d6c7644e9d690818b04285dc90f64930759799ed1344f8ca71013e52,https://ajax.googleapis.com/ajax/libs/jqueryui/1.11.3/themes/smoothness/jquery-ui.css
7f6004e19e6cf9328ac1da6054d3fa1ffcb33fd4bba786cb27daf13959967a39,https://www.youtube.com/s/player/659a519e/player_ias.vflset/en_US/base.js
7f637a5b444a27f4c6d66bd5be1bb0582691a449f0d3f15223d2463f9ceccf3a,https://cdnjs.cloudflare.com/ajax/libs/immer/10.1.3/cjs/index.js
7f7239bab7f506a4206ebb23ee739d7fc8e8636d8313ddde4ac322527274b448,https://cdnjs.cloudflare.com/ajax/libs/jose/6.1.0/jwks/local.js
7f862a2424a68916c995237ac13547fb834d3214a9d554a09e5c4b1101e5a036,https://www.youtube.com/s/player/a3286ae2/player_ias.vflset/en_US/base.js
7f8646944a6bb41d6a001ddf2f4bf538d4df8c550d0ae8915f5d7b6a88a74f09,https://cdnjs.cloudflare.com/ajax/libs/prism/9000.0.1/components/prism-rust.js
7f8e420a4ac3ea7f6fd081ce07234101414d27df260a6d547663f8e0c0efbaf4,https://ajax.googleapis.com/ajax/libs/jqueryui/1.11.4/themes/smoothness/jquery-ui.css
7fa0d5c3f538c76f878e012ac390597faecaabfe6fb9d459b919258e76c5df8e,https://ajax.googleapis.com/ajax/libs/jquery/1.9.0/jquery.min.js
7fa0d5c3f538c76f878e012ac390597faecaabfe6fb9d459b919258e76c5df8e,https://ajax.aspnetcdn.com/ajax/jquery/jquery-1.9.0.min.js
7fa0d5c3f538c76f878e012ac390597faecaabfe6fb9d459b919258e76c5df8e,https://ajax.aspnetcdn.com/ajax/jQuery/jquery-1.9.0.min.js
7fe1d9253997deb4aacdf750cdbb5c5e62ad0525b5ea3da714339a99ee93235e,https://www.youtube.com/s/player/c80790c5/player_ias.vflset/en_US/base.js
7fed822330de27244fcce1261c761a1837b12991f16a03b1bcb09fee709e44cb,https://cdnjs.cloudflare.com/ajax/libs/dayjs/1.11.18/plugin/relativeTime.min.js
7ff40da52aed57ebfdee0a286f4e8ddc80095b1e89a0a81e69e576d762cdf37d,https://www.youtube.com/s/player/bac06df9/player_ias.vflset/en_US/base.js
801fab32c822c62047efa2efba212f04809c3ba2cfc9fc24de64077d1bd166ad,https://cdnjs.cloudflare.com/ajax/libs/moment.js/2.30.1/locale/cs.min.js
802c917bfcfc638605f3a6e4916e110126e3592385cd8ca49e09d35e0051e6ec,https://cdnjs.cloudflare.com/ajax/libs/dayjs/1.11.18/locale/km.js
804bbd6c30dc3b74de711a44f9019db06210323a0db31e53ce730feab5ea6275,https://cdnjs.cloudflare.com/ajax/libs/moment.js/2.30.1/locale/ne.js
80563d7fc125972e6312bf37b4c7f45a2856da6eb5d9b1816288e9d54406dcb5,https://cdnjs.cloudflare.com/ajax/libs/prism/9000.0.1/plugins/line-numbers/prism-line-numbers.min.js
805dc6aa459fe671c231e4d58e7fca0179c847cb96a674775c2931b8535c9f68,https://cdnjs.cloudflare.com/ajax/libs/react-redux/9.2.0/react-redux.mjs
806d1c5479fa6c835ca580f95d671e79f43d5a8ec74e5cd4c1d3b924a9a61303,https://cdnjs.cloudflare.com/ajax/libs/dayjs/1.11.18/locale/mt.min.js
807530f678aa50c6dcfe4c26dae7d2c49dbee40ef5209ad73cd609e07644a4d6,https://cdnjs.cloudflare.com/ajax/libs/moment.js/2.30.1/locale/cy.min.js
807e5e71f3f5c093579ccb50f8fbf7dc854d8b4c7e028882e96de8fc9ec64c0d,https://www.youtube.com/s/player/69e2a55d/player_ias.vflset/en_US/base.js
80824410ee8a4a7f2c76e3c07cf3d3e220e8700f74d02f49f1706fe253d63c26,https://cdnjs.cloudflare.com/ajax/libs/popper.js/2.11.8/esm/utils/getAltAxis.min.js
80aed8bd4b7db12ff3c0fac901671b4e9e05d6ea2a2dd934e2e1966f33680e2a,https://www.youtube.com/s/player/76ad2fe8/player_ias.vflset/en_US/captions.js
80afd149e1d02ec98ab7a3b6742d6fa567ecee0b13f8a8b3d9d5645aeafd6e99,https://www.youtube.com/s/player/5cf6312f/player_ias.vflset/en_US/base.js
80ce4060d38efc2d3610e7126d268f077fddacc906ddfb614aabc75465b8484e,https://www.youtube.com/s/player/94667337/player_ias.vflset/en_US/captions.js
81016ac6be850b72df5d4faa0c3cec8e2c1b0ba0045712144a6766adfad40bee,https://ajax.googleapis.com/ajax/libs/webfont/1.6.26/webfont.js
811564d386a2814a6bd095fd3415e1f42eb756159b2438ed0dc614a1455318ba,https://cdnjs.cloudflare.com/ajax/libs/dayjs/1.11.18/locale/hr.min.js
81220cf02ca3492f6f153418a403d0c074266679ea9c45d309b40626d5ad772c,https://ajax.googleapis.com/ajax/libs/shaka-player/3.2.0/shaka-player.compiled.js
815349e49660ed022e56b1656e174913d35a2978d1321056a9c86f61fd7c1a68,https://cdnjs.cloudflare.com/ajax/libs/moment.js/2.30.1/locale/es-mx.min.js
816c9c27f4237f1fa595c5be0a60b7e5c58ec0336d5a908e03f73fd8596e1caf,https://cdnjs.cloudflare.com/ajax/libs/moment.js/2.30.1/locale/ku.js
8173d3a023babfe9a40b7740c32f0707641019cf75f0426503888637c56c2b1a,https://www.youtube.com/s/player/a307fffd/player_ias.vflset/en_US/base.js
8175de848a4f0540efce92a36bdb1c78bce3971cc09d86d3b0989e52b72b1ec1,https://cdnjs.cloudflare.com/ajax/libs/prism/9000.0.1/components/prism-core.js
817bd19ffba8a71482507e3b422027d32ae324ea4acd509e5248ac6c3539bcab,https://cdnjs.cloudflare.com/ajax/libs/prism/9000.0.1/components/prism-css-extras.min.js
81828addb8f48d031b25ea0a134bc0e8b86e83a0041107808cd61390e9f86c75,https://cdnjs.cloudflare.com/ajax/libs/react-select/5.10.2/useCreatable-55029b87.cjs.dev.min.js
81963d8326c0cdcaf26715942390c4bc1559aceb91bcffb767cca77cc048060d,https://cdnjs.cloudflare.com/ajax/libs/tailwindcss/4.1.13/chunk-U5SIPDGO.mjs
81a4cf5b8a3184e3dee88d4461885537a5859412781987bc368b6dfd33c44ff1,https://www.youtube.com/s/player/ec6f9bb5/player_ias.vflset/en_US/base.js
81aa88eb5f2adcb5f522dffd7221a95628bab7092bdf8fbd238c074aa0cfd1a3,https://www.youtube.com/s/player/40aa5b89/player_ias.vflset/en_US/base.js
81b23a731b8c1951f40c2d50051e0d93bd6c9098758e8aac76a35f5a613b05e8,https://cdnjs.cloudflare.com/ajax/libs/luxon/3.7.2/cjs-browser/luxon.js
81b65edfae15bad1eaedf902bc72d4d641c1827ef0fafda250ed32f120e2c057,https://cdnjs.cloudflare.com/ajax/libs/react-dom/19.1.1/cjs/react-dom-server.browser.production.min.js
81c275d35a2e688fc5bd90aac9d51ea3382b95cf4bc4404db754c69164ea6971,https://www.youtube.com/s/player/2868f080/www-player.css
81c275d35a2e688fc5bd90aac9d51ea3382b95cf4bc4404db754c69164ea6971,https://www.youtube-nocookie.com/s/player/2868f080/www-player.css
81c275d35a2e688fc5bd90aac9d51ea3382b95cf4bc4404db754c69164ea6971,https://www.youtube.com/s/player/6ae88b83/www-player.css
81c275d35a2e688fc5bd90aac9d51ea3382b95cf4bc4404db754c69164ea6971,https://www.youtube-nocookie.com/s/player/6ae88b83/www-player.css
81c275d35a2e688fc5bd90aac9d51ea3382b95cf4bc4404db754c69164ea6971,https://www.youtube.com/s/player/6f05bbb3/www-player.css
81c275d35a2e688fc5bd90aac9d51ea3382b95cf4bc4404db754c69164ea6971,https://www.youtube-nocookie.com/s/player/6f05bbb3/www-player.css
81c275d35a2e688fc5bd90aac9d51ea3382b95cf4bc4404db754c69164ea6971,https://www.youtube.com/s/player/886cbf26/www-player.css
81c275d35a2e688fc5bd90aac9d51ea3382b95cf4bc4404db754c69164ea6971,https://www.youtube-nocookie.com/s/player/886cbf26/www-player.css
81c275d35a2e688fc5bd90aac9d51ea3382b95cf4bc4404db754c69164ea6971,https://www.youtube.com/s/player/a3286ae2/www-player.css
81c275d35a2e688fc5bd90aac9d51ea3382b95cf4bc4404db754c69164ea6971,https://www.youtube-nocookie.com/s/player/a3286ae2/www-player.css
81c275d35a2e688fc5bd90aac9d51ea3382b95cf4bc4404db754c69164ea6971,https://www.youtube.com/s/player/b6e5a811/www-player.css
81c275d35a2e688fc5bd90aac9d51ea3382b95cf4bc4404db754c69164ea6971,https://www.youtube-nocookie.com/s/player/b6e5a811/www-player.css
81c2e91ab7e1ebe015089a3ea91684d79f3515eea219c04092108c058374e6ba,https://cdnjs.cloudflare.com/ajax/libs/cheerio/1.1.2/dist/commonjs/utils.min.js
81c3426cdbab1af92f739f101dcb2ad759072a904a08e1503093daf744cc5f1b,https://maps.googleapis.com/maps-api-v3/api/js/62/13e/onion.js
81c4ea6d6e3bfaedbf6f0f7534bd917175f8222c78e4ac140a29a493065632ab,https://img1.wsimg.com/blobby/go/static/radpack/@wsb/guac-widget-shared/lib/components/Carousel-7574d33c.js
81d593d3b436d43566bbe69a72d12199e7647fe9970334f82e494a6d94550402,https://ajax.googleapis.com/ajax/libs/shaka-player/5.0.19/shaka-player.compiled.js
81f086921926792a82d554cfd4d12257a3add6ab3d1860ea9d66fa1b468e9558,https://cdnjs.cloudflare.com/ajax/libs/prism/9000.0.1/plugins/show-language/prism-show-language.js
820466c2042869de870c7a1eec36b583d950f36c47a687f028ce089e5451cebf,https://www.youtube.com/s/player/847bad37/player_ias.vflset/en_US/base.js
820fb338fe8c7478a1b820e2708b4fd306a68825de1194803e7a93fbc2177a16,https://ajax.aspnetcdn.com/ajax/jQuery/jquery-2.0.1.js
8219937fb5d40ea3720fb56701c5f55b462a0f77b19074190b2d15242c5caeaf,https://ajax.aspnetcdn.com/ajax/respond/1.4.2/respond.js
821fc2969277b5bc7814965e0ac07f815aafb3880d8bca31bcb53ce5d875edd3,https://cdnjs.cloudflare.com/ajax/libs/react/19.1.1/cjs/react-compiler-runtime.profiling.js
8228d0178c90fbdb4d12a2a98ac79478ff73266a4efddc1cad24c6d2f1f9b278,https://cdnjs.cloudflare.com/ajax/libs/date-fns/4.1.0/locale/nl-BE/cdn.min.js
822b965f94d4b8bf69224bcb5c24b3a825a9056e0076edd20154fc26acb709cd,https://www.youtube.com/s/player/f8a07cad/www-player.css
822b965f94d4b8bf69224bcb5c24b3a825a9056e0076edd20154fc26acb709cd,https://www.youtube-nocookie.com/s/player/f8a07cad/www-player.css
823d3e21f85f9d3801f7004cc5cde82d5f45d98e977979322543a65908411e4c,https://cdnjs.cloudflare.com/ajax/libs/moment.js/2.30.1/locale/eo.js
825e6fad55094c13118d2cada0b6c5945a97ea9b647686c2b00dc6980bea4608,https://cdnjs.cloudflare.com/ajax/libs/moment.js/2.30.1/locale/gl.js
826082fbcc8f1eb8d6c829ff16b4e2597195b924306242ec7a930464760339c8,https://www.youtube.com/s/player/5cf6312f/www-player.css
826082fbcc8f1eb8d6c829ff16b4e2597195b924306242ec7a930464760339c8,https://www.youtube-nocookie.com/s/player/5cf6312f/www-player.css
8261615577ea882b8c2d8caa9bb4e211c34f993e109acfbfb6690d0a3bab1928,https://cdnjs.cloudflare.com/ajax/libs/ramda/0.31.3/ramda.js
8278802c02939a51ca7c44ff59767f3d6c7ec361911dd4d2dd4463575e419b1a,https://www.youtube.com/s/player/0980151a/player_ias.vflset/en_US/captions.js
8278802c02939a51ca7c44ff59767f3d6c7ec361911dd4d2dd4463575e419b1a,https://www.youtube.com/s/player/ffdec792/player_ias.vflset/en_US/captions.js
8278802c02939a51ca7c44ff59767f3d6c7ec361911dd4d2dd4463575e419b1a,https://www.youtube.com/s/player/49f48b9f/player_ias.vflset/en_US/captions.js
8278802c02939a51ca7c44ff59767f3d6c7ec361911dd4d2dd4463575e419b1a,https://www.youtube.com/s/player/45ac5a1a/player_ias.vflset/en_US/captions.js
828cbbcacb430f9c5b5d27fe9302f8795eb338f2421010f5141882125226f94f,https://ajax.aspnetcdn.com/ajax/jQuery/jquery-2.1.3.js
829eb5f739b25f31ee3512506280b2ca76405af05f62864538ab1f41abb6b302,https://cdnjs.cloudflare.com/ajax/libs/dayjs/1.11.18/plugin/objectSupport.min.js
82d32e9e10fc77e90e5eb78e333515135e52fd087c592c48f5a1d2aea4453ed9,https://cdnjs.cloudflare.com/ajax/libs/xlsx/0.18.5/xlsx.core.min.js
82d9250c75e1436fe94dbb67869bb825ef351e5ec6a121627ecb30dc48d38e51,https://ajax.googleapis.com/ajax/libs/jqueryui/1.8.18/themes/smoothness/jquery-ui.css
82e1e7b47105060f967bb429b9545907d7dbe7a022f5d77aa87c0cf8b9ee991d,https://ajax.googleapis.com/ajax/libs/shaka-player/2.2.0/shaka-player.compiled.js
82eb7d3dc0a281b803279d35ec18ae4c379ab03286d0f187ca9b4da446b88642,https://cdnjs.cloudflare.com/ajax/libs/react-dom/19.1.1/cjs/react-dom.development.js
82f420005cd31fab6b4ab016a07d623e8f5773de90c526777de5ba91e9be3b4d,https://ajax.googleapis.com/ajax/libs/jquery/2.2.1/jquery.min.js
82f420005cd31fab6b4ab016a07d623e8f5773de90c526777de5ba91e9be3b4d,https://ajax.aspnetcdn.com/ajax/jQuery/jquery-2.2.1.min.js
82fb20f62d107b3961dc7dbd87606720ef25809b404513b6e4d27b2ff093c2f6,https://www.youtube.com/s/player/5e979b82/player_ias.vflset/en_US/base.js
8330e0a8fb56d881a707df99123ac7aa28c429861ab08fde08e6739724fcd038,https://cdnjs.cloudflare.com/ajax/libs/date-fns/4.1.0/locale/uk/cdn.js
83386d3eb1d9e1bdfea39170ee9829161fa598019bc27aa8ca4a3aec1d25441a,https://www.youtube.com/s/player/f529f326/player_ias.vflset/en_US/base.js
833b76c3d4972afc8ae2755432e3d287b169c43e767e697c03e978885d8e5b84,https://ajax.googleapis.com/ajax/libs/model-viewer/1.1.0/model-viewer.min.js
834c39e6e99dac14a38bc750e5837d7816dcf16ec66cdb567349fb4067b76370,https://www.youtube.com/s/player/99f55c01/player_ias.vflset/en_US/base.js
83580a3e9712457b06b9f60bea67ac241f9247fcb9cd67ff5219ca6bbb93d390,https://ajax.googleapis.com/ajax/libs/d3js/7.0.0/d3.min.js
8379f0a148243b57c824ca0a3dc3a516ebcde186ec0ce33b2515aab9a2c8d7be,https://cdnjs.cloudflare.com/ajax/libs/dayjs/1.11.18/locale/rn.min.js
83816083bbc34d49c33c41f66c63f428d1d07b69e171942101bdfea293a244f8,https://cdnjs.cloudflare.com/ajax/libs/moment.js/2.30.1/locale/nb.min.js
839ed4738d7ca9ddd637ead0ff20744b7d0f4603c19e04c06d9782df31b7350e,https://cdnjs.cloudflare.com/ajax/libs/handlebars.js/4.7.8/handlebars.amd.min.js
83a8807ef669fa70d0d9375347f5552897f76c6ae8e2e6f97ef592595462d8d1,https://ajax.aspnetcdn.com/ajax/respond/1.4.2/respond.min.js
83b4ef703d63df695c0a18d76f92a7bae93bc4039a4c4471b55252308ea69029,https://ajax.googleapis.com/ajax/libs/dojo/1.3.1/dojo/dojo.js
83b625fcb65e0fefe0912f09deea8da7fc6d5d228c9e9e8a520882ea01ec0927,https://maps.googleapis.com/maps-api-v3/api/js/65/3b/map.js
83c284d16d40e861cd01c28683acf77475813993b2a17201f17127e238e5bcd6,https://cdnjs.cloudflare.com/ajax/libs/moment.js/2.30.1/locale/lo.js
83d01b94a6e3a0c6e1528ff9f0c81fa5e3ae2599742c5fee3cab150d4c174505,https://cdnjs.cloudflare.com/ajax/libs/vue/3.5.22/vue.runtime.esm-bundler.js
83df27ce4b32972a737eb3dd822f664cf54fe93968c0fa8bd6893437b60377c4,https://www.youtube.com/s/player/6e52949b/player_ias.vflset/en_US/base.js
83e8319b5c6646ae0879c491ba3bf678ac940a8fe2d5be6446758d7126d810ed,https://cdnjs.cloudflare.com/ajax/libs/dayjs/1.11.18/plugin/localizedFormat.js
841d4ce27a29a408815e95c4698f6b8ed31282d66d8ae6469dde5af980cbce63,https://cdnjs.cloudflare.com/ajax/libs/moment.js/2.30.1/locale/en-il.js
843e76a43e4ef708afbb8569548256b0e9541f94bdda45ef287b6d320496d531,https://www.youtube.com/s/player/1898687b/player_ias.vflset/en_US/captions.js
844269e5c7a56fe45c8a6e2bd226b1d08784a453ad655ed08a60865cbc4af1a5,https://www.youtube.com/s/player/652bbb94/player_ias.vflset/en_US/base.js
846062382768262e18444a96b1e2c168addd158ffcf7ffe630c1db33a14aa3d2,https://www.youtube.com/s/player/9fcf08e8/player_ias.vflset/en_US/base.js
8471fa78d401f16ebdcfc24fad9863f6a4c554c8d5b701fe2146b375650f8031,https://ajax.aspnetcdn.com/ajax/mvc/4.0/jquery.validate.unobtrusive.min.js
8473ed670b978405cb4ef7a6822385043b30107e0dae82a008326c6ed237ce51,https://ajax.googleapis.com/ajax/libs/jqueryui/1.13.2/themes/smoothness/jquery-ui.css
84b69d1625474179d55622a8333c3aac376dd8bc77de7b06c21695762cb69cab,https://cdnjs.cloudflare.com/ajax/libs/crypto-js/4.2.0/enc-base64.js
84dcf03c829c4cde15316db65f2431a5f903e7eb3c19b6ab555afac33e86d363,https://cdnjs.cloudflare.com/ajax/libs/KaTeX/0.16.9/katex.css
84e04fbe5b291603a5f350da0c34372e07dd66e2f32273b07e7df8057dba681b,https://cdnjs.cloudflare.com/ajax/libs/co/4.1.0/index.min.js
84fcc2e9aa3d97ae76a77e8506f9366bce1dc63a78ce28ec7842186e89120e63,https://ajax.googleapis.com/ajax/libs/dojo/1.8.3/dojo/dojo.js
85074fc75b18198daf143f4bc39d0fc2b31b6b4724f8b29ad239b0bd80e7fc56,https://ajax.googleapis.com/ajax/libs/jqueryui/1.9.1/themes/smoothness/jquery-ui.css
850a9eb44ac3a9a1010ff92d3b11db8ace4a2ca1325f90566f3123142b17f257,https://cdnjs.cloudflare.com/ajax/libs/dayjs/1.11.18/locale/es-pr.js
850c0af5c2238497febaf5e461d880bf458c341f42f4f330f1b1ab5698b1998e,https://cdnjs.cloudflare.com/ajax/libs/KaTeX/0.16.9/fonts/KaTeX_Math-BoldItalic.woff
852b3ee5d533465c5789f852b6de2fb7b52317a308422eb69fb2ca0ab98adde3,https://cdnjs.cloudflare.com/ajax/libs/dayjs/1.11.18/locale/is.min.js
85556761a8800d14ced8fcd41a6b8b26bf012d44a318866c0d81a62092efd9bf,https://ajax.googleapis.com/ajax/libs/jquery/3.1.1/jquery.min.js
85556761a8800d14ced8fcd41a6b8b26bf012d44a318866c0d81a62092efd9bf,https://ajax.aspnetcdn.com/ajax/jQuery/jquery-3.1.1.min.js
8562045977f6ddba5a441b98601f9a46065caee9e0ca4cab1b6089fda75b92d8,https://cdnjs.cloudflare.com/ajax/libs/moment.js/2.30.1/locale/en-sg.js
857310424003db3eb4abadbcf043752833c2c3f04e724fc6f06e0e6582c4b792,https://www.youtube.com/s/player/bffb4292/player_ias.vflset/en_US/base.js
8585af240e85e9d9a2f4d8043e7f65656e7f2bb9bd859bca8eb2170a71d586e4,https://ajax.aspnetcdn.com/ajax/hammer.js/2.0.4/hammer.js
8585db4092b8a9d26201e0d58e343d1b40fa034c4b9c343878923d7649bb1699,https://ajax.googleapis.com/ajax/libs/d3js/4.13.0/d3.min.js
85a5d17977e89cf1e65852c95b002830d39f8c13f2649f5812398412a21218a3,https://www.youtube.com/s/player/d6afc319/player_ias.vflset/en_US/captions.js
85aaa653aaf2f131be91e6cab772d501a0566648110c26be221b1b84b64ef099,https://www.youtube.com/s/player/88c25a98/player_ias.vflset/en_US/base.js
85cb3fc8c03bec558783043376e89525f7334bfe38ffb91848effb8912872672,https://ajax.aspnetcdn.com/ajax/bootstrap/3.0.3/css/bootstrap-theme.css
85d6895239162632ce3158c5c74f3a48ea20f37991cf2397a96198515b79cc79,https://cdnjs.cloudflare.com/ajax/libs/moment.js/2.30.1/locale/my.min.js
85e76daaa213d889ee0f8c58624607c1e63152be912926039e706a714be7d372,https://cdnjs.cloudflare.com/ajax/libs/react-dom/19.1.1/cjs/react-dom-profiling.profiling.min.js
8602963110105f2807f419b185705ce9cc0517d6d3a3e32019188fa9225b0d81,https://cdnjs.cloudflare.com/ajax/libs/popper.js/2.11.8/cjs/popper.min.js
860f65ae028e6ee97c464e7b026c8475a9f7ef452a4eae3b1fcab9e8da06d115,https://www.youtube.com/s/player/c5a4a312/player_ias.vflset/en_US/base.js
865498b70e62e30103ab3b492317bab86fb86afd5b8eb36dc35925116564fb9f,https://www.youtube.com/s/player/ecc3e9a7/player_ias.vflset/en_US/base.js
8677971b119ccdb82af697ff0e08f218490d15116f221d44301f1cc8797e67d4,https://ajax.googleapis.com/ajax/libs/swfobject/2.2/swfobject.js
868384bf113aa331dac7b4d5f1b99cd0b086c32a925a58639bd341f68ce2fd7a,https://www.youtube.com/s/player/05540cb0/player_ias.vflset/en_US/base.js
86927236acdd9a85467e1961d59b3aebb3b4721da91d3bd3f52851884a451178,https://cdnjs.cloudflare.com/ajax/libs/date-fns/4.1.0/locale/be/cdn.min.js
869ca90cfa6550715e8144f0978c50975d9d335b78c6c5d454477e972accef88,https://ajax.googleapis.com/ajax/libs/spf/2.0.0/spf.js
86b1399f564bcc92032e04c981be81bf0fe001e5a6028d33e6daaf6dd0fbb682,https://cdnjs.cloudflare.com/ajax/libs/prism/9000.0.1/components/prism-wiki.js
86b1e823e04cd96cdae4bbdc053cd7135f98b58c17e026d646a8ffe0b8479529,https://cdnjs.cloudflare.com/ajax/libs/dayjs/1.11.18/locale/sl.min.js
86b69048cda276b8372c6b661c9705f40639070f3aa1f490ae3bd0cc93292d85,https://www.youtube.com/s/player/a926f773/player_ias.vflset/en_US/base.js
86b95f15092f7482f2da264e861e1ce939dd89b2e217ab92569dda82a40bf1d0,https://www.youtube.com/s/player/6956a038/player_ias.vflset/en_US/captions.js
86bc98c71c98bbb5768ece1d0daad0191c7064cfff2c8ffd111ff16facfcb0ae,https://www.youtube.com/s/player/50fb0efb/player_ias.vflset/en_US/captions.js
87083882cc6015984eb0411a99d3981817f5dc5c90ba24f0940420c5548d82de,https://ajax.googleapis.com/ajax/libs/jquery/3.2.1/jquery.min.js
87083882cc6015984eb0411a99d3981817f5dc5c90ba24f0940420c5548d82de,https://ajax.aspnetcdn.com/ajax/jQuery/jquery-3.2.1.min.js
87083882cc6015984eb0411a99d3981817f5dc5c90ba24f0940420c5548d82de,https://cdnjs.cloudflare.com/ajax/libs/jquery/3.2.1/jquery.min.js
870ad973bafe13e605f5de18197dca39fdb8cccce9d0735a6cbc8e637f198576,https://cdnjs.cloudflare.com/ajax/libs/vue/3.5.22/vue.runtime.esm-browser.js
871a0382f661ba65ec9a87c017028f8cf8f4c71897a06866ab1358696f02b5fd,https://ajax.googleapis.com/ajax/libs/material-motion/0.1.0/material-motion.bundle.js
87296cd8b904b633d89b0a72b779aaf04e8d625fd8ed772e3227046b3a3acf80,https://cdnjs.cloudflare.com/ajax/libs/moment.js/2.30.1/locale/bn-bd.js
87322e8250567858a4d64618998a4346f97a5eb5812bcd9776f2acf6f03dffe0,https://cdnjs.cloudflare.com/ajax/libs/jose/6.1.0/lib/encrypt.js
874706b2b1311a0719b5267f7d1cf803057e367e94ae1ff7bf78c5450d30f5d4,https://ajax.googleapis.com/ajax/libs/jquery/2.1.1/jquery.min.js
874706b2b1311a0719b5267f7d1cf803057e367e94ae1ff7bf78c5450d30f5d4,https://ajax.aspnetcdn.com/ajax/jQuery/jquery-2.1.1.min.js
8747798ddd53f467bebd7101bcd053b3f12ef028b3e6c012aede147732c8a9c6,https://cdnjs.cloudflare.com/ajax/libs/crypto-js/4.2.0/enc-base64url.js
874ca3806f556c5809842613ba410c965111ea9441fb949a32abe2a7c3bf7f8a,https://cdnjs.cloudflare.com/ajax/libs/moment.js/2.30.1/locale/zh-mo.js
8750e74e4593ac0a83d2d6a009aec3f39852b0c5435f918de5ad21b0955ad0e3,https://cdnjs.cloudflare.com/ajax/libs/moment.js/2.30.1/locale/da.min.js
875dc3664c9ad7e09f64900ffcfac63c34ce241892c984d82757865889d089e5,https://ajax.googleapis.com/ajax/libs/mootools/1.1.1/mootools-yui-compressed.js
87633ebcf0ee1c5280380adfa1a704769aa4b314f050c77183db6e21078669fc,https://cdnjs.cloudflare.com/ajax/libs/dayjs/1.11.18/locale/ne.min.js
876d023d9d10c97941b80c3b03e2a5b94631ff7a4af9cee5604a6a2d39718d84,https://cdnjs.cloudflare.com/ajax/libs/font-awesome/5.13.0/css/all.min.css
8770b262b565ca41c440c994909f5af32ccc84aa1d30b9f5a7660e10792b4ac3,https://www.youtube.com/s/player/3062cec8/player_ias.vflset/en_US/captions.js
877dacf83b86235653955b788f6dc9bd628f3e26a36fd3a327116bfa55aec7fd,https://cdnjs.cloudflare.com/ajax/libs/cheerio/1.1.2/dist/browser/api/manipulation.js
877dacf83b86235653955b788f6dc9bd628f3e26a36fd3a327116bfa55aec7fd,https://cdnjs.cloudflare.com/ajax/libs/cheerio/1.1.2/dist/esm/api/manipulation.js
87930b0be7e22943266492d3685bc2544cd1309e7b9812362ee2a851bd6a60d4,https://www.youtube.com/s/player/87644c66/player_ias.vflset/en_US/captions.js
8799144f34d858f03e4d2edddd2c8b7320db28dd0538f5cc2c4fc3f1ed57b895,https://cdnjs.cloudflare.com/ajax/libs/cheerio/1.1.2/dist/browser/parsers/parse5-adapter.min.js
8799144f34d858f03e4d2edddd2c8b7320db28dd0538f5cc2c4fc3f1ed57b895,https://cdnjs.cloudflare.com/ajax/libs/cheerio/1.1.2/dist/esm/parsers/parse5-adapter.min.js
879c994bbf3c621a9df3df1a3ec4269d4866f2f33feb8e67dc8b47797af1457f,https://www.youtube.com/s/player/140dafda/player_ias.vflset/en_US/captions.js
87aa5221c72e2049dcb33a69e8bcfe5c248cfb77fe37e23697fbd7cb68eec087,https://cdnjs.cloudflare.com/ajax/libs/date-fns/4.1.0/locale/it/cdn.js
87c23851662aa3bc007c81053052be8f184a54aaa3f78966d957d443563fe18e,https://ajax.googleapis.com/ajax/libs/shaka-player/4.14.28/shaka-player.compiled.js
87f11514532376d17e36c70b482a534cac2c2e8f2aef52abb79a2f704a6892a6,https://cdnjs.cloudflare.com/ajax/libs/dayjs/1.11.18/locale/dv.min.js
87f45663cef2bbb880f613a44de0a27ef8db1971e61e402fe569b84042c741e5,https://www.youtube.com/s/player/8c20e431/player_ias.vflset/en_US/base.js
87f7eb73450ef493946a80fb3f661a552fd4769a3bf4d68f112ee275c086be99,https://cdnjs.cloudflare.com/ajax/libs/dayjs/1.11.18/locale/en-sg.min.js
880970c081707360e64f34cea25ff91892f5bc95675b0776925b9709dd8a68bb,https://cdnjs.cloudflare.com/ajax/libs/axe-core/4.10.3/axe.min.js
88171413fc76dda23ab32baa17b11e4fff89141c633ece737852445f1ba6c1bd,https://ajax.googleapis.com/ajax/libs/jquery/1.7.1/jquery.min.js
88171413fc76dda23ab32baa17b11e4fff89141c633ece737852445f1ba6c1bd,https://ajax.aspnetcdn.com/ajax/jQuery/jquery-1.7.1.min.js
884482e1ccb2494d90ffe8c45f7ca333e35b95c9101f48ed638b929be816bba1,https://cdnjs.cloudflare.com/ajax/libs/react/19.1.1/cjs/react.production.min.js
884ddeb6d26d07df08585d5dbb9f85365a1b45671f107403798bfa3926c5d8b1,https://www.youtube.com/s/player/c6d7bdc9/player_ias.vflset/en_US/base.js
88547715d30f062164a984404946f998b19e0f77634311448bc3643b770f005c,https://ajax.googleapis.com/ajax/libs/shaka-player/4.8.0/shaka-player.compiled.js
886c86112a804ef1ddd1cb206af4c8c40e34b73c26652ca231404aa35a6b30d9,https://cdnjs.cloudflare.com/ajax/libs/font-awesome/6.4.2/webfonts/fa-solid-900.woff2
887b763e53ecaeba7bdddcacb29f7ffaf9da8a3576c2cca7ea4a1ecd14ff731c,https://cdnjs.cloudflare.com/ajax/libs/nosleep/0.12.0/NoSleep.min.js
888a4bf2ad5150028663dde01fe71599336c87ca12697180e51bd8a13b88084f,https://cdnjs.cloudflare.com/ajax/libs/pdf.js/5.4.149/images/messageBar_warning.svg
8890ec954757ea8e4801f49958afb76e2b8837c47fec5b16598fc20cbd49c220,https://cdnjs.cloudflare.com/ajax/libs/web-vitals/5.1.0/web-vitals.iife.js
88966b9529b926a19155218a7e000ab8e56474a5f190ee0200cae2fb21d062f6,https://www.youtube.com/s/player/21cd2156/player_ias.vflset/en_US/captions.js
88b751f3bed373551e097b30689132a33a704dfb763bfb6684b1a89264c45ff7,https://www.youtube.com/s/player/acf964b9/player_ias.vflset/en_US/captions.js
88b751f3bed373551e097b30689132a33a704dfb763bfb6684b1a89264c45ff7,https://www.youtube.com/s/player/146d3747/player_ias.vflset/en_US/captions.js
88b751f3bed373551e097b30689132a33a704dfb763bfb6684b1a89264c45ff7,https://www.youtube.com/s/player/627e46f5/player_ias.vflset/en_US/captions.js
88b751f3bed373551e097b30689132a33a704dfb763bfb6684b1a89264c45ff7,https://www.youtube.com/s/player/1c3a131b/player_ias.vflset/en_US/captions.js
88b751f3bed373551e097b30689132a33a704dfb763bfb6684b1a89264c45ff7,https://www.youtube.com/s/player/0e380a3c/player_ias.vflset/en_US/captions.js
88b751f3bed373551e097b30689132a33a704dfb763bfb6684b1a89264c45ff7,https://www.youtube.com/s/player/a0f30157/player_ias.vflset/en_US/captions.js
88b751f3bed373551e097b30689132a33a704dfb763bfb6684b1a89264c45ff7,https://www.youtube.com/s/player/b95b0e7a/player_ias.vflset/en_US/captions.js
88b751f3bed373551e097b30689132a33a704dfb763bfb6684b1a89264c45ff7,https://www.youtube.com/s/player/e78b6727/player_ias.vflset/en_US/captions.js
88b751f3bed373551e097b30689132a33a704dfb763bfb6684b1a89264c45ff7,https://www.youtube.com/s/player/48ba8ecf/player_ias.vflset/en_US/captions.js
88b751f3bed373551e097b30689132a33a704dfb763bfb6684b1a89264c45ff7,https://www.youtube.com/s/player/58b06374/player_ias.vflset/en_US/captions.js
88b751f3bed373551e097b30689132a33a704dfb763bfb6684b1a89264c45ff7,https://www.youtube.com/s/player/cb975c6f/player_ias.vflset/en_US/captions.js
88b751f3bed373551e097b30689132a33a704dfb763bfb6684b1a89264c45ff7,https://www.youtube.com/s/player/b75a8e80/player_ias.vflset/en_US/captions.js
88b751f3bed373551e097b30689132a33a704dfb763bfb6684b1a89264c45ff7,https://www.youtube.com/s/player/0502bc08/player_ias.vflset/en_US/captions.js
88b751f3bed373551e097b30689132a33a704dfb763bfb6684b1a89264c45ff7,https://www.youtube.com/s/player/721caf0b/player_ias.vflset/en_US/captions.js
88d20a278cf15aff9a7389672f79c8e89fb51ca2c0438d1c208a852db1c65600,https://cdnjs.cloudflare.com/ajax/libs/three.js/0.180.0/three.webgpu.nodes.js
88e31ebdf8423e4aedd83f7961c81fd7d7d632c598c22d225703574975e806c0,https://www.youtube.com/s/player/db24d012/player_ias.vflset/en_US/captions.js
89001d6d088e28426c68d7544fad15dc00ffbcd477b3e5da2135ad8309cf098c,https://ajax.googleapis.com/ajax/libs/myanmar-tools/1.1.0/zawgyi_detector.min.js
89001d6d088e28426c68d7544fad15dc00ffbcd477b3e5da2135ad8309cf098c,https://ajax.googleapis.com/ajax/libs/myanmar-tools/1.1.1/zawgyi_detector.min.js
89001d6d088e28426c68d7544fad15dc00ffbcd477b3e5da2135ad8309cf098c,https://ajax.googleapis.com/ajax/libs/myanmar-tools/1.1.3/zawgyi_detector.min.js
890efd708aa3e8ec3860804d44fc410b7d3a1cff14daa474373f75b638008a0c,https://cdnjs.cloudflare.com/ajax/libs/dayjs/1.11.18/locale/ku.min.js
89165f47acfb750e31b8c34dced8b1aff377e366c531e973872867c91ca57285,https://www.youtube.com/s/player/35c1167d/player_ias.vflset/en_US/base.js
891e90544d1061ea578b51173a2dc4638c0e9af95cc2986f1f89ad5008e301e7,https://cdnjs.cloudflare.com/ajax/libs/moment.js/2.30.1/locale/da.js
892e1d689f390b554a4952ca239ef7e75652a154018b44d7702dcf36e5dd7c1d,https://cdnjs.cloudflare.com/ajax/libs/pako/2.1.0/pako_deflate.es5.min.js
892feeccff0cf42ff8ea418f87acc9e384a95984accb057deed8a8e18bdc3f7b,https://cdnjs.cloudflare.com/ajax/libs/moment.js/2.30.1/locale/de-ch.min.js
8930eaa2ceda94991009e2f7f8fb7172f2c1196ce1d184a19a00266849492b51,https://cdnjs.cloudflare.com/ajax/libs/cheerio/1.1.2/dist/browser/api/attributes.min.js
8930eaa2ceda94991009e2f7f8fb7172f2c1196ce1d184a19a00266849492b51,https://cdnjs.cloudflare.com/ajax/libs/cheerio/1.1.2/dist/esm/api/attributes.min.js
893e90f6230962e42231635df650f20544ad22affc3ee396df768eaa6bc5a6a2,https://ajax.aspnetcdn.com/ajax/jQuery/jquery-2.2.4.js
8940c7c22b94ae4d61d73319d12d8b685e424691646ab5177696fff3e8dd93e9,https://cdnjs.cloudflare.com/ajax/libs/react-select/5.10.2/react-select.cjs.mjs
894bb26e5d096495fd70b4f503d2e3b199b85d2bd5ed6c8289c1db19bea99e55,https://ajax.googleapis.com/ajax/libs/dojo/1.7.8/dojo/dojo.js
89604fb14e9aaac34c26ab76989ce4b33a5291a86c0646d83a2bc545d43f7ac7,https://cdnjs.cloudflare.com/ajax/libs/prism/9000.0.1/components/prism-wiki.min.js
896e379d334cf0b16c78d9962a1579147156d4a72355032fce0de5f673d4e287,https://ajax.aspnetcdn.com/ajax/jQuery/jquery-2.0.0.js
898036238a79e90728cf82166999569fc6e99a6c7e9283c611c78d9a8a0e61cd,https://cdnjs.cloudflare.com/ajax/libs/popper.js/2.11.8/esm/dom-utils/getBoundingClientRect.js
898d05a17f2cfc5120ddcdba47a885c378c0b466f30f0700e502757e24b403a1,https://ajax.aspnetcdn.com/ajax/bootstrap/3.1.1/bootstrap.min.js
899a0fe8a4bfe3d1085d93bb21d4583763f5319def95d828a00c071a8d5f31b4,https://www.youtube.com/s/player/fa26f70e/player_ias.vflset/en_US/captions.js
89a15e9c40bc6b14809f236ee8cd3ed1ea42393c1f6ca55c7855cd779b3f922e,https://ajax.googleapis.com/ajax/libs/jquery/1.10.2/jquery.min.js
89abaf1e2471b00525b0694048e179c0f39a2674e3bcb34460ea6bc4801882be,https://ajax.googleapis.com/ajax/libs/jquery/1.4.0/jquery.min.js
89b0143369b755693c4e9bf9b9557dcd5485ef791384c70388a68663f312d50e,https://www.youtube.com/s/player/23c9bab9/player_ias.vflset/en_US/base.js
89b487a0b4f395b516c70e484eabb60e0c67012a38493d0e8fb2de4e0510d497,https://cdnjs.cloudflare.com/ajax/libs/date-fns/4.1.0/locale/pl/cdn.min.js
89b52c145ff351cf451fbd690da506ee7c5c4cfd8922c44b206c9c063d3bfb38,https://cdnjs.cloudflare.com/ajax/libs/dayjs/1.11.18/locale/lt.min.js
89cca1be3926c8d89b6f827d70970bb3bc94ae47943342ca8949992faf8d2b60,https://cdnjs.cloudflare.com/ajax/libs/crypto-js/4.2.0/pbkdf2.js
89da54af89d1dc132d88d36276efcf776b56d555b2b4ec4046af37bbebbedceb,https://ajax.aspnetcdn.com/ajax/mvc/3.0/jquery.unobtrusive-ajax.min.js
89dcdf4b519a8269cdcea976b22b79fb6d59382a79c567b751ea66f3eac76c70,https://cdnjs.cloudflare.com/ajax/libs/moment.js/2.30.1/locale/en-in.js
89e46cea236e9880fe7d512ea6d97e2917dda716ae866bb0998d4c7f81b254f5,https://www.youtube.com/s/player/58012f6a/player_ias.vflset/en_US/base.js
89e4c2f2d351ad7e2fefec9332778b16cd4a31858ded9ad6fece12fd9db94ac2,https://cdnjs.cloudflare.com/ajax/libs/moment.js/2.30.1/locale/pt.js
89e6eaf6c8f65789f97bfa5c5bbc9c4be5820dbe5bad21a6f50ab4c885847a7b,https://www.youtube.com/s/player/4e11051b/www-player.css
89e6eaf6c8f65789f97bfa5c5bbc9c4be5820dbe5bad21a6f50ab4c885847a7b,https://www.youtube-nocookie.com/s/player/4e11051b/www-player.css
89e6eaf6c8f65789f97bfa5c5bbc9c4be5820dbe5bad21a6f50ab4c885847a7b,https://www.youtube.com/s/player/c816c7d8/www-player.css
89e6eaf6c8f65789f97bfa5c5bbc9c4be5820dbe5bad21a6f50ab4c885847a7b,https://www.youtube-nocookie.com/s/player/c816c7d8/www-player.css
89f368b9161790bb28d5958c57c9f995969f792912cf21ac6abf84f2d31dd7f1,https://www.youtube.com/s/player/bb52fe90/player_ias.vflset/en_US/captions.js
89f368b9161790bb28d5958c57c9f995969f792912cf21ac6abf84f2d31dd7f1,https://www.youtube.com/s/player/e40d18fc/player_ias.vflset/en_US/captions.js
8a102873a33f24f7eb22221e6b23c4f718e29f85168ecc769a35bfaed9b12cce,https://ajax.googleapis.com/ajax/libs/jquery/2.2.0/jquery.min.js
8a102873a33f24f7eb22221e6b23c4f718e29f85168ecc769a35bfaed9b12cce,https://ajax.aspnetcdn.com/ajax/jQuery/jquery-2.2.0.min.js
8a1b58d624eeb47e9e3073531a5d364e41a2e7853c052873a79917f97dd0bb44,https://ajax.googleapis.com/ajax/libs/hammerjs/2.0.8/hammer.min.js
8a2970d3195656d2f6fce53b1fe90ed81c0b69b06e53aa1550cdde9d7b9e0a3d,https://ajax.googleapis.com/ajax/libs/shaka-player/3.0.0/shaka-player.compiled.js
8a2cf3949c81e453f9456b58d1b4d3ad327b6327dab44ae5c4df752e7fcf946c,https://ajax.aspnetcdn.com/ajax/jQuery/jquery-1.4.1-vsdoc.js
8a520555c6890cb63245ba37a863f6c4f7d4dda34e38bafac92e6c0f6cf46d02,https://cdnjs.cloudflare.com/ajax/libs/dayjs/1.11.18/plugin/toObject.js
8a7603003c0887abf7b3c5a631f38984d9e0bd264435cf779b94a1143a2c141a,https://www.youtube.com/s/player/56af1322/player_ias.vflset/en_US/base.js
8a8000e46ee076cb2e376e122f6072c53322ca0e66e4f9cfdc8e134b984d2180,https://ajax.aspnetcdn.com/ajax/bootstrap/4.4.1/css/bootstrap-grid.css
8a81347449315cc9d8981053b8d5e1ac2cc680d709390ae4f82f33acb13137b7,https://ajax.googleapis.com/ajax/libs/dojo/1.8.13/dojo/dojo.js
8a8b165be42795d9e945e7494f38ea353ee2f7eee7eab123073f3a42ce755687,https://cdnjs.cloudflare.com/ajax/libs/moment.js/2.30.1/locale/pt-br.js
8a8cb7b82b50320f73db75b08199f1e75f60914432b54e2866c7ae051f3b55c2,https://cdnjs.cloudflare.com/ajax/libs/prism/9000.0.1/components/prism-dart.js
8a8d244581371912b8f3f5a23e2437cb2a59cd9bcaebb0346e722c05737a2571,https://cdnjs.cloudflare.com/ajax/libs/KaTeX/0.16.9/fonts/KaTeX_Math-Italic.woff
8aa0f84b5331efcc3cb72c7d504c2bc6ebd861da003d72c33df99ce650d4531d,https://ajax.aspnetcdn.com/ajax/jQuery/jquery-1.10.0.js
8abba44e69a93d716f0b146b10f2d545eb762a464d6abae7486e8aaa78a63229,https://cdnjs.cloudflare.com/ajax/libs/dayjs/1.11.18/plugin/pluralGetSet.js
8acc64ac5b45300ed34cb85e6c2173362ed14029ab20ffee1ad4e0aec3605ae9,https://cdnjs.cloudflare.com/ajax/libs/dayjs/1.11.18/locale/ur.js
8ad76e9da78a392a5c3127f3cd46d30b86dadb2579151af2c94fe8a35dc51052,https://cdnjs.cloudflare.com/ajax/libs/vue/3.5.22/vue.runtime.esm-browser.prod.min.js
8add87cb60d62ceeca63981bb4426b1fffb4fef65303f31b688eb1f1c425274f,https://cdnjs.cloudflare.com/ajax/libs/request/2.88.2/index.js
8ade6740a1d3cfedf81e28d9250929341207b23a55f1be90ccc26cf6d98e052a,https://ajax.aspnetcdn.com/ajax/jQuery/jquery-1.10.2.js
8adf99965cefc3eee96cabb6539088c4502d87b5517ac52a018b3b62228e3026,https://ajax.googleapis.com/ajax/libs/model-viewer/1.2.1/model-viewer.min.js
8ae9fe147340147ee03e8b1e24b9a8c043933a5dd8445370198f4bffaeac0c64,https://www.youtube.com/s/player/6956a038/player_ias.vflset/en_US/base.js
8af8687c9c9c5793f3e57ee99870152be22f1f8fb81661c0a0320025c36b4bb1,https://www.youtube.com/s/player/5a9b5eed/player_ias.vflset/en_US/base.js
8af93bd675e1cfd9ecc850e862819fdac6e3ad1f5d761f970e409c7d9c63bdc3,https://ajax.googleapis.com/ajax/libs/jquery/2.1.3/jquery.min.js
8af93bd675e1cfd9ecc850e862819fdac6e3ad1f5d761f970e409c7d9c63bdc3,https://ajax.aspnetcdn.com/ajax/jQuery/jquery-2.1.3.min.js
8b1383bdc341efed031bc5633dfa435e783600a893f8775d36069959931fb7ca,https://cdnjs.cloudflare.com/ajax/libs/react/19.1.1/cjs/react-jsx-runtime.production.min.js
8b1383bdc341efed031bc5633dfa435e783600a893f8775d36069959931fb7ca,https://cdnjs.cloudflare.com/ajax/libs/react/19.1.1/cjs/react-jsx-runtime.profiling.min.js
8b15fb4c680cf50d12c71161882345d54f31506a939cc52ffc378c67462f0f37,https://maps.googleapis.com/maps-api-v3/api/js/63/14d/onion.js
8b316fa071e1fb0e4eb30ae1783c3a16a5d67ca0736192bedda6b5c03310cb7d,https://cdnjs.cloudflare.com/ajax/libs/react-dom/19.1.1/cjs/react-dom-server.edge.production.js
8b5791b30b922ab9b8b8e5442547ddd40947dbf84019da18c9161e8294b086f1,https://www.youtube.com/s/player/487b9fc1/player_ias.vflset/en_US/captions.js
8b7ea43d0f43abef96454e0ce9fbe3e51377bc5611958822a97bd115cea244cf,https://cdnjs.cloudflare.com/ajax/libs/react-dom/19.1.1/cjs/react-dom-server-legacy.node.development.min.js
8ba0b85fa8235e0c68593b36a6165e995148583230274fa942f04613f2a9f2c9,https://www.youtube.com/s/player/e0528946/player_ias.vflset/en_US/captions.js
8ba0b85fa8235e0c68593b36a6165e995148583230274fa942f04613f2a9f2c9,https://www.youtube.com/s/player/f57a8142/player_ias.vflset/en_US/captions.js
8ba0b85fa8235e0c68593b36a6165e995148583230274fa942f04613f2a9f2c9,https://www.youtube.com/s/player/48995d17/player_ias.vflset/en_US/captions.js
8ba0b85fa8235e0c68593b36a6165e995148583230274fa942f04613f2a9f2c9,https://www.youtube.com/s/player/a13049a3/player_ias.vflset/en_US/captions.js
8ba909d429f03220cd9afdf7af41f230f90881168cd1f025d092041e9b3d8c0f,https://www.youtube.com/s/player/12ae5f14/player_ias.vflset/en_US/base.js
8ba9ddca8abd9bcd250284c5b05505aabececc8615f1d3fd5f50334818eed88a,https://ajax.googleapis.com/ajax/libs/dojo/1.3.2/dojo/dojo.js
8bb08dd02fc77048b0b54ccf9630a868eb0e6485ead704823083579d7adf5fd9,https://ajax.aspnetcdn.com/ajax/signalr/jquery.signalr-1.1.2.min.js
8bd42b445166b4b5b7f0f78f92c19efdb67d273e1954a0db064c0955151e8d8e,https://cdnjs.cloudflare.com/ajax/libs/moment.js/2.30.1/locale/ro.min.js
8bdd66b9f3bf30af13b2ff87dcf50641c055796460754d2287afc7524988b9b7,https://cdnjs.cloudflare.com/ajax/libs/popper.js/2.11.8/esm/dom-utils/getWindowScrollBarX.min.js
8be4750ee4c973a07ce989bc481e8a1f1e37d7bece26fa960d5d98c7122e0494,https://ajax.aspnetcdn.com/ajax/mvc/3.0/jquery.validate.unobtrusive.min.js
8bebe31e127700f22255d7b78f13f75dbb43832004b256c3d55b9cfe1c932129,https://static.parastorage.com/services/editor-elements-library/dist/thunderbolt/rb_wixui.thunderbolt[AppWidget_Classic].92255d46.bundle.min.js
8bf150f6b29d6c9337de6c945a8f63c929b203442040688878bc2753fe13e007,https://ajax.googleapis.com/ajax/libs/jquery/1.10.1/jquery.min.js
8bf26ae9373c49b3cc06b9efabfb0e4df1fcd615b97a655ae0ecd93ea85cc2d2,https://ajax.aspnetcdn.com/ajax/bootstrap/4.5.0/bootstrap.js
8bf874dfbd1a47f7689b24ea6c5cbffe96ecdc4c134cdad4e2a91c16865295e5,https://cdnjs.cloudflare.com/ajax/libs/moment.js/2.30.1/locale/ru.min.js
8c1a4c25634d5841924aab1848acc9dcbc3d5672183053c8b71ff2139b65d7c3,https://ajax.aspnetcdn.com/ajax/bootstrap/4.0.0/css/bootstrap.css
8c371d3249f6bddfb53613c9a64da357b11a4639a928f7292a09166fbd451b17,https://cdnjs.cloudflare.com/ajax/libs/prism/9000.0.1/components/prism-swift.min.js
8c3afbf593d55e82a981d0f04fb5d8265a728c9a31b79ea664b6f1cee1be684d,https://ajax.googleapis.com/ajax/libs/dojo/1.9.5/dojo/dojo.js
8c50aa8567731858e81bcfd2027718d9a7c8fd7bf54cf496499adbf5da5741b9,https://cdnjs.cloudflare.com/ajax/libs/angular.js/1.6.4/angular.min.js
8c574e0a06396dfa7064b8b460e0e4a8d5d0748c4aa66eb2e4efdfcb46da4b31,https://ajax.googleapis.com/ajax/libs/jquery/1.8.0/jquery.min.js
8c7e44dc2d49b20fd78a44827fa962a28a5e22e0adfe036aa0fdcfc7adb89984,https://cdnjs.cloudflare.com/ajax/libs/crypto-js/4.2.0/enc-utf8.js
8c96a957b79f2773b2392237eb28f601e0e56c9ce87715baa6462c915a221e4d,https://cdnjs.cloudflare.com/ajax/libs/moment.js/2.30.1/locale/ar-ma.min.js
8c9858acf8291b329a7bcd5d912e2902a3465e1fb07d27e0b7ed707ae7af555f,https://cdnjs.cloudflare.com/ajax/libs/date-fns/4.1.0/locale/sk/cdn.js
8ca9addb5927c1f4cb8421704449774a4fa60e777093a3ea747d2afb282ad8ea,https://cdnjs.cloudflare.com/ajax/libs/dayjs/1.11.18/locale/sr-cyrl.js
8cd860a00d71e4353f56c7ec9f79313315f32dcd67266141687a3358fb95f968,https://www.youtube.com/s/player/1406eaf9/player_ias.vflset/en_US/captions.js
8cf64ad531db8862f711506b67ce5b0dcd7a2181a547c400a1e9fab749e6b90c,https://cdnjs.cloudflare.com/ajax/libs/react-select/5.10.2/react-select.cjs.prod.min.js
8d1898ad195a174950dc950eedc9637eddb0197f90f4bcc0d08c976171a7a17d,https://cdnjs.cloudflare.com/ajax/libs/i18next/25.5.2/i18next.min.js
8d196a6d6f89bea465b60aff6c1a9f15df5ea0e1a605dcf42bfeb22d74e5df2c,https://cdnjs.cloudflare.com/ajax/libs/prism/9000.0.1/themes/prism-coy.css
8d224646d3a5f834861c98eb46b8b0003092b1a063f9f19fda46d94f0a4fe4e6,https://cdnjs.cloudflare.com/ajax/libs/dayjs/1.11.18/plugin/isSameOrBefore.js
8d27f3256b5fd63e3b835e2d3f2073ac19240a7d6e36eed0748426706607aaf2,https://cdnjs.cloudflare.com/ajax/libs/prism/9000.0.1/components/prism-powershell.min.js
8d2bcdd54f604b2ed626124e0848b8366f14bb34e6bb8395738df2665c9d6b7f,https://cdnjs.cloudflare.com/ajax/libs/jsonwebtoken/9.0.2/lib/validateAsymmetricKey.min.js
8d321d88cb97fdedc3189506c25de9292c6e73a60ebaab496243346c6404480e,https://cdnjs.cloudflare.com/ajax/libs/font-awesome/6.0.0/css/all.min.css
8d36730d4d5533f4626b2d547f324159cc63a5bb7720f4171e57d5ee2b1fd862,https://www.youtube.com/s/player/7dc3db36/player_ias.vflset/en_US/captions.js
8d59e94a21f7d6d55c736f15ea1adf48abc69561899901e4a28e8a7c3874c5c8,https://www.youtube.com/s/player/251ca12e/player_ias.vflset/en_US/base.js
8d8de06235e08f38ddc855070ef8cb86d7c69a67b3a5278f8cbf2af64b55122d,https://cdnjs.cloudflare.com/ajax/libs/crypto-js/4.2.0/tripledes.js
8d902216aef6840bb9951117bdd3aa6331078e68ee04987aa1d59c73b5ff3066,https://cdnjs.cloudflare.com/ajax/libs/crypto-js/4.2.0/sha384.js
8dabee43536cca3f186b8d256459a16165450bebac803e21b6f065c9211d27ad,https://cdnjs.cloudflare.com/ajax/libs/qs/6.14.0/qs.js
8db3c1ada098852ff60731fba2621d3642762976859fd32e095c336dd126e447,https://cdnjs.cloudflare.com/ajax/libs/jose/6.1.0/jws/flattened/sign.js
8db719032b812d756deedde2aff8379c1857a037dcff0c5d253037c29c175457,https://www.youtube.com/s/player/8456c9de/player_ias.vflset/en_US/base.js
8dba20fd527fb5bc78975bfdc302cd4d4542d36406bfe136fdff89939a8a34b9,https://www.youtube.com/s/player/f7d71ce3/player_ias.vflset/en_US/base.js
8dbf50b2dd6eaf3e5a31e79f01f1ab12292689e2881952235a363f9599360001,https://www.youtube.com/s/player/c7c1953f/player_ias.vflset/en_US/base.js
8dc918e340df12d7962d8e3c32c4d1c4dd7be9472229a6c13eca3f796ae0e23f,https://www.youtube.com/s/player/a180bc4c/player_ias.vflset/en_US/captions.js
8dc918e340df12d7962d8e3c32c4d1c4dd7be9472229a6c13eca3f796ae0e23f,https://www.youtube.com/s/player/4b9ae131/player_ias.vflset/en_US/captions.js
8dc918e340df12d7962d8e3c32c4d1c4dd7be9472229a6c13eca3f796ae0e23f,https://www.youtube.com/s/player/1d014d3f/player_ias.vflset/en_US/captions.js
8dc918e340df12d7962d8e3c32c4d1c4dd7be9472229a6c13eca3f796ae0e23f,https://www.youtube.com/s/player/be00faec/player_ias.vflset/en_US/captions.js
8dc918e340df12d7962d8e3c32c4d1c4dd7be9472229a6c13eca3f796ae0e23f,https://www.youtube.com/s/player/b443d9d5/player_ias.vflset/en_US/captions.js
8dc918e340df12d7962d8e3c32c4d1c4dd7be9472229a6c13eca3f796ae0e23f,https://www.youtube.com/s/player/c4507267/player_ias.vflset/en_US/captions.js
8dc918e340df12d7962d8e3c32c4d1c4dd7be9472229a6c13eca3f796ae0e23f,https://www.youtube.com/s/player/3f925417/player_ias.vflset/en_US/captions.js
8dd0861016ff7bfa3fa5810d683be16d2e6ab9c70a639428f71a78b39f93b9b9,https://www.youtube.com/s/player/4a6035e3/www-player.css
8dd0861016ff7bfa3fa5810d683be16d2e6ab9c70a639428f71a78b39f93b9b9,https://www.youtube-nocookie.com/s/player/4a6035e3/www-player.css
8dd0861016ff7bfa3fa5810d683be16d2e6ab9c70a639428f71a78b39f93b9b9,https://www.youtube.com/s/player/c6aa5b85/www-player.css
8dd0861016ff7bfa3fa5810d683be16d2e6ab9c70a639428f71a78b39f93b9b9,https://www.youtube-nocookie.com/s/player/c6aa5b85/www-player.css
8dd0861016ff7bfa3fa5810d683be16d2e6ab9c70a639428f71a78b39f93b9b9,https://www.youtube.com/s/player/d759498c/www-player.css
8dd0861016ff7bfa3fa5810d683be16d2e6ab9c70a639428f71a78b39f93b9b9,https://www.youtube-nocookie.com/s/player/d759498c/www-player.css
8dd0861016ff7bfa3fa5810d683be16d2e6ab9c70a639428f71a78b39f93b9b9,https://www.youtube.com/s/player/a9146527/www-player.css
8dd0861016ff7bfa3fa5810d683be16d2e6ab9c70a639428f71a78b39f93b9b9,https://www.youtube-nocookie.com/s/player/a9146527/www-player.css
8dd0861016ff7bfa3fa5810d683be16d2e6ab9c70a639428f71a78b39f93b9b9,https://www.youtube.com/s/player/ace4b2f8/www-player.css
8dd0861016ff7bfa3fa5810d683be16d2e6ab9c70a639428f71a78b39f93b9b9,https://www.youtube-nocookie.com/s/player/ace4b2f8/www-player.css
8dd0861016ff7bfa3fa5810d683be16d2e6ab9c70a639428f71a78b39f93b9b9,https://www.youtube.com/s/player/0e48fdab/www-player.css
8dd0861016ff7bfa3fa5810d683be16d2e6ab9c70a639428f71a78b39f93b9b9,https://www.youtube-nocookie.com/s/player/0e48fdab/www-player.css
8dd0861016ff7bfa3fa5810d683be16d2e6ab9c70a639428f71a78b39f93b9b9,https://www.youtube.com/s/player/31da54c0/www-player.css
8dd0861016ff7bfa3fa5810d683be16d2e6ab9c70a639428f71a78b39f93b9b9,https://www.youtube-nocookie.com/s/player/31da54c0/www-player.css
8dd0861016ff7bfa3fa5810d683be16d2e6ab9c70a639428f71a78b39f93b9b9,https://www.youtube.com/s/player/4f43eb64/www-player.css
8dd0861016ff7bfa3fa5810d683be16d2e6ab9c70a639428f71a78b39f93b9b9,https://www.youtube-nocookie.com/s/player/4f43eb64/www-player.css
8dd0861016ff7bfa3fa5810d683be16d2e6ab9c70a639428f71a78b39f93b9b9,https://www.youtube.com/s/player/a8a275d9/www-player.css
8dd0861016ff7bfa3fa5810d683be16d2e6ab9c70a639428f71a78b39f93b9b9,https://www.youtube-nocookie.com/s/player/a8a275d9/www-player.css
8dd0861016ff7bfa3fa5810d683be16d2e6ab9c70a639428f71a78b39f93b9b9,https://www.youtube.com/s/player/1765788a/www-player.css
8dd0861016ff7bfa3fa5810d683be16d2e6ab9c70a639428f71a78b39f93b9b9,https://www.youtube-nocookie.com/s/player/1765788a/www-player.css
8dd0861016ff7bfa3fa5810d683be16d2e6ab9c70a639428f71a78b39f93b9b9,https://www.youtube.com/s/player/e795685c/www-player.css
8dd0861016ff7bfa3fa5810d683be16d2e6ab9c70a639428f71a78b39f93b9b9,https://www.youtube-nocookie.com/s/player/e795685c/www-player.css
8dd0861016ff7bfa3fa5810d683be16d2e6ab9c70a639428f71a78b39f93b9b9,https://www.youtube.com/s/player/ef65734f/www-player.css
8dd0861016ff7bfa3fa5810d683be16d2e6ab9c70a639428f71a78b39f93b9b9,https://www.youtube-nocookie.com/s/player/ef65734f/www-player.css
8dd0861016ff7bfa3fa5810d683be16d2e6ab9c70a639428f71a78b39f93b9b9,https://www.youtube.com/s/player/f85ea353/www-player.css
8dd0861016ff7bfa3fa5810d683be16d2e6ab9c70a639428f71a78b39f93b9b9,https://www.youtube-nocookie.com/s/player/f85ea353/www-player.css
8dd0861016ff7bfa3fa5810d683be16d2e6ab9c70a639428f71a78b39f93b9b9,https://www.youtube.com/s/player/11c0c1a9/www-player.css
8dd0861016ff7bfa3fa5810d683be16d2e6ab9c70a639428f71a78b39f93b9b9,https://www.youtube-nocookie.com/s/player/11c0c1a9/www-player.css
8dd0861016ff7bfa3fa5810d683be16d2e6ab9c70a639428f71a78b39f93b9b9,https://www.youtube.com/s/player/4f48ea67/www-player.css
8dd0861016ff7bfa3fa5810d683be16d2e6ab9c70a639428f71a78b39f93b9b9,https://www.youtube-nocookie.com/s/player/4f48ea67/www-player.css
8dd0861016ff7bfa3fa5810d683be16d2e6ab9c70a639428f71a78b39f93b9b9,https://www.youtube.com/s/player/8e54e4ea/www-player.css
8dd0861016ff7bfa3fa5810d683be16d2e6ab9c70a639428f71a78b39f93b9b9,https://www.youtube-nocookie.com/s/player/8e54e4ea/www-player.css
8dd0861016ff7bfa3fa5810d683be16d2e6ab9c70a639428f71a78b39f93b9b9,https://www.youtube.com/s/player/116dbe15/www-player.css
8dd0861016ff7bfa3fa5810d683be16d2e6ab9c70a639428f71a78b39f93b9b9,https://www.youtube-nocookie.com/s/player/116dbe15/www-player.css
8dd0861016ff7bfa3fa5810d683be16d2e6ab9c70a639428f71a78b39f93b9b9,https://www.youtube.com/s/player/09d72748/www-player.css
8dd0861016ff7bfa3fa5810d683be16d2e6ab9c70a639428f71a78b39f93b9b9,https://www.youtube-nocookie.com/s/player/09d72748/www-player.css
8dd0861016ff7bfa3fa5810d683be16d2e6ab9c70a639428f71a78b39f93b9b9,https://www.youtube.com/s/player/847bad37/www-player.css
8dd0861016ff7bfa3fa5810d683be16d2e6ab9c70a639428f71a78b39f93b9b9,https://www.youtube-nocookie.com/s/player/847bad37/www-player.css
8dd0861016ff7bfa3fa5810d683be16d2e6ab9c70a639428f71a78b39f93b9b9,https://www.youtube.com/s/player/5e4f1adf/www-player.css
8dd0861016ff7bfa3fa5810d683be16d2e6ab9c70a639428f71a78b39f93b9b9,https://www.youtube-nocookie.com/s/player/5e4f1adf/www-player.css
8dd0861016ff7bfa3fa5810d683be16d2e6ab9c70a639428f71a78b39f93b9b9,https://www.youtube.com/s/player/32dc5910/www-player.css
8dd0861016ff7bfa3fa5810d683be16d2e6ab9c70a639428f71a78b39f93b9b9,https://www.youtube-nocookie.com/s/player/32dc5910/www-player.css
8dd0861016ff7bfa3fa5810d683be16d2e6ab9c70a639428f71a78b39f93b9b9,https://www.youtube.com/s/player/207c58dc/www-player.css
8dd0861016ff7bfa3fa5810d683be16d2e6ab9c70a639428f71a78b39f93b9b9,https://www.youtube-nocookie.com/s/player/207c58dc/www-player.css
8df90e25ae067f5343cb1bca16ff1e06d86d4c51307fb506ea3203f9737f399c,https://www.youtube.com/s/player/b3613e85/player_ias.vflset/en_US/captions.js
8e01c236ba02676b50b31972bee1ef65f2577399aeeb8518d146f644ca171655,https://www.youtube.com/s/player/c4507267/player_ias.vflset/en_US/base.js
8e0498f0791ddc9eb347e1ba60f5bbed6f9750674bc7cfae14ab9e1f7cd918ee,https://www.youtube.com/s/player/ab4606fb/player_ias.vflset/en_US/base.js
8e1b4a6e0fd64380555d81be9c4675168afa62127c5c508ab67f45bc9fc5773f,https://cdnjs.cloudflare.com/ajax/libs/dayjs/1.11.18/plugin/isoWeeksInYear.js
8e1ea2045dc21f99344aa26e1daf415476ad38493c10bd2ebad1b860856aa167,https://cdnjs.cloudflare.com/ajax/libs/react-redux/9.2.0/react-redux.legacy-esm.js
8e3b0117f4df4be452c0b6af5b8f0a0acf9d4ade23d08d55d7e312af22077762,https://cdnjs.cloudflare.com/ajax/libs/crypto-js/4.1.1/crypto-js.min.js
8e5884d1be3041eafbab27d898b8e401e0263c5bebaba17c97d82240064a362c,https://ajax.aspnetcdn.com/ajax/bootstrap/3.3.0/bootstrap.js
8e73a30d35c83ea6a597c3343324d2b7df097ad26e67b62efb5266ee12d317b5,https://cdnjs.cloudflare.com/ajax/libs/jquery-mousewheel/3.1.13/jquery.mousewheel.min.js
8e7582efb99ff00bb7aeb6de0bfa65792592a5b4e81ae6caa7bf8cd8cb3180de,https://cdnjs.cloudflare.com/ajax/libs/moment.js/2.30.1/locale/si.js
8e7945801f940980120f40393c8af57757bfea91766023011ae27d54f90f3584,https://www.youtube.com/s/player/ef8f93ce/player_ias.vflset/en_US/base.js
8e7e5ea1b15f62ab14dbd41768e8fbcd21cc859a4ea5da812457ee714299fb35,https://cdnjs.cloudflare.com/ajax/libs/font-awesome/6.4.0/webfonts/fa-regular-400.woff2
8eb3cb67ef2f0f1b76167135cef6570a409c79b23f0bc0ede71c9a4018f1408a,https://ajax.aspnetcdn.com/ajax/jQuery/jquery-3.0.0.js
8eb8de78b65a9377a8de6a6fbde7b20fe0ff2266bdedc9c6c07027d30167cec9,https://ajax.googleapis.com/ajax/libs/d3js/7.4.2/d3.min.js
8ebfb953768aecbf0ab632283e537c7e37b626203f534320d9bdbb375ba7661a,https://www.youtube.com/s/player/ef5f17ca/player_ias.vflset/en_US/captions.js
8ee10cd3e6dd60fd0d3d5d95a55ecc68aaecc6178e074da3a583449ec8165dcf,https://cdnjs.cloudflare.com/ajax/libs/date-fns/4.1.0/fp/cdn.min.js
8ee5a228bda459ea4a917303afc030c5cec142f3a6efc03e6af0c7353d23cf22,https://cdnjs.cloudflare.com/ajax/libs/reselect/5.1.1/reselect.browser.mjs
8ef2db5a595cfc152650ad19b7735d69cbae70ef60ee612840e9ceecf5671822,https://cdnjs.cloudflare.com/ajax/libs/date-fns/4.1.0/locale/az/cdn.js
8ef80d2fcefad0e18cd164e7e87b2539ab82fc54b068eb0bbde160663b0a5769,https://ajax.aspnetcdn.com/ajax/bootstrap/2.3.2/css/bootstrap.css
8f0a19ee8c606b35a10904951e0a27da1896eafe33c6e88cb7bcbe455f05a24a,https://ajax.googleapis.com/ajax/libs/jquery/1.5.2/jquery.min.js
8f0a19ee8c606b35a10904951e0a27da1896eafe33c6e88cb7bcbe455f05a24a,https://ajax.aspnetcdn.com/ajax/jQuery/jquery-1.5.2.min.js
8f24862077717aa659bc9f521e03cd8dbb013fcae88a3eff5a3824a064c92029,https://cdnjs.cloudflare.com/ajax/libs/slick-carousel/1.6.0/slick.min.css
8f34cfdd22f42be729474d2b0ce8946afdfb6c4eeefdbc59a5aec2cbc7806dd0,https://ajax.aspnetcdn.com/ajax/mvc/5.1/jquery.validate.unobtrusive.min.js
8f5023e1c59da8a5b5e180bb1dabf51c209dbcb1920243ffc05e4705473b9dfd,https://ajax.googleapis.com/ajax/libs/d3js/5.11.0/d3.min.js
8f6ac67db8a862bcf73b9e0211e44536361d732e633314390b1350929f42f34c,https://www.youtube.com/s/player/0727df12/player_ias.vflset/en_US/base.js
8f705a6c86b815e41bc91e48b0038e03c6422f707e8f4c9060810e670ab8122b,https://cdnjs.cloudflare.com/ajax/libs/dayjs/1.11.18/locale/tzm-latn.js
8f7d64a42aadbfd6425d99eb3c8403d57e9d3b642a2828458f76345a5614fb97,https://cdnjs.cloudflare.com/ajax/libs/cheerio/1.1.2/dist/browser/api/extract.js
8f7d64a42aadbfd6425d99eb3c8403d57e9d3b642a2828458f76345a5614fb97,https://cdnjs.cloudflare.com/ajax/libs/cheerio/1.1.2/dist/esm/api/extract.js
8f8daa07c2200ca04a3f51d7730e154ddf32d73b3f0db916efda86ec64bb5928,https://ajax.aspnetcdn.com/ajax/signalr/jquery.signalr-2.2.0.min.js
8f9e64b5e6ee219e10c3fbcba7ccd66ad401846b7ac498889b15d1041095da83,https://cdnjs.cloudflare.com/ajax/libs/dayjs/1.11.18/plugin/isTomorrow.min.js
8fa379d5b7c3c8139c06ae97863a1508437d34023de7a57e56d7f2ddaca3a720,https://www.youtube.com/s/player/74edf1a3/player_ias.vflset/en_US/captions.js
8fb16383c9cc1a89325ec6a9f94f2e168a718d4cf54fc8d614ec8716721495ab,https://www.youtube.com/s/player/ef5f17ca/www-player.css
8fb16383c9cc1a89325ec6a9f94f2e168a718d4cf54fc8d614ec8716721495ab,https://www.youtube-nocookie.com/s/player/ef5f17ca/www-player.css
8fb17b2d411da5bedb59375e4de97831d1fa49ea82e760ec1364c0a3267f8d7a,https://www.youtube.com/s/player/fa305f43/player_ias.vflset/en_US/base.js
8fbabf110ebe5e20724900990f0bb73dcca1c62a92782586686018e7a8234345,https://cdnjs.cloudflare.com/ajax/libs/cheerio/1.1.2/dist/browser/parsers/parse5-adapter.js
8fbabf110ebe5e20724900990f0bb73dcca1c62a92782586686018e7a8234345,https://cdnjs.cloudflare.com/ajax/libs/cheerio/1.1.2/dist/esm/parsers/parse5-adapter.js
8fe3fa119255adb5e0c12479331f9e092e85bcff56ab6ecc0510bfa2056b898d,https://cdnjs.cloudflare.com/ajax/libs/animate.css/3.5.2/animate.min.css
900191a443115d8b48a9d68d3062e8b3d7129727951b8617465b485baf253006,https://ajax.googleapis.com/ajax/libs/jquery/1.3.0/jquery.min.js
90184ede782ffb1021583397e16507f73960cd93d2bde80b7b42d111f616b84f,https://cdnjs.cloudflare.com/ajax/libs/popper.js/2.11.8/esm/utils/orderModifiers.js
9018e1fccc68fb1ed1f6b9f08d39fc035168724cce14f2e5909d916d09f6d8b7,https://www.youtube.com/s/player/21176969/player_ias.vflset/en_US/base.js
90441cdf16c770891f40c523c18faa65d53afdafcf43216cb60b2835f8aca917,https://cdnjs.cloudflare.com/ajax/libs/popper.js/2.11.8/esm/utils/getAltAxis.js
90619ea35dc5c33b6d5ec409f9eed14aed8d16b5c02ddc7fd70bbb4ebe7a8e25,https://www.youtube.com/s/player/5570c7bc/player_ias.vflset/en_US/base.js
9067bfaca92851270fef7fc8eb5fdac8810120ef7d35835df4908b67f31d11aa,https://www.youtube.com/s/player/1703d336/player_ias.vflset/en_US/base.js
9069aebf984dc56b9916d4134e94cfb4f7f3e78bdfb3bfef7e05e04a0b1f9ac7,https://www.youtube.com/s/player/8a6e7bc4/player_ias.vflset/en_US/captions.js
9069aebf984dc56b9916d4134e94cfb4f7f3e78bdfb3bfef7e05e04a0b1f9ac7,https://www.youtube.com/s/player/dc1c41a7/player_ias.vflset/en_US/captions.js
9086fe1823d178688c93edf91d18baad6ef37121da157bf93a158a5297f70d6d,https://www.youtube.com/s/player/e5fcb1c4/player_ias.vflset/en_US/base.js
909ae563eb34f7e4285a3a643ab5d7c21c5e6a80f3f455b949ac45f08d0389b4,https://ajax.aspnetcdn.com/ajax/bootstrap/3.4.0/bootstrap.min.js
90b04428328a67e184fe1b1a1f28cb0d62bf6e298614ca241b6564fb24cb9e7e,https://cdnjs.cloudflare.com/ajax/libs/pdf.js/5.4.149/images/cursor-editorFreeHighlight.svg
90b1d04869a3ab9b9f97c4187a75789ac64d9e197536c835897c2daa342ef11f,https://cdnjs.cloudflare.com/ajax/libs/popper.js/2.11.8/esm/dom-utils/getDocumentElement.js
90c34bcadc80daed87d6950cc737aa2c34d1d0f8969e35a2965ea3e9d39a8e96,https://www.youtube.com/s/player/4d1dd0fc/player_ias.vflset/en_US/base.js
90c550f4e486586984b83b762aeddb14146fc7956c47770f62ffb30ee39faf4b,https://www.youtube.com/s/player/6ecf5f7a/player_ias.vflset/en_US/base.js
90fe4927c22e2149a25e995187cdfd4896f497345de053e194f5e93cf6b709c6,https://www.youtube.com/s/player/24fe6347/player_ias.vflset/en_US/base.js
91098166b764a077713cd0a6b5e2c15c9857a94fcd4f3c44a2df8fdc09219271,https://www.youtube.com/s/player/4c5cf06a/player_ias.vflset/en_US/captions.js
91098166b764a077713cd0a6b5e2c15c9857a94fcd4f3c44a2df8fdc09219271,https://www.youtube.com/s/player/23ba8f45/player_ias.vflset/en_US/captions.js
9117b792a4ed3ddb4b328f3d19d2d1337293973d7a1a1c8f2187ebc0f51bc989,https://cdnjs.cloudflare.com/ajax/libs/dayjs/1.11.18/locale/pt.js
912e9182833035948fe293a9d4e1ddc1382304916fae943d535e2685c8a9e850,https://ajax.aspnetcdn.com/ajax/bootstrap/3.0.0/bootstrap.js
9132fbf475d87d2b7d0682556285c51df333de07cade99ee67a6848ed667f122,https://cdnjs.cloudflare.com/ajax/libs/dayjs/1.11.18/locale/sk.min.js
91350c703ea591d00da1f834c03151d7b6c92ad22f62249285572b2fcce9fb10,https://cdnjs.cloudflare.com/ajax/libs/dayjs/1.11.18/plugin/isSameOrBefore.min.js
9145e37c366abf8cbac46a191488649f8e5801ddb142cf4197f2645600345cf1,https://cdnjs.cloudflare.com/ajax/libs/moment.js/2.30.1/locale/bo.min.js
915d1aba8fdb997699cc66f8e2823802b05f02487a4397cb7565bee13caaf048,https://ajax.googleapis.com/ajax/libs/mootools/1.2.4/mootools-yui-compressed.js
917208aa453454963b97038c74861c96c0a7fdaee9e1f4fe67768f6f5bf76221,https://www.youtube.com/s/player/e0528946/player_ias.vflset/en_US/base.js
9172c5b50d24722b565865b3005f20fd6d2b962487d67975979448b9c86957cd,https://ajax.aspnetcdn.com/ajax/bootstrap/4.0.0/css/bootstrap-grid.css
91ab20128af635f1c2f357639cdb896fa215ad5e7585c75e2d42af5f5b746f43,https://cdnjs.cloudflare.com/ajax/libs/moment.js/2.30.1/locale/tk.min.js
91de1771bf292651e4f3c97acc1c6272811b08f3b2781945f286f4e68d14fd15,https://cdnjs.cloudflare.com/ajax/libs/dayjs/1.11.18/locale/fy.min.js
91de71b873aaa7ea4b929b3bce50989f8ae2596d2dfdf07465e031e1f259d621,https://cdnjs.cloudflare.com/ajax/libs/dayjs/1.11.18/locale/et.min.js
91ee67500cc0129aa0ace3ac5c61ff1692102f0f31d02b69347fba35dcb75bf2,https://cdnjs.cloudflare.com/ajax/libs/KaTeX/0.16.9/fonts/KaTeX_SansSerif-Italic.woff
91f522608f12a362ca61e540222be1c0dba27e587c5029a9f1dd5a3d67b471ef,https://ajax.googleapis.com/ajax/libs/model-viewer/2.1.1/model-viewer.min.js
9200bd528a866a248b30c782029e723a189477ee26baed0ce3206aa3deb797d0,https://www.youtube.com/s/player/b2515611/www-player.css
9200bd528a866a248b30c782029e723a189477ee26baed0ce3206aa3deb797d0,https://www.youtube-nocookie.com/s/player/b2515611/www-player.css
9203dc51932b5833a4f7a459161c13ad45d78ccb62ef5cc56500d67817d9dbd7,https://www.youtube.com/s/player/681bbaf2/player_ias.vflset/en_US/base.js
92299a2a89d4fccee843ad8d066721ff42990740f25253570e40cdb9ad4dcaf5,https://www.youtube.com/s/player/504fc963/player_ias.vflset/en_US/base.js
922c4f644309f24650449ad9aa3fe56437dc3fd64e4f301c8cad506f6225b7c0,https://ajax.aspnetcdn.com/ajax/jQuery/jquery-1.8.0-vsdoc.js
9233d3f56b8cfdef977941f56b31c8ddd5312dc20b00dc70a4ab48ded231bb30,https://cdnjs.cloudflare.com/ajax/libs/moment.js/2.30.1/locale/fi.min.js
92355bb6c965d154f0a1baa20063f2867d5277e8de4846253f0524a4712952e7,https://cdnjs.cloudflare.com/ajax/libs/date-fns/4.1.0/locale/sq/cdn.js
9244b2bc2cc0a7033044eb74eef63536493fc457182f5b051f9b6cd0f675b1fe,https://cdnjs.cloudflare.com/ajax/libs/three.js/0.180.0/three.webgpu.nodes.min.js
924a152b5dd45f26d5c7a95cbe5ea26a8a03d1924d10f4df6738dfe005a30def,https://cdnjs.cloudflare.com/ajax/libs/dayjs/1.11.18/locale/my.js
924b0dc630d1c5dff9fa31aead9509775b1d476bfe0a5ac2977b2f11205a26ac,https://cdnjs.cloudflare.com/ajax/libs/OwlCarousel2/2.3.4/assets/owl.theme.default.min.css
9261efb3407e3a9096e4654750d8eff6b3a663422f48845c7fbcc65034c340cf,https://ajax.aspnetcdn.com/ajax/jQuery/jquery-3.7.1.slim.min.js
9261efb3407e3a9096e4654750d8eff6b3a663422f48845c7fbcc65034c340cf,https://cdnjs.cloudflare.com/ajax/libs/jquery/3.7.1/jquery.slim.min.js
92732cb26a774bc3e049c7e212d8ef1425413d63522ccca1fb1b0696854da4ad,https://cdnjs.cloudflare.com/ajax/libs/moment.js/2.30.1/locale/my.js
927476dd07432f4c426dc186f4809d39d0f68967dcef051f9b0acd01590f35cb,https://www.youtube.com/s/player/31da54c0/player_ias.vflset/en_US/captions.js
92791ed9bf33eb2836b2522f9dde5303221bd4ff08f30218be0167b8dfb6f3a3,https://cdnjs.cloudflare.com/ajax/libs/prism/9000.0.1/components/prism-yaml.js
928f0f1361a114f4b965df98e1b4cc11a9766a5292a29c79f13318edc3461dbc,https://ajax.googleapis.com/ajax/libs/jquery/1.2.6/jquery.min.js
9295b344df14b5395a612fed63350619d029e91cc2e80e9a2a5f920e38b88972,https://cdnjs.cloudflare.com/ajax/libs/preact/10.27.2/hooks.module.js
92aab82d84673b820426c2ea6dd224682128bc188dc18af359af8e74046d199e,https://cdnjs.cloudflare.com/ajax/libs/prettier/3.6.2/standalone.min.js
92b2247f490e9d71874a2e68b48b9964257c96a1cff0e9785eef07ca0e429697,https://cdnjs.cloudflare.com/ajax/libs/popper.js/2.11.8/esm/modifiers/offset.min.js
92dfadfb06400959e834cade5dd88fddcce645c0a36ab28972ef2ae8a89b7df9,https://cdnjs.cloudflare.com/ajax/libs/tailwindcss/4.1.13/lib.js
92ef8aae9ca870847d6fe80b1a5015af17bd7ce593a914e40d84999c75f34589,https://cdnjs.cloudflare.com/ajax/libs/moment.js/2.30.1/locale/bg.min.js
93363ef6e6b3bb49ab11828d8a17ceb5bb57b5bde997b0823fdece59c4c7f0a4,https://cdnjs.cloudflare.com/ajax/libs/moment.js/2.30.1/locale/zh-mo.min.js
93494b918b2eb79cd1be66145a41137ac0d65739ed6cb9e04f82bf1d7cdc7019,https://cdnjs.cloudflare.com/ajax/libs/crypto-js/4.2.0/hmac-sha384.js
935c81a36fb830db1b080681497606a40a62434633ea92293df8310a6c75697f,https://cdnjs.cloudflare.com/ajax/libs/moment.js/2.30.1/locale/es.min.js
9365920887b11b33a3dc4ba28a0f93951f200341263e3b9cefd384798e4be398,https://ajax.aspnetcdn.com/ajax/jQuery/jquery-3.2.1.slim.min.js
936b00264d1c7a877e7b9fb8af2bd55a0c3a1dce48ffccacfc6240baafafb7fe,https://cdnjs.cloudflare.com/ajax/libs/preact/10.27.2/hooks.js
93a955846c6772db3d1b36375bba47e7761f7070b61e1c0e8f433a27cae1bd98,https://cdnjs.cloudflare.com/ajax/libs/prism/9000.0.1/components/prism-bash.min.js
93b540d4f1bc21d5668854475e8efd2d6fcaa2f596704752a586ce07d471d475,https://cdnjs.cloudflare.com/ajax/libs/moment.js/2.30.1/locale/he.js
93c84cc28505bea08eda75047f81ad04b006ed84e02616228acdd8763f2c54b9,https://maps.googleapis.com/maps-api-v3/api/js/62/13e/infowindow.js
93d2b9e0d9c8912632d972e847541a29752775172824464ff2f0b6d18af5754f,https://www.youtube.com/s/player/68179ae3/player_ias.vflset/en_US/base.js
93d472661bcc8f66e0d1f77c2f7204e35b741e94d79e2bcca1e3cdfcab2adb9d,https://ajax.googleapis.com/ajax/libs/d3js/5.9.2/d3.min.js
93e9ea15b7405c0cccb50e3d6267e2802128fb61a38ee268569b76301d3074ac,https://cdnjs.cloudflare.com/ajax/libs/dayjs/1.11.18/locale/ja.js
93ec274a2c63f8a15b8c6ec2aae87b0cdc99d9ddacd731f83947253f7d85bf3b,https://cdnjs.cloudflare.com/ajax/libs/dayjs/1.11.18/plugin/quarterOfYear.min.js
941398406af40791c5b21944e3d56cb7302408b3236c3174513aa2a0350650c8,https://cdnjs.cloudflare.com/ajax/libs/popper.js/2.11.8/esm/dom-utils/getClippingRect.min.js
9422db2bf639f1e9f9bb32a30b38a029195464fb132ae8b249d6d1bd7389f0ae,https://cdnjs.cloudflare.com/ajax/libs/protobufjs/7.5.4/light/protobuf.min.js
94237bba07f8c38eaa2548eec2f6922b17f28e77b6717f172a61c845bcb4d96a,https://www.youtube.com/s/player/dbb1f29d/player_ias.vflset/en_US/captions.js
9427fe2df51f7d4c6bf35f96d19169714d0b432b99dc18f41760d0342c538122,https://ajax.aspnetcdn.com/ajax/jQuery/jquery-2.0.3.js
9429785d1e7f805d46640c4155957fd0f286144dec05cea09f6f2eaa646adb21,https://cdnjs.cloudflare.com/ajax/libs/pako/2.1.0/pako_deflate.min.js
945f2b04034f08f0df90dcc807c38b40ddf493db76d7a7804aaf2b7ff5586cd9,https://ajax.aspnetcdn.com/ajax/jQuery/jquery-1.4.2.min.js
9461fb308c4b68dc57eacc3c350fc46d556723d3e79309d24d267403103bb13d,https://cdnjs.cloudflare.com/ajax/libs/prism/9000.0.1/components/prism-dart.min.js
94861d570cf43bc97246decbe70a49ff93cdf2b45543163c14e19ce63a49acad,https://www.youtube.com/s/player/e7f8ddfa/player_ias.vflset/en_US/captions.js
94861d570cf43bc97246decbe70a49ff93cdf2b45543163c14e19ce63a49acad,https://www.youtube.com/s/player/5f803d10/player_ias.vflset/en_US/captions.js
94861d570cf43bc97246decbe70a49ff93cdf2b45543163c14e19ce63a49acad,https://www.youtube.com/s/player/38bfa716/player_ias.vflset/en_US/captions.js
9489a87bfb592913396f5b5102ba9414aadafe51a2287aeac1f085095a979124,https://cdnjs.cloudflare.com/ajax/libs/prism/9000.0.1/components/prism-handlebars.min.js
948c8b5f073b50cc620cf6579e5e4bd70835418d09542376840aa1543262512b,https://www.youtube.com/s/player/b783aee4/player_ias.vflset/en_US/base.js
94a1563faab9fe61f359a515042f56e2672886200e084de98bbd98769f71ba69,https://cdnjs.cloudflare.com/ajax/libs/moment.js/2.30.1/locale/dv.js
94a48cac314f9e5672a8371948e018921c6eb39b191eb07824fec3f442d001ef,https://cdnjs.cloudflare.com/ajax/libs/popper.js/2.11.8/esm/utils/math.min.js
94d300905740b5f3d1200df0bc79348319d080bce8e6474ed852bda4c22690ee,https://cdnjs.cloudflare.com/ajax/libs/pako/2.1.0/pako.esm.mjs
94e1bbc1c2a41ebc73fa5253fd563256c0035b4d69181e48f9aef9e474a11251,https://cdnjs.cloudflare.com/ajax/libs/font-awesome/6.0.0-beta3/webfonts/fa-solid-900.woff2
94ebf6648ec5033396dacab75a27078049ed38c39205930f8acd64ce87d16efc,https://ajax.googleapis.com/ajax/libs/shaka-player/4.11.0/shaka-player.compiled.js
94f137c233766bb0015876c6cfbf8c28125aca4cb3a826d4f7a0495a38a8f3a5,https://cdnjs.cloudflare.com/ajax/libs/gsap/2.1.3/TweenMax.min.js
951d6bae39eb172f57a88bd686f7a921cf060fd21f59648f0d20b6a8f98fc5a5,https://ajax.aspnetcdn.com/ajax/jQuery/jquery-1.6.4.min.js
9526f0e1eab117d26105c2240a97b8788057e7b40b6c5462b807cd031910db1c,https://www.youtube.com/s/player/79fcc67d/player_ias.vflset/en_US/captions.js
954516f9f25b4f5d6be0b92a78af57f4952fda13d1ed72f1247cc313d5e34161,https://cdnjs.cloudflare.com/ajax/libs/bowser/2.12.1/es5.min.js
957a0e06c48d75bc6c0f1eb4337617dabd551a8d860afa0dc323cc64f3db220e,https://cdnjs.cloudflare.com/ajax/libs/crypto-js/4.2.0/rabbit.min.js
95914789b5f3307a3718679e867d61b9d4c03f749cd2e2970570331d7d6c8ed9,https://ajax.googleapis.com/ajax/libs/jquery/1.12.2/jquery.min.js
95914789b5f3307a3718679e867d61b9d4c03f749cd2e2970570331d7d6c8ed9,https://ajax.aspnetcdn.com/ajax/jQuery/jquery-1.12.2.min.js
959b52498e30dbc111320f0344943813173045ad6459ffadf6e1395a09ac9c84,https://cdnjs.cloudflare.com/ajax/libs/moment.js/2.30.1/locale/en-nz.min.js
95a5d6b46c9da70a89f0903e5fdc769a2c266a22a19fcb5598e5448a044db4fe,https://ajax.aspnetcdn.com/ajax/jQuery/jquery-2.2.3.js
95b44d890d8310edc29c77ac7e08a4198a911d5b255c30bad32d2a419eb140d1,https://cdnjs.cloudflare.com/ajax/libs/date-fns/4.1.0/locale/en-US/cdn.js
95c974679dba419b7d835fa51340c430bd0066bdc38a7a139caa575b67389d7e,https://cdnjs.cloudflare.com/ajax/libs/moment.js/2.30.1/locale/et.js
95c98e1ed98fae9a5a035a4d7c2d8462ba361bffe42c96395f8f563070cddb77,https://www.youtube.com/s/player/d03787ac/www-player.css
95c98e1ed98fae9a5a035a4d7c2d8462ba361bffe42c96395f8f563070cddb77,https://www.youtube-nocookie.com/s/player/d03787ac/www-player.css
95d5b67a78f81f3c071b01f888c9a468c13c8288597b64c99ff829e35b51a012,https://ajax.googleapis.com/ajax/libs/jqueryui/1.11.2/themes/smoothness/jquery-ui.css
95dc2a2813902cbc4f73d08a0b40c82075f5bf54580be75195be267fa937a398,https://ajax.aspnetcdn.com/ajax/jQuery/jquery-1.8.2-vsdoc.js
9609481aa437379b76df93838cd43066db8972ba2f2efb93ed47a54e5c56a4b4,https://cdnjs.cloudflare.com/ajax/libs/handlebars.js/4.7.8/handlebars.js
9614a9461fdcecb7b4cfc0b87ff9ecba099f91c63ba88f06ea64c2255c4c114a,https://www.youtube.com/s/player/445213fb/player_ias.vflset/en_US/base.js
963af89f139c7219081cff53885f61d951dee0a13aad3e220105afcbd596564f,https://cdnjs.cloudflare.com/ajax/libs/popper.js/2.11.8/esm/dom-utils/instanceOf.min.js
964826c519a202aefc88aff3dcfd9cdec7f173e77047476b9c4a47c5768baffb,https://cdnjs.cloudflare.com/ajax/libs/dayjs/1.11.18/locale/am.min.js
9649a8fffb6795c25c04e226ad3ca765f53ba66e1504c19f8ba05fcdde8b41fc,https://ajax.googleapis.com/ajax/libs/myanmar-tools/1.2.1/zawgyi_detector.min.js
9649a8fffb6795c25c04e226ad3ca765f53ba66e1504c19f8ba05fcdde8b41fc,https://ajax.googleapis.com/ajax/libs/myanmar-tools/1.2.0/zawgyi_detector.min.js
9651faea492603781c7bc8849e7bff2a7eaab3f38ddda5a1c8b07e0556e22522,https://cdnjs.cloudflare.com/ajax/libs/react-dom/19.1.1/cjs/react-dom-server.bun.production.min.js
965404226125522df85bf9ae1c7e0673f8d81afcb897db8eff13d4624f5ffe62,https://www.youtube.com/s/player/3859fa39/player_ias.vflset/en_US/base.js
9670e2244dd63556408fc20671fd763fb91be52041eee92934710e75e2b3b7fa,https://cdnjs.cloudflare.com/ajax/libs/moment.js/2.30.1/locale/it-ch.js
9673f6d7a10086cda8228f1c080ec032e8f34e3a3de2f1413582e0a6cc6f2128,https://cdnjs.cloudflare.com/ajax/libs/moment.js/2.30.1/locale/kn.js
9685145fc6691742536e349a2953828a84fd729012f34f00cb09b8a26f713b6f,https://cdnjs.cloudflare.com/ajax/libs/angular-ui-utils/0.1.1/angular-ui-utils.min.js
969b6ec87a18b6b0a59553444b81e3ebe1b611923d0aa4a352422dcb59292a9f,https://cdnjs.cloudflare.com/ajax/libs/react-is/19.1.1/cjs/react-is.production.js
96b126417447a9c5d415f06e00e2e6372248c9857f5ff60b6477f8c6f55c449a,https://ajax.aspnetcdn.com/ajax/bootstrap/3.3.0/css/bootstrap.min.css
96c01b81f44a3290e2b4532f55e2c9534b2adc43273a19f3756b2cb41f0fd0b6,https://cdnjs.cloudflare.com/ajax/libs/gsap/3.13.0/gsap.min.js
96c54e07edd8866e877b93244cedc1c3f5f0e0d5caef06184e2d58f8cff63eb3,https://ajax.aspnetcdn.com/ajax/jquery.migrate/jquery-migrate-3.0.0.js
96dde380f1841584cc7e4dbf5e2ea2855e44627f70ba5618dfdb89c160e8131c,https://cdnjs.cloudflare.com/ajax/libs/dayjs/1.11.18/locale/ar.js
96e7944e715e13ca9a8f6fc74a64e6347d77292f773ae6db734afe4e8113b308,https://www.youtube.com/s/player/d5541cec/player_ias.vflset/en_US/base.js
96eb2fb79e7ae583b91843070f77b667ccf9a1a29bb69f21a1f877be2002ab00,https://cdnjs.cloudflare.com/ajax/libs/react/19.1.1/cjs/react-jsx-dev-runtime.react-server.development.min.js
96eb2fb79e7ae583b91843070f77b667ccf9a1a29bb69f21a1f877be2002ab00,https://cdnjs.cloudflare.com/ajax/libs/react/19.1.1/cjs/react-jsx-runtime.react-server.development.min.js
970012c382cb9d0ca6334cd8359c20169bb0c3ed1d07ae35f74a512f45080da0,https://cdnjs.cloudflare.com/ajax/libs/popper.js/2.11.8/esm/dom-utils/getWindow.min.js
9720de4592dd94861f2fabb51110533fe44620f517e50448dd828a7f2eef7009,https://cdnjs.cloudflare.com/ajax/libs/moment.js/2.30.1/locale/ja.js
972abf2654c1fa7be19c35d161943cad00aea997566fec84a02b4eb6676cfef9,https://www.youtube.com/s/player/75dfc895/player_ias.vflset/en_US/base.js
972e5a5387dde3b6d85ab77337d59ebafca988bf220145caa4b27dc742134dc5,https://cdnjs.cloudflare.com/ajax/libs/pixelmatch/7.1.0/index.js
972f13893b7056c0567637a44ea4c994b1b3dd1b20e185ebf3478ae9086d74cb,https://ajax.aspnetcdn.com/ajax/knockout/knockout-3.4.0.js
973b5497f8a186f2d031147c1a06b574f0c6018340b54bf16de2401ebb1eec42,https://cdnjs.cloudflare.com/ajax/libs/date-fns/4.1.0/locale/az/cdn.min.js
9744827f9a38e4bcf42b95466cb61051b2bcc3cc4cc9722931f4595f59842d6f,https://cdnjs.cloudflare.com/ajax/libs/crypto-js/4.2.0/pad-zeropadding.min.js
97479ca6cce906abc961ecac96faa5f9ca2e61b8e7670d475826bcdee9a7c267,https://cdnjs.cloudflare.com/ajax/libs/KaTeX/0.16.9/fonts/KaTeX_Main-Italic.woff2
9755e5ec31e883733ae0232dbd9f1d5189fc02a82e4ea37138d80d11b58c2f5d,https://ajax.googleapis.com/ajax/libs/model-viewer/1.8.0/model-viewer.min.js
9768db56c17c9e3cd236c686283fb0910a0009659c42b5a5784e5418be4b5959,https://cdnjs.cloudflare.com/ajax/libs/cheerio/1.1.2/dist/commonjs/cheerio.min.js
97811d3be2661c3557eee0d7677cbf41ad9532eae1b4d38cb9c9e1241aed7c85,https://cdnjs.cloudflare.com/ajax/libs/dayjs/1.11.18/locale/zh.js
97c2074a7998ff0f96ac4f54f9dac8e9d23de971fc7cac01852b9aed1b2602ab,https://cdnjs.cloudflare.com/ajax/libs/request/2.88.2/lib/auth.min.js
97c66a5ac8b337c27f4e2856ad4724b6934fa75f0324f35fe6834c91820903f3,https://cdnjs.cloudflare.com/ajax/libs/prism/9000.0.1/components/prism-applescript.min.js
97d12c5f08f22f4a1ba3fd0d86582f442e05543a006cfd9a02cfa8ee0a049654,https://www.youtube.com/s/player/6b8eecd5/player_ias.vflset/en_US/base.js
97dc78ada28b2e4c0898e6f1d1085d4a3f4fa74d510a49c1fe94eab5fb8fa99c,https://cdnjs.cloudflare.com/ajax/libs/dayjs/1.11.18/locale/ht.min.js
97de00f17a3892b3b4338fde680f385ac6d471034c8b5ac75607e8857a461829,https://maps.googleapis.com/maps-api-v3/api/js/63/14d/geometry.js
980e5169552fea14cc2afad099f461cfc0046d90aaaf5a7a68d590217beb455c,https://cdnjs.cloudflare.com/ajax/libs/dayjs/1.11.18/locale/kn.js
9819b83080b190e2bdf2bd98e2763a29fcd5af9fffbd62fe660500f0a3b37fb1,https://cdnjs.cloudflare.com/ajax/libs/cheerio/1.1.2/dist/browser/options.js
9819b83080b190e2bdf2bd98e2763a29fcd5af9fffbd62fe660500f0a3b37fb1,https://cdnjs.cloudflare.com/ajax/libs/cheerio/1.1.2/dist/esm/options.js
98276de203ec661effd9191ff7164c7d261b0664b6f50528179266e63f21f924,https://cdnjs.cloudflare.com/ajax/libs/superagent/10.2.3/superagent.min.js
9834b82ad26e2a37583d22676a12dd2eb0fe7c80356a2114d0db1aa8b3899537,https://cdnjs.cloudflare.com/ajax/libs/font-awesome/5.15.4/webfonts/fa-solid-900.woff2
984617e35e16f2f5eb9386e74c61345de89154e5a483e3515cf1ae5d358a0165,https://www.youtube.com/s/player/f96c7636/player_ias.vflset/en_US/base.js
984acd2f740620302e317e5c1b0f0b50bb32d0e17f94521951545288ef8d0415,https://www.youtube.com/s/player/033fd556/player_ias.vflset/en_US/captions.js
985df5b94790d6e91b22c813a60d165ac2beda6846f86f50c84f0ca947a06662,https://cdnjs.cloudflare.com/ajax/libs/date-fns/4.1.0/locale/en-AU/cdn.js
985f1224c0eeec99d367a9db35e58e44b21e7eb9ce45831b15b4c108e41fd97f,https://cdn.jsdelivr.net/npm/swiper@11/swiper-bundle.min.js
986a48101bd0ff424efa03c520ff743e54303badd490a763a52f12ea4cd11973,https://www.youtube.com/s/player/b3613e85/www-player.css
986a48101bd0ff424efa03c520ff743e54303badd490a763a52f12ea4cd11973,https://www.youtube-nocookie.com/s/player/b3613e85/www-player.css
986ca486a1c9e58e9d8fc38d1db4e652e14c751ba1a6a15fd81439d261efe2b0,https://cdnjs.cloudflare.com/ajax/libs/crypto-js/4.2.0/sha512.js
987b7083a993d334425156b801370bd934b80eade3e7792c521bfddbfa13cdf4,https://www.youtube.com/s/player/12ae5f14/player_ias.vflset/en_US/captions.js
987b7083a993d334425156b801370bd934b80eade3e7792c521bfddbfa13cdf4,https://www.youtube.com/s/player/b91b2902/player_ias.vflset/en_US/captions.js
987b7083a993d334425156b801370bd934b80eade3e7792c521bfddbfa13cdf4,https://www.youtube.com/s/player/c72d3621/player_ias.vflset/en_US/captions.js
987b7083a993d334425156b801370bd934b80eade3e7792c521bfddbfa13cdf4,https://www.youtube.com/s/player/c2f7551f/player_ias.vflset/en_US/captions.js
987b7083a993d334425156b801370bd934b80eade3e7792c521bfddbfa13cdf4,https://www.youtube.com/s/player/53db3343/player_ias.vflset/en_US/captions.js
987b7083a993d334425156b801370bd934b80eade3e7792c521bfddbfa13cdf4,https://www.youtube.com/s/player/35c1167d/player_ias.vflset/en_US/captions.js
988c2dafcb305a7c6182c7627b325f9c50e5664afa6fddfc259cc4c53b2144da,https://cdnjs.cloudflare.com/ajax/libs/prism/9000.0.1/components/prism-sql.js
990677ebe2b1743fb574594d35839a86b4e81df39ab4f2d0aee8f1081becb682,https://cdnjs.cloudflare.com/ajax/libs/dayjs/1.11.18/locale/cs.js
9911634c353a7ce63a81139f914552fc80a499029a803ced8b32b6af88c53bf4,https://cdnjs.cloudflare.com/ajax/libs/moment.js/2.30.1/locale/th.js
9937b6f6e7f852fd180a75d02f223298a4541a8cec415d0cadad5dfde7d40929,https://cdnjs.cloudflare.com/ajax/libs/dayjs/1.11.18/plugin/isoWeek.js
99464ceb71bc9bbdcc72275faefe44f98eb5cbb6b5d8ee665b87b35376f1a96e,https://cdnjs.cloudflare.com/ajax/libs/font-awesome/5.15.4/css/all.min.css
994a645e643afd1b56abce28f144b16d93693e85845c73edb692cc8e9ce404d9,https://cdnjs.cloudflare.com/ajax/libs/cheerio/1.1.2/dist/commonjs/api/forms.min.js
9960f4a0ccaed4dccf9495881696e9c554666a1180bafcaddb35aa6cae83ef1b,https://cdnjs.cloudflare.com/ajax/libs/cheerio/1.1.2/dist/commonjs/parse.min.js
998496485d63296883d6749da92a6fbb494211c89b260dfd7f90832a95007ea7,https://ajax.googleapis.com/ajax/libs/dojo/1.2.0/dojo/dojo.js
99a3070b335a00b5918a189aed054a406a55a7ac6478ead3cdda568b5f4e9bbc,https://cdnjs.cloudflare.com/ajax/libs/popper.js/2.11.8/esm/modifiers/applyStyles.js
99a3be5c34b02ddd2c3779ed69f9a154733432a0ee9fe1893ee26c181a02ef6a,https://cdnjs.cloudflare.com/ajax/libs/dayjs/1.11.18/locale/fr-ca.min.js
99a9ec34ffc674da3af7bb1c504ac1ed8f5a6e9973b694d5328ff304074e002f,https://www.youtube.com/s/player/bbe4bdbc/player_ias.vflset/en_US/base.js
99c55c91b8f2c2f8c4422ac938dd2c5c801a44a2151fb674a2449e50af2dc68c,https://cdnjs.cloudflare.com/ajax/libs/dayjs/1.11.18/plugin/arraySupport.min.js
99cb4f3ed57ce6f5b5aa892c0708a5646c647e2c4df6b940df4b1fc0ade55096,https://cdnjs.cloudflare.com/ajax/libs/decimal.js/10.6.0/decimal.min.js
99cd42a3c072d918f2f44984a807cf7aa16e13545fd0875fc07c6c65f99e715b,https://cdnjs.cloudflare.com/ajax/libs/KaTeX/0.16.9/fonts/KaTeX_Main-BoldItalic.woff2
99d290a34abaed938e19c68e54ff19cc23ac158d4bc0a050697f48f6a8b3b0ea,https://ajax.aspnetcdn.com/ajax/bootstrap/3.3.0/css/bootstrap.css
99dac7fbf9ae7752d6e832284290a3aa527e0fbcb1dc5d2fd301a80be8531b20,https://cdnjs.cloudflare.com/ajax/libs/less.js/4.4.1/less.min.js
99f9c6750b489c9462bf04900bd3f939df9b829339daaaaa99ef5495cdddea58,https://cdnjs.cloudflare.com/ajax/libs/KaTeX/0.16.9/fonts/KaTeX_Size4-Regular.woff
9a08a61d529e0d430fe230fb93a48ade4e6befd80d652aab808dd4de5aeeca36,https://cdnjs.cloudflare.com/ajax/libs/moment.js/2.30.1/locale/br.min.js
9a0e30546ee9267bdddb3f0ce0fa20f184719b8a70b263ca0d1e2aa423d19db2,https://www.youtube.com/s/player/1406eaf9/player_ias.vflset/en_US/base.js
9a295ecf1e656a4ad9bb438ff5bd90585cb57edfd41142ba347d49ab3f215214,https://ajax.aspnetcdn.com/ajax/jQuery/jquery-3.4.0.slim.js
9a32fe79963cba8bde72afebc913705add3a86d66d553df523fc6014662f8631,https://cdnjs.cloudflare.com/ajax/libs/prism/9000.0.1/components/prism-swift.js
9a35119f996fe9b0e47c2f3a397b6550712112175d9349beb2e07dc5c7670f43,https://ajax.googleapis.com/ajax/libs/shaka-player/3.2.21/shaka-player.compiled.js
9a3c909e8c3b6604bfd7a48a3c7e61504292744d894bce1266b44691b857c1bc,https://cdnjs.cloudflare.com/ajax/libs/crypto-js/4.2.0/pad-pkcs7.js
9a680f1212888ede7dcae6bfc8cafc447babf4ce531271c8d07277b0aedade96,https://cdnjs.cloudflare.com/ajax/libs/pdf.js/5.4.149/images/annotation-check.svg
9a6b309fad4e18c2df4c56deebfbb752ea19044036b1f92b8f765bfd8928e204,https://ajax.aspnetcdn.com/ajax/respond/1.4.2/respond.matchmedia.addListener.js
9a971684019952062f6924df8daaa1dc29d20e83048bb24ce9736f21ba60a40f,https://cdnjs.cloudflare.com/ajax/libs/html2canvas/1.4.1/html2canvas.esm.min.js
9a98460960abd8cccf7f15b1a026e7bbf599eff38577c31b8125064c99e4be7b,https://cdnjs.cloudflare.com/ajax/libs/vue/3.5.22/vue.runtime.global.prod.min.js
9ab451fff6eb9596d42b578b3f6de9e50b31ace50455e308f24eb53cd45f8b1f,https://cdnjs.cloudflare.com/ajax/libs/prism/9000.0.1/components/prism-go.min.js
9abcf89d802369380fdd7bd8bfbfcb7db3984e0b052e94ba2f8c9301f2892509,https://static.parastorage.com/unpkg-semver/fedops-logger@5/fedops-logger.bundle.min.js
9ac0a8e2c461689284de03ecfb71ac2aae54ffdc85e7d30013be1b7625b5bf88,https://www.youtube.com/s/player/207c58dc/player_ias.vflset/en_US/captions.js
9ae5de6e5545d5495a584a4c62435dd57465d3a1491bbc4ee594078c2138a11e,https://cdnjs.cloudflare.com/ajax/libs/date-fns/4.1.0/locale/es/cdn.min.js
9aeaf25ce3c591525c24ed5816686e2b25d89860d3d93615c62bc6d0c0a04738,https://cdnjs.cloudflare.com/ajax/libs/dayjs/1.11.18/plugin/relativeTime.js
9af313ed10b2fb2eb40b7cf476ec0ba74a3babe175e1bfc5d02308aeb54309fd,https://www.youtube.com/s/player/445213fb/www-widgetapi.vflset/www-widgetapi.js
9af313ed10b2fb2eb40b7cf476ec0ba74a3babe175e1bfc5d02308aeb54309fd,https://www.youtube.com/s/player/712f0810/www-widgetapi.vflset/www-widgetapi.js
9af313ed10b2fb2eb40b7cf476ec0ba74a3babe175e1bfc5d02308aeb54309fd,https://www.youtube.com/s/player/88c25a98/www-widgetapi.vflset/www-widgetapi.js
9af313ed10b2fb2eb40b7cf476ec0ba74a3babe175e1bfc5d02308aeb54309fd,https://www.youtube.com/s/player/c7119fda/www-widgetapi.vflset/www-widgetapi.js
9af313ed10b2fb2eb40b7cf476ec0ba74a3babe175e1bfc5d02308aeb54309fd,https://www.youtube.com/s/player/1acfe3aa/www-widgetapi.vflset/www-widgetapi.js
9af313ed10b2fb2eb40b7cf476ec0ba74a3babe175e1bfc5d02308aeb54309fd,https://www.youtube.com/s/player/bb52fe90/www-widgetapi.vflset/www-widgetapi.js
9af313ed10b2fb2eb40b7cf476ec0ba74a3babe175e1bfc5d02308aeb54309fd,https://www.youtube.com/s/player/e40d18fc/www-widgetapi.vflset/www-widgetapi.js
9af313ed10b2fb2eb40b7cf476ec0ba74a3babe175e1bfc5d02308aeb54309fd,https://www.youtube.com/s/player/2c206033/www-widgetapi.vflset/www-widgetapi.js
9af313ed10b2fb2eb40b7cf476ec0ba74a3babe175e1bfc5d02308aeb54309fd,https://www.youtube.com/s/player/a57ec7c6/www-widgetapi.vflset/www-widgetapi.js
9af313ed10b2fb2eb40b7cf476ec0ba74a3babe175e1bfc5d02308aeb54309fd,https://www.youtube.com/s/player/6bac48cb/www-widgetapi.vflset/www-widgetapi.js
9af313ed10b2fb2eb40b7cf476ec0ba74a3babe175e1bfc5d02308aeb54309fd,https://www.youtube.com/s/player/c2dd02e1/www-widgetapi.vflset/www-widgetapi.js
9af313ed10b2fb2eb40b7cf476ec0ba74a3babe175e1bfc5d02308aeb54309fd,https://www.youtube.com/s/player/c2b286e4/www-widgetapi.vflset/www-widgetapi.js
9af313ed10b2fb2eb40b7cf476ec0ba74a3babe175e1bfc5d02308aeb54309fd,https://www.youtube.com/s/player/7ce603a3/www-widgetapi.vflset/www-widgetapi.js
9af313ed10b2fb2eb40b7cf476ec0ba74a3babe175e1bfc5d02308aeb54309fd,https://www.youtube.com/s/player/959dabb2/www-widgetapi.vflset/www-widgetapi.js
9af313ed10b2fb2eb40b7cf476ec0ba74a3babe175e1bfc5d02308aeb54309fd,https://www.youtube.com/s/player/59a3aff2/www-widgetapi.vflset/www-widgetapi.js
9af313ed10b2fb2eb40b7cf476ec0ba74a3babe175e1bfc5d02308aeb54309fd,https://www.youtube.com/s/player/ed89dc10/www-widgetapi.vflset/www-widgetapi.js
9af313ed10b2fb2eb40b7cf476ec0ba74a3babe175e1bfc5d02308aeb54309fd,https://www.youtube.com/s/player/bcea3860/www-widgetapi.vflset/www-widgetapi.js
9af313ed10b2fb2eb40b7cf476ec0ba74a3babe175e1bfc5d02308aeb54309fd,https://www.youtube.com/s/player/444511ca/www-widgetapi.vflset/www-widgetapi.js
9af313ed10b2fb2eb40b7cf476ec0ba74a3babe175e1bfc5d02308aeb54309fd,https://www.youtube.com/s/player/a32660fc/www-widgetapi.vflset/www-widgetapi.js
9af313ed10b2fb2eb40b7cf476ec0ba74a3babe175e1bfc5d02308aeb54309fd,https://www.youtube.com/s/player/b783aee4/www-widgetapi.vflset/www-widgetapi.js
9af313ed10b2fb2eb40b7cf476ec0ba74a3babe175e1bfc5d02308aeb54309fd,https://www.youtube.com/s/player/c9ede538/www-widgetapi.vflset/www-widgetapi.js
9af313ed10b2fb2eb40b7cf476ec0ba74a3babe175e1bfc5d02308aeb54309fd,https://www.youtube.com/s/player/9be3886e/www-widgetapi.vflset/www-widgetapi.js
9af313ed10b2fb2eb40b7cf476ec0ba74a3babe175e1bfc5d02308aeb54309fd,https://www.youtube.com/s/player/6b8eecd5/www-widgetapi.vflset/www-widgetapi.js
9af313ed10b2fb2eb40b7cf476ec0ba74a3babe175e1bfc5d02308aeb54309fd,https://www.youtube.com/s/player/16ee6936/www-widgetapi.vflset/www-widgetapi.js
9af313ed10b2fb2eb40b7cf476ec0ba74a3babe175e1bfc5d02308aeb54309fd,https://www.youtube.com/s/player/e5fcb1c4/www-widgetapi.vflset/www-widgetapi.js
9af313ed10b2fb2eb40b7cf476ec0ba74a3babe175e1bfc5d02308aeb54309fd,https://www.youtube.com/s/player/ce74690f/www-widgetapi.vflset/www-widgetapi.js
9af313ed10b2fb2eb40b7cf476ec0ba74a3babe175e1bfc5d02308aeb54309fd,https://www.youtube.com/s/player/7256bbfc/www-widgetapi.vflset/www-widgetapi.js
9af313ed10b2fb2eb40b7cf476ec0ba74a3babe175e1bfc5d02308aeb54309fd,https://www.youtube.com/s/player/68179ae3/www-widgetapi.vflset/www-widgetapi.js
9af313ed10b2fb2eb40b7cf476ec0ba74a3babe175e1bfc5d02308aeb54309fd,https://www.youtube.com/s/player/2a850cbf/www-widgetapi.vflset/www-widgetapi.js
9af313ed10b2fb2eb40b7cf476ec0ba74a3babe175e1bfc5d02308aeb54309fd,https://www.youtube.com/s/player/16886a7c/www-widgetapi.vflset/www-widgetapi.js
9af313ed10b2fb2eb40b7cf476ec0ba74a3babe175e1bfc5d02308aeb54309fd,https://www.youtube.com/s/player/8c20e431/www-widgetapi.vflset/www-widgetapi.js
9af313ed10b2fb2eb40b7cf476ec0ba74a3babe175e1bfc5d02308aeb54309fd,https://www.youtube.com/s/player/e7d74527/www-widgetapi.vflset/www-widgetapi.js
9af313ed10b2fb2eb40b7cf476ec0ba74a3babe175e1bfc5d02308aeb54309fd,https://www.youtube.com/s/player/69e2a55d/www-widgetapi.vflset/www-widgetapi.js
9af313ed10b2fb2eb40b7cf476ec0ba74a3babe175e1bfc5d02308aeb54309fd,https://www.youtube.com/s/player/bac06df9/www-widgetapi.vflset/www-widgetapi.js
9af313ed10b2fb2eb40b7cf476ec0ba74a3babe175e1bfc5d02308aeb54309fd,https://www.youtube.com/s/player/ea7a7460/www-widgetapi.vflset/www-widgetapi.js
9af313ed10b2fb2eb40b7cf476ec0ba74a3babe175e1bfc5d02308aeb54309fd,https://www.youtube.com/s/player/fa26f70e/www-widgetapi.vflset/www-widgetapi.js
9af313ed10b2fb2eb40b7cf476ec0ba74a3babe175e1bfc5d02308aeb54309fd,https://www.youtube.com/s/player/e5ae3fff/www-widgetapi.vflset/www-widgetapi.js
9af313ed10b2fb2eb40b7cf476ec0ba74a3babe175e1bfc5d02308aeb54309fd,https://www.youtube.com/s/player/f1ddd097/www-widgetapi.vflset/www-widgetapi.js
9af313ed10b2fb2eb40b7cf476ec0ba74a3babe175e1bfc5d02308aeb54309fd,https://www.youtube.com/s/player/82ae1e3c/www-widgetapi.vflset/www-widgetapi.js
9af313ed10b2fb2eb40b7cf476ec0ba74a3babe175e1bfc5d02308aeb54309fd,https://www.youtube.com/s/player/06459dfc/www-widgetapi.vflset/www-widgetapi.js
9af313ed10b2fb2eb40b7cf476ec0ba74a3babe175e1bfc5d02308aeb54309fd,https://www.youtube.com/s/player/5d6c9da0/www-widgetapi.vflset/www-widgetapi.js
9af313ed10b2fb2eb40b7cf476ec0ba74a3babe175e1bfc5d02308aeb54309fd,https://www.youtube.com/s/player/c6e9bca4/www-widgetapi.vflset/www-widgetapi.js
9af313ed10b2fb2eb40b7cf476ec0ba74a3babe175e1bfc5d02308aeb54309fd,https://www.youtube.com/s/player/04586e8e/www-widgetapi.vflset/www-widgetapi.js
9af313ed10b2fb2eb40b7cf476ec0ba74a3babe175e1bfc5d02308aeb54309fd,https://www.youtube.com/s/player/0006d355/www-widgetapi.vflset/www-widgetapi.js
9af313ed10b2fb2eb40b7cf476ec0ba74a3babe175e1bfc5d02308aeb54309fd,https://www.youtube.com/s/player/658ecde4/www-widgetapi.vflset/www-widgetapi.js
9af313ed10b2fb2eb40b7cf476ec0ba74a3babe175e1bfc5d02308aeb54309fd,https://www.youtube.com/s/player/9d2ef9ef/www-widgetapi.vflset/www-widgetapi.js
9af313ed10b2fb2eb40b7cf476ec0ba74a3babe175e1bfc5d02308aeb54309fd,https://www.youtube.com/s/player/880394d5/www-widgetapi.vflset/www-widgetapi.js
9af313ed10b2fb2eb40b7cf476ec0ba74a3babe175e1bfc5d02308aeb54309fd,https://www.youtube.com/s/player/b9313b14/www-widgetapi.vflset/www-widgetapi.js
9af313ed10b2fb2eb40b7cf476ec0ba74a3babe175e1bfc5d02308aeb54309fd,https://www.youtube.com/s/player/08bf6746/www-widgetapi.vflset/www-widgetapi.js
9af313ed10b2fb2eb40b7cf476ec0ba74a3babe175e1bfc5d02308aeb54309fd,https://www.youtube.com/s/player/ef8f93ce/www-widgetapi.vflset/www-widgetapi.js
9af313ed10b2fb2eb40b7cf476ec0ba74a3babe175e1bfc5d02308aeb54309fd,https://www.youtube.com/s/player/12472e7f/www-widgetapi.vflset/www-widgetapi.js
9af313ed10b2fb2eb40b7cf476ec0ba74a3babe175e1bfc5d02308aeb54309fd,https://www.youtube.com/s/player/1943d24e/www-widgetapi.vflset/www-widgetapi.js
9af313ed10b2fb2eb40b7cf476ec0ba74a3babe175e1bfc5d02308aeb54309fd,https://www.youtube.com/s/player/2f47d04e/www-widgetapi.vflset/www-widgetapi.js
9af313ed10b2fb2eb40b7cf476ec0ba74a3babe175e1bfc5d02308aeb54309fd,https://www.youtube.com/s/player/5cabb421/www-widgetapi.vflset/www-widgetapi.js
9af313ed10b2fb2eb40b7cf476ec0ba74a3babe175e1bfc5d02308aeb54309fd,https://www.youtube.com/s/player/9d55332c/www-widgetapi.vflset/www-widgetapi.js
9af313ed10b2fb2eb40b7cf476ec0ba74a3babe175e1bfc5d02308aeb54309fd,https://www.youtube.com/s/player/3b846ccb/www-widgetapi.vflset/www-widgetapi.js
9af313ed10b2fb2eb40b7cf476ec0ba74a3babe175e1bfc5d02308aeb54309fd,https://www.youtube.com/s/player/7c23feb2/www-widgetapi.vflset/www-widgetapi.js
9af313ed10b2fb2eb40b7cf476ec0ba74a3babe175e1bfc5d02308aeb54309fd,https://www.youtube.com/s/player/6d92eed5/www-widgetapi.vflset/www-widgetapi.js
9af313ed10b2fb2eb40b7cf476ec0ba74a3babe175e1bfc5d02308aeb54309fd,https://www.youtube.com/s/player/6e3a87bf/www-widgetapi.vflset/www-widgetapi.js
9af313ed10b2fb2eb40b7cf476ec0ba74a3babe175e1bfc5d02308aeb54309fd,https://www.youtube.com/s/player/4f38b487/www-widgetapi.vflset/www-widgetapi.js
9af313ed10b2fb2eb40b7cf476ec0ba74a3babe175e1bfc5d02308aeb54309fd,https://www.youtube.com/s/player/f53077c5/www-widgetapi.vflset/www-widgetapi.js
9af313ed10b2fb2eb40b7cf476ec0ba74a3babe175e1bfc5d02308aeb54309fd,https://www.youtube.com/s/player/1ac41de2/www-widgetapi.vflset/www-widgetapi.js
9af313ed10b2fb2eb40b7cf476ec0ba74a3babe175e1bfc5d02308aeb54309fd,https://www.youtube.com/s/player/ed1f8bcd/www-widgetapi.vflset/www-widgetapi.js
9af313ed10b2fb2eb40b7cf476ec0ba74a3babe175e1bfc5d02308aeb54309fd,https://www.youtube.com/s/player/8d89ad35/www-widgetapi.vflset/www-widgetapi.js
9af313ed10b2fb2eb40b7cf476ec0ba74a3babe175e1bfc5d02308aeb54309fd,https://www.youtube.com/s/player/96719157/www-widgetapi.vflset/www-widgetapi.js
9af313ed10b2fb2eb40b7cf476ec0ba74a3babe175e1bfc5d02308aeb54309fd,https://www.youtube.com/s/player/19b1fd9c/www-widgetapi.vflset/www-widgetapi.js
9af313ed10b2fb2eb40b7cf476ec0ba74a3babe175e1bfc5d02308aeb54309fd,https://www.youtube.com/s/player/9c249f6f/www-widgetapi.vflset/www-widgetapi.js
9af313ed10b2fb2eb40b7cf476ec0ba74a3babe175e1bfc5d02308aeb54309fd,https://www.youtube.com/s/player/84fd6c82/www-widgetapi.vflset/www-widgetapi.js
9af313ed10b2fb2eb40b7cf476ec0ba74a3babe175e1bfc5d02308aeb54309fd,https://www.youtube.com/s/player/d5f789e7/www-widgetapi.vflset/www-widgetapi.js
9af313ed10b2fb2eb40b7cf476ec0ba74a3babe175e1bfc5d02308aeb54309fd,https://www.youtube.com/s/player/aa4449ca/www-widgetapi.vflset/www-widgetapi.js
9af313ed10b2fb2eb40b7cf476ec0ba74a3babe175e1bfc5d02308aeb54309fd,https://www.youtube.com/s/player/4b0dda90/www-widgetapi.vflset/www-widgetapi.js
9af313ed10b2fb2eb40b7cf476ec0ba74a3babe175e1bfc5d02308aeb54309fd,https://www.youtube.com/s/player/1b71165f/www-widgetapi.vflset/www-widgetapi.js
9af313ed10b2fb2eb40b7cf476ec0ba74a3babe175e1bfc5d02308aeb54309fd,https://www.youtube.com/s/player/033fd556/www-widgetapi.vflset/www-widgetapi.js
9af313ed10b2fb2eb40b7cf476ec0ba74a3babe175e1bfc5d02308aeb54309fd,https://www.youtube.com/s/player/3bf393b6/www-widgetapi.vflset/www-widgetapi.js
9af313ed10b2fb2eb40b7cf476ec0ba74a3babe175e1bfc5d02308aeb54309fd,https://www.youtube.com/s/player/ca8b6ef4/www-widgetapi.vflset/www-widgetapi.js
9af313ed10b2fb2eb40b7cf476ec0ba74a3babe175e1bfc5d02308aeb54309fd,https://www.youtube.com/s/player/5fe6131f/www-widgetapi.vflset/www-widgetapi.js
9af313ed10b2fb2eb40b7cf476ec0ba74a3babe175e1bfc5d02308aeb54309fd,https://www.youtube.com/s/player/2868f080/www-widgetapi.vflset/www-widgetapi.js
9af313ed10b2fb2eb40b7cf476ec0ba74a3babe175e1bfc5d02308aeb54309fd,https://www.youtube.com/s/player/6ae88b83/www-widgetapi.vflset/www-widgetapi.js
9af313ed10b2fb2eb40b7cf476ec0ba74a3babe175e1bfc5d02308aeb54309fd,https://www.youtube.com/s/player/6f05bbb3/www-widgetapi.vflset/www-widgetapi.js
9af313ed10b2fb2eb40b7cf476ec0ba74a3babe175e1bfc5d02308aeb54309fd,https://www.youtube.com/s/player/886cbf26/www-widgetapi.vflset/www-widgetapi.js
9af313ed10b2fb2eb40b7cf476ec0ba74a3babe175e1bfc5d02308aeb54309fd,https://www.youtube.com/s/player/a3286ae2/www-widgetapi.vflset/www-widgetapi.js
9af313ed10b2fb2eb40b7cf476ec0ba74a3babe175e1bfc5d02308aeb54309fd,https://www.youtube.com/s/player/b6e5a811/www-widgetapi.vflset/www-widgetapi.js
9af313ed10b2fb2eb40b7cf476ec0ba74a3babe175e1bfc5d02308aeb54309fd,https://www.youtube.com/s/player/fef22927/www-widgetapi.vflset/www-widgetapi.js
9af313ed10b2fb2eb40b7cf476ec0ba74a3babe175e1bfc5d02308aeb54309fd,https://www.youtube.com/s/player/7fefdcfe/www-widgetapi.vflset/www-widgetapi.js
9af313ed10b2fb2eb40b7cf476ec0ba74a3babe175e1bfc5d02308aeb54309fd,https://www.youtube.com/s/player/329e7d83/www-widgetapi.vflset/www-widgetapi.js
9af313ed10b2fb2eb40b7cf476ec0ba74a3babe175e1bfc5d02308aeb54309fd,https://www.youtube.com/s/player/b0ff957c/www-widgetapi.vflset/www-widgetapi.js
9af313ed10b2fb2eb40b7cf476ec0ba74a3babe175e1bfc5d02308aeb54309fd,https://www.youtube.com/s/player/1703d336/www-widgetapi.vflset/www-widgetapi.js
9af313ed10b2fb2eb40b7cf476ec0ba74a3babe175e1bfc5d02308aeb54309fd,https://www.youtube.com/s/player/944b5ebc/www-widgetapi.vflset/www-widgetapi.js
9af313ed10b2fb2eb40b7cf476ec0ba74a3babe175e1bfc5d02308aeb54309fd,https://www.youtube.com/s/player/9fc68080/www-widgetapi.vflset/www-widgetapi.js
9af313ed10b2fb2eb40b7cf476ec0ba74a3babe175e1bfc5d02308aeb54309fd,https://www.youtube.com/s/player/98d96711/www-widgetapi.vflset/www-widgetapi.js
9af313ed10b2fb2eb40b7cf476ec0ba74a3babe175e1bfc5d02308aeb54309fd,https://www.youtube.com/s/player/b6e44494/www-widgetapi.vflset/www-widgetapi.js
9af313ed10b2fb2eb40b7cf476ec0ba74a3babe175e1bfc5d02308aeb54309fd,https://www.youtube.com/s/player/ce44be02/www-widgetapi.vflset/www-widgetapi.js
9af313ed10b2fb2eb40b7cf476ec0ba74a3babe175e1bfc5d02308aeb54309fd,https://www.youtube.com/s/player/75dfc895/www-widgetapi.vflset/www-widgetapi.js
9af313ed10b2fb2eb40b7cf476ec0ba74a3babe175e1bfc5d02308aeb54309fd,https://www.youtube.com/s/player/204ff6e4/www-widgetapi.vflset/www-widgetapi.js
9af313ed10b2fb2eb40b7cf476ec0ba74a3babe175e1bfc5d02308aeb54309fd,https://www.youtube.com/s/player/38dca859/www-widgetapi.vflset/www-widgetapi.js
9af313ed10b2fb2eb40b7cf476ec0ba74a3babe175e1bfc5d02308aeb54309fd,https://www.youtube.com/s/player/4e0a5143/www-widgetapi.vflset/www-widgetapi.js
9af313ed10b2fb2eb40b7cf476ec0ba74a3babe175e1bfc5d02308aeb54309fd,https://www.youtube.com/s/player/fa305f43/www-widgetapi.vflset/www-widgetapi.js
9af313ed10b2fb2eb40b7cf476ec0ba74a3babe175e1bfc5d02308aeb54309fd,https://www.youtube.com/s/player/f649823c/www-widgetapi.vflset/www-widgetapi.js
9af313ed10b2fb2eb40b7cf476ec0ba74a3babe175e1bfc5d02308aeb54309fd,https://www.youtube.com/s/player/f529f326/www-widgetapi.vflset/www-widgetapi.js
9af313ed10b2fb2eb40b7cf476ec0ba74a3babe175e1bfc5d02308aeb54309fd,https://www.youtube.com/s/player/30b88c09/www-widgetapi.vflset/www-widgetapi.js
9af313ed10b2fb2eb40b7cf476ec0ba74a3babe175e1bfc5d02308aeb54309fd,https://www.youtube.com/s/player/6e52949b/www-widgetapi.vflset/www-widgetapi.js
9af313ed10b2fb2eb40b7cf476ec0ba74a3babe175e1bfc5d02308aeb54309fd,https://www.youtube.com/s/player/6506e6fd/www-widgetapi.vflset/www-widgetapi.js
9af313ed10b2fb2eb40b7cf476ec0ba74a3babe175e1bfc5d02308aeb54309fd,https://www.youtube.com/s/player/a4a1bee0/www-widgetapi.vflset/www-widgetapi.js
9af313ed10b2fb2eb40b7cf476ec0ba74a3babe175e1bfc5d02308aeb54309fd,https://www.youtube.com/s/player/0d0138e0/www-widgetapi.vflset/www-widgetapi.js
9af313ed10b2fb2eb40b7cf476ec0ba74a3babe175e1bfc5d02308aeb54309fd,https://www.youtube.com/s/player/fe8bd208/www-widgetapi.vflset/www-widgetapi.js
9af313ed10b2fb2eb40b7cf476ec0ba74a3babe175e1bfc5d02308aeb54309fd,https://www.youtube.com/s/player/0ba40ca7/www-widgetapi.vflset/www-widgetapi.js
9af313ed10b2fb2eb40b7cf476ec0ba74a3babe175e1bfc5d02308aeb54309fd,https://www.youtube.com/s/player/46e01509/www-widgetapi.vflset/www-widgetapi.js
9af313ed10b2fb2eb40b7cf476ec0ba74a3babe175e1bfc5d02308aeb54309fd,https://www.youtube.com/s/player/632739fe/www-widgetapi.vflset/www-widgetapi.js
9af313ed10b2fb2eb40b7cf476ec0ba74a3babe175e1bfc5d02308aeb54309fd,https://www.youtube.com/s/player/12ae5f14/www-widgetapi.vflset/www-widgetapi.js
9af313ed10b2fb2eb40b7cf476ec0ba74a3babe175e1bfc5d02308aeb54309fd,https://www.youtube.com/s/player/b91b2902/www-widgetapi.vflset/www-widgetapi.js
9af313ed10b2fb2eb40b7cf476ec0ba74a3babe175e1bfc5d02308aeb54309fd,https://www.youtube.com/s/player/c72d3621/www-widgetapi.vflset/www-widgetapi.js
9af313ed10b2fb2eb40b7cf476ec0ba74a3babe175e1bfc5d02308aeb54309fd,https://www.youtube.com/s/player/c2f7551f/www-widgetapi.vflset/www-widgetapi.js
9af313ed10b2fb2eb40b7cf476ec0ba74a3babe175e1bfc5d02308aeb54309fd,https://www.youtube.com/s/player/53db3343/www-widgetapi.vflset/www-widgetapi.js
9af313ed10b2fb2eb40b7cf476ec0ba74a3babe175e1bfc5d02308aeb54309fd,https://www.youtube.com/s/player/35c1167d/www-widgetapi.vflset/www-widgetapi.js
9af313ed10b2fb2eb40b7cf476ec0ba74a3babe175e1bfc5d02308aeb54309fd,https://www.youtube.com/s/player/17aa2e4c/www-widgetapi.vflset/www-widgetapi.js
9af313ed10b2fb2eb40b7cf476ec0ba74a3babe175e1bfc5d02308aeb54309fd,https://www.youtube.com/s/player/6ecf5f7a/www-widgetapi.vflset/www-widgetapi.js
9af313ed10b2fb2eb40b7cf476ec0ba74a3babe175e1bfc5d02308aeb54309fd,https://www.youtube.com/s/player/16ef956e/www-widgetapi.vflset/www-widgetapi.js
9af313ed10b2fb2eb40b7cf476ec0ba74a3babe175e1bfc5d02308aeb54309fd,https://www.youtube.com/s/player/c4f5cc56/www-widgetapi.vflset/www-widgetapi.js
9af313ed10b2fb2eb40b7cf476ec0ba74a3babe175e1bfc5d02308aeb54309fd,https://www.youtube.com/s/player/57f5d44f/www-widgetapi.vflset/www-widgetapi.js
9af313ed10b2fb2eb40b7cf476ec0ba74a3babe175e1bfc5d02308aeb54309fd,https://www.youtube.com/s/player/dbc3c96f/www-widgetapi.vflset/www-widgetapi.js
9af313ed10b2fb2eb40b7cf476ec0ba74a3babe175e1bfc5d02308aeb54309fd,https://www.youtube.com/s/player/80f08606/www-widgetapi.vflset/www-widgetapi.js
9af313ed10b2fb2eb40b7cf476ec0ba74a3babe175e1bfc5d02308aeb54309fd,https://www.youtube.com/s/player/8b54769b/www-widgetapi.vflset/www-widgetapi.js
9af313ed10b2fb2eb40b7cf476ec0ba74a3babe175e1bfc5d02308aeb54309fd,https://www.youtube.com/s/player/0fe2b028/www-widgetapi.vflset/www-widgetapi.js
9af313ed10b2fb2eb40b7cf476ec0ba74a3babe175e1bfc5d02308aeb54309fd,https://www.youtube.com/s/player/504fc963/www-widgetapi.vflset/www-widgetapi.js
9af313ed10b2fb2eb40b7cf476ec0ba74a3babe175e1bfc5d02308aeb54309fd,https://www.youtube.com/s/player/96c57227/www-widgetapi.vflset/www-widgetapi.js
9af313ed10b2fb2eb40b7cf476ec0ba74a3babe175e1bfc5d02308aeb54309fd,https://www.youtube.com/s/player/e1bd44b2/www-widgetapi.vflset/www-widgetapi.js
9af313ed10b2fb2eb40b7cf476ec0ba74a3babe175e1bfc5d02308aeb54309fd,https://www.youtube.com/s/player/1150a2f2/www-widgetapi.vflset/www-widgetapi.js
9af313ed10b2fb2eb40b7cf476ec0ba74a3babe175e1bfc5d02308aeb54309fd,https://www.youtube.com/s/player/2ef249c2/www-widgetapi.vflset/www-widgetapi.js
9af313ed10b2fb2eb40b7cf476ec0ba74a3babe175e1bfc5d02308aeb54309fd,https://www.youtube.com/s/player/58569eda/www-widgetapi.vflset/www-widgetapi.js
9af313ed10b2fb2eb40b7cf476ec0ba74a3babe175e1bfc5d02308aeb54309fd,https://www.youtube.com/s/player/fd65c577/www-widgetapi.vflset/www-widgetapi.js
9af313ed10b2fb2eb40b7cf476ec0ba74a3babe175e1bfc5d02308aeb54309fd,https://www.youtube.com/s/player/a180bc4c/www-widgetapi.vflset/www-widgetapi.js
9af313ed10b2fb2eb40b7cf476ec0ba74a3babe175e1bfc5d02308aeb54309fd,https://www.youtube.com/s/player/4b9ae131/www-widgetapi.vflset/www-widgetapi.js
9af313ed10b2fb2eb40b7cf476ec0ba74a3babe175e1bfc5d02308aeb54309fd,https://www.youtube.com/s/player/1d014d3f/www-widgetapi.vflset/www-widgetapi.js
9af313ed10b2fb2eb40b7cf476ec0ba74a3babe175e1bfc5d02308aeb54309fd,https://www.youtube.com/s/player/be00faec/www-widgetapi.vflset/www-widgetapi.js
9af313ed10b2fb2eb40b7cf476ec0ba74a3babe175e1bfc5d02308aeb54309fd,https://www.youtube.com/s/player/b443d9d5/www-widgetapi.vflset/www-widgetapi.js
9af313ed10b2fb2eb40b7cf476ec0ba74a3babe175e1bfc5d02308aeb54309fd,https://www.youtube.com/s/player/c4507267/www-widgetapi.vflset/www-widgetapi.js
9af313ed10b2fb2eb40b7cf476ec0ba74a3babe175e1bfc5d02308aeb54309fd,https://www.youtube.com/s/player/3f925417/www-widgetapi.vflset/www-widgetapi.js
9af313ed10b2fb2eb40b7cf476ec0ba74a3babe175e1bfc5d02308aeb54309fd,https://www.youtube.com/s/player/a5ff8620/www-widgetapi.vflset/www-widgetapi.js
9af313ed10b2fb2eb40b7cf476ec0ba74a3babe175e1bfc5d02308aeb54309fd,https://www.youtube.com/s/player/55b1ff8b/www-widgetapi.vflset/www-widgetapi.js
9af313ed10b2fb2eb40b7cf476ec0ba74a3babe175e1bfc5d02308aeb54309fd,https://www.youtube.com/s/player/6f3fcd4c/www-widgetapi.vflset/www-widgetapi.js
9af313ed10b2fb2eb40b7cf476ec0ba74a3babe175e1bfc5d02308aeb54309fd,https://www.youtube.com/s/player/d11f06d8/www-widgetapi.vflset/www-widgetapi.js
9af313ed10b2fb2eb40b7cf476ec0ba74a3babe175e1bfc5d02308aeb54309fd,https://www.youtube.com/s/player/3db16eda/www-widgetapi.vflset/www-widgetapi.js
9af313ed10b2fb2eb40b7cf476ec0ba74a3babe175e1bfc5d02308aeb54309fd,https://www.youtube.com/s/player/669cd14f/www-widgetapi.vflset/www-widgetapi.js
9af313ed10b2fb2eb40b7cf476ec0ba74a3babe175e1bfc5d02308aeb54309fd,https://www.youtube.com/s/player/35df120f/www-widgetapi.vflset/www-widgetapi.js
9af313ed10b2fb2eb40b7cf476ec0ba74a3babe175e1bfc5d02308aeb54309fd,https://www.youtube.com/s/player/56af1322/www-widgetapi.vflset/www-widgetapi.js
9af313ed10b2fb2eb40b7cf476ec0ba74a3babe175e1bfc5d02308aeb54309fd,https://www.youtube.com/s/player/f00d1fdd/www-widgetapi.vflset/www-widgetapi.js
9af313ed10b2fb2eb40b7cf476ec0ba74a3babe175e1bfc5d02308aeb54309fd,https://www.youtube.com/s/player/2d01abf7/www-widgetapi.vflset/www-widgetapi.js
9af313ed10b2fb2eb40b7cf476ec0ba74a3babe175e1bfc5d02308aeb54309fd,https://www.youtube.com/s/player/82e5a015/www-widgetapi.vflset/www-widgetapi.js
9af313ed10b2fb2eb40b7cf476ec0ba74a3babe175e1bfc5d02308aeb54309fd,https://www.youtube.com/s/player/ec6f9bb5/www-widgetapi.vflset/www-widgetapi.js
9af313ed10b2fb2eb40b7cf476ec0ba74a3babe175e1bfc5d02308aeb54309fd,https://www.youtube.com/s/player/be5a4839/www-widgetapi.vflset/www-widgetapi.js
9af313ed10b2fb2eb40b7cf476ec0ba74a3babe175e1bfc5d02308aeb54309fd,https://www.youtube.com/s/player/9c3bdbc5/www-widgetapi.vflset/www-widgetapi.js
9af313ed10b2fb2eb40b7cf476ec0ba74a3babe175e1bfc5d02308aeb54309fd,https://www.youtube.com/s/player/25f11721/www-widgetapi.vflset/www-widgetapi.js
9af313ed10b2fb2eb40b7cf476ec0ba74a3babe175e1bfc5d02308aeb54309fd,https://www.youtube.com/s/player/efa2c4f5/www-widgetapi.vflset/www-widgetapi.js
9af313ed10b2fb2eb40b7cf476ec0ba74a3babe175e1bfc5d02308aeb54309fd,https://www.youtube.com/s/player/e0dc87a1/www-widgetapi.vflset/www-widgetapi.js
9af313ed10b2fb2eb40b7cf476ec0ba74a3babe175e1bfc5d02308aeb54309fd,https://www.youtube.com/s/player/551c312f/www-widgetapi.vflset/www-widgetapi.js
9af313ed10b2fb2eb40b7cf476ec0ba74a3babe175e1bfc5d02308aeb54309fd,https://www.youtube.com/s/player/4d9ffdf8/www-widgetapi.vflset/www-widgetapi.js
9af313ed10b2fb2eb40b7cf476ec0ba74a3babe175e1bfc5d02308aeb54309fd,https://www.youtube.com/s/player/0727df12/www-widgetapi.vflset/www-widgetapi.js
9af313ed10b2fb2eb40b7cf476ec0ba74a3babe175e1bfc5d02308aeb54309fd,https://www.youtube.com/s/player/74be5b62/www-widgetapi.vflset/www-widgetapi.js
9af313ed10b2fb2eb40b7cf476ec0ba74a3babe175e1bfc5d02308aeb54309fd,https://www.youtube.com/s/player/c5a4a312/www-widgetapi.vflset/www-widgetapi.js
9af313ed10b2fb2eb40b7cf476ec0ba74a3babe175e1bfc5d02308aeb54309fd,https://www.youtube.com/s/player/5c692b33/www-widgetapi.vflset/www-widgetapi.js
9af313ed10b2fb2eb40b7cf476ec0ba74a3babe175e1bfc5d02308aeb54309fd,https://www.youtube.com/s/player/3859fa39/www-widgetapi.vflset/www-widgetapi.js
9af313ed10b2fb2eb40b7cf476ec0ba74a3babe175e1bfc5d02308aeb54309fd,https://www.youtube.com/s/player/1680feb2/www-widgetapi.vflset/www-widgetapi.js
9af313ed10b2fb2eb40b7cf476ec0ba74a3babe175e1bfc5d02308aeb54309fd,https://www.youtube.com/s/player/16589d5e/www-widgetapi.vflset/www-widgetapi.js
9af313ed10b2fb2eb40b7cf476ec0ba74a3babe175e1bfc5d02308aeb54309fd,https://www.youtube.com/s/player/b1ac6210/www-widgetapi.vflset/www-widgetapi.js
9af313ed10b2fb2eb40b7cf476ec0ba74a3babe175e1bfc5d02308aeb54309fd,https://www.youtube.com/s/player/c7c1953f/www-widgetapi.vflset/www-widgetapi.js
9af313ed10b2fb2eb40b7cf476ec0ba74a3babe175e1bfc5d02308aeb54309fd,https://www.youtube.com/s/player/4c6971ef/www-widgetapi.vflset/www-widgetapi.js
9af313ed10b2fb2eb40b7cf476ec0ba74a3babe175e1bfc5d02308aeb54309fd,https://www.youtube.com/s/player/d138a901/www-widgetapi.vflset/www-widgetapi.js
9af313ed10b2fb2eb40b7cf476ec0ba74a3babe175e1bfc5d02308aeb54309fd,https://www.youtube.com/s/player/10a04aa8/www-widgetapi.vflset/www-widgetapi.js
9af313ed10b2fb2eb40b7cf476ec0ba74a3babe175e1bfc5d02308aeb54309fd,https://www.youtube.com/s/player/cbad65aa/www-widgetapi.vflset/www-widgetapi.js
9af313ed10b2fb2eb40b7cf476ec0ba74a3babe175e1bfc5d02308aeb54309fd,https://www.youtube.com/s/player/97108f59/www-widgetapi.vflset/www-widgetapi.js
9af313ed10b2fb2eb40b7cf476ec0ba74a3babe175e1bfc5d02308aeb54309fd,https://www.youtube.com/s/player/fc6f7cb5/www-widgetapi.vflset/www-widgetapi.js
9af313ed10b2fb2eb40b7cf476ec0ba74a3babe175e1bfc5d02308aeb54309fd,https://www.youtube.com/s/player/ae417f28/www-widgetapi.vflset/www-widgetapi.js
9af313ed10b2fb2eb40b7cf476ec0ba74a3babe175e1bfc5d02308aeb54309fd,https://www.youtube.com/s/player/d980b573/www-widgetapi.vflset/www-widgetapi.js
9af313ed10b2fb2eb40b7cf476ec0ba74a3babe175e1bfc5d02308aeb54309fd,https://www.youtube.com/s/player/06ab93f2/www-widgetapi.vflset/www-widgetapi.js
9af313ed10b2fb2eb40b7cf476ec0ba74a3babe175e1bfc5d02308aeb54309fd,https://www.youtube.com/s/player/ec3567a3/www-widgetapi.vflset/www-widgetapi.js
9af313ed10b2fb2eb40b7cf476ec0ba74a3babe175e1bfc5d02308aeb54309fd,https://www.youtube.com/s/player/61d68603/www-widgetapi.vflset/www-widgetapi.js
9af313ed10b2fb2eb40b7cf476ec0ba74a3babe175e1bfc5d02308aeb54309fd,https://www.youtube.com/s/player/5ba44d10/www-widgetapi.vflset/www-widgetapi.js
9af313ed10b2fb2eb40b7cf476ec0ba74a3babe175e1bfc5d02308aeb54309fd,https://www.youtube.com/s/player/8fb635c2/www-widgetapi.vflset/www-widgetapi.js
9af313ed10b2fb2eb40b7cf476ec0ba74a3babe175e1bfc5d02308aeb54309fd,https://www.youtube.com/s/player/681bbaf2/www-widgetapi.vflset/www-widgetapi.js
9af313ed10b2fb2eb40b7cf476ec0ba74a3babe175e1bfc5d02308aeb54309fd,https://www.youtube.com/s/player/023db2e6/www-widgetapi.vflset/www-widgetapi.js
9af313ed10b2fb2eb40b7cf476ec0ba74a3babe175e1bfc5d02308aeb54309fd,https://www.youtube.com/s/player/1416fec1/www-widgetapi.vflset/www-widgetapi.js
9af313ed10b2fb2eb40b7cf476ec0ba74a3babe175e1bfc5d02308aeb54309fd,https://www.youtube.com/s/player/24fe6347/www-widgetapi.vflset/www-widgetapi.js
9af313ed10b2fb2eb40b7cf476ec0ba74a3babe175e1bfc5d02308aeb54309fd,https://www.youtube.com/s/player/edbc38da/www-widgetapi.vflset/www-widgetapi.js
9af313ed10b2fb2eb40b7cf476ec0ba74a3babe175e1bfc5d02308aeb54309fd,https://www.youtube.com/s/player/8565f3f9/www-widgetapi.vflset/www-widgetapi.js
9af313ed10b2fb2eb40b7cf476ec0ba74a3babe175e1bfc5d02308aeb54309fd,https://www.youtube.com/s/player/5bb72cbb/www-widgetapi.vflset/www-widgetapi.js
9af313ed10b2fb2eb40b7cf476ec0ba74a3babe175e1bfc5d02308aeb54309fd,https://www.youtube.com/s/player/bbe4bdbc/www-widgetapi.vflset/www-widgetapi.js
9af313ed10b2fb2eb40b7cf476ec0ba74a3babe175e1bfc5d02308aeb54309fd,https://www.youtube.com/s/player/cb017549/www-widgetapi.vflset/www-widgetapi.js
9af313ed10b2fb2eb40b7cf476ec0ba74a3babe175e1bfc5d02308aeb54309fd,https://www.youtube.com/s/player/0a5faf6d/www-widgetapi.vflset/www-widgetapi.js
9af313ed10b2fb2eb40b7cf476ec0ba74a3babe175e1bfc5d02308aeb54309fd,https://www.youtube.com/s/player/5afa7c36/www-widgetapi.vflset/www-widgetapi.js
9af313ed10b2fb2eb40b7cf476ec0ba74a3babe175e1bfc5d02308aeb54309fd,https://www.youtube.com/s/player/3ccae36b/www-widgetapi.vflset/www-widgetapi.js
9af313ed10b2fb2eb40b7cf476ec0ba74a3babe175e1bfc5d02308aeb54309fd,https://www.youtube.com/s/player/67ff56cb/www-widgetapi.vflset/www-widgetapi.js
9af313ed10b2fb2eb40b7cf476ec0ba74a3babe175e1bfc5d02308aeb54309fd,https://www.youtube.com/s/player/32928ebd/www-widgetapi.vflset/www-widgetapi.js
9af313ed10b2fb2eb40b7cf476ec0ba74a3babe175e1bfc5d02308aeb54309fd,https://www.youtube.com/s/player/e9af09a2/www-widgetapi.vflset/www-widgetapi.js
9af313ed10b2fb2eb40b7cf476ec0ba74a3babe175e1bfc5d02308aeb54309fd,https://www.youtube.com/s/player/4d1dd0fc/www-widgetapi.vflset/www-widgetapi.js
9af313ed10b2fb2eb40b7cf476ec0ba74a3babe175e1bfc5d02308aeb54309fd,https://www.youtube.com/s/player/bda6277d/www-widgetapi.vflset/www-widgetapi.js
9af313ed10b2fb2eb40b7cf476ec0ba74a3babe175e1bfc5d02308aeb54309fd,https://www.youtube.com/s/player/23b70d29/www-widgetapi.vflset/www-widgetapi.js
9af313ed10b2fb2eb40b7cf476ec0ba74a3babe175e1bfc5d02308aeb54309fd,https://www.youtube.com/s/player/6b5a0420/www-widgetapi.vflset/www-widgetapi.js
9af313ed10b2fb2eb40b7cf476ec0ba74a3babe175e1bfc5d02308aeb54309fd,https://www.youtube.com/s/player/05558a16/www-widgetapi.vflset/www-widgetapi.js
9af313ed10b2fb2eb40b7cf476ec0ba74a3babe175e1bfc5d02308aeb54309fd,https://www.youtube.com/s/player/c2f0d301/www-widgetapi.vflset/www-widgetapi.js
9af313ed10b2fb2eb40b7cf476ec0ba74a3babe175e1bfc5d02308aeb54309fd,https://www.youtube.com/s/player/0980151a/www-widgetapi.vflset/www-widgetapi.js
9af313ed10b2fb2eb40b7cf476ec0ba74a3babe175e1bfc5d02308aeb54309fd,https://www.youtube.com/s/player/e354dd90/www-widgetapi.vflset/www-widgetapi.js
9af313ed10b2fb2eb40b7cf476ec0ba74a3babe175e1bfc5d02308aeb54309fd,https://www.youtube.com/s/player/bc7db0b2/www-widgetapi.vflset/www-widgetapi.js
9af313ed10b2fb2eb40b7cf476ec0ba74a3babe175e1bfc5d02308aeb54309fd,https://www.youtube.com/s/player/2b8b264c/www-widgetapi.vflset/www-widgetapi.js
9af313ed10b2fb2eb40b7cf476ec0ba74a3babe175e1bfc5d02308aeb54309fd,https://www.youtube.com/s/player/a8fa2535/www-widgetapi.vflset/www-widgetapi.js
9af313ed10b2fb2eb40b7cf476ec0ba74a3babe175e1bfc5d02308aeb54309fd,https://www.youtube.com/s/player/d9454757/www-widgetapi.vflset/www-widgetapi.js
9af313ed10b2fb2eb40b7cf476ec0ba74a3babe175e1bfc5d02308aeb54309fd,https://www.youtube.com/s/player/ffdec792/www-widgetapi.vflset/www-widgetapi.js
9af313ed10b2fb2eb40b7cf476ec0ba74a3babe175e1bfc5d02308aeb54309fd,https://www.youtube.com/s/player/49f48b9f/www-widgetapi.vflset/www-widgetapi.js
9af313ed10b2fb2eb40b7cf476ec0ba74a3babe175e1bfc5d02308aeb54309fd,https://www.youtube.com/s/player/45ac5a1a/www-widgetapi.vflset/www-widgetapi.js
9af313ed10b2fb2eb40b7cf476ec0ba74a3babe175e1bfc5d02308aeb54309fd,https://www.youtube.com/s/player/0c9dcb4e/www-widgetapi.vflset/www-widgetapi.js
9af313ed10b2fb2eb40b7cf476ec0ba74a3babe175e1bfc5d02308aeb54309fd,https://www.youtube.com/s/player/a57cdcbf/www-widgetapi.vflset/www-widgetapi.js
9af313ed10b2fb2eb40b7cf476ec0ba74a3babe175e1bfc5d02308aeb54309fd,https://www.youtube.com/s/player/964f0dc6/www-widgetapi.vflset/www-widgetapi.js
9af313ed10b2fb2eb40b7cf476ec0ba74a3babe175e1bfc5d02308aeb54309fd,https://www.youtube.com/s/player/553d5bd7/www-widgetapi.vflset/www-widgetapi.js
9af313ed10b2fb2eb40b7cf476ec0ba74a3babe175e1bfc5d02308aeb54309fd,https://www.youtube.com/s/player/bcd88ad3/www-widgetapi.vflset/www-widgetapi.js
9af313ed10b2fb2eb40b7cf476ec0ba74a3babe175e1bfc5d02308aeb54309fd,https://www.youtube.com/s/player/820123f3/www-widgetapi.vflset/www-widgetapi.js
9af313ed10b2fb2eb40b7cf476ec0ba74a3babe175e1bfc5d02308aeb54309fd,https://www.youtube.com/s/player/911df14e/www-widgetapi.vflset/www-widgetapi.js
9af313ed10b2fb2eb40b7cf476ec0ba74a3babe175e1bfc5d02308aeb54309fd,https://www.youtube.com/s/player/8456c9de/www-widgetapi.vflset/www-widgetapi.js
9af313ed10b2fb2eb40b7cf476ec0ba74a3babe175e1bfc5d02308aeb54309fd,https://www.youtube.com/s/player/9955f7e6/www-widgetapi.vflset/www-widgetapi.js
9af313ed10b2fb2eb40b7cf476ec0ba74a3babe175e1bfc5d02308aeb54309fd,https://www.youtube.com/s/player/58012f6a/www-widgetapi.vflset/www-widgetapi.js
9af313ed10b2fb2eb40b7cf476ec0ba74a3babe175e1bfc5d02308aeb54309fd,https://www.youtube.com/s/player/ecde8a55/www-widgetapi.vflset/www-widgetapi.js
9af313ed10b2fb2eb40b7cf476ec0ba74a3babe175e1bfc5d02308aeb54309fd,https://www.youtube.com/s/player/1e1d6f74/www-widgetapi.vflset/www-widgetapi.js
9af313ed10b2fb2eb40b7cf476ec0ba74a3babe175e1bfc5d02308aeb54309fd,https://www.youtube.com/s/player/1bb6ee63/www-widgetapi.vflset/www-widgetapi.js
9af313ed10b2fb2eb40b7cf476ec0ba74a3babe175e1bfc5d02308aeb54309fd,https://www.youtube.com/s/player/50fb0efb/www-widgetapi.vflset/www-widgetapi.js
9af313ed10b2fb2eb40b7cf476ec0ba74a3babe175e1bfc5d02308aeb54309fd,https://www.youtube.com/s/player/218d9d92/www-widgetapi.vflset/www-widgetapi.js
9af313ed10b2fb2eb40b7cf476ec0ba74a3babe175e1bfc5d02308aeb54309fd,https://www.youtube.com/s/player/5570c7bc/www-widgetapi.vflset/www-widgetapi.js
9af313ed10b2fb2eb40b7cf476ec0ba74a3babe175e1bfc5d02308aeb54309fd,https://www.youtube.com/s/player/6baf88c8/www-widgetapi.vflset/www-widgetapi.js
9af313ed10b2fb2eb40b7cf476ec0ba74a3babe175e1bfc5d02308aeb54309fd,https://www.youtube.com/s/player/26a9c282/www-widgetapi.vflset/www-widgetapi.js
9af313ed10b2fb2eb40b7cf476ec0ba74a3babe175e1bfc5d02308aeb54309fd,https://www.youtube.com/s/player/d95a0e03/www-widgetapi.vflset/www-widgetapi.js
9af313ed10b2fb2eb40b7cf476ec0ba74a3babe175e1bfc5d02308aeb54309fd,https://www.youtube.com/s/player/98fb51a3/www-widgetapi.vflset/www-widgetapi.js
9af313ed10b2fb2eb40b7cf476ec0ba74a3babe175e1bfc5d02308aeb54309fd,https://www.youtube.com/s/player/8fdc9fc5/www-widgetapi.vflset/www-widgetapi.js
9af313ed10b2fb2eb40b7cf476ec0ba74a3babe175e1bfc5d02308aeb54309fd,https://www.youtube.com/s/player/a307fffd/www-widgetapi.vflset/www-widgetapi.js
9af313ed10b2fb2eb40b7cf476ec0ba74a3babe175e1bfc5d02308aeb54309fd,https://www.youtube.com/s/player/4b0d80ee/www-widgetapi.vflset/www-widgetapi.js
9af313ed10b2fb2eb40b7cf476ec0ba74a3babe175e1bfc5d02308aeb54309fd,https://www.youtube.com/s/player/9da62807/www-widgetapi.vflset/www-widgetapi.js
9af313ed10b2fb2eb40b7cf476ec0ba74a3babe175e1bfc5d02308aeb54309fd,https://www.youtube.com/s/player/aa8e2787/www-widgetapi.vflset/www-widgetapi.js
9af313ed10b2fb2eb40b7cf476ec0ba74a3babe175e1bfc5d02308aeb54309fd,https://www.youtube.com/s/player/6dc99e32/www-widgetapi.vflset/www-widgetapi.js
9af313ed10b2fb2eb40b7cf476ec0ba74a3babe175e1bfc5d02308aeb54309fd,https://www.youtube.com/s/player/ab4606fb/www-widgetapi.vflset/www-widgetapi.js
9af313ed10b2fb2eb40b7cf476ec0ba74a3babe175e1bfc5d02308aeb54309fd,https://www.youtube.com/s/player/b174a5bb/www-widgetapi.vflset/www-widgetapi.js
9af313ed10b2fb2eb40b7cf476ec0ba74a3babe175e1bfc5d02308aeb54309fd,https://www.youtube.com/s/player/23c9bab9/www-widgetapi.vflset/www-widgetapi.js
9af313ed10b2fb2eb40b7cf476ec0ba74a3babe175e1bfc5d02308aeb54309fd,https://www.youtube.com/s/player/bf9226b1/www-widgetapi.vflset/www-widgetapi.js
9af313ed10b2fb2eb40b7cf476ec0ba74a3babe175e1bfc5d02308aeb54309fd,https://www.youtube.com/s/player/1a10598a/www-widgetapi.vflset/www-widgetapi.js
9af313ed10b2fb2eb40b7cf476ec0ba74a3babe175e1bfc5d02308aeb54309fd,https://www.youtube.com/s/player/06dc4a70/www-widgetapi.vflset/www-widgetapi.js
9af313ed10b2fb2eb40b7cf476ec0ba74a3babe175e1bfc5d02308aeb54309fd,https://www.youtube.com/s/player/ee507a59/www-widgetapi.vflset/www-widgetapi.js
9af313ed10b2fb2eb40b7cf476ec0ba74a3babe175e1bfc5d02308aeb54309fd,https://www.youtube.com/s/player/1406eaf9/www-widgetapi.vflset/www-widgetapi.js
9af313ed10b2fb2eb40b7cf476ec0ba74a3babe175e1bfc5d02308aeb54309fd,https://www.youtube.com/s/player/3e133d8d/www-widgetapi.vflset/www-widgetapi.js
9af313ed10b2fb2eb40b7cf476ec0ba74a3babe175e1bfc5d02308aeb54309fd,https://www.youtube.com/s/player/924b2d9a/www-widgetapi.vflset/www-widgetapi.js
9af313ed10b2fb2eb40b7cf476ec0ba74a3babe175e1bfc5d02308aeb54309fd,https://www.youtube.com/s/player/5afa275f/www-widgetapi.vflset/www-widgetapi.js
9af313ed10b2fb2eb40b7cf476ec0ba74a3babe175e1bfc5d02308aeb54309fd,https://www.youtube.com/s/player/a0d0e12d/www-widgetapi.vflset/www-widgetapi.js
9af313ed10b2fb2eb40b7cf476ec0ba74a3babe175e1bfc5d02308aeb54309fd,https://www.youtube.com/s/player/ed93444a/www-widgetapi.vflset/www-widgetapi.js
9af313ed10b2fb2eb40b7cf476ec0ba74a3babe175e1bfc5d02308aeb54309fd,https://www.youtube.com/s/player/777857f0/www-widgetapi.vflset/www-widgetapi.js
9af313ed10b2fb2eb40b7cf476ec0ba74a3babe175e1bfc5d02308aeb54309fd,https://www.youtube.com/s/player/0e56f409/www-widgetapi.vflset/www-widgetapi.js
9af313ed10b2fb2eb40b7cf476ec0ba74a3babe175e1bfc5d02308aeb54309fd,https://www.youtube.com/s/player/041232d8/www-widgetapi.vflset/www-widgetapi.js
9af313ed10b2fb2eb40b7cf476ec0ba74a3babe175e1bfc5d02308aeb54309fd,https://www.youtube.com/s/player/e99d8d7c/www-widgetapi.vflset/www-widgetapi.js
9af313ed10b2fb2eb40b7cf476ec0ba74a3babe175e1bfc5d02308aeb54309fd,https://www.youtube.com/s/player/cd78997d/www-widgetapi.vflset/www-widgetapi.js
9af313ed10b2fb2eb40b7cf476ec0ba74a3babe175e1bfc5d02308aeb54309fd,https://www.youtube.com/s/player/592af824/www-widgetapi.vflset/www-widgetapi.js
9af313ed10b2fb2eb40b7cf476ec0ba74a3babe175e1bfc5d02308aeb54309fd,https://www.youtube.com/s/player/30bd0d3a/www-widgetapi.vflset/www-widgetapi.js
9af313ed10b2fb2eb40b7cf476ec0ba74a3babe175e1bfc5d02308aeb54309fd,https://www.youtube.com/s/player/8a6e7bc4/www-widgetapi.vflset/www-widgetapi.js
9af313ed10b2fb2eb40b7cf476ec0ba74a3babe175e1bfc5d02308aeb54309fd,https://www.youtube.com/s/player/dc1c41a7/www-widgetapi.vflset/www-widgetapi.js
9af313ed10b2fb2eb40b7cf476ec0ba74a3babe175e1bfc5d02308aeb54309fd,https://www.youtube.com/s/player/67da7e92/www-widgetapi.vflset/www-widgetapi.js
9af313ed10b2fb2eb40b7cf476ec0ba74a3babe175e1bfc5d02308aeb54309fd,https://www.youtube.com/s/player/fda13de8/www-widgetapi.vflset/www-widgetapi.js
9af313ed10b2fb2eb40b7cf476ec0ba74a3babe175e1bfc5d02308aeb54309fd,https://www.youtube.com/s/player/80f5ca15/www-widgetapi.vflset/www-widgetapi.js
9af313ed10b2fb2eb40b7cf476ec0ba74a3babe175e1bfc5d02308aeb54309fd,https://www.youtube.com/s/player/2430d1b0/www-widgetapi.vflset/www-widgetapi.js
9af313ed10b2fb2eb40b7cf476ec0ba74a3babe175e1bfc5d02308aeb54309fd,https://www.youtube.com/s/player/1c74cab8/www-widgetapi.vflset/www-widgetapi.js
9af313ed10b2fb2eb40b7cf476ec0ba74a3babe175e1bfc5d02308aeb54309fd,https://www.youtube.com/s/player/659a519e/www-widgetapi.vflset/www-widgetapi.js
9af313ed10b2fb2eb40b7cf476ec0ba74a3babe175e1bfc5d02308aeb54309fd,https://www.youtube.com/s/player/4746b641/www-widgetapi.vflset/www-widgetapi.js
9af313ed10b2fb2eb40b7cf476ec0ba74a3babe175e1bfc5d02308aeb54309fd,https://www.youtube.com/s/player/c3edfa37/www-widgetapi.vflset/www-widgetapi.js
9af313ed10b2fb2eb40b7cf476ec0ba74a3babe175e1bfc5d02308aeb54309fd,https://www.youtube.com/s/player/57fefa84/www-widgetapi.vflset/www-widgetapi.js
9af313ed10b2fb2eb40b7cf476ec0ba74a3babe175e1bfc5d02308aeb54309fd,https://www.youtube.com/s/player/5a9b5eed/www-widgetapi.vflset/www-widgetapi.js
9af313ed10b2fb2eb40b7cf476ec0ba74a3babe175e1bfc5d02308aeb54309fd,https://www.youtube.com/s/player/b15c2dcf/www-widgetapi.vflset/www-widgetapi.js
9af313ed10b2fb2eb40b7cf476ec0ba74a3babe175e1bfc5d02308aeb54309fd,https://www.youtube.com/s/player/bcf89e14/www-widgetapi.vflset/www-widgetapi.js
9af313ed10b2fb2eb40b7cf476ec0ba74a3babe175e1bfc5d02308aeb54309fd,https://www.youtube.com/s/player/40aa5b89/www-widgetapi.vflset/www-widgetapi.js
9af313ed10b2fb2eb40b7cf476ec0ba74a3babe175e1bfc5d02308aeb54309fd,https://www.youtube.com/s/player/6b334ac1/www-widgetapi.vflset/www-widgetapi.js
9af313ed10b2fb2eb40b7cf476ec0ba74a3babe175e1bfc5d02308aeb54309fd,https://www.youtube.com/s/player/5e979b82/www-widgetapi.vflset/www-widgetapi.js
9af313ed10b2fb2eb40b7cf476ec0ba74a3babe175e1bfc5d02308aeb54309fd,https://www.youtube.com/s/player/43395a38/www-widgetapi.vflset/www-widgetapi.js
9af313ed10b2fb2eb40b7cf476ec0ba74a3babe175e1bfc5d02308aeb54309fd,https://www.youtube.com/s/player/4a6bba85/www-widgetapi.vflset/www-widgetapi.js
9af313ed10b2fb2eb40b7cf476ec0ba74a3babe175e1bfc5d02308aeb54309fd,https://www.youtube.com/s/player/8c83ec2e/www-widgetapi.vflset/www-widgetapi.js
9af313ed10b2fb2eb40b7cf476ec0ba74a3babe175e1bfc5d02308aeb54309fd,https://www.youtube.com/s/player/8c57fc20/www-widgetapi.vflset/www-widgetapi.js
9af313ed10b2fb2eb40b7cf476ec0ba74a3babe175e1bfc5d02308aeb54309fd,https://www.youtube.com/s/player/51e03cf0/www-widgetapi.vflset/www-widgetapi.js
9af313ed10b2fb2eb40b7cf476ec0ba74a3babe175e1bfc5d02308aeb54309fd,https://www.youtube.com/s/player/44596b36/www-widgetapi.vflset/www-widgetapi.js
9af313ed10b2fb2eb40b7cf476ec0ba74a3babe175e1bfc5d02308aeb54309fd,https://www.youtube.com/s/player/f4c47414/www-widgetapi.vflset/www-widgetapi.js
9af313ed10b2fb2eb40b7cf476ec0ba74a3babe175e1bfc5d02308aeb54309fd,https://www.youtube.com/s/player/d0dfba13/www-widgetapi.vflset/www-widgetapi.js
9af313ed10b2fb2eb40b7cf476ec0ba74a3babe175e1bfc5d02308aeb54309fd,https://www.youtube.com/s/player/dbb1f29d/www-widgetapi.vflset/www-widgetapi.js
9af313ed10b2fb2eb40b7cf476ec0ba74a3babe175e1bfc5d02308aeb54309fd,https://www.youtube.com/s/player/791f6bd4/www-widgetapi.vflset/www-widgetapi.js
9af313ed10b2fb2eb40b7cf476ec0ba74a3babe175e1bfc5d02308aeb54309fd,https://www.youtube.com/s/player/86205a12/www-widgetapi.vflset/www-widgetapi.js
9af313ed10b2fb2eb40b7cf476ec0ba74a3babe175e1bfc5d02308aeb54309fd,https://www.youtube.com/s/player/4a6035e3/www-widgetapi.vflset/www-widgetapi.js
9af313ed10b2fb2eb40b7cf476ec0ba74a3babe175e1bfc5d02308aeb54309fd,https://www.youtube.com/s/player/f4d92f0b/www-widgetapi.vflset/www-widgetapi.js
9af313ed10b2fb2eb40b7cf476ec0ba74a3babe175e1bfc5d02308aeb54309fd,https://www.youtube.com/s/player/c6aa5b85/www-widgetapi.vflset/www-widgetapi.js
9af313ed10b2fb2eb40b7cf476ec0ba74a3babe175e1bfc5d02308aeb54309fd,https://www.youtube.com/s/player/d759498c/www-widgetapi.vflset/www-widgetapi.js
9af313ed10b2fb2eb40b7cf476ec0ba74a3babe175e1bfc5d02308aeb54309fd,https://www.youtube.com/s/player/a9146527/www-widgetapi.vflset/www-widgetapi.js
9af313ed10b2fb2eb40b7cf476ec0ba74a3babe175e1bfc5d02308aeb54309fd,https://www.youtube.com/s/player/ace4b2f8/www-widgetapi.vflset/www-widgetapi.js
9af313ed10b2fb2eb40b7cf476ec0ba74a3babe175e1bfc5d02308aeb54309fd,https://www.youtube.com/s/player/a8a275d9/www-widgetapi.vflset/www-widgetapi.js
9af313ed10b2fb2eb40b7cf476ec0ba74a3babe175e1bfc5d02308aeb54309fd,https://www.youtube.com/s/player/e795685c/www-widgetapi.vflset/www-widgetapi.js
9af313ed10b2fb2eb40b7cf476ec0ba74a3babe175e1bfc5d02308aeb54309fd,https://www.youtube.com/s/player/ef65734f/www-widgetapi.vflset/www-widgetapi.js
9b138a2ac1b52b614b0f42111b05b9075760fb0f1846aa91c73e7a9f253c5c2e,https://cdnjs.cloudflare.com/ajax/libs/styled-components/6.1.19/styled-components.browser.esm.min.js
9b352b37e1047bc64e79f3a18570fd5684cbf93943bfe1c6cf508dd04ffb8e36,https://cdnjs.cloudflare.com/ajax/libs/prism/9000.0.1/components/prism-css-extras.js
9b442622c05770e322113466a53dea836210fe2d2a6b3240da68821f33a64b56,https://ajax.googleapis.com/ajax/libs/d3js/5.15.0/d3.min.js
9b702c361517264e3567839ca0d3aa6ad715b14f2d29e9dabc9f4a3d0686288c,https://ajax.aspnetcdn.com/ajax/modernizr/modernizr-3.5.0.js
9b725056b2fe2b144719e8120457f251eb85b9a8c776753cbadef3c0deb6dd05,https://ajax.googleapis.com/ajax/libs/jqueryui/1.11.1/themes/smoothness/jquery-ui.css
9b74d010fa54c875cd6e95a7e6b1a91cf5a2459b3bde871311076c9c38d2d4f7,https://www.youtube.com/s/player/fda13de8/player_ias.vflset/en_US/base.js
9baa10e1c5630c3dcd9bb46bf00913cc94b3855d58c9459ae9848339c566e97b,https://ajax.aspnetcdn.com/ajax/jQuery/jquery-1.6.3.js
9bc7510252521d0c039eaef225c4840b1a0444cef63203fe95cbc1c83b313013,https://cdnjs.cloudflare.com/ajax/libs/dayjs/1.11.18/locale/kk.min.js
9bcd4d0f29dc6556ebeeff44eaa0965f0c7f7308ee58394708cce2f698cca1b0,https://ajax.aspnetcdn.com/ajax/bootstrap/5.2.3/bootstrap.min.js
9be2ef93ce4ea20f25bf34fd9bb50a328ea4a10690baf5bd2a3b97a060e5ac74,https://cdnjs.cloudflare.com/ajax/libs/date-fns/4.1.0/locale/cdn.min.js
9be7ceb88004ab8ad124082246fbfcca4091e36385d4ec6ed1df67375dad50fb,https://cdnjs.cloudflare.com/ajax/libs/KaTeX/0.16.9/fonts/KaTeX_Fraktur-Bold.woff
9bee06945cbf2dc2acf1abc60a45959cc7c2da1f25e47ee96729cb054379caf2,https://ajax.googleapis.com/ajax/libs/jqueryui/1.8.11/themes/smoothness/jquery-ui.css
9c08d49149ab343b8a4dff9e2b0bce6232560288b7413e5eee2f5aaf764f3826,https://cdnjs.cloudflare.com/ajax/libs/prism/9000.0.1/components/prism-actionscript.min.js
9c286c1a80773a8c752ffc323aec348776f86ab242a4e58636b87f376e0853b1,https://ajax.googleapis.com/ajax/libs/jqueryui/1.10.3/themes/smoothness/jquery-ui.css
9c30e9956c6e068bdd740f8e2d92be46ec9b6f89525fcd78208cd26a852e96c4,https://cdnjs.cloudflare.com/ajax/libs/cytoscape/3.33.1/cytoscape.esm.min.mjs
9c31f423839c1ab761a788c0bbb45fd5a210055991c23d5dec093cf0f9e25bef,https://www.youtube.com/s/player/27422632/www-player.css
9c31f423839c1ab761a788c0bbb45fd5a210055991c23d5dec093cf0f9e25bef,https://www.youtube-nocookie.com/s/player/27422632/www-player.css
9c3806a69da67df5455c9004b0f220565f261bc982802a1484bcf899af9defa4,https://cdnjs.cloudflare.com/ajax/libs/cheerio/1.1.2/dist/browser/api/traversing.min.js
9c3806a69da67df5455c9004b0f220565f261bc982802a1484bcf899af9defa4,https://cdnjs.cloudflare.com/ajax/libs/cheerio/1.1.2/dist/esm/api/traversing.min.js
9c7d147300106f0aad779804ff87205376c29d9188021b07f8d0c73696d35898,https://www.youtube.com/s/player/62a6a39e/player_ias.vflset/en_US/base.js
9c9e47dcd8bdabe54be40818041c5cef1eccad4e33016a35be048927e70586c3,https://ajax.aspnetcdn.com/ajax/jquery.ui/1.8.10/themes/redmond/jquery-ui.css
9c9ee8494425f5ddcbdc4b0c90027816a28771c93682bd181087d6ed9dcf1758,https://www.youtube.com/s/player/fef22927/player_ias.vflset/en_US/captions.js
9ca2a4315204327d868aa4db781f8bb4275af29a3e6199ac9879a1cb65631854,https://ajax.aspnetcdn.com/ajax/bootstrap/3.0.2/css/bootstrap.css
9caaa0e0d73d60a2fb0c7ee8871587968630c9cfa535c20b9ea35fe4b287f0bf,https://cdnjs.cloudflare.com/ajax/libs/crypto-js/4.2.0/aes.min.js
9cb08a32eeef27d4fa1395fe97381a9ee8839a055ada56ae46eb707ea4114b92,https://cdnjs.cloudflare.com/ajax/libs/dayjs/1.11.18/locale/bo.min.js
9cb8dacfc086c2966c9ec4ba54f4a2dc43b7cbe2b33cec1a2743d886c7fb47a7,https://cdnjs.cloudflare.com/ajax/libs/KaTeX/0.16.9/contrib/auto-render.min.js
9cc10b934f2442463e91dab6c02d276cd2d89b156d2378cc265d9af54187e072,https://cdnjs.cloudflare.com/ajax/libs/vue/3.5.22/vue.esm-bundler.js
9cc67dce66cf3f0f9a57ce732af6878cc23fedcf256fd5302c6cf57df87eac3a,https://cdnjs.cloudflare.com/ajax/libs/moment.js/2.30.1/locale/mi.js
9cd30c21e4430f16e3dabc83c7d45af54a238cabbdf2201a1233bf04424ec169,https://cdnjs.cloudflare.com/ajax/libs/popper.js/2.11.8/esm/dom-utils/isScrollParent.js
9cf578ba210b62c81e8a82fca2033220186a48733db731e888542bc70c855a60,https://cdnjs.cloudflare.com/ajax/libs/date-fns/4.1.0/locale/el/cdn.js
9cfdb93f38afcf2d076abecd66d32bfd3383cdf1967654ebc26a26605daf4173,https://cdnjs.cloudflare.com/ajax/libs/dayjs/1.11.18/dayjs.min.js
9d02ee01919145c20b03ee9d3013af7118793dedf5d2c0696a773af90066c953,https://ajax.aspnetcdn.com/ajax/jQuery/jquery-3.6.3.js
9d0964236c8c30b42cca22efd6c52080ab491e31ecdb250bb37fcec9e7299c7e,https://cdnjs.cloudflare.com/ajax/libs/popper.js/2.11.8/esm/utils/getOppositeVariationPlacement.min.js
9d0b825ab0f26bb346ab2b7294b1fbd50d54ae4583533a8c7b6484cc6e4bd360,https://www.youtube.com/s/player/2ef249c2/player_ias.vflset/en_US/base.js
9d28f417f539b6672f27ce55ae1544655d8ed30a00677ca08295bfbbf6c03903,https://cdnjs.cloudflare.com/ajax/libs/react-dom/19.1.1/cjs/react-dom.react-server.development.min.js
9d401b873dd4424d1e8168f3fe005231944705757ed38f7c7bc6892a31ec303d,https://www.youtube.com/s/player/721caf0b/player_ias.vflset/en_US/base.js
9d680e480c60efb15ac59f8150f2f1cd55ecc61c8c980e4e4b56ff0fc0e1e21f,https://www.youtube.com/s/player/0c9dcb4e/player_ias.vflset/en_US/base.js
9d7d061c245349d6897732c90ad57841c9132b9b556be07a24dc76ff17cf75a0,https://cdnjs.cloudflare.com/ajax/libs/moment.js/2.30.1/locale/sq.js
9d7d1c727e1cd32745764098a76e5d3d5fb7acd3b6527c5aacd85b7c6f8ce341,https://ajax.googleapis.com/ajax/libs/jquery/2.0.2/jquery.min.js
9d83041a06739b9f76f1a8bbaa10585359289ace718214edaf8f03234e662942,https://ajax.aspnetcdn.com/ajax/bootstrap/3.4.0/css/bootstrap.css
9dbb3d95e4b5b82e5f31b0c023abec9a2b327834624841c23e8f069a14c32b24,https://cdnjs.cloudflare.com/ajax/libs/moment.js/2.30.1/locale/ku-kmr.js
9dc830c055d681120a87b83f0aab7d3eaa61f1db28088024e06072312fd8e792,https://ajax.aspnetcdn.com/ajax/bootstrap/4.0.0/css/bootstrap-grid.min.css
9dcfb113119b138f6730ed78b377705d1636329734c1ef66c21b0434d06d1752,https://cdnjs.cloudflare.com/ajax/libs/dayjs/1.11.18/locale/eo.min.js
9de8a7cdc339a19cdebd5adddbc1384281e87010b43f494e670b488f49bab1e1,https://www.youtube.com/s/player/791f6bd4/player_ias.vflset/en_US/captions.js
9de8a7cdc339a19cdebd5adddbc1384281e87010b43f494e670b488f49bab1e1,https://www.youtube.com/s/player/86205a12/player_ias.vflset/en_US/captions.js
9def49a134279771fceeb08a1b3e45d686d9e6d3ed3778036cc66e847f46f87f,https://cdnjs.cloudflare.com/ajax/libs/popper.js/2.11.8/esm/popper-base.js
9e0039076a3b83c036160939ddfe0b040c0206df6708b5c03a23cf92fc036d33,https://www.youtube.com/s/player/0fa0965b/player_ias.vflset/en_US/base.js
9e0a641dad7056dacb3f804dc39dd55fb4a52d4661ceee8d2f2b44c59f71c5e1,https://ajax.aspnetcdn.com/ajax/jQuery/jquery-1.6.4-vsdoc.js
9e209a5f9e21517964c6b751bb75f012ec86703d00ec177bd7dc357bf1b4c4d6,https://cdnjs.cloudflare.com/ajax/libs/dayjs/1.11.18/locale/hi.js
9e26fe0fd0ce553e2554afa2bd95c0b328ef3cb72c8b5640edeab6bd351ce7bc,https://cdnjs.cloudflare.com/ajax/libs/dayjs/1.11.18/plugin/advancedFormat.min.js
9e2c66761dfa1704d58d7f08c99023f18468bc168a3aeaec8b236915f4f5f185,https://www.youtube.com/s/player/f4f81892/player_ias.vflset/en_US/captions.js
9e2c66761dfa1704d58d7f08c99023f18468bc168a3aeaec8b236915f4f5f185,https://www.youtube.com/s/player/d793a5ff/player_ias.vflset/en_US/captions.js
9e2c66761dfa1704d58d7f08c99023f18468bc168a3aeaec8b236915f4f5f185,https://www.youtube.com/s/player/70a17a5c/player_ias.vflset/en_US/captions.js
9e3c28e2947165ae37ff01314d750b4da987dcee2c14e4338a0b38c68fb6997c,https://cdnjs.cloudflare.com/ajax/libs/dayjs/1.11.18/locale/ht.js
9e3d2cc5df8b6804c2d19e0b759f3cdb6ac62e4fcd3ff355e5c62d2406d1c598,https://maps.googleapis.com/maps-api-v3/api/js/63/14d/marker.js
9e3f4c96ba23a9165efe797e3cf5bcc3e0dbc66579481a19193a8f7fb3fc959c,https://cdnjs.cloudflare.com/ajax/libs/date-fns/4.1.0/locale/hy/cdn.js
9e41265dcb5d1e258fcabcb5cb4ff062dc0950ecfa18139a2cfd281b73443a9d,https://maps.googleapis.com/maps-api-v3/api/js/63/14d/search_impl.js
9e57e016a3b1614feb9f7db07ca47368aba4b34f51f1c856e4255acddd5ef436,https://cdnjs.cloudflare.com/ajax/libs/dayjs/1.11.18/plugin/isYesterday.min.js
9e599b04da4e0922a1a2f8a5f2bccdebb5801d233f2080d3da74967e93d1b0ec,https://cdnjs.cloudflare.com/ajax/libs/dayjs/1.11.18/locale/ru.min.js
9e5a538972a02d1f89f01d843f234ef65343c10b166941528987c49cac83ba9d,https://cdnjs.cloudflare.com/ajax/libs/prism/9000.0.1/components/prism-typescript.min.js
9e5bae1a02a326ca2ddd4ff79ab7a80ac946feda14f0e1d11c42f0910aca6a78,https://ajax.aspnetcdn.com/ajax/bootstrap/3.3.1/css/bootstrap-theme.css
9e67161f61922a475b142b2e18cb4470ed7860ef61bc6e7a41f327f7a59be96f,https://cdnjs.cloudflare.com/ajax/libs/crypto-js/4.2.0/mode-ctr.js
9e6d9e2d9fc3a8f321816e9d2b974c9048644875e902a31400700bdfe6ae0a0e,https://cdnjs.cloudflare.com/ajax/libs/cheerio/1.1.2/dist/browser/load-parse.js
9e6d9e2d9fc3a8f321816e9d2b974c9048644875e902a31400700bdfe6ae0a0e,https://cdnjs.cloudflare.com/ajax/libs/cheerio/1.1.2/dist/esm/load-parse.js
9e7a7a41fc5aa02d88b3042f6ed824ab0175ec21edb0af3e15a1f3fd9a2ae489,https://cdnjs.cloudflare.com/ajax/libs/dayjs/1.11.18/locale/en-nz.js
9ea2ddc77d7eb39e791381acbba9c10b1a23c25a8049be35285f23dd819a9b08,https://cdnjs.cloudflare.com/ajax/libs/dayjs/1.11.18/locale/ka.min.js
9ec94d6d954066eb2b4a25ef91a6c0775605e17eda9b13c25dd39a323f3bcd0e,https://cdnjs.cloudflare.com/ajax/libs/prism/9000.0.1/plugins/wpd/prism-wpd.css
9ec9d2c99c3f38a659f82732a704e1a4735b61bb92901278e21be5d28444784e,https://cdnjs.cloudflare.com/ajax/libs/date-fns/4.1.0/locale/fr/cdn.min.js
9eca3bfd1cdded2cba25d74d12982ff1b2cbf51e34ec01a7cf65117fa8348f18,https://www.youtube.com/s/player/ed3f6ea5/player_ias.vflset/en_US/base.js
9ee2fcff6709e4d0d24b09ca0fc56aade12b4961ed9c43fd13b03248bfb57afe,https://ajax.aspnetcdn.com/ajax/bootstrap/3.4.1/bootstrap.min.js
9ee3994823350411245b2c55b479af0a8017315d44a05821453d0f12f022122c,https://www.youtube.com/s/player/16ef956e/player_ias.vflset/en_US/base.js
9ee47ef6079578af4f66db9c2f66edd72402f0f98345a64e20241b259b51f566,https://www.youtube.com/s/player/bcd88ad3/player_ias.vflset/en_US/base.js
9ef4760630a7dea14fbb889f5058f8cad6625e9f5ac2f9944bc93dc07c58e0ee,https://cdnjs.cloudflare.com/ajax/libs/popper.js/2.11.8/esm/dom-utils/getParentNode.min.js
9efb93d1e54f1d8e06096229252a888613b3c55f3dd826e9ee98b82a723263ae,https://cdnjs.cloudflare.com/ajax/libs/moment.js/2.30.1/locale/ta.min.js
9f09c6bd7a657db26d80770e41676b3c3950657caa31fdd4edb74e5a19c6291d,https://cdnjs.cloudflare.com/ajax/libs/date-fns/4.1.0/locale/uz/cdn.min.js
9f22344f9ff69b1cf5546c975fd8847884bb032216d15054ea267cb964a09b08,https://cdnjs.cloudflare.com/ajax/libs/moment.js/2.30.1/locale/uz.js
9f2fc03ae4e7b33049389b656956991c1367c94ac43b8ae6bbbf6ef0333766c6,https://www.youtube.com/s/player/5f803d10/player_ias.vflset/en_US/base.js
9f3500bf40f819cca11ca851f93fe4dda5b9703cf2e2374a56a20d3c8f24cc1b,https://cdnjs.cloudflare.com/ajax/libs/prism/9000.0.1/components/prism-scheme.min.js
9f364cd6428f6cca276352efa8a99b0e9c756bf94db59b4471d6c368a3bac2ae,https://cdnjs.cloudflare.com/ajax/libs/KaTeX/0.16.9/contrib/mathtex-script-type.js
9f3dd90ceabd652520c7d5fdcb0816f3b21eb6f015ebe6049a2fe7a48f947940,https://ajax.aspnetcdn.com/ajax/signalr/jquery.signalr-1.1.0.min.js
9f42975430301fd7d3d672036a4213f2b160fc4002f952223ad4ab72efea7a3a,https://cdnjs.cloudflare.com/ajax/libs/async/3.2.6/async.js
9f43b3a0314656121bcbf996dd3770473038e1947eeab9363c8595eb77d83e51,https://ajax.googleapis.com/ajax/libs/dojo/1.4.5/dojo/dojo.js
9f53c18280fbf57e67ed25df125f5522c9886e019cf32de785ce7fb6605a8fe8,https://www.youtube.com/s/player/32928ebd/player_ias.vflset/en_US/base.js
9f66716cab26c2f256bf766ed3c4e31cded03913541a95d558c831aba124907c,https://www.youtube.com/s/player/f4f314f0/player_ias.vflset/en_US/base.js
9f69684cb6e2c7b59607b3f8cdeedd2fc9f4d6d7e98a1b096187f6c3f66d0547,https://cdnjs.cloudflare.com/ajax/libs/jose/6.1.0/lib/asn1.js
9f7e8d8220b3f7e7324ef196b9e7beab6f11999ebaf06ea50da2cf1647b72613,https://cdnjs.cloudflare.com/ajax/libs/popper.js/2.11.8/esm/utils/getVariation.js
9f82e30c5bc7f0d5908089be85046cf5f6b08c358b5b149d9b1ac3ee2f868b2a,https://cdnjs.cloudflare.com/ajax/libs/date-fns/4.1.0/locale/fr-CH/cdn.min.js
9fc85b9f9b990ad88cd76206169380bc00f6cf3a6a613b0e770e40dc45274328,https://cdnjs.cloudflare.com/ajax/libs/jose/6.1.0/lib/is_disjoint.js
9fc85f3a4544ab0d570c7f8f9bbb88db8d92c359b2707580ea8b07c75673eae2,https://cdnjs.cloudflare.com/ajax/libs/font-awesome/6.5.1/webfonts/fa-solid-900.woff2
9fcaeb2ce94bd25c75486fa826ef54058db4960c522755718573dd1c09842d75,https://ajax.aspnetcdn.com/ajax/bootstrap/3.0.3/css/bootstrap-theme.min.css
9fcc241093405946885039df428cfa7f0051a1f2bdbcc5a313a177a9e35f8806,https://ajax.aspnetcdn.com/ajax/jQuery/jquery-1.7.1.js
9fcf9e11e96a572a241cedf5c6f5628f7f32111222379c46ceedbbbd64d683c4,https://www.youtube.com/s/player/4746b641/player_ias.vflset/en_US/base.js
9ff75913cb84244bb74884cb4e31d806d71bea39790559fd1e44a1bcd272b5aa,https://www.youtube.com/s/player/b0ee622c/player_ias.vflset/en_US/base.js
9ffb3e547f52519d33b04b627fafd3b292db3e70d2208bec84f9a046900ed4ee,https://cdnjs.cloudflare.com/ajax/libs/date-fns/4.1.0/locale/gl/cdn.js
a015d95a24196691521069b9762aa4f5143af7c21df63010ae99c63c0c0472f4,https://ajax.googleapis.com/ajax/libs/d3js/6.6.1/d3.min.js
a017a5729dfc3b7bec3697d0cad08008e1cc7cef3e8456b3c0315cccfd37a164,https://www.youtube.com/s/player/ab09dcd0/player_ias.vflset/en_US/captions.js
a017a5729dfc3b7bec3697d0cad08008e1cc7cef3e8456b3c0315cccfd37a164,https://www.youtube.com/s/player/367cdf18/player_ias.vflset/en_US/captions.js
a017a5729dfc3b7bec3697d0cad08008e1cc7cef3e8456b3c0315cccfd37a164,https://www.youtube.com/s/player/321b2c25/player_ias.vflset/en_US/captions.js
a017a5729dfc3b7bec3697d0cad08008e1cc7cef3e8456b3c0315cccfd37a164,https://www.youtube.com/s/player/1ebf2aa6/player_ias.vflset/en_US/captions.js
a017a5729dfc3b7bec3697d0cad08008e1cc7cef3e8456b3c0315cccfd37a164,https://www.youtube.com/s/player/a926f773/player_ias.vflset/en_US/captions.js
a04027f5d8d04561c4b0b070c87b2ca98673914ada35343eb9eceed02cc0a5b5,https://cdnjs.cloudflare.com/ajax/libs/dayjs/1.11.18/locale/de.min.js
a04669932536022de0e8d147284396d6447a3dfe6cc26be24358d8503aefbdf4,https://www.youtube.com/s/player/bcd893b3/www-player.css
a04669932536022de0e8d147284396d6447a3dfe6cc26be24358d8503aefbdf4,https://www.youtube-nocookie.com/s/player/bcd893b3/www-player.css
a057719fb761701fb344c47a55dc4fa508eb2042f25bc00cafd14ee8bfb6153e,https://cdnjs.cloudflare.com/ajax/libs/lodash.js/4.17.11/lodash.core.min.js
a05a7387ba39d138964047ec15acb7e0aca7ccde295978468aac91c6310f9072,https://www.youtube.com/s/player/e42f4bf8/player_ias.vflset/en_US/captions.js
a05faf87a41a51a461c9365b171061f11d1ea1ebffa558973674c06c65db91f3,https://cdnjs.cloudflare.com/ajax/libs/dayjs/1.11.18/locale/tet.min.js
a07d59a01435ac2ab1350f7bacc21b8f5bab6219fba8f5e751a0e360610b96f0,https://cdnjs.cloudflare.com/ajax/libs/KaTeX/0.16.9/contrib/mhchem.js
a080edbb637840ba2000bc5ef036d7bd1eb816339477ab7f6a5ab0bf819f01f8,https://cdnjs.cloudflare.com/ajax/libs/popper.js/2.11.8/esm/dom-utils/getClippingRect.js
a08147844abff33d6c304678e29a1edf50340ffbcc6595a3ce4a1339aef05648,https://ajax.googleapis.com/ajax/libs/jqueryui/1.8.6/themes/smoothness/jquery-ui.css
a0858cc08fdc8e11c1cf6b0fdefc8e1927350e61aa034f5e253a49759426b4df,https://ajax.aspnetcdn.com/ajax/bootstrap/3.4.1/css/bootstrap-theme.css
a09372666219e562795c8922a1344143fcdfc1d0495cc3b28aa47eeb801595c8,https://www.youtube.com/s/player/8e54e4ea/player_ias.vflset/en_US/base.js
a0fe8723dcf55da64d06b25446d0a8513e52527c45afcb37073465f9c6f352af,https://ajax.googleapis.com/ajax/libs/jquery/3.6.4/jquery.min.js
a0fe8723dcf55da64d06b25446d0a8513e52527c45afcb37073465f9c6f352af,https://ajax.aspnetcdn.com/ajax/jQuery/jquery-3.6.4.min.js
a103cf4fb4772293f8f9765c0ed9e0c18e9326991799a8beed1f27997f3acfde,https://cdnjs.cloudflare.com/ajax/libs/mocha/11.7.2/mocha.min.css
a10511240bd2ce9a2b27b56d59cef06d90e45f8e8a2b993294dceb34e64c15a2,https://cdnjs.cloudflare.com/ajax/libs/dayjs/1.11.18/locale/af.min.js
a10b5c13478f60b1a5e5d644d683103a5d4373df2ebda149b251ac2d2da51bdf,https://cdnjs.cloudflare.com/ajax/libs/prism/9000.0.1/components/prism-cpp.js
a1305347219d673cc973172494248e557ce8eccaf65af995c07c9d7daed4475d,https://ajax.aspnetcdn.com/ajax/jQuery/jquery-1.8.1.min.js
a1316ded7951625841ba9f81890315465ef798ce6864079670c6c6e2f774677f,https://cdnjs.cloudflare.com/ajax/libs/KaTeX/0.16.9/contrib/auto-render.js
a1399feee5a89618d0f58335083dbd3b396d8f388f98950636459763d5767515,https://cdnjs.cloudflare.com/ajax/libs/dayjs/1.11.18/locale/bs.js
a13c17179516fd0aa69d5d7822a78b14c02b6997a5f0990b572e82437fab2bc2,https://cdnjs.cloudflare.com/ajax/libs/date-fns/4.1.0/locale/km/cdn.min.js
a14deb4e18b486660c952754b3bead26db515c6ac067667f4221cf10817a0e88,https://cdnjs.cloudflare.com/ajax/libs/react-dom/19.1.1/cjs/react-dom-server.edge.development.js
a16df8fea167347a4b301ba46c2857408caf1815af091cd5a183a05f65ced4d1,https://cdnjs.cloudflare.com/ajax/libs/date-fns/4.1.0/locale/en-IE/cdn.min.js
a1711ade322ac4055538ff294b1e0cb9333200b866264790ae25ce480e9aa439,https://cdnjs.cloudflare.com/ajax/libs/dayjs/1.11.18/locale/bm.min.js
a174b7300901558780f8822960b0436005e95a09bb7898a663f3710fc8b0d279,https://ajax.aspnetcdn.com/ajax/globalize/1.0.0/node-main.js
a18aa92dea997bd71eb540d5f931620591e9dee27e5f817978bb385bab924d21,https://ajax.aspnetcdn.com/ajax/jQuery/jquery-2.2.0.js
a1a4b38d1092b49d8f4511f3545a56069a826157cafa9154e89b977fe5ff8f44,https://www.youtube.com/s/player/dc7b3d61/player_ias.vflset/en_US/base.js
a1ad1b3e844785d50522e91f60993d360ec6221011c2593bb06f8727cdd6fcbf,https://cdnjs.cloudflare.com/ajax/libs/dayjs/1.11.18/locale/fr.js
a1b14cd7c05da4e47b21edf41724c682e6525eee75ab37bde0f8f4de0982eee8,https://maps.google.com/maps-api-v3/api/js/62/13e/util.js
a1b14cd7c05da4e47b21edf41724c682e6525eee75ab37bde0f8f4de0982eee8,https://maps.googleapis.com/maps-api-v3/api/js/62/13e/util.js
a1b6400a21ddee090e93d8882ffa629963132785bfa41b0abbea199d278121e9,https://cdnjs.cloudflare.com/ajax/libs/underscore.js/1.8.3/underscore-min.js
a1c1814392ea630694b81991824971c92569c298470be13ca3785b74aec67655,https://cdnjs.cloudflare.com/ajax/libs/dayjs/1.11.18/locale/lv.js
a1c77fadc980ab19d7b9d3873116dcb421838883c528e9d0d7e755959ff0e002,https://www.youtube.com/s/player/886cbf26/player_ias.vflset/en_US/base.js
a1cefabf06ec626adcb92731537e1e04fd09a7908e22551bab50540106dc950d,https://cdnjs.cloudflare.com/ajax/libs/preact/10.27.2/preact.module.js
a1d16d15d1f9d8df20d467dcc10a798ee5986b4dc8f143ff3319581b70d691ad,https://cdnjs.cloudflare.com/ajax/libs/date-fns/4.1.0/locale/fa-IR/cdn.js
a1d1a57cf48206b59ba68f3468a6c1a3b7eb1c3b9a34d2749cdc26032f65a342,https://ajax.aspnetcdn.com/ajax/knockout/knockout-3.2.0.debug.js
a1d29019dcff0ce2a11cdf97018c20e99fbcb739163c059ad8bf2408f77d3161,https://cdnjs.cloudflare.com/ajax/libs/moment.js/2.30.1/locale/es-do.js
a1e4e0f2e58867eeb1ee55c4423bd322f7a87eeb0cf2d616fe8cb399ad9759ae,https://www.youtube.com/s/player/a0f30157/player_ias.vflset/en_US/base.js
a1f26d2f16c45d49e45fe0f70e5b2abda605ceb80749f6b6d8e4263e9900fa61,https://cdnjs.cloudflare.com/ajax/libs/moment.js/2.30.1/locale/en-ca.min.js
a22a65c73e8431acefd6ddb7f2cae72095d45c46e5b2a5093c308104696e9509,https://www.youtube.com/s/player/9fc68080/player_ias.vflset/en_US/base.js
a233573f641cc9c93c87b555fc5564c2e5ebb97e251338e971ba76e74d512646,https://cdnjs.cloudflare.com/ajax/libs/moment.js/2.30.1/locale/es-mx.js
a240734f03c3c7a0927877faafffb214e1e8093c564e672fd264ee4f390e0601,https://ajax.googleapis.com/ajax/libs/webfont/1.5.10/webfont.js
a26394f7ede100ca118eff2eda08596275a9839b959c226e15439557a5a80742,https://ajax.aspnetcdn.com/ajax/bootstrap/3.4.1/fonts/glyphicons-halflings-regular.woff
a26394f7ede100ca118eff2eda08596275a9839b959c226e15439557a5a80742,https://ajax.aspnetcdn.com/ajax/bootstrap/3.4.0/fonts/glyphicons-halflings-regular.woff
a26394f7ede100ca118eff2eda08596275a9839b959c226e15439557a5a80742,https://ajax.aspnetcdn.com/ajax/bootstrap/3.3.7/fonts/glyphicons-halflings-regular.woff
a26394f7ede100ca118eff2eda08596275a9839b959c226e15439557a5a80742,https://ajax.aspnetcdn.com/ajax/bootstrap/3.3.6/fonts/glyphicons-halflings-regular.woff
a26394f7ede100ca118eff2eda08596275a9839b959c226e15439557a5a80742,https://ajax.aspnetcdn.com/ajax/bootstrap/3.3.5/fonts/glyphicons-halflings-regular.woff
a26394f7ede100ca118eff2eda08596275a9839b959c226e15439557a5a80742,https://ajax.aspnetcdn.com/ajax/bootstrap/3.3.4/fonts/glyphicons-halflings-regular.woff
a26394f7ede100ca118eff2eda08596275a9839b959c226e15439557a5a80742,https://ajax.aspnetcdn.com/ajax/bootstrap/3.3.2/fonts/glyphicons-halflings-regular.woff
a272d4e7f80c0d878d6113a69e51f311521329512236532c6ac0a0438868a140,https://cdnjs.cloudflare.com/ajax/libs/acorn-walk/8.3.4/walk.min.js
a28396880470a28e0525bdc0ea326ffb811de7de13662d02f7530dbbe3f12d90,https://ajax.googleapis.com/ajax/libs/webfont/1.6.16/webfont.js
a2a58c8452449f97d36bcaeca39a02b14815958668e8f34a1da640f422b9bb97,https://cdnjs.cloudflare.com/ajax/libs/immer/10.1.3/cjs/immer.cjs.production.min.js
a2e25e02d8f4298d4953a330d96c4fbcc9456263bbdcf57bf97456d577ea7805,https://www.youtube.com/s/player/5cf6312f/player_ias.vflset/en_US/captions.js
a2e945f0e34b6c2663e6ccc571a4bdc7a1981d0af43ec29970eb441c811a23ac,https://cdnjs.cloudflare.com/ajax/libs/preact/10.27.2/preact.js
a2ff916e3355f6e2a6881b0f7b6e7f933070c6192fcefe8435a460a3bf2d39f0,https://cdnjs.cloudflare.com/ajax/libs/prism/9000.0.1/components/prism-core.min.js
a30278fb78379a20d0d74a89a068aa028226e1d96fcbd51e5b6565d2ff2e16bc,https://maps.googleapis.com/maps-api-v3/api/js/65/3b/main.js
a304ac097f1b806161b6fdebc5bfe9f8ee675a9021e5ef16149b2b18fac1d0ff,https://ajax.googleapis.com/ajax/libs/dojo/1.9.1/dojo/dojo.js
a305fbb2ba223bf3b56bb8776b85f6f40d60dd082a74dbe28d143b5794c7e393,https://ajax.aspnetcdn.com/ajax/knockout/knockout-3.4.2.js
a30f779d6d43a88b304bee2daf805a02ec4e542375653c5ebd3807f5ad1e47ac,https://cdnjs.cloudflare.com/ajax/libs/prism/9000.0.1/themes/prism-dark.min.css
a3231cf751c830642392e679313f712310de60f2f29d189d595b50c78eb59b7e,https://www.youtube.com/s/player/c816c7d8/player_ias.vflset/en_US/captions.js
a328907075c951d5bf352f770995894417d91dbd31b0f8265c130862e90a221c,https://www.youtube.com/s/player/627e46f5/player_ias.vflset/en_US/base.js
a33288a6743505355a27d68028b7d597258925cb21043fa4103267079d475753,https://www.youtube.com/s/player/04586e8e/player_ias.vflset/en_US/base.js
a337873f0ea2fc855f452ad8d2030d3e5a2a359ed562a7ec18f4fa76a693ac35,https://ajax.aspnetcdn.com/ajax/jquery.migrate/jquery-migrate-1.1.0.min.js
a34739d75f51e883a9b15ea4e26f62ddf3487eb55e4a4aacee52c721c2b3cee5,https://ajax.aspnetcdn.com/ajax/jQuery/jquery-1.3.2.min.js
a361e7885c36bacb3fd9cb068da207c3b9329962cac022d06e28923939f575e8,https://cdnjs.cloudflare.com/ajax/libs/font-awesome/6.0.0-beta3/css/all.min.css
a361f7a0236899778a357fa532dc307867137c6066d87b967f0314409c279018,https://ajax.googleapis.com/ajax/libs/scriptaculous/1.9.0/scriptaculous.js
a3626b78fe53d7d32fbcaeaeb92750db305e84e2ccb84e61d735ac7a4dc7345c,https://cdnjs.cloudflare.com/ajax/libs/crypto-js/4.2.0/mode-cfb.js
a3c6ccd19e5c16faefbef429d042458b82c80af040f450b1ee208dba88d5b0df,https://ajax.aspnetcdn.com/ajax/bootstrap/3.3.6/css/bootstrap-theme.min.css
a3cf00c109d907e543bc4f6dbc85eb31068f94515251347e9e57509b52ee3d74,https://ajax.googleapis.com/ajax/libs/jquery/3.6.1/jquery.min.js
a3cf00c109d907e543bc4f6dbc85eb31068f94515251347e9e57509b52ee3d74,https://ajax.aspnetcdn.com/ajax/jQuery/jquery-3.6.1.min.js
a3cf00c109d907e543bc4f6dbc85eb31068f94515251347e9e57509b52ee3d74,https://cdnjs.cloudflare.com/ajax/libs/jquery/3.6.1/jquery.min.js
a3ea7b9864f006837f75b433b532613c6152680f2eff86beca283928fea46e47,https://cdnjs.cloudflare.com/ajax/libs/prism/9000.0.1/components/prism-css.min.js
a42c7b34cebae1cbe1a378b42928f206fbae19b00d6022009388c9b07f797922,https://www.youtube.com/s/player/6b5a0420/player_ias.vflset/en_US/base.js
a435a52a5956e424a2e2f9cb269ed0ef188009eb4c90bc14b87a2b9bc8cd6907,https://cdnjs.cloudflare.com/ajax/libs/KaTeX/0.16.9/katex.mjs
a43f974ec15f638e67cec9d73cb33c339ce7cb35bb7041b478a930197977a890,https://cdnjs.cloudflare.com/ajax/libs/moment.js/2.30.1/locale/bn.js
a45aa784609f2aec1f405f4162f8948ad59294163de244e5b2694da2e2b3e53d,https://www.youtube.com/s/player/791f6bd4/player_ias.vflset/en_US/base.js
a45aad7c8f1943171157efd884ab5fe76312c560f6df81011ac82eb05743b206,https://cdnjs.cloudflare.com/ajax/libs/popper.js/2.11.8/esm/utils/getFreshSideObject.min.js
a46e315358ab0254fc0c72483b87aa752a3fc0e492b3e263c7965badd4d7b6c6,https://cdnjs.cloudflare.com/ajax/libs/prism/9000.0.1/components/prism-pascal.min.js
a4831a4b67fc1bebf996bbf08711e8404bc155a7e581aa42e74991b4cfec5993,https://ajax.aspnetcdn.com/ajax/bootstrap/4.1.1/bootstrap.js
a497c10832b7a3cbbf913c3281c15265e6c9eddd77d3b25f4a2215c444a69238,https://cdnjs.cloudflare.com/ajax/libs/dayjs/1.11.18/locale/da.js
a4a09ffcfa7d5ac5ebe5a0c9fbc43ee58cb2a9f5289d08c0da927f6b98e7b58b,https://www.youtube.com/s/player/6d92eed5/player_ias.vflset/en_US/base.js
a4ac690aa6b0366edd642455ab687f895545dd354d8f3d5c060b73f4ff34e285,https://cdnjs.cloudflare.com/ajax/libs/moment.js/2.30.1/locale/gl.min.js
a4af7d414440a1c1790825cfb700cf9cf43b0f2c4b04f0ebc523011ad9853ec0,https://cdnjs.cloudflare.com/ajax/libs/KaTeX/0.16.9/fonts/KaTeX_Size4-Regular.woff2
a4bcbc39a9532d8ecef1c8082cb8ff4861a1eb8809681a17b947e0b66b8932d8,https://cdnjs.cloudflare.com/ajax/libs/cheerio/1.1.2/dist/commonjs/api/attributes.min.js
a4ce220ca953ac3439fb4fad56baa62a217b74efc144d82a2243cdaa6c763262,https://www.youtube.com/s/player/4c5cf06a/player_ias.vflset/en_US/base.js
a4d1962d192b9f8369be7fd7723c7435d38aedefb6b7c40c2053febd85bd8ed2,https://www.youtube.com/s/player/e795685c/player_ias.vflset/en_US/base.js
a509b94b180384c0fe66abb435883ed029e482d39e2e3ca759e23cb9dde48219,https://cdnjs.cloudflare.com/ajax/libs/cheerio/1.1.2/dist/commonjs/index.min.js
a50f021dc11eeb56734b4bacecc28112598f9a93f4c1a079cd2bd29960ba3b58,https://cdnjs.cloudflare.com/ajax/libs/xlsx/0.18.5/xlsx.zahl.min.js
a515a82292b34bdde3447113634d5d496039ffd4d6a0c7382586f3c24e582645,https://ajax.aspnetcdn.com/ajax/bootstrap/2.3.2/bootstrap.min.js
a51a9331132aefaabba819c4399d4b6a666e4c071b832b9a44f6aeae8daf02ae,https://cdnjs.cloudflare.com/ajax/libs/isomorphic-fetch/3.0.0/fetch-npm-browserify.min.js
a52f7aa54d7bcaafa056ee0a050262dfc5694ae28dee8b4cac3429af37ff0d66,https://cdnjs.cloudflare.com/ajax/libs/popper.js/1.12.9/umd/popper.min.js
a531731ec8757beaf3f7ba63354a7280c6f03f364cde22378cf77d9383c14e4a,https://ajax.aspnetcdn.com/ajax/bootstrap/4.4.1/css/bootstrap-reboot.min.css
a53c43f834b32309b084ea9314df8307e9c78cee2202c6e07f216ae4ae5b704d,https://cdnjs.cloudflare.com/ajax/libs/OwlCarousel2/2.3.4/owl.carousel.min.js
a53fa33322202da13ee905a521d2dc34785b06226fcf7e283785900fd6b25585,https://www.youtube.com/s/player/12472e7f/player_ias.vflset/en_US/base.js
a54873086cb65d44f078e5a97573667f6c2d02d9ee2c6a23e499d36800d4e7c0,https://cdnjs.cloudflare.com/ajax/libs/react-select/5.10.2/Select-8685a2b1.cjs.prod.min.js
a54ae2ee5ae8b17a6a86e11072be5a1d79f25266ab4696d50331cd92a7f4b8a2,https://www.youtube.com/s/player/652bbb94/player_ias.vflset/en_US/captions.js
a55ade67aedf45a013ca01c5e93fa042d175348ef4d16f64cde022beee9abbd5,https://ajax.aspnetcdn.com/ajax/bootstrap/4.3.1/bootstrap.bundle.js
a57292619d14eb8cbd923bde9f28cf994ac66abc48f7c975b769328ff33bddc9,https://ajax.aspnetcdn.com/ajax/jQuery/jquery-1.6.2.js
a57b5242b9a9adc4c1ef846c365147b89c472b9cd770face331efcb965346b25,https://ajax.googleapis.com/ajax/libs/jquery/2.0.3/jquery.min.js
a583cca122263d94c3eebfefe83c965a1b305b9c84e5aa3c5ba10527941db7db,https://cdnjs.cloudflare.com/ajax/libs/pdf.js/5.4.149/images/annotation-newparagraph.svg
a5875f287e6cc6dea0ab64024db32783229a7db55f74deccf6566973bbd76ec9,https://cdnjs.cloudflare.com/ajax/libs/crypto-js/4.2.0/lib-typedarrays.js
a5ab2a00a0439854f8787a0dda775dea5377ef4905886505c938941d6854ee4f,https://ajax.aspnetcdn.com/ajax/jQuery/jquery-3.4.1.slim.min.js
a5ad46c4cca39cd21f1732ed2bd8c83813da711cb7331ed46e5a44ce7d658376,https://cdnjs.cloudflare.com/ajax/libs/prism/9000.0.1/plugins/highlight-keywords/prism-highlight-keywords.min.js
a5da1e54cc1e6fdd074e459ba92798376dc292e78a88311f59f3cc899cccf547,https://www.youtube.com/s/player/9fcf08e8/player_ias.vflset/en_US/captions.js
a60a31e4e77b8fb6360b986653ac24762db5249892d8907099b7109d2194110c,https://ajax.aspnetcdn.com/ajax/bootstrap/3.3.1/css/bootstrap.css
a63c8b752a631b96e4e79003e91e336b974650dfa26730aa821a0c46a8b4fa98,https://www.youtube.com/s/player/a57cdcbf/player_ias.vflset/en_US/captions.js
a63c8b752a631b96e4e79003e91e336b974650dfa26730aa821a0c46a8b4fa98,https://www.youtube.com/s/player/964f0dc6/player_ias.vflset/en_US/captions.js
a63c8b752a631b96e4e79003e91e336b974650dfa26730aa821a0c46a8b4fa98,https://www.youtube.com/s/player/553d5bd7/player_ias.vflset/en_US/captions.js
a65d5b4abb65aad37f302c96f1751362e2422a8869f7f889112556d77e384813,https://ajax.aspnetcdn.com/ajax/bootstrap/4.3.1/bootstrap.js
a66b2d9bbb379ab66728adf75a96d0fa2caf870d58f111417f34872bb932a2d3,https://cdnjs.cloudflare.com/ajax/libs/cheerio/1.1.2/dist/browser/options.min.js
a66b2d9bbb379ab66728adf75a96d0fa2caf870d58f111417f34872bb932a2d3,https://cdnjs.cloudflare.com/ajax/libs/cheerio/1.1.2/dist/esm/options.min.js
a67fe65ee69957ecf0565154bb1efb6ede6959e75263dcb09f28e8e53e8a10b8,https://ajax.aspnetcdn.com/ajax/mvc/3.0/jquery.validate.unobtrusive.js
a68cf256be13ccea97c76f170aed62781772eb481193bda28dba29f73f76bb92,https://www.youtube.com/s/player/c6aa5b85/player_ias.vflset/en_US/base.js
a691b913756753dd769c1559b8efbd3d8157feb4c9368d2cb4b79eba67441841,https://cdnjs.cloudflare.com/ajax/libs/react-dom/19.1.1/cjs/react-dom-test-utils.development.js
a6a8ca3569699983d13a338750c6aa168387343b9f6eb64b8e4dbe2a3f2b8e43,https://www.youtube.com/s/player/f4d92f0b/player_ias.vflset/en_US/base.js
a6b4f5343dd13746d73c87e9f2e6187768e92fdfd1334fb4613dd23c6cd3e819,https://ajax.googleapis.com/ajax/libs/prototype/1.7.2.0/prototype.js
a6d6b32f68acb1eb8f7487accc3b0bf151bd25312591f03323a4f8bc9e137a48,https://ajax.googleapis.com/ajax/libs/dojo/1.4.3/dojo/dojo.js
a6f3f0faea4b3d48e03176341bef0ed3151ffbf226d4c6635f1c6039c0500575,https://ajax.googleapis.com/ajax/libs/jquery/3.6.3/jquery.min.js
a6f3f0faea4b3d48e03176341bef0ed3151ffbf226d4c6635f1c6039c0500575,https://ajax.aspnetcdn.com/ajax/jQuery/jquery-3.6.3.min.js
a6f7ec0d846ac7ad975adb8959c37ed49b94acbc4ae436db9ce9e20287e4a64c,https://cdnjs.cloudflare.com/ajax/libs/KaTeX/0.16.9/fonts/KaTeX_Main-BoldItalic.woff
a7114d08423143e9c1d7f43b74d22083f01d926b0b256ee5c377fc9026601f3e,https://cdnjs.cloudflare.com/ajax/libs/date-fns/4.1.0/locale/lb/cdn.min.js
a722d1f1486b807b34076ec3277ea3a65f21837db2d9f76eb5daa7de312479a6,https://cdnjs.cloudflare.com/ajax/libs/crypto-js/4.2.0/pad-nopadding.js
a732be1215af43c449744697ca3bdcd3b90700d3a27ab0f22edde7383ff7a731,https://cdnjs.cloudflare.com/ajax/libs/tinycolor/1.6.0/tinycolor.min.js
a73eb8489f6f9d693286d3a8ee6b6239e916b85a3b608197af35e31256337160,https://ajax.aspnetcdn.com/ajax/bootstrap/4.0.0/css/bootstrap-reboot.min.css
a73fa8b59dd099d28a7824980577379437273f6ef35a90409cf36492bc2b3600,https://cdnjs.cloudflare.com/ajax/libs/moment.js/2.30.1/locale/el.js
a746f80ebe9a1f522ea874a709d98acbf951c68efc996ffbb468052dcb496701,https://cdnjs.cloudflare.com/ajax/libs/moment.js/2.30.1/locale/kn.min.js
a7b20ec84aadcaaa7d3f53c6fcb93348eeb392dcf9f158e22124eae321ae190b,https://ajax.aspnetcdn.com/ajax/bootstrap/3.3.1/css/bootstrap-theme.min.css
a7b37bf23052eb5924d99f60cce1759d40af854beb2de4dd08d65ab7e828eaa1,https://cdnjs.cloudflare.com/ajax/libs/es6-promise/4.2.8/es6-promise.js
a7bc99cfe46da0099fc819d6d5e5dd8e301e6d5506e0ee1f0aea0a3696cb8f10,https://www.youtube.com/s/player/25f1a420/player_ias.vflset/en_US/base.js
a7c1c330ac45e6b83e8624f22b23b5a0e38543843628a77fcd0b6f836fd730b8,https://cdnjs.cloudflare.com/ajax/libs/cheerio/1.1.2/dist/commonjs/utils.js
a7c98da2a0260a5c8ac615cad956b8b220b7a2d73d85364dcf77b63f92e907b3,https://ajax.aspnetcdn.com/ajax/jQuery/jquery-1.6.js
a7d865ef3b9b9d1c456836962982dafd78fedcf90b25edb6796f8106f52c46f5,https://cdnjs.cloudflare.com/ajax/libs/dayjs/1.11.18/locale/es.min.js
a8286f22f2647936d5e66d02d0aac197eb0e89c68892580493cda5c290d29191,https://cdnjs.cloudflare.com/ajax/libs/dayjs/1.11.18/plugin/timezone.js
a82edbf6822df7dfb42ab47195e499a4497af505f8e3d994a670383f1c17ef7e,https://www.youtube.com/s/player/62a6a39e/player_ias.vflset/en_US/captions.js
a834ac2f898d24f8fe9d4e594dd99653d72fd94f3610bca3390f95497102053a,https://maps.googleapis.com/maps-api-v3/api/js/64/14a/places_impl.js
a8391f60719c12584eab7a8fe62f9ef836878c356f2a137bdbdf409cbae2792a,https://www.youtube.com/s/player/08bf6746/player_ias.vflset/en_US/base.js
a84186b46cae8f6ca25446cf2d0f74c3be88e2357b45eb9faecfa1d24af0e64c,https://www.youtube.com/s/player/06459dfc/player_ias.vflset/en_US/base.js
a8446000999cf88295627b15d8a4e03c69c12bd1f32a147458341f5d1a9ee30b,https://cdnjs.cloudflare.com/ajax/libs/date-fns/4.1.0/locale/en-IN/cdn.js
a8801b2f022372dc3f13c2b0a1f1207be8b25a24c4c1b594b3833d237cff1035,https://ajax.googleapis.com/ajax/libs/mootools/1.3.2/mootools-yui-compressed.js
a8873a6b64aac490de4f5ca6ae9b237baf2a3eb0aacf7dc6b4a31d34a2365ac4,https://cdnjs.cloudflare.com/ajax/libs/marked/16.3.0/lib/marked.umd.js
a88f4c2eda6a4aabd73da10990c153adf5c035e810989650f549b07cc8bb1484,https://cdnjs.cloudflare.com/ajax/libs/date-fns/4.1.0/locale/eo/cdn.js
a8b02fd240408a170764b2377efdd621329e46c517dbb85deaea4105ad0c4a8c,https://ajax.aspnetcdn.com/ajax/jQuery/jquery-3.2.0.slim.min.js
a8c45a856855fc8b4c457e13244ba3fe5f7a4c9d553de21d36b349f8af7cd716,https://cdnjs.cloudflare.com/ajax/libs/date-fns/4.1.0/locale/hu/cdn.min.js
a8cfeb20acc07934ced178f3fc6fdcabcc9fc254cf03f460d92d360d4768bbdd,https://www.youtube.com/s/player/5cabb421/player_ias.vflset/en_US/base.js
a8ea348ae9aa6044dbbf88f3f69181a43279989a06bcccf6e7496336b7ca78e2,https://cdnjs.cloudflare.com/ajax/libs/fuse.js/7.1.0/fuse.basic.min.mjs
a9048ac365d82700905fb78cc4ce4070d90fe226a936de72ad0519ec06d7e5de,https://cdnjs.cloudflare.com/ajax/libs/date-fns/4.1.0/locale/en-NZ/cdn.js
a920f0c8bb8d8d4ec718b45fc89f2279a68fd042a50bbcc3b1505cac407378d2,https://ajax.aspnetcdn.com/ajax/jQuery/jquery-1.6-vsdoc.js
a92cea7fdea56f5458d5fe14560e2c275e10396643e28f676eb88fe9710e82a5,https://cdnjs.cloudflare.com/ajax/libs/prism/9000.0.1/components/prism-java.js
a935133d4b2166e8e3cf28e288b1b889d0743285e1c4e6ab3c77f04704eb56f3,https://cdnjs.cloudflare.com/ajax/libs/pdf.js/5.4.149/pdf.min.mjs
a939a35ad29e3fbec86d2fea7c8d4b578a4fa49c99edf11d505088a1e2a8ef47,https://cdnjs.cloudflare.com/ajax/libs/moment.js/2.30.1/locale/tlh.js
a94403df794eb64170a40f9670d0bc9d89d32d6f638aec999100230e23c9b8c7,https://cdnjs.cloudflare.com/ajax/libs/moment.js/2.30.1/locale/gu.min.js
a9705dfc47c0763380d851ab1801be6f76019f6b67e40e9b873f8b4a0603f7a9,https://static.parastorage.com/unpkg/lodash@4.17.21/lodash.min.js
a9707004ebbc51eb57dab58cb238cd99416519880363e08885eea784402a2e42,https://www.youtube.com/s/player/87644c66/player_ias.vflset/en_US/base.js
a97a1b561329f448a14da1f0c1f77e7e5ff62d0581f6c8bc5fa3d5a2610b8d28,https://cdnjs.cloudflare.com/ajax/libs/popper.js/2.11.8/esm/popper-lite.min.js
a9899d556c805da74d7d795e04d9397fba00c5b18013548fb5f8d977bc852a60,https://cdnjs.cloudflare.com/ajax/libs/popper.js/2.11.8/esm/dom-utils/getCompositeRect.js
a9a84ff099cd03e64da2f980556d492f891c906fadccba8c9334c728a96d3637,https://cdnjs.cloudflare.com/ajax/libs/dayjs/1.11.18/locale/ml.js
a9d250db6b377dcc698f55167295d617b6eee4d5936121ff91eca5e7e140c361,https://ajax.aspnetcdn.com/ajax/bootstrap/3.1.1/bootstrap.js
a9e5a7fef6d240418275945bcd7b8351fe56957741b9402506ba66f51b3ad38a,https://cdnjs.cloudflare.com/ajax/libs/cheerio/1.1.2/dist/commonjs/load.min.js
a9e753f66a4f8d35b1eaf721c6cd75bec05a0762ec5047d643061ecff1e7060c,https://ajax.googleapis.com/ajax/libs/dojo/1.5.3/dojo/dojo.js
aa3120523f1d98dab187e385c154ad020736bd1a1d7e8e3bace2554b7d28f3ca,https://cdnjs.cloudflare.com/ajax/libs/moment.js/2.30.1/locale/hu.min.js
aa4282e1a9c1b60cde51b620319edce240a495fd397abaabe5fd510a089ca287,https://cdnjs.cloudflare.com/ajax/libs/prism/9000.0.1/components/prism-haskell.min.js
aa4d34406c6ad3db1e0717cba1e6f9be5b5e3b99251f3dbeb87786c84d187fc0,https://www.youtube.com/s/player/44596b36/player_ias.vflset/en_US/base.js
aa5ad5b7ea2676e7e3eb3f84a93941eef1a47a2ac5621e4c8ef929efc7cc4d38,https://cdnjs.cloudflare.com/ajax/libs/dayjs/1.11.18/locale/cv.js
aa5ce3d7b296793af5743836266b41c225f53ed3622fb93547b370876bfd6863,https://cdnjs.cloudflare.com/ajax/libs/jsonwebtoken/9.0.2/lib/asymmetricKeyDetailsSupported.js
aa68e0e1ccb88e0e7e5b0e712acaefd700bc1fddffe47833b9f357c139ef7839,https://www.youtube.com/s/player/9da62807/www-player.css
aa68e0e1ccb88e0e7e5b0e712acaefd700bc1fddffe47833b9f357c139ef7839,https://www.youtube-nocookie.com/s/player/9da62807/www-player.css
aa68e0e1ccb88e0e7e5b0e712acaefd700bc1fddffe47833b9f357c139ef7839,https://www.youtube.com/s/player/aa8e2787/www-player.css
aa68e0e1ccb88e0e7e5b0e712acaefd700bc1fddffe47833b9f357c139ef7839,https://www.youtube-nocookie.com/s/player/aa8e2787/www-player.css
aa68e0e1ccb88e0e7e5b0e712acaefd700bc1fddffe47833b9f357c139ef7839,https://www.youtube.com/s/player/6dc99e32/www-player.css
aa68e0e1ccb88e0e7e5b0e712acaefd700bc1fddffe47833b9f357c139ef7839,https://www.youtube-nocookie.com/s/player/6dc99e32/www-player.css
aa68e0e1ccb88e0e7e5b0e712acaefd700bc1fddffe47833b9f357c139ef7839,https://www.youtube.com/s/player/ab4606fb/www-player.css
aa68e0e1ccb88e0e7e5b0e712acaefd700bc1fddffe47833b9f357c139ef7839,https://www.youtube-nocookie.com/s/player/ab4606fb/www-player.css
aa68e0e1ccb88e0e7e5b0e712acaefd700bc1fddffe47833b9f357c139ef7839,https://www.youtube.com/s/player/b174a5bb/www-player.css
aa68e0e1ccb88e0e7e5b0e712acaefd700bc1fddffe47833b9f357c139ef7839,https://www.youtube-nocookie.com/s/player/b174a5bb/www-player.css
aa68e0e1ccb88e0e7e5b0e712acaefd700bc1fddffe47833b9f357c139ef7839,https://www.youtube.com/s/player/23c9bab9/www-player.css
aa68e0e1ccb88e0e7e5b0e712acaefd700bc1fddffe47833b9f357c139ef7839,https://www.youtube-nocookie.com/s/player/23c9bab9/www-player.css
aa68e0e1ccb88e0e7e5b0e712acaefd700bc1fddffe47833b9f357c139ef7839,https://www.youtube.com/s/player/bf9226b1/www-player.css
aa68e0e1ccb88e0e7e5b0e712acaefd700bc1fddffe47833b9f357c139ef7839,https://www.youtube-nocookie.com/s/player/bf9226b1/www-player.css
aa68e0e1ccb88e0e7e5b0e712acaefd700bc1fddffe47833b9f357c139ef7839,https://www.youtube.com/s/player/1a10598a/www-player.css
aa68e0e1ccb88e0e7e5b0e712acaefd700bc1fddffe47833b9f357c139ef7839,https://www.youtube-nocookie.com/s/player/1a10598a/www-player.css
aa68e0e1ccb88e0e7e5b0e712acaefd700bc1fddffe47833b9f357c139ef7839,https://www.youtube.com/s/player/06dc4a70/www-player.css
aa68e0e1ccb88e0e7e5b0e712acaefd700bc1fddffe47833b9f357c139ef7839,https://www.youtube-nocookie.com/s/player/06dc4a70/www-player.css
aa68e0e1ccb88e0e7e5b0e712acaefd700bc1fddffe47833b9f357c139ef7839,https://www.youtube.com/s/player/ee507a59/www-player.css
aa68e0e1ccb88e0e7e5b0e712acaefd700bc1fddffe47833b9f357c139ef7839,https://www.youtube-nocookie.com/s/player/ee507a59/www-player.css
aa68e0e1ccb88e0e7e5b0e712acaefd700bc1fddffe47833b9f357c139ef7839,https://www.youtube.com/s/player/1406eaf9/www-player.css
aa68e0e1ccb88e0e7e5b0e712acaefd700bc1fddffe47833b9f357c139ef7839,https://www.youtube-nocookie.com/s/player/1406eaf9/www-player.css
aa68e0e1ccb88e0e7e5b0e712acaefd700bc1fddffe47833b9f357c139ef7839,https://www.youtube.com/s/player/3e133d8d/www-player.css
aa68e0e1ccb88e0e7e5b0e712acaefd700bc1fddffe47833b9f357c139ef7839,https://www.youtube-nocookie.com/s/player/3e133d8d/www-player.css
aa68e0e1ccb88e0e7e5b0e712acaefd700bc1fddffe47833b9f357c139ef7839,https://www.youtube.com/s/player/924b2d9a/www-player.css
aa68e0e1ccb88e0e7e5b0e712acaefd700bc1fddffe47833b9f357c139ef7839,https://www.youtube-nocookie.com/s/player/924b2d9a/www-player.css
aa68e0e1ccb88e0e7e5b0e712acaefd700bc1fddffe47833b9f357c139ef7839,https://www.youtube.com/s/player/5afa275f/www-player.css
aa68e0e1ccb88e0e7e5b0e712acaefd700bc1fddffe47833b9f357c139ef7839,https://www.youtube-nocookie.com/s/player/5afa275f/www-player.css
aa68e0e1ccb88e0e7e5b0e712acaefd700bc1fddffe47833b9f357c139ef7839,https://www.youtube.com/s/player/a0d0e12d/www-player.css
aa68e0e1ccb88e0e7e5b0e712acaefd700bc1fddffe47833b9f357c139ef7839,https://www.youtube-nocookie.com/s/player/a0d0e12d/www-player.css
aa68e0e1ccb88e0e7e5b0e712acaefd700bc1fddffe47833b9f357c139ef7839,https://www.youtube.com/s/player/ed93444a/www-player.css
aa68e0e1ccb88e0e7e5b0e712acaefd700bc1fddffe47833b9f357c139ef7839,https://www.youtube-nocookie.com/s/player/ed93444a/www-player.css
aa68e0e1ccb88e0e7e5b0e712acaefd700bc1fddffe47833b9f357c139ef7839,https://www.youtube.com/s/player/777857f0/www-player.css
aa68e0e1ccb88e0e7e5b0e712acaefd700bc1fddffe47833b9f357c139ef7839,https://www.youtube-nocookie.com/s/player/777857f0/www-player.css
aa68e0e1ccb88e0e7e5b0e712acaefd700bc1fddffe47833b9f357c139ef7839,https://www.youtube.com/s/player/0e56f409/www-player.css
aa68e0e1ccb88e0e7e5b0e712acaefd700bc1fddffe47833b9f357c139ef7839,https://www.youtube-nocookie.com/s/player/0e56f409/www-player.css
aa7010a784fb5a719705c06e73466649a86768dfd54f320bad3f72f462bfa745,https://maps.google.com/maps-api-v3/api/js/65/3b/util.js
aa7010a784fb5a719705c06e73466649a86768dfd54f320bad3f72f462bfa745,https://maps.googleapis.com/maps-api-v3/api/js/65/3b/util.js
aa75998623a391e61c6901794ace832e3ecdd288b56d608f21bea0411acc0b8e,https://cdnjs.cloudflare.com/ajax/libs/font-awesome/6.7.2/webfonts/fa-solid-900.woff2
aad4bd68914bb35904a669b1d5f9b410dd5620bb833ee9408e15e1bc8a1a0146,https://cdnjs.cloudflare.com/ajax/libs/dayjs/1.11.18/plugin/devHelper.min.js
aad8f23e00d08a74a943112883d300ef6fba4a58c4efb2ec2f2069780df23031,https://cdnjs.cloudflare.com/ajax/libs/dayjs/1.11.18/locale/ss.min.js
aadd07066e8d8df798b1cb2a0b8ec72243196d3a789fac34c4afddfea6cd2bf3,https://ajax.aspnetcdn.com/ajax/bootstrap/4.0.0/css/bootstrap-reboot.css
aae460b3f08f3f8b1cb229ee226fb084540fec04b6ddc8fc01463068ebf4b7de,https://cdnjs.cloudflare.com/ajax/libs/jsonwebtoken/9.0.2/index.js
aaf90d89058f2ac31a00ae50cca6430c58a18bc3a3d1df434c05e3b0d03dcc69,https://cdnjs.cloudflare.com/ajax/libs/crypto-js/4.2.0/hmac-sha1.min.js
ab00be544912062b8d6901ceb41d11b6c38407c073620f0339be6e6c9eae5025,https://ajax.aspnetcdn.com/ajax/mvc/5.0/jquery.validate.unobtrusive.js
ab09497e77d16d13dc82d1de766a01f38894474812f41ea02bfd4d0dd06d6e05,https://www.youtube.com/s/player/4d9879e9/player_ias.vflset/en_US/base.js
ab2ef5bd32ee1200413323b88146c241c51669548f444198974c8855ad002e50,https://cdnjs.cloudflare.com/ajax/libs/crypto-js/4.2.0/hmac-ripemd160.min.js
ab694dfdd8a60f5d94f302e1bc7142f665a98b7a2a677d4cf9ebd4b683f1cd8d,https://cdnjs.cloudflare.com/ajax/libs/jsonwebtoken/9.0.2/lib/psSupported.min.js
ab8dff3fcf1f0337c60fa29f71891281b255f84fbadad055b8254b1d29d756db,https://maps.googleapis.com/maps-api-v3/api/js/63/14d/log.js
ab9fca426dfed73ff712f9de216bbd5055dd42d8a566f20f701bdc202d69344c,https://cdnjs.cloudflare.com/ajax/libs/prism/9000.0.1/components/prism-javascript.min.js
abc324c3b60ccb3f4df102e6149662a4b87aa793becb4d70dc6b2efecf72b198,https://cdnjs.cloudflare.com/ajax/libs/popper.js/2.11.8/esm/dom-utils/getBoundingClientRect.min.js
abce39a72a4ab1ef40d841f3f7e7029497b8b3a58721be04b7788e74cf3eaa43,https://ajax.googleapis.com/ajax/libs/dojo/1.12.1/dojo/dojo.js
ac071a03abd75d9afc6f60a2e56fa914dd7e15e95ad3d8fcba33c96880d0c7f5,https://ajax.googleapis.com/ajax/libs/mootools/1.2.5/mootools-yui-compressed.js
ac0de30250d6ae30a9c230efaace353a0914a461ac86e5e8c7c27b4ab37bd560,https://cdnjs.cloudflare.com/ajax/libs/dayjs/1.11.18/plugin/quarterOfYear.js
ac0e6abc4f8557edc45d993ff67d55640fa3f395c39a7739bdca4e240c8f4747,https://www.youtube.com/s/player/8e54e4ea/player_ias.vflset/en_US/captions.js
ac2c7cd43ce90d006c12e2ace3e0af98a1bd538162c661e4199b50edcf508d92,https://cdnjs.cloudflare.com/ajax/libs/three.js/0.180.0/three.tsl.js
ac88afc6272d79d79e3bd109a974aed2c8ad55c8431c1f1ddec9bc760bd5be23,https://cdnjs.cloudflare.com/ajax/libs/react-redux/9.2.0/cjs/index.min.js
ac9ce2ac4443462d46b786abccce7952a5237b0502e15ba479917ee032399768,https://cdnjs.cloudflare.com/ajax/libs/tailwindcss/4.1.13/lib.mjs
acc7e41455a80765b5fd9c7ee1b8078a6d160bbbca455aeae854de65c947d59e,https://cdnjs.cloudflare.com/ajax/libs/jszip/3.10.1/jszip.min.js
acd18ec3260780043c972285da41c9563b52030ab29e02abfb93c997da1ff12f,https://www.youtube.com/s/player/c9ede538/player_ias.vflset/en_US/base.js
ace48d4784ffc8709dce0692ace37f27710352a42a1889a0cdc8055b553509dc,https://www.youtube.com/s/player/6dc99e32/player_ias.vflset/en_US/base.js
ad0540a46d4d5d5990668394f418825c4622610c8670e5878c3c5d3b0e7f07a1,https://ajax.googleapis.com/ajax/libs/shaka-player/4.1.0/shaka-player.compiled.js
ad0cfee5f6c37159ba66d93159a3276c146e98e820afdb28423021f92abee34d,https://cdnjs.cloudflare.com/ajax/libs/immutable/5.1.3/immutable.js
ad142b62fbe9e550240f2f719af7de45b4f3f0348f6952e4014e54eb074bf061,https://ajax.aspnetcdn.com/ajax/bootstrap/3.3.0/css/bootstrap-theme.css
ad27f7f1c8aec168a9aa979ae38dece8166bc6cf5f196267bbaae8de0c4f315b,https://www.youtube.com/s/player/03f50d92/player_ias.vflset/en_US/base.js
ad4316f6d10dbc60cd6c65aeb9c6f2eb7c812c6c1d3274e88bf6af8b26b40ebd,https://cdnjs.cloudflare.com/ajax/libs/mocha/11.7.2/mocha.min.js
ad530c480465deada23b5172fc9d7f5591ddb8024495d22a8514fb6db15c6cdd,https://www.youtube.com/s/player/a32660fc/player_ias.vflset/en_US/captions.js
ad530c480465deada23b5172fc9d7f5591ddb8024495d22a8514fb6db15c6cdd,https://www.youtube.com/s/player/b783aee4/player_ias.vflset/en_US/captions.js
ad5ec439d8f0d9fd64619316f0001783337c291c5ccbac21091e120484764fa3,https://www.youtube.com/s/player/ed3f6ea5/player_ias.vflset/en_US/captions.js
ad79ce7e34d1a788809bb853031133de2ae45f3c19ac4955dae46c7490188c2e,https://cdnjs.cloudflare.com/ajax/libs/jquery.lazyload/1.9.1/jquery.lazyload.min.js
ad7dab155f26043546c51ebbf7e47eb3e0d1630055eec58831d938dbc82c98ba,https://cdnjs.cloudflare.com/ajax/libs/jose/6.1.0/index.bundle.js
ad850187e2746ffcc60b36c6d36c0986277e9dc1f277406ca146298cb2d2a309,https://ajax.aspnetcdn.com/ajax/bootstrap/3.3.6/css/bootstrap.css
ad897ded6818cf73c6ae360bc3506badf3fee81397be0ff6626099d676f66ca5,https://cdnjs.cloudflare.com/ajax/libs/dayjs/1.11.18/locale/tr.min.js
ad8cceed6eb713b65c45460deec18657a0eab3785662dd40a5755ae700197cc7,https://cdnjs.cloudflare.com/ajax/libs/dayjs/1.11.18/locale/ur.min.js
ada59556faf3292b672cf3df851c09d17c0a431b4ba9ee581dfdaa04dd7b986e,https://ajax.aspnetcdn.com/ajax/bootstrap/3.4.0/bootstrap.js
adc7df9afee9862fc6c70f04bc4c75c8d96745defa1337e95213fd27a8853c61,https://ajax.aspnetcdn.com/ajax/globalize/1.0.0/globalize/relative-time.js
add125e9dcf4c815a51c3513e06d497631b7d382ddd24cab24d7a0f750956110,https://cdnjs.cloudflare.com/ajax/libs/dayjs/1.11.18/locale/br.min.js
adea8d404cf1a4b62f5d3d797ddd842cab9c25176aca85cd262f20e760c46ccb,https://www.youtube.com/s/player/901741ab/player_ias.vflset/en_US/captions.js
adf95d148b2c43360941b2df4f0562ad9185d3b85e3f73790abe4693f14cc62c,https://cdnjs.cloudflare.com/ajax/libs/nanoid/5.1.6/index.min.js
ae0613b5f59f68336993fcadbd5c748ac9af9d80d701b24a057a0057e382b445,https://www.youtube.com/s/player/d03787ac/player_ias.vflset/en_US/base.js
ae12d7a228dd80d440fde1e4a9103b87646e69d32c7d9715c1c4d933ebd33632,https://www.youtube.com/s/player/1acfe3aa/player_ias.vflset/en_US/base.js
ae17c16afbea216707b2203ea1cf9bdb45b9bfe47d0f4ae3258ddbc6294dd02f,https://cdnjs.cloudflare.com/ajax/libs/font-awesome/6.5.2/webfonts/fa-solid-900.woff2
ae275c595d47d80052c85de8025eea5b9f8e14405d24134cf4509ae8a8b86d7d,https://cdnjs.cloudflare.com/ajax/libs/react-select/5.10.2/react-select.cjs.default.js
ae28a7c4d994a1d4059f2dc1e6385182f3d5aab262d637a6bdfc80f3e3f5471e,https://cdnjs.cloudflare.com/ajax/libs/moment.js/2.30.1/locale/ar-ma.js
ae29fa68706b73e918092fdfbeca05475c23ddee1cb7e17c343a25fa7a0d3d1c,https://www.youtube.com/s/player/5e55da5a/player_ias.vflset/en_US/base.js
ae2bada3d454c006a21e688a1fca4d814eb22d5cc3624ddaccdaf2890d94d50a,https://www.youtube.com/s/player/632739fe/player_ias.vflset/en_US/captions.js
ae34e79cb412287573bb9ae1436a36cde73451812624b6ae73e6dfa95b065b76,https://www.youtube.com/s/player/553d5bd7/player_ias.vflset/en_US/base.js
ae40746a8373b23450443e95264960034591ef4742f4fbe7dbe116a25e3c2752,https://www.youtube.com/s/player/86205a12/player_ias.vflset/en_US/base.js
ae4441af018054e502393e4c4cf619f484a18168ba618a5729cd9de6b0643361,https://ajax.googleapis.com/ajax/libs/dojo/1.11.2/dojo/dojo.js
ae6937526f54c08cac2b4733008b0cfecd12f6900e17e7960ffa8d344da83586,https://cdnjs.cloudflare.com/ajax/libs/cheerio/1.1.2/dist/browser/load.js
ae6937526f54c08cac2b4733008b0cfecd12f6900e17e7960ffa8d344da83586,https://cdnjs.cloudflare.com/ajax/libs/cheerio/1.1.2/dist/esm/load.js
ae70552681f7d98b02ee71a63f8e7560287c9f5467cf1399ecf1b6a226bac443,https://www.youtube.com/s/player/a944b11f/player_ias.vflset/en_US/base.js
ae7f2038a149eaf0a6327ae3650d2a6d60839868900817e8c24929f24d2c33ed,https://www.youtube.com/s/player/2d01abf7/player_ias.vflset/en_US/captions.js
ae95fec4d1bb329bda200cfa440e920b08d7c8bacc397778154077faa3b87b4b,https://www.youtube.com/s/player/321b2c25/player_ias.vflset/en_US/base.js
aeae5c435951f98f297bda6e0c5736542839d7622d74e59961d80246a3e536bb,https://cdnjs.cloudflare.com/ajax/libs/date-fns/4.1.0/locale/cy/cdn.js
aec3d419d50f05781a96f223e18289aeb52598b5db39be82a7b71dc67d6a7947,https://ajax.googleapis.com/ajax/libs/jquery/1.11.3/jquery.min.js
aec3d419d50f05781a96f223e18289aeb52598b5db39be82a7b71dc67d6a7947,https://ajax.aspnetcdn.com/ajax/jQuery/jquery-1.11.3.min.js
aecb30b201a56ce52d03188d48f84815de1cc96107791571f2e577fd75f265d6,https://ajax.googleapis.com/ajax/libs/ext-core/3.0.0/ext-core.js
aed8e79fbe210a9b3e958681a1931b19baa85741b51cabf87b5101e4e0e2cd7b,https://www.youtube.com/s/player/041232d8/www-player.css
aed8e79fbe210a9b3e958681a1931b19baa85741b51cabf87b5101e4e0e2cd7b,https://www.youtube-nocookie.com/s/player/041232d8/www-player.css
aed8e79fbe210a9b3e958681a1931b19baa85741b51cabf87b5101e4e0e2cd7b,https://www.youtube.com/s/player/e99d8d7c/www-player.css
aed8e79fbe210a9b3e958681a1931b19baa85741b51cabf87b5101e4e0e2cd7b,https://www.youtube-nocookie.com/s/player/e99d8d7c/www-player.css
aed8e79fbe210a9b3e958681a1931b19baa85741b51cabf87b5101e4e0e2cd7b,https://www.youtube.com/s/player/cd78997d/www-player.css
aed8e79fbe210a9b3e958681a1931b19baa85741b51cabf87b5101e4e0e2cd7b,https://www.youtube-nocookie.com/s/player/cd78997d/www-player.css
aed8e79fbe210a9b3e958681a1931b19baa85741b51cabf87b5101e4e0e2cd7b,https://www.youtube.com/s/player/592af824/www-player.css
aed8e79fbe210a9b3e958681a1931b19baa85741b51cabf87b5101e4e0e2cd7b,https://www.youtube-nocookie.com/s/player/592af824/www-player.css
aed8e79fbe210a9b3e958681a1931b19baa85741b51cabf87b5101e4e0e2cd7b,https://www.youtube.com/s/player/30bd0d3a/www-player.css
aed8e79fbe210a9b3e958681a1931b19baa85741b51cabf87b5101e4e0e2cd7b,https://www.youtube-nocookie.com/s/player/30bd0d3a/www-player.css
aed8e79fbe210a9b3e958681a1931b19baa85741b51cabf87b5101e4e0e2cd7b,https://www.youtube.com/s/player/8a6e7bc4/www-player.css
aed8e79fbe210a9b3e958681a1931b19baa85741b51cabf87b5101e4e0e2cd7b,https://www.youtube-nocookie.com/s/player/8a6e7bc4/www-player.css
aed8e79fbe210a9b3e958681a1931b19baa85741b51cabf87b5101e4e0e2cd7b,https://www.youtube.com/s/player/dc1c41a7/www-player.css
aed8e79fbe210a9b3e958681a1931b19baa85741b51cabf87b5101e4e0e2cd7b,https://www.youtube-nocookie.com/s/player/dc1c41a7/www-player.css
aed8e79fbe210a9b3e958681a1931b19baa85741b51cabf87b5101e4e0e2cd7b,https://www.youtube.com/s/player/67da7e92/www-player.css
aed8e79fbe210a9b3e958681a1931b19baa85741b51cabf87b5101e4e0e2cd7b,https://www.youtube-nocookie.com/s/player/67da7e92/www-player.css
aed8e79fbe210a9b3e958681a1931b19baa85741b51cabf87b5101e4e0e2cd7b,https://www.youtube.com/s/player/fda13de8/www-player.css
aed8e79fbe210a9b3e958681a1931b19baa85741b51cabf87b5101e4e0e2cd7b,https://www.youtube-nocookie.com/s/player/fda13de8/www-player.css
aed8e79fbe210a9b3e958681a1931b19baa85741b51cabf87b5101e4e0e2cd7b,https://www.youtube.com/s/player/80f5ca15/www-player.css
aed8e79fbe210a9b3e958681a1931b19baa85741b51cabf87b5101e4e0e2cd7b,https://www.youtube-nocookie.com/s/player/80f5ca15/www-player.css
aed8e79fbe210a9b3e958681a1931b19baa85741b51cabf87b5101e4e0e2cd7b,https://www.youtube.com/s/player/2430d1b0/www-player.css
aed8e79fbe210a9b3e958681a1931b19baa85741b51cabf87b5101e4e0e2cd7b,https://www.youtube-nocookie.com/s/player/2430d1b0/www-player.css
aed8e79fbe210a9b3e958681a1931b19baa85741b51cabf87b5101e4e0e2cd7b,https://www.youtube.com/s/player/1c74cab8/www-player.css
aed8e79fbe210a9b3e958681a1931b19baa85741b51cabf87b5101e4e0e2cd7b,https://www.youtube-nocookie.com/s/player/1c74cab8/www-player.css
aed8e79fbe210a9b3e958681a1931b19baa85741b51cabf87b5101e4e0e2cd7b,https://www.youtube.com/s/player/659a519e/www-player.css
aed8e79fbe210a9b3e958681a1931b19baa85741b51cabf87b5101e4e0e2cd7b,https://www.youtube-nocookie.com/s/player/659a519e/www-player.css
aed8e79fbe210a9b3e958681a1931b19baa85741b51cabf87b5101e4e0e2cd7b,https://www.youtube.com/s/player/4746b641/www-player.css
aed8e79fbe210a9b3e958681a1931b19baa85741b51cabf87b5101e4e0e2cd7b,https://www.youtube-nocookie.com/s/player/4746b641/www-player.css
aed8e79fbe210a9b3e958681a1931b19baa85741b51cabf87b5101e4e0e2cd7b,https://www.youtube.com/s/player/c3edfa37/www-player.css
aed8e79fbe210a9b3e958681a1931b19baa85741b51cabf87b5101e4e0e2cd7b,https://www.youtube-nocookie.com/s/player/c3edfa37/www-player.css
aed8e79fbe210a9b3e958681a1931b19baa85741b51cabf87b5101e4e0e2cd7b,https://www.youtube.com/s/player/57fefa84/www-player.css
aed8e79fbe210a9b3e958681a1931b19baa85741b51cabf87b5101e4e0e2cd7b,https://www.youtube-nocookie.com/s/player/57fefa84/www-player.css
aed8e79fbe210a9b3e958681a1931b19baa85741b51cabf87b5101e4e0e2cd7b,https://www.youtube.com/s/player/5a9b5eed/www-player.css
aed8e79fbe210a9b3e958681a1931b19baa85741b51cabf87b5101e4e0e2cd7b,https://www.youtube-nocookie.com/s/player/5a9b5eed/www-player.css
aee7a46d2441143a7eb10d04d926a4f089eaa3060d5f02663e04ffa5408bd2f5,https://www.youtube.com/s/player/6572a644/www-player.css
aee7a46d2441143a7eb10d04d926a4f089eaa3060d5f02663e04ffa5408bd2f5,https://www.youtube-nocookie.com/s/player/6572a644/www-player.css
aeedb3939fc0dea75ea15ecd7178961aa1ab39f623f40e3c940b051430f4e6a8,https://cdnjs.cloudflare.com/ajax/libs/react-select/5.10.2/index-42b266b1.cjs.dev.min.js
aefc79031c1cb04fed78f296150c4c60730de2b99b4fde2f0c0682ae86f52849,https://ajax.googleapis.com/ajax/libs/mootools/1.3.1/mootools-yui-compressed.js
aefd832ac5e6554c32bbb4bb16272f75645042864477aa8c0a8e45222492b042,https://cdnjs.cloudflare.com/ajax/libs/handlebars.js/4.7.8/handlebars.amd.js
af1066eecfd56dc03c59b3db61b2ebebc8b7f755ad9d4523376788e904f30d85,https://cdnjs.cloudflare.com/ajax/libs/dayjs/1.11.18/locale/sr.js
af2c0b45347049efcd475a47c15bd448fc714482d34b2caf7e3c912bef3ecf43,https://cdnjs.cloudflare.com/ajax/libs/request/2.88.2/lib/multipart.js
af57b3e9cc8783e0567c29592780e6234287189bf517e8770b6a19ec0cb129bf,https://www.youtube.com/s/player/e7f8ddfa/player_ias.vflset/en_US/base.js
af862a3b7d2371f060ab1cf911f5e72c6d82e0a438302fa0ee427bcf188d7be9,https://cdnjs.cloudflare.com/ajax/libs/popper.js/2.11.8/cjs/popper-lite.min.js
af8ae523c18de6190ae3ef0c09cbf22f7b8e389acde6129bd7cf856fa126a3ed,https://cdnjs.cloudflare.com/ajax/libs/crypto-js/4.2.0/sha1.min.js
af8e9b47287764c196c7efa19bf1a5e48e97627bc4ff61ee8d87e745cc9c82dc,https://cdnjs.cloudflare.com/ajax/libs/jose/6.1.0/lib/decrypt_key_management.js
af90915add752c6940475701fa0c705f23a1e481a0c25e3e67f6b6b3bac686dc,https://www.youtube.com/s/player/acf964b9/player_ias.vflset/en_US/base.js
afda0c47440436645c9d6d8c26a8af0dcc88cdb0af93e89fbba82c248f599df3,https://maps.googleapis.com/maps-api-v3/api/js/64/14a/search_impl.js
afe88aafa7ca9ce66270defb8ec02352e8834a2a363211bf230e53840b6c3aeb,https://cdnjs.cloudflare.com/ajax/libs/pdf.js/5.4.149/pdf.sandbox.min.mjs
aff01a147aeccc9b70a5efad1f2362fd709f3316296ec460d94aa7d31decdb37,https://ajax.aspnetcdn.com/ajax/jQuery/jquery-3.5.0.js
affc2e0df7e8928b52c2a3078cf2b31541bc39d764ddfbbd5047bb70b3d2147f,https://cdnjs.cloudflare.com/ajax/libs/jsonwebtoken/9.0.2/lib/rsaPssKeyDetailsSupported.js
b020d30932d4410998daadc91bd33585b0496ff1cb02c120c524ccc0a5c556cb,https://ajax.aspnetcdn.com/ajax/globalize/1.0.0/globalize/date.js
b0227c1d23cf00bcc19f2959f4c6900a2e10d72bee97560544c74dad50cabcbc,https://cdnjs.cloudflare.com/ajax/libs/popper.js/2.11.8/umd/popper-base.js
b027b185a2a901fbaaba52a3b5263b57d1fb413d1308df741fe6393659aa3941,https://ajax.aspnetcdn.com/ajax/jQuery/jquery-3.5.0.slim.js
b039e32bfb7164dadd84a6973b30200dc07e1b58e1f21c546378fca6920a1f94,https://cdnjs.cloudflare.com/ajax/libs/exceljs/4.4.0/exceljs.bare.min.js
b0473dc181b06f103101f1c54422e3c69db9e648e4a47505ddc75de313d36c2a,https://ajax.aspnetcdn.com/ajax/jQuery/jquery-2.0.2-vsdoc.js
b05a499d157d46655488c00cc5b3c850c34ce2952869f638d7551559fd9cea65,https://cdnjs.cloudflare.com/ajax/libs/preact/10.27.2/preact.min.js
b06421fb1273291441ec3bd13a148d7482ca6717727f5b71cf1f529c7bcddbff,https://www.youtube.com/s/player/19712d96/player_ias.vflset/en_US/captions.js
b0705a1085fcdfa90267543d106717d4e9f6ff7d24d4c8ca8ac4ab9aa67c5f35,https://ajax.aspnetcdn.com/ajax/signalr/jquery.signalr-2.1.0.min.js
b0713ddc18de2d25ccfcdc2e2d9eeea9a281d5ecf54fb52c0d408679eb2e3080,https://www.youtube.com/s/player/fac96cf8/player_ias.vflset/en_US/captions.js
b0713ddc18de2d25ccfcdc2e2d9eeea9a281d5ecf54fb52c0d408679eb2e3080,https://www.youtube.com/s/player/631d3938/player_ias.vflset/en_US/captions.js
b081466405b5b3907607e3c80df18330f6842a9c61647de53bcd789f09740f74,https://www.youtube.com/s/player/ab89db3f/player_ias.vflset/en_US/captions.js
b081466405b5b3907607e3c80df18330f6842a9c61647de53bcd789f09740f74,https://www.youtube.com/s/player/a644926e/player_ias.vflset/en_US/captions.js
b0e735814f8dcfecd6cdb8a7ce95a297a7e1e5f2727a29e6f5901801d52fa0c5,https://cdnjs.cloudflare.com/ajax/libs/socket.io/4.8.1/socket.io.min.js
b100568f77c3473b9a67355942b413d4ec1844b8d19a2fb43f44c15f2217db68,https://ajax.aspnetcdn.com/ajax/bootstrap/3.0.0/css/bootstrap-theme.min.css
b10538e2f1a695b9ee72b6684d2931b0ba4ae04dc310411296593cadb21adbe2,https://cdnjs.cloudflare.com/ajax/libs/dayjs/1.11.18/locale/vi.js
b12d3b2c0a373a6f38ab934db1844c85370a92f00f9c8b8da0500c1ce6d51ee8,https://cdnjs.cloudflare.com/ajax/libs/nanoid/5.1.6/url-alphabet/index.min.js
b13cb5989e08fcb02314209d101e1102f3d299109bdc253b62aa1da21c9e38ba,https://ajax.aspnetcdn.com/ajax/jQuery/jquery-2.0.3.min.js
b163490489d6f500971920b190c350a38cafc67ef7eaeb44d5822f80719c59d3,https://cdnjs.cloudflare.com/ajax/libs/moment.js/2.30.1/locale/en-gb.min.js
b164c50c12f63c7b0ea0c961a2320ae77d848fdb65fd97f9daced48380a66539,https://cdnjs.cloudflare.com/ajax/libs/dayjs/1.11.18/locale/fo.js
b1667efa154faf9176175e55f83d2f5547f0fe2b9dca2e1319d8cd4703c9dcea,https://cdnjs.cloudflare.com/ajax/libs/dayjs/1.11.18/locale/ms-my.min.js
b168463498af8dd2dabb67ac873ecb6fc692a195f84fbe40096b287648f9c424,https://cdnjs.cloudflare.com/ajax/libs/dayjs/1.11.18/locale/mr.js
b1874dab85dee4d31e6f616d6be2f5c16433d723eaaf067a03ee6fadd7dfc2ff,https://ajax.aspnetcdn.com/ajax/bootstrap/3.0.1/css/bootstrap-theme.min.css
b192cdddef14981ced89bc1cf8017490d7f0073950c0567def881e46929ab5b3,https://www.youtube.com/s/player/09d72748/player_ias.vflset/en_US/base.js
b1954131c10429f17c2233fe1cfbe5320314cadb9b843154f5b31c893b94e558,https://cdnjs.cloudflare.com/ajax/libs/moment.js/2.30.1/locale/yo.min.js
b199a58d0fbbdc519a072eb9b140a2ca3d4775ea1b054a0c0e5aeed86603c941,https://cdnjs.cloudflare.com/ajax/libs/dayjs/1.11.18/plugin/customParseFormat.js
b1b0c61fb9dc2811ff8e566322d6843456f0ba548d11af615776e036d1e7531e,https://cdnjs.cloudflare.com/ajax/libs/xlsx/0.18.5/xlsx.zahl.js
b1c2297329c87ba1823ff922bf83a3c5c3fb85633680ff3443056ec0205715a7,https://cdnjs.cloudflare.com/ajax/libs/dayjs/1.11.18/locale/fr.min.js
b1c7570326da7c4114df158b6c5f4f9d4bbbdf5cc6bdc4c7605510fde808ee0f,https://cdnjs.cloudflare.com/ajax/libs/moment.js/2.30.1/locale/ar-ly.min.js
b1c7b5e84ec994a586d268c821cc17604e95db3a70f0f3fa4974500f94fc31ba,https://www.youtube.com/s/player/2ef249c2/player_ias.vflset/en_US/captions.js
b1c91f4020e2982ba27ea4e116bbdda54ba4aa3384aaab424a281ec63c5a014f,https://cdnjs.cloudflare.com/ajax/libs/crypto-js/4.2.0/mode-cfb.min.js
b1e59b099dd5922d904cdff9bf0e7961905038a13d3a751ce71374a2dc6013be,https://cdnjs.cloudflare.com/ajax/libs/dayjs/1.11.18/locale/nb.js
b1f4c93bb282ece643c99a98c26b84bcc01328719829525fc9acc083af0fac63,https://cdnjs.cloudflare.com/ajax/libs/jsonwebtoken/9.0.2/index.min.js
b2153e2c88c62179029ea9876d463216529ecf581b77d52c971a2cdf3d3166c6,https://cdnjs.cloudflare.com/ajax/libs/pdf.js/5.4.149/images/annotation-insert.svg
b2215cce5830e2350b9d420271d9bd82340f664c3f60f0ea850f7e9c0392704e,https://ajax.aspnetcdn.com/ajax/jQuery/jquery-2.1.4.js
b259e05746affd63339992a811faeb401c3f52b5007ad46f29e63d3b6a5d94d6,https://cdnjs.cloudflare.com/ajax/libs/dayjs/1.11.18/locale/te.js
b25a2092f0752b754e933008f10213c55dd5ce93a791e355b0abed9182cc8df9,https://ajax.aspnetcdn.com/ajax/jQuery/jquery-3.1.0.js
b26e875f0fd94e379996f23ccd99fc500268c739dd9c462aa794234001e30a91,https://cdnjs.cloudflare.com/ajax/libs/redux/5.0.1/redux.legacy-esm.js
b28614ec67c9d5b0796d02676ae1a09dd4f61820fb71699f3c800b786bdcd6ec,https://ajax.aspnetcdn.com/ajax/respond/1.4.1/respond.matchmedia.addListener.min.js
b294e973896f8f874e90a8eb1a8908ac790980d034c4c4bdf0fc3d37b8abf682,https://ajax.googleapis.com/ajax/libs/jquery/1.11.0/jquery.min.js
b294e973896f8f874e90a8eb1a8908ac790980d034c4c4bdf0fc3d37b8abf682,https://ajax.aspnetcdn.com/ajax/jQuery/jquery-1.11.0.min.js
b298e8b9d51ae0a8557dad0e4b25714871632e575b2258804dafab6047d4be7a,https://www.youtube.com/s/player/b0ff957c/player_ias.vflset/en_US/base.js
b29cb5b37702eb6fa5f304a48657a9b041281ba354726f28b17e35281f529fa4,https://www.youtube.com/s/player/01bde470/player_ias.vflset/en_US/captions.js
b2d016601c04f5fb7192a7d94cc2f64a340c9e7753c1d3141f1835f6a82eb2ef,https://cdnjs.cloudflare.com/ajax/libs/tailwindcss/4.1.13/lib.min.js
b2d0a46022029059a0b76ea53a626dc0f80ae8088e2beed35ad5aca397ef35c2,https://www.youtube.com/s/player/217a23a9/player_ias.vflset/en_US/base.js
b2e252a646c9de830abe4e612d67d3d1a4d51e83650c8a10f515c0efd67e59eb,https://cdnjs.cloudflare.com/ajax/libs/dayjs/1.11.18/locale/ky.js
b2e6d1d81b4aec6861230e4a67be1f26917d4b45874994f7d322b5dee80649bc,https://www.youtube.com/s/player/b9313b14/player_ias.vflset/en_US/captions.js
b2e6d1d81b4aec6861230e4a67be1f26917d4b45874994f7d322b5dee80649bc,https://www.youtube.com/s/player/08bf6746/player_ias.vflset/en_US/captions.js
b2e6d1d81b4aec6861230e4a67be1f26917d4b45874994f7d322b5dee80649bc,https://www.youtube.com/s/player/ef8f93ce/player_ias.vflset/en_US/captions.js
b2e6d1d81b4aec6861230e4a67be1f26917d4b45874994f7d322b5dee80649bc,https://www.youtube.com/s/player/12472e7f/player_ias.vflset/en_US/captions.js
b2e6d1d81b4aec6861230e4a67be1f26917d4b45874994f7d322b5dee80649bc,https://www.youtube.com/s/player/1943d24e/player_ias.vflset/en_US/captions.js
b2e6d1d81b4aec6861230e4a67be1f26917d4b45874994f7d322b5dee80649bc,https://www.youtube.com/s/player/2f47d04e/player_ias.vflset/en_US/captions.js
b2e6d1d81b4aec6861230e4a67be1f26917d4b45874994f7d322b5dee80649bc,https://www.youtube.com/s/player/9d55332c/player_ias.vflset/en_US/captions.js
b2e6d1d81b4aec6861230e4a67be1f26917d4b45874994f7d322b5dee80649bc,https://www.youtube.com/s/player/3b846ccb/player_ias.vflset/en_US/captions.js
b2e6d1d81b4aec6861230e4a67be1f26917d4b45874994f7d322b5dee80649bc,https://www.youtube.com/s/player/7c23feb2/player_ias.vflset/en_US/captions.js
b2e6d1d81b4aec6861230e4a67be1f26917d4b45874994f7d322b5dee80649bc,https://www.youtube.com/s/player/6d92eed5/player_ias.vflset/en_US/captions.js
b2e6d1d81b4aec6861230e4a67be1f26917d4b45874994f7d322b5dee80649bc,https://www.youtube.com/s/player/6e3a87bf/player_ias.vflset/en_US/captions.js
b2e6d1d81b4aec6861230e4a67be1f26917d4b45874994f7d322b5dee80649bc,https://www.youtube.com/s/player/4f38b487/player_ias.vflset/en_US/captions.js
b2e6d1d81b4aec6861230e4a67be1f26917d4b45874994f7d322b5dee80649bc,https://www.youtube.com/s/player/f53077c5/player_ias.vflset/en_US/captions.js
b2e6d1d81b4aec6861230e4a67be1f26917d4b45874994f7d322b5dee80649bc,https://www.youtube.com/s/player/1ac41de2/player_ias.vflset/en_US/captions.js
b2e6d1d81b4aec6861230e4a67be1f26917d4b45874994f7d322b5dee80649bc,https://www.youtube.com/s/player/ed1f8bcd/player_ias.vflset/en_US/captions.js
b2e6d1d81b4aec6861230e4a67be1f26917d4b45874994f7d322b5dee80649bc,https://www.youtube.com/s/player/8d89ad35/player_ias.vflset/en_US/captions.js
b2e6d1d81b4aec6861230e4a67be1f26917d4b45874994f7d322b5dee80649bc,https://www.youtube.com/s/player/96719157/player_ias.vflset/en_US/captions.js
b2e6d1d81b4aec6861230e4a67be1f26917d4b45874994f7d322b5dee80649bc,https://www.youtube.com/s/player/19b1fd9c/player_ias.vflset/en_US/captions.js
b2e6d1d81b4aec6861230e4a67be1f26917d4b45874994f7d322b5dee80649bc,https://www.youtube.com/s/player/9c249f6f/player_ias.vflset/en_US/captions.js
b2e6d1d81b4aec6861230e4a67be1f26917d4b45874994f7d322b5dee80649bc,https://www.youtube.com/s/player/84fd6c82/player_ias.vflset/en_US/captions.js
b2e6d1d81b4aec6861230e4a67be1f26917d4b45874994f7d322b5dee80649bc,https://www.youtube.com/s/player/d5f789e7/player_ias.vflset/en_US/captions.js
b2e6d1d81b4aec6861230e4a67be1f26917d4b45874994f7d322b5dee80649bc,https://www.youtube.com/s/player/aa4449ca/player_ias.vflset/en_US/captions.js
b2e6d1d81b4aec6861230e4a67be1f26917d4b45874994f7d322b5dee80649bc,https://www.youtube.com/s/player/4b0dda90/player_ias.vflset/en_US/captions.js
b2e6d1d81b4aec6861230e4a67be1f26917d4b45874994f7d322b5dee80649bc,https://www.youtube.com/s/player/1b71165f/player_ias.vflset/en_US/captions.js
b2f59a292da1e9839dc3560f61a64cff8af9b2ef3283cd57f0dd3225c53e6f5c,https://ajax.googleapis.com/ajax/libs/listjs/2.3.1/list.min.js
b3080cf74d69bea3983aa2970cfedb0d71af23944fcb3d65b145331fe81e05f7,https://ajax.googleapis.com/ajax/libs/jqueryui/1.10.2/themes/smoothness/jquery-ui.css
b31cd094af7950b3a461dc78161fd2faf01faa9d0ed8c1c072790f83ab26d482,https://ajax.aspnetcdn.com/ajax/jQuery/jquery-1.4.4.js
b32f50aa3d147ba5441d7728a45bce592125fd0a97117ca4b93b32c6393d847d,https://cdnjs.cloudflare.com/ajax/libs/moment.js/2.30.1/locale/fr-ch.js
b33dc83edc07b6e995ff8dd0ec8e25756421b8e9418b0222e6e8a0ab30d0ca8a,https://ajax.aspnetcdn.com/ajax/knockout/knockout-3.4.1.debug.js
b342f6ada9382b731992820c3c20ccceb0f1916de48a666de4e4647fb55a4479,https://cdnjs.cloudflare.com/ajax/libs/prism/9000.0.1/themes/prism-okaidia.min.css
b34bec42e01f4d3bd9437b05330a286b3e71c5b4a31fe64191c5e90ac2afa0a2,https://cdnjs.cloudflare.com/ajax/libs/moment.js/2.30.1/locale/af.min.js
b36764faf17f2803c4ef3a5ea18b0187dc9ae66b13ec253c71ddb3178d2ccf52,https://cdnjs.cloudflare.com/ajax/libs/gsap/3.11.4/gsap.min.js
b384cf0baeec03aa9e1443fd670cd41c9ec984def9a7b4dbfd7ad2f197d5b573,https://ajax.googleapis.com/ajax/libs/d3js/7.6.1/d3.min.js
b3895d8120754a968d0c2869de7e5db3f89d3d69750bc6a9a80864373c568ec9,https://ajax.googleapis.com/ajax/libs/dojo/1.8.2/dojo/dojo.js
b39cf8dca2624102b932af960066f7716ce79cdf25014ae0abbffe73f6bf9a2c,https://cdnjs.cloudflare.com/ajax/libs/date-fns/4.1.0/locale/se/cdn.js
b3a5edb1bba464ae02f3e3b5e83ae2f986245e376b099250f518414090fa1c41,https://cdnjs.cloudflare.com/ajax/libs/dayjs/1.11.18/locale/yo.min.js
b3c0d9e2c09b1c62925cb0f0055e5f354f360345ac5ffbf8b8367585e4e271b4,https://cdnjs.cloudflare.com/ajax/libs/preact/10.27.2/preact.min.umd.js
b3c3d71abc98200d579cbbef89d470a6cbb272c4faa71e31232a68ef6451edd4,https://cdnjs.cloudflare.com/ajax/libs/moment.js/2.30.1/locale/de-ch.js
b3c6df9c8b0d6237552615f2cf441d4c083b0fca23eea07d5fe1fabe2ec391a7,https://www.youtube.com/s/player/3544d5aa/player_ias.vflset/en_US/base.js
b3dd0087573d2e737db5ef7bb7f0c27c17e5831aac5fd19df39f104d1580d7d0,https://ajax.aspnetcdn.com/ajax/jquery.migrate/jquery-migrate-1.2.1.min.js
b3f6b922c3c82229daef4cd91b819ae5890e0fba53b837aafffa23c56656e75d,https://ajax.aspnetcdn.com/ajax/bootstrap/4.6.0/css/bootstrap-grid.css
b40f32d17aa2c27a7098e225dd218070597646fc478c0f2aa74fb5b821a64668,https://ajax.aspnetcdn.com/ajax/jQuery/jquery-3.2.1.slim.js
b41348262b91f10a6a8fd80ba98c16914c2cc5cd1098412aca65449c96990a36,https://ajax.googleapis.com/ajax/libs/dojo/1.6.5/dojo/dojo.js
b41651d6ca5486880cc390a91eaa04a511dd51dfd3773b7d0e7c21bbf10846fa,https://cdnjs.cloudflare.com/ajax/libs/dayjs/1.11.18/locale/ms.min.js
b42d9ab70da856b96e240e3d010b08f4284113cf568b1b2a2aa1f251977eeb37,https://cdnjs.cloudflare.com/ajax/libs/react-dom/19.1.1/cjs/react-dom-client.production.js
b432b5ce3256831a71670b8eec5f5b401a26d3d2027d7f7098a354c87e01f27c,https://assets.squarespace.com/universal/scripts-compressed/99209-ed42d6036eafac89-min.en-US.js
b438533c3f0fffef464300dd478d0bc48e3e5b2967e19b4257bfa5687e6e8618,https://ajax.aspnetcdn.com/ajax/respond/1.3.0/respond.js
b4426a483f0c65dcafe0148b88fe40a73af8ea247ecfb7f9cda3ffc72dfcc774,https://cdnjs.cloudflare.com/ajax/libs/dayjs/1.11.18/locale/bs.min.js
b447105ff5c7fece47cf674d0c2b37a898d0b8939f7b56e3edf5fdd9dd93312e,https://www.youtube.com/s/player/54bd1de4/player_ias.vflset/en_US/base.js
b460d56dd27b62df333537db25d28e7e5ace33535bf4c7d7d767bdbc687a8dd9,https://cdnjs.cloudflare.com/ajax/libs/angular.js/1.2.22/angular-cookies.min.js
b46e6671952d26c66fc8a03160b557ae68ca0552dde95a5571cab3febe32a451,https://ajax.aspnetcdn.com/ajax/jQuery/jquery-3.7.0.slim.min.js
b4736a8c58d58da400fe4c2c238724e1f979ddd6a3e7645a0a50b06e688e7095,https://ajax.googleapis.com/ajax/libs/jquerymobile/1.4.3/jquery.mobile.min.css
b48f0496c07714f229d9281ada329381242e895ab3316556d372c9a6568b1a88,https://cdnjs.cloudflare.com/ajax/libs/tinycolor/1.6.0/tinycolor.js
b48fb13b07aa2f2738f34f91537caaab024a61215d9a1bea9f93632cfdebac28,https://cdnjs.cloudflare.com/ajax/libs/request/2.88.2/index.min.js
b49077bf4bf5e8f2cbb2de0e2d48c4d941a3feba2bc7c629abd51fe2ac8bdb2f,https://cdnjs.cloudflare.com/ajax/libs/crypto-js/4.2.0/mode-ofb.js
b4965de74e2969eff51286fbb0f7d1e37166bdca53849a6cec4f4b33e81e6ceb,https://ajax.aspnetcdn.com/ajax/modernizr/modernizr-2.0.6-development-only.js
b4a351486cfc47d7f28044754c3fa2532fdae7b8c412b4e4f11cc5f5791b122a,https://www.youtube.com/s/player/05558a16/player_ias.vflset/en_US/base.js
b4bcc8bcb1e54e9b009979e82f3a613a8975fafc342e615ca8da00e835eabcd3,https://cdnjs.cloudflare.com/ajax/libs/moment.js/2.30.1/locale/sr.min.js
b4cacf90a3a3cc339e6515ffb7fa5b03daf56350e1e23fe0b35d4ee2c4210969,https://cdnjs.cloudflare.com/ajax/libs/dayjs/1.11.18/locale/id.js
b4eeb53c2195f0e2f557604af372ac0f67686b1a7011cde6ce6f2255fcdfa23c,https://www.youtube.com/s/player/e7d74527/player_ias.vflset/en_US/captions.js
b4eeb53c2195f0e2f557604af372ac0f67686b1a7011cde6ce6f2255fcdfa23c,https://www.youtube.com/s/player/69e2a55d/player_ias.vflset/en_US/captions.js
b4eeb53c2195f0e2f557604af372ac0f67686b1a7011cde6ce6f2255fcdfa23c,https://www.youtube.com/s/player/bac06df9/player_ias.vflset/en_US/captions.js
b4efa0ab17ceeaee6c479b7e5b8aa9c0fc52907c0538fe0e5acefa70be447941,https://cdnjs.cloudflare.com/ajax/libs/date-fns/4.1.0/locale/ar-DZ/cdn.min.js
b50429b67916438842aa00921546d7a9eda8f3e12ba7049f92f04b71b6413822,https://ajax.googleapis.com/ajax/libs/d3js/6.1.1/d3.min.js
b50887f1e97ef971bfed6badf17d3c8f5c11d8ac0bbc4ff8adca70c72c071e12,https://cdnjs.cloudflare.com/ajax/libs/dayjs/1.11.18/plugin/duration.min.js
b50af3fdec437c45bb7cfb4ed4f1ee73e158d7e3b60d98d89115ca2b31d4b371,https://ajax.aspnetcdn.com/ajax/jQuery/jquery-2.0.0-vsdoc.js
b51f57835b1de8b7ca70010e480c1990fd958958737dd872f0290cfc1bd09662,https://ajax.googleapis.com/ajax/libs/d3js/7.8.4/d3.min.js
b51f83fb92d0bd1d30751b4fbb9ba5a20385850e8906d63406fba17485333557,https://ajax.aspnetcdn.com/ajax/knockout/knockout-2.1.0.js
b525d23ae87382cac60398f542bdc59c2b8edcf2b1a96a7e3fa685f355eea28d,https://www.youtube.com/s/player/4a6035e3/player_ias.vflset/en_US/captions.js
b536db38da34da4f926771802c27bdec9da878599a9eae84d64b0bbab7d590b5,https://cdnjs.cloudflare.com/ajax/libs/prism/9000.0.1/components/prism-php.js
b54311b4a75a0baab1e5ad66e3c15bd106bcf62d581020000e1a31ad32636296,https://www.youtube.com/s/player/19712d96/player_ias.vflset/en_US/base.js
b54442897d24afb7519957b2842b62f808b6309d5eda7fea177e3246545f96d9,https://cdnjs.cloudflare.com/ajax/libs/jspdf/3.0.3/jspdf.es.js
b54584f0b0b20136da0ad875055e4280d15e66430f46732aa3d68be772e8c42c,https://cdnjs.cloudflare.com/ajax/libs/dayjs/1.11.18/locale/sq.min.js
b55189c1b2794af8bf071a13ae3b7e78721befe2d3f448f1c02c0ccb6a7d0f37,https://cdnjs.cloudflare.com/ajax/libs/moment.js/2.30.1/locale/cv.min.js
b555e6fec6fba79f6769356873591964f6ce766f9733072964a3775eb251d7fe,https://cdnjs.cloudflare.com/ajax/libs/popper.js/2.11.8/esm/dom-utils/getNodeScroll.js
b56a74adb5db69160d8e8dcae260df51b6711014ca4437cd44c0517edccc71d9,https://cdnjs.cloudflare.com/ajax/libs/react/19.1.1/cjs/react.react-server.development.js
b579beb1ad6ecec6c59db5edf0626ab208b64f0fa6e012c60e87fa7943e36ed9,https://ajax.aspnetcdn.com/ajax/jQuery/jquery-3.6.1.slim.js
b58e6fad98a2e0349a4a9e6891183caf5d759a55cb7f64680d58c62e2b88ce7c,https://cdnjs.cloudflare.com/ajax/libs/date-fns/4.1.0/locale/be/cdn.js
b59d12b54033fa51040bcc77b269f2311949ebc75a8b919931ba8a22b0b44b54,https://www.youtube.com/s/player/afc53320/player_ias.vflset/en_US/base.js
b5a6260a8f271ca084339a427f6b432528422dbef1e2c31e970968919e70b648,https://www.youtube.com/s/player/44596b36/player_ias.vflset/en_US/captions.js
b5a6260a8f271ca084339a427f6b432528422dbef1e2c31e970968919e70b648,https://www.youtube.com/s/player/f4c47414/player_ias.vflset/en_US/captions.js
b5a6260a8f271ca084339a427f6b432528422dbef1e2c31e970968919e70b648,https://www.youtube.com/s/player/d0dfba13/player_ias.vflset/en_US/captions.js
b5b875def1b89a62821ecfe50438bbc68bc6c8687e09d67ef2afc0fb49d2e6cb,https://www.youtube.com/s/player/48ba8ecf/player_ias.vflset/en_US/base.js
b5ba3e1fa655bbc382093f6db4882ad3f65eb3fa95f02717e1218da60907eb3a,https://www.youtube.com/s/player/c6e9bca4/player_ias.vflset/en_US/base.js
b5d40ce62ab63a52b7dd9362e2a51c2b01e6861c428fd8e11b00483970151ad7,https://cdnjs.cloudflare.com/ajax/libs/date-fns/4.1.0/locale/hr/cdn.min.js
b5de0a3fec53b8d4609710b810aae655c31706f2cc5ed4378bb068cbb86abf4f,https://cdnjs.cloudflare.com/ajax/libs/jose/6.1.0/key/import.js
b5de8fd50518000158e7e3fae41b48cfe58582ecfccb1b53b9ade9e7224c2237,https://ajax.aspnetcdn.com/ajax/bootstrap/4.6.0/bootstrap.js
b5e1af340cb1567a9c805ac1917c0ab1cb362bfecaea0d64d6edf809c0cbc634,https://cdnjs.cloudflare.com/ajax/libs/jose/6.1.0/jwt/verify.js
b5fd723750763ebb731f9221e413e7d64d58d5192dc040e42292ed3dcccca732,https://ajax.aspnetcdn.com/ajax/bootstrap/3.2.0/css/bootstrap.min.css
b60a8b19b5544cc9617fbfe64105d8efa16dac4bde0fb164a1fdaa0b0f4916da,https://cdnjs.cloudflare.com/ajax/libs/gsap/3.13.0/CSSRulePlugin.min.js
b62081aac9ba224ef44b1a14371dce4a55ee3d61dbb0e16589ed943dd112b0be,https://cdnjs.cloudflare.com/ajax/libs/cytoscape/3.33.1/cytoscape.esm.mjs
b640e64ac12d848218a4a600b485b3f45a4083bf7aba3fd6f212eb4b910a1855,https://ajax.googleapis.com/ajax/libs/dojo/1.10.3/dojo/dojo.js
b6596f74b815720ef9552ab706346db1fccacd27f5c5291099b2d66d195b9783,https://www.youtube.com/s/player/859db743/player_ias.vflset/en_US/base.js
b67e1ad605d0a3f2c66fa867d2f2f7bf05af804481f9c59c2fbfec4db4774ee8,https://ajax.aspnetcdn.com/ajax/bootstrap/3.3.2/css/bootstrap.css
b68e07944d10d0b671a43e032a10fda2fd3d2f59498ddfabda7cf7c8d77bd852,https://www.youtube.com/s/player/2430d1b0/player_ias.vflset/en_US/base.js
b6acab11e19314306ae282152bf1d668c8a7ba4e97ef7c43ce754cc781fd6601,https://ajax.aspnetcdn.com/ajax/respond/1.4.2/respond.matchmedia.addListener.min.js
b6ae2a92ca8fb8f99f42f40ecf4544467719a6feefe7489740747ab97da37a2d,https://cdnjs.cloudflare.com/ajax/libs/dayjs/1.11.18/plugin/bigIntSupport.js
b6d74ca4bde3fddb71bf1b74d49129e16cfea09f4fdfb049c1fc33dfadac5d07,https://cdnjs.cloudflare.com/ajax/libs/moment.js/2.30.1/locale/vi.min.js
b6df9ebd6ca8551a6c2caeda7c0801e9ca8249c3d2f19ac942f7235f4cd8f132,https://assets.squarespace.com/universal/styles-compressed/e237edef00ae5990-min.en-US.css
b6efd5da1bb4b468b29f6efff6aef7a9ade3063be736ff5adf4d91a68a15d6c5,https://www.youtube.com/s/player/01bde470/player_ias.vflset/en_US/base.js
b6f9d69dafc35c709f82a9f378c3bd447277fcc0bf045f64f8ab30a6deb62cdf,https://ajax.googleapis.com/ajax/libs/myanmar-tools/1.0.1/zawgyi_detector.min.js
b72c8afb2d2b4f61c83c5414674b7a4fdade95d5e158f21519f32a60a0fb937e,https://cdnjs.cloudflare.com/ajax/libs/popper.js/2.11.8/esm/dom-utils/getScrollParent.js
b75e7c27864234a2ff32dec936de673fef64b9b89848888b823dc2ee87e96db9,https://cdnjs.cloudflare.com/ajax/libs/dayjs/1.11.18/locale/jv.js
b75ecf1be87feb39edfee96e22cdc36f7e84c1a1a4b24b109739df29a804d6b5,https://cdnjs.cloudflare.com/ajax/libs/react-dom/19.1.1/cjs/react-dom-server.edge.production.min.js
b766c2574f6036e3390d9d8a745dff96f3b13a4ef47033c1ed271ad6c29e926b,https://www.youtube.com/s/player/1e1d6f74/player_ias.vflset/en_US/base.js
b79048269194de2a460e6b267695f420be996434fad12f90e3712a1c5b3b2544,https://ajax.aspnetcdn.com/ajax/jQuery/jquery-1.8.3.js
b7929ad4d5323b8244f85d79bba0b3d1495e66f79a2f0023be7f4de5ba4fbac8,https://cdnjs.cloudflare.com/ajax/libs/Chart.js/4.5.0/chart.umd.js
b7c068c7cb5e1b4fdae7cac76a0cd5dd3ea58daee244336cc85603ffb70c9416,https://cdnjs.cloudflare.com/ajax/libs/dayjs/1.11.18/locale/ar-tn.min.js
b7fcc2b2e4b977d765d6e98b7bf6a83cb8b30a4b4592584323175e86d2b56402,https://cdnjs.cloudflare.com/ajax/libs/nanoid/5.1.6/index.js
b81d72275a74a94b4a823dc485fbf64fa3dcfc6ba99b6fda4729ac07abe82408,https://static.parastorage.com/services/js-sdk/1.640.0/js/wix-private.min.js
b826b9b4dd50278a0929286411d9e5af29a58094b8505be10afb51189025283e,https://cdnjs.cloudflare.com/ajax/libs/vue/3.5.22/vue.runtime.esm-bundler.min.js
b82c677b1f4372ab454eab3c77ca7e322317842b274a00e1727afa7f6334faf5,https://cdnjs.cloudflare.com/ajax/libs/nanoid/5.1.6/non-secure/index.js
b83cd6b669b52bf5c137cd4db0a437771a74285de3cfb5cf3bc1775800345a18,https://cdnjs.cloudflare.com/ajax/libs/async/3.2.6/async.min.js
b83fd49a4ceb67ab0c24d79fb5de72bcca5f8416d49f6c41ed924ad33476512a,https://www.youtube.com/s/player/7f3b257d/www-player.css
b83fd49a4ceb67ab0c24d79fb5de72bcca5f8416d49f6c41ed924ad33476512a,https://www.youtube-nocookie.com/s/player/7f3b257d/www-player.css
b84153e2546d45c5f8f6eed54587ba444f085d321123b1ddd7d646a4273a95c8,https://ajax.aspnetcdn.com/ajax/respond/1.4.1/respond.js
b85336e411057443f79cba5aa6bd601104caf9cc980081fd131e32a9e4cfcffb,https://cdnjs.cloudflare.com/ajax/libs/date-fns/4.1.0/locale/de/cdn.js
b8668f7b46f92804b104d989153329047d73682988a8181eb80c31a5bf6df8cc,https://cdnjs.cloudflare.com/ajax/libs/prism/9000.0.1/components/prism-http.min.js
b86d3f451534200ba9f251b5eab7acbf923ff7e677a8851d1110ba646867483b,https://ajax.aspnetcdn.com/ajax/respond/1.4.1/respond.min.js
b872b58ea3191d089603aa3e725115bbbf824774b7254f1bc5c88ccc206f57c0,https://ajax.googleapis.com/ajax/libs/dojo/1.5.1/dojo/dojo.js
b87766e94bff34c8aa91a9a85f4015abcc74429e417bcd6ce5bb95b6ed0719ea,https://cdnjs.cloudflare.com/ajax/libs/dayjs/1.11.18/locale/bi.js
b87bc1f7535c156bf0875779e0e4bb91fee405b569e0ddc75fa89615a6024c75,https://www.youtube.com/s/player/a944b11f/player_ias.vflset/en_US/captions.js
b888ec9bdf98f0221303e37dabbf4d3a8ff4c3f48a19a26fe867ff6a5b711ec2,https://ajax.aspnetcdn.com/ajax/bootstrap/4.6.0/css/bootstrap-reboot.css
b8a524810192170be411d256bbe2a852aa0b9c129faa0dc08e404a81449dc528,https://www.youtube.com/s/player/58569eda/player_ias.vflset/en_US/captions.js
b8aa9a16785f138cb84397c0753c9ccf0754a9aba55bde0ec3339e1eaa9f5efa,https://ajax.aspnetcdn.com/ajax/jQuery/jquery-1.6.1-vsdoc.js
b8af56d0b1202699e5f31d6a1526d826f9dfbc1b29a74bd730ec7ac423be54db,https://cdnjs.cloudflare.com/ajax/libs/prism/9000.0.1/components/prism-apacheconf.js
b8c59d2cf3169fcb1c43278931196ca688755384fa3992c432e061925573f4fd,https://ajax.googleapis.com/ajax/libs/shaka-player/2.1.0/shaka-player.compiled.js
b90ded12d786e363cb2e65b44a5e1dae95fd9cf5e329cd4d7d0b9810b3464c65,https://maps.googleapis.com/maps-api-v3/api/js/62/13e/places_impl.js
b914dbd96829fd69171efe61e2b45f20525c859839d3521b1cfd78ccaaaa9d8a,https://cdnjs.cloudflare.com/ajax/libs/dayjs/1.11.18/locale/gom-latn.js
b92a812d703053a60ea2130f352ea28cc0c73e6f14a900fb1dde7116283326f7,https://www.youtube.com/s/player/9c3bdbc5/player_ias.vflset/en_US/base.js
b99d79c797549a1ab957bb75abfc12cc95ec74b429ea63eeba14abf2fcd138f7,https://cdnjs.cloudflare.com/ajax/libs/jose/6.1.0/lib/private_symbols.js
b9a23bd71ffcffe1c83228df9b08bfc53302df6e2c6a0961d1c9a0e6aedca5e5,https://cdnjs.cloudflare.com/ajax/libs/dayjs/1.11.18/locale/en-in.min.js
b9ab3a93a832f25991a0e2236c13c6b5365e08e0f5c51d59a207ebc355e0877c,https://cdnjs.cloudflare.com/ajax/libs/prism/9000.0.1/plugins/wpd/prism-wpd.js
b9c47661895df0b7b3be20922fcddad246d309966699a271fae3f39ed9e49213,https://cdnjs.cloudflare.com/ajax/libs/crypto-js/4.2.0/sha384.min.js
b9c85a6afb3117e9dedb54a6ccc3617c35231e707de4a388844b895631d022d7,https://cdnjs.cloudflare.com/ajax/libs/jose/6.1.0/lib/check_cek_length.js
b9e71187aa69cc825439ff966a4d94bbf73984f3ebb7503ab93280fe9d41d085,https://cdnjs.cloudflare.com/ajax/libs/popper.js/2.11.8/esm/dom-utils/getScrollParent.min.js
b9f7803407d5baeb0e7f5b5dccada3d711d2fae07a6f2c1976b7196cba73e3dc,https://cdnjs.cloudflare.com/ajax/libs/moment.js/2.30.1/locale/tet.js
b9fd81c9c814974368fba889096e6106574f2c7fc5298f862652a9c827e0a833,https://cdnjs.cloudflare.com/ajax/libs/prism/9000.0.1/plugins/show-language/prism-show-language.min.css
b9fe9e7bcf3c7b0fe95970a9c482c1054606e859d6b0510feebd5dfe4b9b4947,https://cdnjs.cloudflare.com/ajax/libs/dayjs/1.11.18/locale/tet.js
ba03343557e7e14d156fa22ad51b800b858bd9075f58921c856387de0f1ba48b,https://cdnjs.cloudflare.com/ajax/libs/dayjs/1.11.18/locale/ug-cn.js
ba383fb3cb3f962e8c2b7325c9695c7623d5bf9033445b1713ee6f8e8a8c03fb,https://www.youtube.com/s/player/d138a901/player_ias.vflset/en_US/captions.js
ba383fb3cb3f962e8c2b7325c9695c7623d5bf9033445b1713ee6f8e8a8c03fb,https://www.youtube.com/s/player/10a04aa8/player_ias.vflset/en_US/captions.js
ba383fb3cb3f962e8c2b7325c9695c7623d5bf9033445b1713ee6f8e8a8c03fb,https://www.youtube.com/s/player/cbad65aa/player_ias.vflset/en_US/captions.js
ba383fb3cb3f962e8c2b7325c9695c7623d5bf9033445b1713ee6f8e8a8c03fb,https://www.youtube.com/s/player/97108f59/player_ias.vflset/en_US/captions.js
ba383fb3cb3f962e8c2b7325c9695c7623d5bf9033445b1713ee6f8e8a8c03fb,https://www.youtube.com/s/player/fc6f7cb5/player_ias.vflset/en_US/captions.js
ba383fb3cb3f962e8c2b7325c9695c7623d5bf9033445b1713ee6f8e8a8c03fb,https://www.youtube.com/s/player/ae417f28/player_ias.vflset/en_US/captions.js
ba383fb3cb3f962e8c2b7325c9695c7623d5bf9033445b1713ee6f8e8a8c03fb,https://www.youtube.com/s/player/d980b573/player_ias.vflset/en_US/captions.js
ba383fb3cb3f962e8c2b7325c9695c7623d5bf9033445b1713ee6f8e8a8c03fb,https://www.youtube.com/s/player/06ab93f2/player_ias.vflset/en_US/captions.js
ba383fb3cb3f962e8c2b7325c9695c7623d5bf9033445b1713ee6f8e8a8c03fb,https://www.youtube.com/s/player/ec3567a3/player_ias.vflset/en_US/captions.js
ba383fb3cb3f962e8c2b7325c9695c7623d5bf9033445b1713ee6f8e8a8c03fb,https://www.youtube.com/s/player/61d68603/player_ias.vflset/en_US/captions.js
ba383fb3cb3f962e8c2b7325c9695c7623d5bf9033445b1713ee6f8e8a8c03fb,https://www.youtube.com/s/player/5ba44d10/player_ias.vflset/en_US/captions.js
ba383fb3cb3f962e8c2b7325c9695c7623d5bf9033445b1713ee6f8e8a8c03fb,https://www.youtube.com/s/player/8fb635c2/player_ias.vflset/en_US/captions.js
ba383fb3cb3f962e8c2b7325c9695c7623d5bf9033445b1713ee6f8e8a8c03fb,https://www.youtube.com/s/player/681bbaf2/player_ias.vflset/en_US/captions.js
ba383fb3cb3f962e8c2b7325c9695c7623d5bf9033445b1713ee6f8e8a8c03fb,https://www.youtube.com/s/player/023db2e6/player_ias.vflset/en_US/captions.js
ba383fb3cb3f962e8c2b7325c9695c7623d5bf9033445b1713ee6f8e8a8c03fb,https://www.youtube.com/s/player/1416fec1/player_ias.vflset/en_US/captions.js
ba383fb3cb3f962e8c2b7325c9695c7623d5bf9033445b1713ee6f8e8a8c03fb,https://www.youtube.com/s/player/24fe6347/player_ias.vflset/en_US/captions.js
ba383fb3cb3f962e8c2b7325c9695c7623d5bf9033445b1713ee6f8e8a8c03fb,https://www.youtube.com/s/player/edbc38da/player_ias.vflset/en_US/captions.js
ba383fb3cb3f962e8c2b7325c9695c7623d5bf9033445b1713ee6f8e8a8c03fb,https://www.youtube.com/s/player/8565f3f9/player_ias.vflset/en_US/captions.js
ba5ac1133bbd1db3ebc297f04657b256294771f1688a42588abebdef172f5c70,https://cdnjs.cloudflare.com/ajax/libs/jsonwebtoken/9.0.2/lib/TokenExpiredError.js
ba629a75227532e5c660df05cdd166a0880dfc4609b249fb4c97409e9b57fc84,https://cdnjs.cloudflare.com/ajax/libs/prism/9000.0.1/plugins/line-numbers/prism-line-numbers.min.css
ba68d41342d3f3e1fe19f4bfe3a95380bf46cf27abc31d3c363600c0eab9fdcc,https://cdnjs.cloudflare.com/ajax/libs/date-fns/4.1.0/locale/mt/cdn.min.js
ba6eda7945ab8d7e57b34cc5a3dd292fa2e4c60a5ced79236ecf1a9e0f0c2d32,https://ajax.aspnetcdn.com/ajax/jQuery/jquery-1.8.3.min.js
ba70f21ca5f09b5360c395ec01aa14c3d3de40f0b6f4eac73f77269bec858e12,https://cdnjs.cloudflare.com/ajax/libs/prettier/3.6.2/standalone.js
ba8b19e102eadba414bcae331d0969c07b526e448c0dc6ef878b0b17466d7a29,https://cdnjs.cloudflare.com/ajax/libs/classnames/2.5.2/dedupe.min.js
ba8f203a9ebbe5771f49bcbe0804079240c7225f4be6ab424769bfbfb35ebc35,https://ajax.aspnetcdn.com/ajax/jQuery/jquery-1.8.2.js
ba9b367119971ed746925a600256d342eb4cc3f2389de013f61e36ff1f3594a5,https://cdnjs.cloudflare.com/ajax/libs/react/19.1.1/cjs/react-jsx-dev-runtime.production.js
bb019e1a3fb87ccfb4be01589e7bafc821244c52bf9f0b27816adf5b84829fab,https://ajax.googleapis.com/ajax/libs/spf/2.1.2/spf.js
bb127ee03c6f95562b0d64f4954ad5577664d1fe86bbb03df675860eecb692e5,https://www.youtube.com/s/player/74be5b62/player_ias.vflset/en_US/base.js
bb1c046d988cb0116c13d346fd48e78906d4309794e745b60b67b11f887f3b06,https://cdnjs.cloudflare.com/ajax/libs/react/19.1.1/cjs/react-jsx-dev-runtime.production.min.js
bb1c046d988cb0116c13d346fd48e78906d4309794e745b60b67b11f887f3b06,https://cdnjs.cloudflare.com/ajax/libs/react/19.1.1/cjs/react-jsx-dev-runtime.profiling.min.js
bb1e4cc2b49a3e7e4386c330c8f09205c9ca17a57b45f9a9e7b9ae886ffa9641,https://cdnjs.cloudflare.com/ajax/libs/popper.js/2.11.8/esm/modifiers/flip.min.js
bb2ee0639d3d01fff4688a439d42f088babfba9c20ed207d4b1d6f2fc0224107,https://www.youtube.com/s/player/c7c1953f/www-player.css
bb2ee0639d3d01fff4688a439d42f088babfba9c20ed207d4b1d6f2fc0224107,https://www.youtube-nocookie.com/s/player/c7c1953f/www-player.css
bb2ee0639d3d01fff4688a439d42f088babfba9c20ed207d4b1d6f2fc0224107,https://www.youtube.com/s/player/4c6971ef/www-player.css
bb2ee0639d3d01fff4688a439d42f088babfba9c20ed207d4b1d6f2fc0224107,https://www.youtube-nocookie.com/s/player/4c6971ef/www-player.css
bb2ee0639d3d01fff4688a439d42f088babfba9c20ed207d4b1d6f2fc0224107,https://www.youtube.com/s/player/d138a901/www-player.css
bb2ee0639d3d01fff4688a439d42f088babfba9c20ed207d4b1d6f2fc0224107,https://www.youtube-nocookie.com/s/player/d138a901/www-player.css
bb2ee0639d3d01fff4688a439d42f088babfba9c20ed207d4b1d6f2fc0224107,https://www.youtube.com/s/player/10a04aa8/www-player.css
bb2ee0639d3d01fff4688a439d42f088babfba9c20ed207d4b1d6f2fc0224107,https://www.youtube-nocookie.com/s/player/10a04aa8/www-player.css
bb2ee0639d3d01fff4688a439d42f088babfba9c20ed207d4b1d6f2fc0224107,https://www.youtube.com/s/player/cbad65aa/www-player.css
bb2ee0639d3d01fff4688a439d42f088babfba9c20ed207d4b1d6f2fc0224107,https://www.youtube-nocookie.com/s/player/cbad65aa/www-player.css
bb2ee0639d3d01fff4688a439d42f088babfba9c20ed207d4b1d6f2fc0224107,https://www.youtube.com/s/player/97108f59/www-player.css
bb2ee0639d3d01fff4688a439d42f088babfba9c20ed207d4b1d6f2fc0224107,https://www.youtube-nocookie.com/s/player/97108f59/www-player.css
bb2ee0639d3d01fff4688a439d42f088babfba9c20ed207d4b1d6f2fc0224107,https://www.youtube.com/s/player/fc6f7cb5/www-player.css
bb2ee0639d3d01fff4688a439d42f088babfba9c20ed207d4b1d6f2fc0224107,https://www.youtube-nocookie.com/s/player/fc6f7cb5/www-player.css
bb2ee0639d3d01fff4688a439d42f088babfba9c20ed207d4b1d6f2fc0224107,https://www.youtube.com/s/player/ae417f28/www-player.css
bb2ee0639d3d01fff4688a439d42f088babfba9c20ed207d4b1d6f2fc0224107,https://www.youtube-nocookie.com/s/player/ae417f28/www-player.css
bb2ee0639d3d01fff4688a439d42f088babfba9c20ed207d4b1d6f2fc0224107,https://www.youtube.com/s/player/d980b573/www-player.css
bb2ee0639d3d01fff4688a439d42f088babfba9c20ed207d4b1d6f2fc0224107,https://www.youtube-nocookie.com/s/player/d980b573/www-player.css
bb2ee0639d3d01fff4688a439d42f088babfba9c20ed207d4b1d6f2fc0224107,https://www.youtube.com/s/player/06ab93f2/www-player.css
bb2ee0639d3d01fff4688a439d42f088babfba9c20ed207d4b1d6f2fc0224107,https://www.youtube-nocookie.com/s/player/06ab93f2/www-player.css
bb2ee0639d3d01fff4688a439d42f088babfba9c20ed207d4b1d6f2fc0224107,https://www.youtube.com/s/player/ec3567a3/www-player.css
bb2ee0639d3d01fff4688a439d42f088babfba9c20ed207d4b1d6f2fc0224107,https://www.youtube-nocookie.com/s/player/ec3567a3/www-player.css
bb2ee0639d3d01fff4688a439d42f088babfba9c20ed207d4b1d6f2fc0224107,https://www.youtube.com/s/player/61d68603/www-player.css
bb2ee0639d3d01fff4688a439d42f088babfba9c20ed207d4b1d6f2fc0224107,https://www.youtube-nocookie.com/s/player/61d68603/www-player.css
bb2ee0639d3d01fff4688a439d42f088babfba9c20ed207d4b1d6f2fc0224107,https://www.youtube.com/s/player/5ba44d10/www-player.css
bb2ee0639d3d01fff4688a439d42f088babfba9c20ed207d4b1d6f2fc0224107,https://www.youtube-nocookie.com/s/player/5ba44d10/www-player.css
bb2ee0639d3d01fff4688a439d42f088babfba9c20ed207d4b1d6f2fc0224107,https://www.youtube.com/s/player/8fb635c2/www-player.css
bb2ee0639d3d01fff4688a439d42f088babfba9c20ed207d4b1d6f2fc0224107,https://www.youtube-nocookie.com/s/player/8fb635c2/www-player.css
bb2ee0639d3d01fff4688a439d42f088babfba9c20ed207d4b1d6f2fc0224107,https://www.youtube.com/s/player/681bbaf2/www-player.css
bb2ee0639d3d01fff4688a439d42f088babfba9c20ed207d4b1d6f2fc0224107,https://www.youtube-nocookie.com/s/player/681bbaf2/www-player.css
bb2ee0639d3d01fff4688a439d42f088babfba9c20ed207d4b1d6f2fc0224107,https://www.youtube.com/s/player/023db2e6/www-player.css
bb2ee0639d3d01fff4688a439d42f088babfba9c20ed207d4b1d6f2fc0224107,https://www.youtube-nocookie.com/s/player/023db2e6/www-player.css
bb2ee0639d3d01fff4688a439d42f088babfba9c20ed207d4b1d6f2fc0224107,https://www.youtube.com/s/player/1416fec1/www-player.css
bb2ee0639d3d01fff4688a439d42f088babfba9c20ed207d4b1d6f2fc0224107,https://www.youtube-nocookie.com/s/player/1416fec1/www-player.css
bb2ee0639d3d01fff4688a439d42f088babfba9c20ed207d4b1d6f2fc0224107,https://www.youtube.com/s/player/24fe6347/www-player.css
bb2ee0639d3d01fff4688a439d42f088babfba9c20ed207d4b1d6f2fc0224107,https://www.youtube-nocookie.com/s/player/24fe6347/www-player.css
bb2ee0639d3d01fff4688a439d42f088babfba9c20ed207d4b1d6f2fc0224107,https://www.youtube.com/s/player/edbc38da/www-player.css
bb2ee0639d3d01fff4688a439d42f088babfba9c20ed207d4b1d6f2fc0224107,https://www.youtube-nocookie.com/s/player/edbc38da/www-player.css
bb2ee0639d3d01fff4688a439d42f088babfba9c20ed207d4b1d6f2fc0224107,https://www.youtube.com/s/player/8565f3f9/www-player.css
bb2ee0639d3d01fff4688a439d42f088babfba9c20ed207d4b1d6f2fc0224107,https://www.youtube-nocookie.com/s/player/8565f3f9/www-player.css
bb398b68cb1fb435f97693ecf8b004b76fdf7706c9795138b4e3d9bd16fb7433,https://cdnjs.cloudflare.com/ajax/libs/dayjs/1.11.18/locale/tk.min.js
bb41597bb596d58398470ea6b54d55949d8e6535078d6f75cdf3a7c1019d636a,https://cdnjs.cloudflare.com/ajax/libs/jose/6.1.0/lib/epoch.js
bb5e6355cd07bcadc8d65b0688bf1cd97fbd0a07c1a0eb96e1157bc726d65150,https://www.youtube.com/s/player/27422632/player_ias.vflset/en_US/base.js
bb8221049f083eb37c28b1b9e835b34116d43ba4534aebf4a26a8ac6cec36f87,https://cdnjs.cloudflare.com/ajax/libs/date-fns/4.1.0/locale/ja-Hira/cdn.js
bba9f6cd567a06618bad2ed49bad732f7b7a5b41928ffde5c763df7452896f6c,https://cdnjs.cloudflare.com/ajax/libs/moment.js/2.30.1/locale/ar-kw.min.js
bbb7b9921ca2b61948753a6edb63c78443663dc45d1621d18e102e1dcb34e512,https://ajax.aspnetcdn.com/ajax/jQuery/jquery-3.6.0.slim.min.js
bbc932e69fec06f8f91d53e6bb32925df65a5816d4a2406cf97ed4545efd0cb6,https://cdnjs.cloudflare.com/ajax/libs/popper.js/2.11.8/esm/modifiers/flip.js
bbd8d2c4a3eb5e652d548a706bd62dbd839c3f283509b6b7ffbe319ecfb31606,https://cdnjs.cloudflare.com/ajax/libs/date-fns/4.1.0/locale/sk/cdn.min.js
bbe533d11848d6f42e71c9d51351c76459d99265ac4b269c038827aa0aa40407,https://cdnjs.cloudflare.com/ajax/libs/cheerio/1.1.2/dist/browser/load-parse.min.js
bbe533d11848d6f42e71c9d51351c76459d99265ac4b269c038827aa0aa40407,https://cdnjs.cloudflare.com/ajax/libs/cheerio/1.1.2/dist/esm/load-parse.min.js
bbf2dad58b0294b32ef352437172ea63c157012a2eff9482d7df7cc4d7952fc8,https://cdnjs.cloudflare.com/ajax/libs/react-select/5.10.2/useCreatable-92373e48.cjs.prod.js
bbfcc962e8e2d7e08a38946f0a4ce59d5a1fd33f0b0973997e92ca0a1e75bd2b,https://cdnjs.cloudflare.com/ajax/libs/crypto-js/4.2.0/pad-nopadding.min.js
bbffb625ddf3c74455853be683d959b567c140ed030de9510838e1a3ac8beadd,https://cdnjs.cloudflare.com/ajax/libs/moment.js/2.30.1/locale/gom-latn.min.js
bc1b0cf78c34fb6f19d761116aea24dcf63a1bcb7aa045b59f1ede43f92c608e,https://ajax.googleapis.com/ajax/libs/jqueryui/1.8.10/themes/smoothness/jquery-ui.css
bc63c36741416fb55fbbe3c7c4a78b5e056d9b902a471bb16b6f5672fbbacbf8,https://cdnjs.cloudflare.com/ajax/libs/crypto-js/4.2.0/hmac-sha3.js
bc86a6006af8e3c44de4231c13db925d2e59cfecc43049972d6ff1f4baa86dc1,https://www.youtube.com/s/player/1a10598a/player_ias.vflset/en_US/base.js
bc9abb5f6eb4f5f1c37441be6cf70831c109cc7f15afbded253498961446803c,https://cdnjs.cloudflare.com/ajax/libs/date-fns/4.1.0/locale/nb/cdn.js
bc9f613af0d250ec23523e46b4cea075c128d732e3c26ae1c712183af89a75a1,https://ajax.googleapis.com/ajax/libs/mootools/1.2.3/mootools-yui-compressed.js
bce55ad3cfe1e6b2551493065ef1cf5c3fb2bd6a22a3a8b4486d21a4c04f718e,https://cdnjs.cloudflare.com/ajax/libs/date-fns/4.1.0/locale/eu/cdn.min.js
bce9feab9e1bb2371ce5f942113942b13ed2d1886a0672b299b40df6f3b87427,https://cdnjs.cloudflare.com/ajax/libs/preact/10.27.2/preact.min.umd.min.js
bcf2734dd5b54840cbdc06e519cbb8a87ab1523637fce78e875225e879730a72,https://www.youtube.com/s/player/ffdec792/player_ias.vflset/en_US/base.js
bd1410c567ffb4b7428f1ed86f1b27575efe10776e3cadebb72f4c3a16fcb827,https://www.youtube.com/s/player/17aa2e4c/player_ias.vflset/en_US/captions.js
bd1410c567ffb4b7428f1ed86f1b27575efe10776e3cadebb72f4c3a16fcb827,https://www.youtube.com/s/player/6ecf5f7a/player_ias.vflset/en_US/captions.js
bd18efd3efd70fec8ad09611a20cdbf99440b2c1d40085c29be036f891d65358,https://ajax.aspnetcdn.com/ajax/bootstrap/3.3.1/fonts/glyphicons-halflings-regular.ttf
bd18efd3efd70fec8ad09611a20cdbf99440b2c1d40085c29be036f891d65358,https://ajax.aspnetcdn.com/ajax/bootstrap/3.3.0/fonts/glyphicons-halflings-regular.ttf
bd18efd3efd70fec8ad09611a20cdbf99440b2c1d40085c29be036f891d65358,https://ajax.aspnetcdn.com/ajax/bootstrap/3.2.0/fonts/glyphicons-halflings-regular.ttf
bd18efd3efd70fec8ad09611a20cdbf99440b2c1d40085c29be036f891d65358,https://ajax.aspnetcdn.com/ajax/bootstrap/3.1.1/fonts/glyphicons-halflings-regular.ttf
bd1d389a503881081db1052745e71870ee46a1595ab4fc6748e188497f665a52,https://cdnjs.cloudflare.com/ajax/libs/dayjs/1.11.18/locale/mi.js
bd236a3d9a474482eb9ece956ca63f03cd62f0fb10aec670627dad9bfd74f0cd,https://www.youtube.com/s/player/11c0c1a9/player_ias.vflset/en_US/captions.js
bd236a3d9a474482eb9ece956ca63f03cd62f0fb10aec670627dad9bfd74f0cd,https://www.youtube.com/s/player/4f48ea67/player_ias.vflset/en_US/captions.js
bd3ab491877cf6737dea460739d06e99f1e26b69645b452aa94c3d704125a0e9,https://cdnjs.cloudflare.com/ajax/libs/dayjs/1.11.18/locale/nl.js
bd5da4364c94b11a9e56f0d0388439082ef6d3b29c15255ac17bad40abe0c248,https://cdnjs.cloudflare.com/ajax/libs/bluebird/3.7.2/bluebird.min.js
bd5de109681fffe386e944c95922136fb1653f7df908a14ea8ee2c534042d8d7,https://www.youtube.com/s/player/a8fa2535/player_ias.vflset/en_US/base.js
bd64edb5380dec937c2cef01426dfc4be3520d0610b2baa1ae1152f540cb5362,https://cdnjs.cloudflare.com/ajax/libs/dayjs/1.11.18/locale/da.min.js
bd862504c8207f0b212ef00e79049947a2a19e15529b7e48882fe8160bddd852,https://cdnjs.cloudflare.com/ajax/libs/date-fns/4.1.0/locale/ko/cdn.js
bda1336adb53efe4377382f688ba108f7f70c700c860a579a2ea4f37aa570d09,https://ajax.aspnetcdn.com/ajax/bootstrap/3.4.0/css/bootstrap-theme.min.css
bdad5585ef9a965ff25458738309b006058c55f2c78d794d25fbecae35014609,https://ajax.googleapis.com/ajax/libs/d3js/5.7.0/d3.min.js
bdad8e52d9c2c719b0d2c59e9ea60955c01ceabfda660adbb3eb6b6d4a4710d9,https://cdnjs.cloudflare.com/ajax/libs/dayjs/1.11.18/plugin/isYesterday.js
bdbc628c0366f21860896344595956c46414515078de5113ed5f73449fff3ca5,https://cdnjs.cloudflare.com/ajax/libs/moment.js/2.30.1/locale/it.min.js
bde718bbe26419b2789ee42b6816077570326691d41b5d8488df906931dc840a,https://ajax.googleapis.com/ajax/libs/jquerymobile/1.4.5/jquery.mobile.min.css
bdea078cafbc11586fea33bb4957b096069969dabeab4ea24805a91b8f660ced,https://cdnjs.cloudflare.com/ajax/libs/cheerio/1.1.2/dist/browser/parse.min.js
bdea078cafbc11586fea33bb4957b096069969dabeab4ea24805a91b8f660ced,https://cdnjs.cloudflare.com/ajax/libs/cheerio/1.1.2/dist/esm/parse.min.js
bdf03db84171e486bae1edc99093abc8c810a94674fe296f6f08544be9e589e4,https://cdnjs.cloudflare.com/ajax/libs/dayjs/1.11.18/locale/zh-hk.js
be01b4bd2b5d4d273bff0f3ebbc15856498d08764305da72c40f0e1004f716ae,https://cdnjs.cloudflare.com/ajax/libs/prism/9000.0.1/components/prism-csharp.js
be20862b878298feceff434513d5c29b9414c6bfa64e82316a1c23f200079c04,https://cdnjs.cloudflare.com/ajax/libs/vue/3.5.22/vue.esm-browser.min.js
be24811d633738aecbc6fcff7d946243d3f935aac2eb74f00b2f444f3ee11966,https://www.youtube.com/s/player/8fdc9fc5/player_ias.vflset/en_US/captions.js
be258895f285644a843ba08b5456ebcef93696d289676b39ffba56f036b2f2df,https://cdnjs.cloudflare.com/ajax/libs/dayjs/1.11.18/locale/nl.min.js
be2a17e2067550bde82d95254aee252a74d49506477c20d53a8b4480de2d81ea,https://cdnjs.cloudflare.com/ajax/libs/jose/6.1.0/lib/digest.js
be59356218310c9ab9a881a5cb3ca01d6eca525ad691589343dba307cc881df4,https://ajax.googleapis.com/ajax/libs/mootools/1.1.2/mootools-yui-compressed.js
be5aac774a049a5de606f493ab6dc66cf1ead61b145ba483717d8436529733e6,https://www.youtube.com/s/player/17ad44a3/player_ias.vflset/en_US/base.js
be873dc1bf7f904882536355a91601f422282ae3888a4a1b780a49fafb4397a5,https://cdnjs.cloudflare.com/ajax/libs/date-fns/4.1.0/locale/en-CA/cdn.min.js
beada7732e6a765b0e601f0359a1e0b6b8f58eecfaa689f8c83bd75ccb58289c,https://cdnjs.cloudflare.com/ajax/libs/popper.js/2.11.8/cjs/enums.js
bed166f523f936471613bf44d1a6fd90a6cb59810df9d0d2e20e0509dd28d0e6,https://cdnjs.cloudflare.com/ajax/libs/moment.js/2.30.1/locale/tet.min.js
bedc799e971e31c3740d01afd2bdc92a1c4cfbc8f1f43da43c82d07bd7964eb0,https://cdnjs.cloudflare.com/ajax/libs/reselect/5.1.1/reselect.mjs
beeadb8d4043458482a8432dd227af926d1baf378ffbcd63888e91ec0ca8535d,https://cdnjs.cloudflare.com/ajax/libs/axe-core/4.10.3/axe.js
bef6894d7a557aad573f2419819acab5b19eebceda3f414d37a8f4ed62c36750,https://cdnjs.cloudflare.com/ajax/libs/react-dom/19.1.1/cjs/react-dom-client.development.min.js
bf30aae6d16362d1ca3c3cae04a5932f5e2c28e9904f0f451de212d36f3acdf3,https://cdnjs.cloudflare.com/ajax/libs/popper.js/2.11.8/umd/enums.min.js
bf3117ccec4ede852ea587f7dd444722596d8582e488df69417802a0d5b75ced,https://ajax.googleapis.com/ajax/libs/dojo/1.1.1/dojo/dojo.js
bf3159523d076c354390154f9493cd769cb50887b7c720c38785404710ae10c1,https://cdnjs.cloudflare.com/ajax/libs/dayjs/1.11.18/locale/lb.min.js
bf3e539e7037c17311c7ab9bfa43e5015b577625dbed6df1dff7a5b4991f52c1,https://cdnjs.cloudflare.com/ajax/libs/prism/9000.0.1/components/prism-rip.js
bf496cbff82197aa040a216790c1e306876d508e27260bc0d7d855a78a5add39,https://cdnjs.cloudflare.com/ajax/libs/reselect/5.1.1/reselect.legacy-esm.min.js
bf4d5d0d45cb268a03053101633e2259dd2e165052787d3dba8cb57e44df1d20,https://cdnjs.cloudflare.com/ajax/libs/prism/9000.0.1/components/prism-java.min.js
bf809c34743279ff36a03b8ac4196697e777055f22295c587ff89ae5799b773c,https://cdnjs.cloudflare.com/ajax/libs/moment.js/2.30.1/locale/nl.min.js
bf8374840088264cb8b56c4abbe74694d63777c7dba5153c0b855855027c21b8,https://cdnjs.cloudflare.com/ajax/libs/Chart.js/4.5.0/chart.min.js
bf8d568637469b907da6e11959d43a190f383201c8d5376b0469ae0d1928255f,https://cdnjs.cloudflare.com/ajax/libs/date-fns/4.1.0/locale/mt/cdn.js
bfaf487bd9051d8d6375cd16d1bb16fb2ce8dd0373251a4b27066330783c180e,https://www.youtube.com/s/player/4e11051b/player_ias.vflset/en_US/captions.js
bfb38da76ad2dadb466741f6ae786ea33f6a5a8bd7a1b78892a3132cd5562842,https://cdnjs.cloudflare.com/ajax/libs/prism/9000.0.1/components/prism-smalltalk.js
bfd96289552133422e996f75068978a8f25726ffad356c2a070a261470adf151,https://www.youtube.com/s/player/8b54769b/player_ias.vflset/en_US/base.js
bfeaaabc3a27d846963b9a9c5b055b03287930ddf454303f92bcf1c6e8fdc42b,https://cdnjs.cloudflare.com/ajax/libs/popper.js/2.11.8/esm/utils/getBasePlacement.min.js
bff6dac13942fc4103939229b53f3016d1b42e6381b6b3344d3e2e456a3173d5,https://www.youtube.com/s/player/041232d8/player_ias.vflset/en_US/base.js
bffffd3bfc5bf69bfde8112fded228340136156e6e32c70999249e742aaab39d,https://www.youtube.com/s/player/23c9bab9/player_ias.vflset/en_US/captions.js
bffffd3bfc5bf69bfde8112fded228340136156e6e32c70999249e742aaab39d,https://www.youtube.com/s/player/bf9226b1/player_ias.vflset/en_US/captions.js
bffffd3bfc5bf69bfde8112fded228340136156e6e32c70999249e742aaab39d,https://www.youtube.com/s/player/1a10598a/player_ias.vflset/en_US/captions.js
c00a13e44f552e96970abf6699cba3d135128bd38fa981be22cf86f3c66a440f,https://cdnjs.cloudflare.com/ajax/libs/prism/9000.0.1/plugins/line-highlight/prism-line-highlight.min.js
c029e7d645165a2e0e323289d17fd3ee2f9f637b0c635353781f07d3819b6295,https://cdnjs.cloudflare.com/ajax/libs/jsonwebtoken/9.0.2/lib/rsaPssKeyDetailsSupported.min.js
c05d0978bad2a386803ec798d7502bbc99e5e53db67de3e4f1fd278110d26567,https://ajax.aspnetcdn.com/ajax/jquery.migrate/jquery-migrate-1.2.0.min.js
c06a8c0df258f219faebd58b6f9b0ec54fdcb2a99775d66170ae30ca4c67fe93,https://www.youtube.com/s/player/1943d24e/player_ias.vflset/en_US/base.js
c080d3b061215a2b871ec9b9892d77b7c16aa533a92565c3f96f13fea0793c95,https://ajax.googleapis.com/ajax/libs/jqueryui/1.8.21/themes/smoothness/jquery-ui.css
c081874b00b9fa4641c3a28769fb6512f28a3a26878d03cde91e5c52c4899867,https://ajax.googleapis.com/ajax/libs/jqueryui/1.8.5/themes/smoothness/jquery-ui.css
c081874b00b9fa4641c3a28769fb6512f28a3a26878d03cde91e5c52c4899867,https://ajax.googleapis.com/ajax/libs/jqueryui/1.8.4/themes/smoothness/jquery-ui.css
c081874b00b9fa4641c3a28769fb6512f28a3a26878d03cde91e5c52c4899867,https://ajax.googleapis.com/ajax/libs/jqueryui/1.8.3/themes/smoothness/jquery-ui.css
c088ea3f6f910758bb4b4b127392a319909597a5fd579250632dbf19297318c2,https://www.youtube.com/s/player/1680feb2/player_ias.vflset/en_US/base.js
c0b1143864b40b6c369762bc2f6b3f91668206fe0bf78cc23734456cadb87bad,https://static.parastorage.com/services/cookie-consent-banner-for-uou/1.819.0//app.bundle.min.js
c0b2521fab1fc640a159b381468affa594cc3814ed8d65ff2282685b56fb7636,https://cdnjs.cloudflare.com/ajax/libs/dayjs/1.11.18/locale/uz.min.js
c0bcf7898fdc3b87babca678cd19a8e3ef570e931c80a3afbffcc453738c951a,https://ajax.aspnetcdn.com/ajax/bootstrap/5.2.3/css/bootstrap.min.css
c0e6d329f3977e84fa63fa7c1d6546ea3dcced2ef150a9c2d9e86d2fe9d160e4,https://www.youtube.com/s/player/c3edfa37/player_ias.vflset/en_US/base.js
c0ebdaf768658af9913a1eeddd202411f000fe0c95ba58c31a6a0d576c7da689,https://cdnjs.cloudflare.com/ajax/libs/date-fns/4.1.0/locale/ca/cdn.js
c0f149348165558e3d07e0ae008ac3afddf65d26fa264dc9d4cdb6337136ca54,https://ajax.aspnetcdn.com/ajax/jQuery/jquery-3.2.0.js
c10b71229e9d5006b2f021958f4018dc367cf081f59f686abc7d695f68ef2dda,https://www.youtube.com/s/player/6b334ac1/player_ias.vflset/en_US/base.js
c1266aa5ccb770d4191058a5eff5c40d0e88ab06d5cfbb81025ef0105572f5f2,https://www.youtube.com/s/player/316b61b4/www-player.css
c1266aa5ccb770d4191058a5eff5c40d0e88ab06d5cfbb81025ef0105572f5f2,https://www.youtube-nocookie.com/s/player/316b61b4/www-player.css
c1266aa5ccb770d4191058a5eff5c40d0e88ab06d5cfbb81025ef0105572f5f2,https://www.youtube.com/s/player/ebc32385/www-player.css
c1266aa5ccb770d4191058a5eff5c40d0e88ab06d5cfbb81025ef0105572f5f2,https://www.youtube-nocookie.com/s/player/ebc32385/www-player.css
c1266aa5ccb770d4191058a5eff5c40d0e88ab06d5cfbb81025ef0105572f5f2,https://www.youtube.com/s/player/18d29a11/www-player.css
c1266aa5ccb770d4191058a5eff5c40d0e88ab06d5cfbb81025ef0105572f5f2,https://www.youtube-nocookie.com/s/player/18d29a11/www-player.css
c1266aa5ccb770d4191058a5eff5c40d0e88ab06d5cfbb81025ef0105572f5f2,https://www.youtube.com/s/player/9e63f8e4/www-player.css
c1266aa5ccb770d4191058a5eff5c40d0e88ab06d5cfbb81025ef0105572f5f2,https://www.youtube-nocookie.com/s/player/9e63f8e4/www-player.css
c1266aa5ccb770d4191058a5eff5c40d0e88ab06d5cfbb81025ef0105572f5f2,https://www.youtube.com/s/player/70186827/www-player.css
c1266aa5ccb770d4191058a5eff5c40d0e88ab06d5cfbb81025ef0105572f5f2,https://www.youtube-nocookie.com/s/player/70186827/www-player.css
c1266aa5ccb770d4191058a5eff5c40d0e88ab06d5cfbb81025ef0105572f5f2,https://www.youtube.com/s/player/6e2f1c8a/www-player.css
c1266aa5ccb770d4191058a5eff5c40d0e88ab06d5cfbb81025ef0105572f5f2,https://www.youtube-nocookie.com/s/player/6e2f1c8a/www-player.css
c1266aa5ccb770d4191058a5eff5c40d0e88ab06d5cfbb81025ef0105572f5f2,https://www.youtube.com/s/player/e42f4bf8/www-player.css
c1266aa5ccb770d4191058a5eff5c40d0e88ab06d5cfbb81025ef0105572f5f2,https://www.youtube-nocookie.com/s/player/e42f4bf8/www-player.css
c1266aa5ccb770d4191058a5eff5c40d0e88ab06d5cfbb81025ef0105572f5f2,https://www.youtube.com/s/player/05540cb0/www-player.css
c1266aa5ccb770d4191058a5eff5c40d0e88ab06d5cfbb81025ef0105572f5f2,https://www.youtube-nocookie.com/s/player/05540cb0/www-player.css
c1266aa5ccb770d4191058a5eff5c40d0e88ab06d5cfbb81025ef0105572f5f2,https://www.youtube.com/s/player/edc3ba07/www-player.css
c1266aa5ccb770d4191058a5eff5c40d0e88ab06d5cfbb81025ef0105572f5f2,https://www.youtube-nocookie.com/s/player/edc3ba07/www-player.css
c1266aa5ccb770d4191058a5eff5c40d0e88ab06d5cfbb81025ef0105572f5f2,https://www.youtube.com/s/player/1fc62019/www-player.css
c1266aa5ccb770d4191058a5eff5c40d0e88ab06d5cfbb81025ef0105572f5f2,https://www.youtube-nocookie.com/s/player/1fc62019/www-player.css
c1266aa5ccb770d4191058a5eff5c40d0e88ab06d5cfbb81025ef0105572f5f2,https://www.youtube.com/s/player/63233546/www-player.css
c1266aa5ccb770d4191058a5eff5c40d0e88ab06d5cfbb81025ef0105572f5f2,https://www.youtube-nocookie.com/s/player/63233546/www-player.css
c1266aa5ccb770d4191058a5eff5c40d0e88ab06d5cfbb81025ef0105572f5f2,https://www.youtube.com/s/player/56211dc2/www-player.css
c1266aa5ccb770d4191058a5eff5c40d0e88ab06d5cfbb81025ef0105572f5f2,https://www.youtube-nocookie.com/s/player/56211dc2/www-player.css
c1266aa5ccb770d4191058a5eff5c40d0e88ab06d5cfbb81025ef0105572f5f2,https://www.youtube.com/s/player/290465a5/www-player.css
c1266aa5ccb770d4191058a5eff5c40d0e88ab06d5cfbb81025ef0105572f5f2,https://www.youtube-nocookie.com/s/player/290465a5/www-player.css
c1266aa5ccb770d4191058a5eff5c40d0e88ab06d5cfbb81025ef0105572f5f2,https://www.youtube.com/s/player/44899b31/www-player.css
c1266aa5ccb770d4191058a5eff5c40d0e88ab06d5cfbb81025ef0105572f5f2,https://www.youtube-nocookie.com/s/player/44899b31/www-player.css
c1266aa5ccb770d4191058a5eff5c40d0e88ab06d5cfbb81025ef0105572f5f2,https://www.youtube.com/s/player/dc7b3d61/www-player.css
c1266aa5ccb770d4191058a5eff5c40d0e88ab06d5cfbb81025ef0105572f5f2,https://www.youtube-nocookie.com/s/player/dc7b3d61/www-player.css
c1266aa5ccb770d4191058a5eff5c40d0e88ab06d5cfbb81025ef0105572f5f2,https://www.youtube.com/s/player/0fa0965b/www-player.css
c1266aa5ccb770d4191058a5eff5c40d0e88ab06d5cfbb81025ef0105572f5f2,https://www.youtube-nocookie.com/s/player/0fa0965b/www-player.css
c1266aa5ccb770d4191058a5eff5c40d0e88ab06d5cfbb81025ef0105572f5f2,https://www.youtube.com/s/player/6c5cb4f4/www-player.css
c1266aa5ccb770d4191058a5eff5c40d0e88ab06d5cfbb81025ef0105572f5f2,https://www.youtube-nocookie.com/s/player/6c5cb4f4/www-player.css
c12f6098e641aaca96c60215800f18f5671039aecf812217fab3c0d152f6adb4,https://ajax.googleapis.com/ajax/libs/jquery/1.9.1/jquery.min.js
c12f6098e641aaca96c60215800f18f5671039aecf812217fab3c0d152f6adb4,https://ajax.aspnetcdn.com/ajax/jQuery/jquery-1.9.1.min.js
c1431c5b4584d177563f942c858ec797ed127272a4bf0dd4756bf212e82a7db1,https://cdnjs.cloudflare.com/ajax/libs/date-fns/4.1.0/locale/ja-Hira/cdn.min.js
c15dcff094566d7119b447bc7484a93e09256b8309282b0d629d756de87fa948,https://cdnjs.cloudflare.com/ajax/libs/classnames/2.5.2/index.js
c15f52d8f0565a97c78b15f613f4021d8fe16e77320b34223b213e0b32196a40,https://ajax.googleapis.com/ajax/libs/dojo/1.11.4/dojo/dojo.js
c1609d1c3a4ca7ae55919992575e7fd14115532ceb32a9199b13878cca1a5790,https://cdnjs.cloudflare.com/ajax/libs/nanoid/5.1.6/url-alphabet/index.js
c166c16211466eb989c1eaf1573fa2e727d76ba8dce3be5ef6be2dde152b0819,https://ajax.aspnetcdn.com/ajax/bootstrap/2.3.1/css/bootstrap-responsive.css
c17db2f743a5597a84210acbc2748a8b07abb170db58b002e3384c9e8cc2183f,https://www.youtube.com/s/player/50cc0679/player_ias.vflset/en_US/captions.js
c1d3d35cd11dad9e5e28f9076a699f5608d541bfcdf04e711ff946939bd51f24,https://cdnjs.cloudflare.com/ajax/libs/preact/10.27.2/preact.min.module.min.js
c1e720914104a5f3c4b1cca6c711b0ae2053e6843090bf8ed9d1a7fa93ae91c3,https://ajax.googleapis.com/ajax/libs/shaka-player/4.9.0/shaka-player.compiled.js
c1e9510079704b81b083e51700f25a88ddd444272ae498f3b5cd06deb164bfd1,https://cdnjs.cloudflare.com/ajax/libs/angular-ui-router/0.2.10/angular-ui-router.min.js
c1ec625d1684c84b92518fde1e32308bb875fbaba89ed38f4aa0a21a51d6a9f9,https://ajax.googleapis.com/ajax/libs/dojo/1.2.3/dojo/dojo.js
c1eff565bb0c36ce9e740965d68d49184f453e5b83ab4da79b5c72a55315b991,https://cdnjs.cloudflare.com/ajax/libs/jose/6.1.0/lib/is_key_like.js
c1f41c60d640ed81e8a6de058acc668fab2971b00451401a1c181f45cb13bd39,https://cdnjs.cloudflare.com/ajax/libs/jose/6.1.0/lib/pbes2kw.js
c212f4b505a86352aed62b24a8f16f999f821ecbe6456c7f3c8a04bc87968782,https://cdnjs.cloudflare.com/ajax/libs/popper.js/2.11.8/umd/popper.min.js
c21b4226117c4159dbf88aca722b27360268b65781007452ecd35fa90faccedd,https://ajax.googleapis.com/ajax/libs/shaka-player/4.3.0/shaka-player.compiled.js
c2263002d3521779ee5854440cee6fc797304a69e0c04d691a0e7d3505110946,https://ajax.googleapis.com/ajax/libs/jqueryui/1.11.0/themes/smoothness/jquery-ui.css
c22cfb6520a7fdbb738632834019acf47c78b1279462c0eb4cb83bae83ecb5a7,https://cdnjs.cloudflare.com/ajax/libs/font-awesome/6.5.1/css/all.min.css
c2336c8c311a4cf393fe6444af5d6e838a4f48a7b6de07dcffb26f9e1247617c,https://ajax.googleapis.com/ajax/libs/dojo/1.10.4/dojo/dojo.js
c2342cd8b869e01752a9321dc17213fc40d4d04c79688c1d43f2cf316abd7866,https://cdnjs.cloudflare.com/ajax/libs/KaTeX/0.16.9/fonts/KaTeX_Main-Regular.woff2
c24f867cb1f3f761a3141e330d1c7b7a886e82e405365834376aa67588d0d4bf,https://cdnjs.cloudflare.com/ajax/libs/moment.js/2.30.1/locale/lo.min.js
c25c12bf87aab90152c2956fe975cd242e03371b6059ea2045a52a296017c744,https://www.youtube.com/s/player/16ee6936/player_ias.vflset/en_US/base.js
c27c488feb26e572f19baf570005efa61ec5e86ae1a698b88cf39d7d151b5565,https://cdnjs.cloudflare.com/ajax/libs/prism/9000.0.1/components/prism-markup.js
c27da6f833431da5aa295c44540bfac0fd8270ba6a3c4346427006d8a7b34b76,https://cdnjs.cloudflare.com/ajax/libs/font-awesome/6.5.2/webfonts/fa-regular-400.woff2
c29c34595075658d5976414a23404a9c4bbbef24dc237970551363dcb0b352be,https://ajax.googleapis.com/ajax/libs/jqueryui/1.14.0/themes/smoothness/jquery-ui.css
c29fe9883b3c46319af3b99ff01eda0a26aa1ccdfd67afc6eae226611ee67e4b,https://cdnjs.cloudflare.com/ajax/libs/tailwindcss/4.1.13/colors.min.js
c2a0121123419a0788e7a3e0adde79f9f9dc9d455c918abbfe6f74651b4be054,https://cdnjs.cloudflare.com/ajax/libs/preact/10.27.2/hooks.umd.js
c2a51cc82c5e6d882831198bde4d645849924d48c47895d27c96351dd437845c,https://www.youtube.com/s/player/2430d1b0/player_ias.vflset/en_US/captions.js
c2bc1d528ccef787b9157262b0f9f15581050d1149181cd9c9fde2c7b4be993c,https://cdnjs.cloudflare.com/ajax/libs/bignumber.js/9.3.1/bignumber.min.js
c2e4005f516eec01f9ab9d049ca5870ce3a99a1b2de362a2532f3da59017b2db,https://www.youtube.com/s/player/6e3a87bf/player_ias.vflset/en_US/base.js
c308d53cb2014c1e9dc1537db24281d7dd63c544c73aefc90d5a94dbea813aee,https://ajax.googleapis.com/ajax/libs/shaka-player/4.4.0/shaka-player.compiled.js
c3140127dd572acd866efa06e63c5c27f79daa5879e4c39af5c91644f8574751,https://cdnjs.cloudflare.com/ajax/libs/react/19.1.1/cjs/react.development.js
c33066bc5c3c9474231273abf8e29b860ec5951019d6b2622b1d9c5b85a69096,https://www.youtube.com/s/player/4b0dda90/player_ias.vflset/en_US/base.js
c33ae59d9a05aca0dbe86d74bff25eb44d04ee97b738034fcb72a21b73ec1cf1,https://cdnjs.cloudflare.com/ajax/libs/moment.js/2.30.1/locale/fy.js
c3483fb8a38d666abe61e3fd5d0a9dff4b5a4ba258cf827fdfdf047117ac82eb,https://cdnjs.cloudflare.com/ajax/libs/popper.js/2.11.8/cjs/popper.js
c34b029a2ad48a415e6017096bc67792b8c8a140db833cb99e86d6d4378aa1c7,https://www.youtube.com/s/player/487b9fc1/www-player.css
c34b029a2ad48a415e6017096bc67792b8c8a140db833cb99e86d6d4378aa1c7,https://www.youtube-nocookie.com/s/player/487b9fc1/www-player.css
c34b029a2ad48a415e6017096bc67792b8c8a140db833cb99e86d6d4378aa1c7,https://www.youtube.com/s/player/25822515/www-player.css
c34b029a2ad48a415e6017096bc67792b8c8a140db833cb99e86d6d4378aa1c7,https://www.youtube-nocookie.com/s/player/25822515/www-player.css
c34b029a2ad48a415e6017096bc67792b8c8a140db833cb99e86d6d4378aa1c7,https://www.youtube.com/s/player/74edf1a3/www-player.css
c34b029a2ad48a415e6017096bc67792b8c8a140db833cb99e86d6d4378aa1c7,https://www.youtube-nocookie.com/s/player/74edf1a3/www-player.css
c34b029a2ad48a415e6017096bc67792b8c8a140db833cb99e86d6d4378aa1c7,https://www.youtube.com/s/player/01bde470/www-player.css
c34b029a2ad48a415e6017096bc67792b8c8a140db833cb99e86d6d4378aa1c7,https://www.youtube-nocookie.com/s/player/01bde470/www-player.css
c350423d56ffb9476d61c6b736bd450f66087bedb02ec258a771d9e0ddb12c5f,https://cdnjs.cloudflare.com/ajax/libs/react-dom/19.1.1/cjs/react-dom-server.bun.development.js
c35339900b45fa701c390c924009a95270b4b4d91b427e40984f117c2f7ec67d,https://cdnjs.cloudflare.com/ajax/libs/crypto-js/4.2.0/enc-utf16.js
c35681067dc8cbcf331a17a13d75beedde0f351a65e80a144ea570e7e787ce16,https://cdnjs.cloudflare.com/ajax/libs/dayjs/1.11.18/locale/en-gb.min.js
c38140b5408a91d9632765d23f4368f0cc98dfb6aafb0fcce452b6b4bfa93efd,https://cdnjs.cloudflare.com/ajax/libs/moment.js/2.30.1/locale/mk.js
c38a3ad93ae1e186e8863820ce52e69f3ed08bb5964bd3429b582f6093ee656b,https://cdnjs.cloudflare.com/ajax/libs/bowser/2.12.1/bundled.min.js
c3b0b8b257996d79b5e362d2aee2411ff74fd23e984e9900f5ba005ea4753d64,https://cdnjs.cloudflare.com/ajax/libs/html2canvas/1.4.1/html2canvas.esm.js
c3b6a4ccc3a736640fe035bc791807c223e1c137f297c01c3aeef58e0cefe401,https://cdnjs.cloudflare.com/ajax/libs/date-fns/4.1.0/locale/ar-MA/cdn.js
c3c0af845b3b88735552d9d23f460a120d34a7d221d77ae52fdcc6aaf2dd78f0,https://ajax.aspnetcdn.com/ajax/jQuery/jquery-3.6.1.slim.min.js
c3daca2aced802d12cfb9591b4b002bc6e073668c62a821295250cb1ae64859f,https://ajax.aspnetcdn.com/ajax/jQuery/jquery-1.4.js
c3e73c56b2351e2bb14fd79bca54c6af4048202e77ce6da529785a85edb65ba1,https://cdnjs.cloudflare.com/ajax/libs/dayjs/1.11.18/plugin/weekYear.js
c3f094c550436757e955bc1e2619fa5624ae8f22f41a7587b95af1d14175800a,https://cdnjs.cloudflare.com/ajax/libs/json5/2.2.3/index.js
c3f8c2b3964a5e2fd9d931f96f94277dab8eea0ac992a19dc7fa866089ae04dd,https://ajax.aspnetcdn.com/ajax/bootstrap/2.3.2/bootstrap.js
c42cf3f24438c2317689ccb34cf67ac84771b84bf201fe9477c5656dc0538801,https://www.youtube.com/s/player/88a886f1/player_ias.vflset/en_US/base.js
c43c532923fb3bc58b4f17d98f842122978ec76cc38d428149036e045f5ff0a1,https://ajax.aspnetcdn.com/ajax/mvc/5.0/jquery.validate.unobtrusive.min.js
c45482510ee812324edfaf994c4522e6341bf33b1197a267d767cb22eb60e968,https://cdnjs.cloudflare.com/ajax/libs/prism/9000.0.1/components/prism-fortran.js
c45c0e42cca03f5f857b20ef1c47db2091b87ab4dc78881d77552620c4636e44,https://ajax.googleapis.com/ajax/libs/dojo/1.10.9/dojo/dojo.js
c460e156162a2f24e16cc50dc8749fda56874186389f76f3fcdfd3cf6679038f,https://maps.googleapis.com/maps-api-v3/api/js/64/14a/infowindow.js
c482510732e1510c65229e3b251efd2eaa9de6a0622c2d87f3074dfc29b53d3a,https://cdnjs.cloudflare.com/ajax/libs/moment.js/2.30.1/locale/me.js
c49fb06b5c666c1bb48454a3743b4a21aff63ce6f571b03a529112b5da982f40,https://cdnjs.cloudflare.com/ajax/libs/dayjs/1.11.18/locale/th.js
c4a60a01e81dc618df6140db5ea636e2b9aeb37fb9838c679dbc89c795830658,https://www.youtube.com/s/player/44899b31/player_ias.vflset/en_US/base.js
c4b1bc089da7bdcca7029c07048144ec49784a106b67a1e161321468a0596993,https://cdnjs.cloudflare.com/ajax/libs/cheerio/1.1.2/dist/browser/utils.js
c4b1bc089da7bdcca7029c07048144ec49784a106b67a1e161321468a0596993,https://cdnjs.cloudflare.com/ajax/libs/cheerio/1.1.2/dist/esm/utils.js
c4d619822809d1f7d4e168dc9c6639e72b94cd8f41774b6e5e8be0af2880539f,https://ajax.googleapis.com/ajax/libs/shaka-player/4.15.0/shaka-player.compiled.js
c4db144321efbe62d33923077d356ee2fdc097848ebba3f1e1396027122b2d48,https://cdnjs.cloudflare.com/ajax/libs/bodymovin/5.7.6/lottie.min.js
c4dbad4e308cbe520401d87e82a7b7610f7ed3757e63af45a3c09d5d0dbf60e9,https://www.youtube.com/s/player/911df14e/player_ias.vflset/en_US/captions.js
c4dbad4e308cbe520401d87e82a7b7610f7ed3757e63af45a3c09d5d0dbf60e9,https://www.youtube.com/s/player/8456c9de/player_ias.vflset/en_US/captions.js
c4dccdd9ae25b64078e0c73f273de94f8894d5c99e4741645ece29aeefc9c5a4,https://ajax.googleapis.com/ajax/libs/jquery/3.5.0/jquery.min.js
c4dccdd9ae25b64078e0c73f273de94f8894d5c99e4741645ece29aeefc9c5a4,https://ajax.aspnetcdn.com/ajax/jQuery/jquery-3.5.0.min.js
c4e20f53f5ef0ed44b783437aa3f4638a9a56cc4aa29ae83ed9212eb2807052a,https://cdnjs.cloudflare.com/ajax/libs/postscribe/2.0.8/postscribe.min.js
c4ea52f9efdd111f33ef6c3eaabc8289e386cac408f1c10b015b773071b4a616,https://ajax.aspnetcdn.com/ajax/bootstrap/3.3.7/css/bootstrap-theme.css
c4f1db5a7db8fdc142158e13687c24a4376cbd8eafdbc5b924da0f5b048aacf9,https://cdnjs.cloudflare.com/ajax/libs/preact/10.27.2/preact.umd.js
c506149738f7ecb55503027cb8c70c5f186203c9e471c267c9c1e3da51400512,https://cdnjs.cloudflare.com/ajax/libs/crypto-js/4.2.0/mode-ctr.min.js
c54130dcd19ae2c7f8c4b4a69cb2038a65d363899cddf7ebaae0102bfc8fe086,https://cdnjs.cloudflare.com/ajax/libs/crypto-js/4.2.0/x64-core.js
c541ef06327885a8415bca8df6071e14189b4855336def4f36db54bde8484f36,https://cdnjs.cloudflare.com/ajax/libs/qrcodejs/1.0.0/qrcode.min.js
c54d7286e4a0a52530538bd22385d60e5603a9d327fa321f11bc5a7cb090fc36,https://cdnjs.cloudflare.com/ajax/libs/es6-promise/4.2.8/es6-promise.min.js
c555c7fb47e4ab1aec08e9206109ca85fd05070eab85b095a68bc55b9e3886a1,https://cdnjs.cloudflare.com/ajax/libs/crypto-js/4.2.0/enc-base64.min.js
c5617ca942b5f04febee907a6da2cb234f839cf6d13a9870d0850d894356d869,https://www.youtube.com/s/player/b32979e9/player_ias.vflset/en_US/base.js
c5672c05e2016a100a05a27584e77e7c7641315af2fb2ce048c04d5b7848950c,https://ajax.aspnetcdn.com/ajax/jQuery/jquery-1.4.min.js
c56f744270c8cd4d733575757eaf48de91edfa04d0f5e01ef5043bf9848263b3,https://cdnjs.cloudflare.com/ajax/libs/react/19.1.1/cjs/react-jsx-dev-runtime.react-server.production.js
c585678985d406d5531388daf8ac073098eefe71aa98b08e271a0a1a19e4b295,https://ajax.aspnetcdn.com/ajax/bootstrap/4.5.0/css/bootstrap-reboot.min.css
c58b385b4a0be6de822a3262b8191073d1730f6420368bd9c6d80db7312327ff,https://cdnjs.cloudflare.com/ajax/libs/pdf.js/5.4.149/images/annotation-comment.svg
c59e2f2d09098829d00f5dab85e6ec623f6aa9e70285ec2aac12030a014e4161,https://cdnjs.cloudflare.com/ajax/libs/moment.js/2.30.1/locale/af.js
c5a17d46976d471cf060c5a0e25749a323d6ab20cf0910f40afed81047ba21ef,https://ajax.aspnetcdn.com/ajax/bootstrap/4.1.1/bootstrap.min.js
c5ad321a79cf3e266edc8f1946d20804670c3389459b6618ee153944d2afb19b,https://cdnjs.cloudflare.com/ajax/libs/dayjs/1.11.18/locale/am.js
c5c562283381de46b56107ed19e2a344c57a0c3ac115afc9d375aa1dcfa9be1c,https://cdnjs.cloudflare.com/ajax/libs/popper.js/2.11.8/esm/utils/mergeByName.js
c5d4b68a7921c218ffdcf4d7c17900d783af7b48430513810cb14e791a54abb4,https://cdnjs.cloudflare.com/ajax/libs/KaTeX/0.16.9/contrib/mhchem.mjs
c5d88f971ffa882a3efef3b22d698d889a56df269014dd25a701b6df2b3d4a3d,https://cdnjs.cloudflare.com/ajax/libs/dayjs/1.11.18/locale/gd.min.js
c5db03ae438e4c55a6edfa004540aaf1def14fe0968f9ed3e03fe7dd7c3faf03,https://cdnjs.cloudflare.com/ajax/libs/moment.js/2.30.1/locale/vi.js
c5ddc3e839222d395bdd1e941a5b82cffcacba673837bc7e21b040f6baae859f,https://www.youtube.com/s/player/bc7db0b2/player_ias.vflset/en_US/captions.js
c5ffac8fb7deb86ff2920f6a4f123f9053ced09c81f6e784bf3b60b63ac49b96,https://cdnjs.cloudflare.com/ajax/libs/dayjs/1.11.18/plugin/weekday.js
c60fc5d52b02fa027ae1e56b3ece0bd2b32f46481abc9f1063c9e0c6d1c526ed,https://cdnjs.cloudflare.com/ajax/libs/dayjs/1.11.18/locale/ky.min.js
c618ebd8f7f0c13ac19a036c13864fd6e3375e83c892b6ce2504b94bcb4125de,https://ajax.aspnetcdn.com/ajax/jquery.ui/1.8.22/jquery-ui.js
c6223ed0cd418ad429db3b3085b010459eb7148ea3cdb3111a43b1681731f0bc,https://cdnjs.cloudflare.com/ajax/libs/moment.js/2.30.1/locale/pl.min.js
c6252b0edcb68dac87557a027180fcbdbd93466841aa34792530f7cce54cec5d,https://cdnjs.cloudflare.com/ajax/libs/pdf.js/5.4.149/images/cursor-editorTextHighlight.svg
c6368d87e8a1a3a5d337623d83d8dc4b868f242a9ad476237d6f8d1e0f168cdc,https://cdnjs.cloudflare.com/ajax/libs/KaTeX/0.16.9/fonts/KaTeX_Main-Regular.woff
c63b32136677e697f6167c707bd88aa994db12e9148e17195e2920d95456da73,https://www.youtube.com/s/player/0b59edd6/player_ias.vflset/en_US/captions.js
c6600f8ef26d180940e343d77c93600855aa26067d52a358e3afff1b8be4734e,https://www.youtube.com/s/player/d0dfba13/player_ias.vflset/en_US/base.js
c6819a456e63aa984d92bceb992162a945aa5f0d2953bf3f531fed273a78ce02,https://cdnjs.cloudflare.com/ajax/libs/dayjs/1.11.18/locale/el.min.js
c68fd9f7f7c8165a37c795ebfa68f958fc5e03cdefc2a586ad682199065c3330,https://ajax.aspnetcdn.com/ajax/bootstrap/3.3.1/bootstrap.js
c696a68bb508102f0f251eaf00df0f5edcf35a13ee0d7dc1cb3ab0d89db74b95,https://ajax.aspnetcdn.com/ajax/signalr/jquery.signalr-2.0.2.min.js
c6b225365368fc052bd96ebfae1363324ea526e59f15a60e201e1257c3adc12f,https://cdnjs.cloudflare.com/ajax/libs/three.js/0.180.0/three.webgpu.js
c6c1a88692697c89ba0887683072cc2114e8adedec0d1e69a05b7b09e5318c62,https://ajax.googleapis.com/ajax/libs/d3js/5.8.0/d3.min.js
c6d228d9fae66efef69ab101964dfcf9a112c699859ef999ea688822faf9d88f,https://www.youtube.com/s/player/97108f59/player_ias.vflset/en_US/base.js
c6d78ab54623001a3bb2a6ae4942cd4af04ceb44bb8ef4df23317ee6373d2794,https://cdnjs.cloudflare.com/ajax/libs/cheerio/1.1.2/dist/browser/index.js
c6d7de0d1f5544a1d3bb64c7eb27481b30316766f1214fbb5b1c6be358a4b921,https://cdnjs.cloudflare.com/ajax/libs/moment.js/2.30.1/locale/zh-hk.js
c6eacc709e4dd30a57120b6531856c003a4c931c46656c3625e2fd5886cf4ce6,https://cdnjs.cloudflare.com/ajax/libs/pdf.js/5.4.149/images/editor-toolbar-edit.svg
c6fb57bff4ebff3e33c1040843b6ba771a4b69fbd4af0b1b0f3648e69d1e8f93,https://www.youtube.com/s/player/444511ca/player_ias.vflset/en_US/base.js
c72060928bf66e8ff55b42e653f95429d4777769d790921ff8390eb1068da303,https://ajax.aspnetcdn.com/ajax/bootstrap/3.1.1/css/bootstrap-theme.min.css
c738b0020702aa631abd8de23a902a3079d99d3060e44166955cb51f570881c4,https://cdnjs.cloudflare.com/ajax/libs/js-yaml/4.1.0/js-yaml.js
c74339663155f094ee4849fa192b066c5393a64e207ab7139d0c1f40f12adef1,https://ajax.googleapis.com/ajax/libs/model-viewer/1.10.0/model-viewer.min.js
c766b475163b812d136d4dafb4dda761f2d946f19a398f8572e92274645a79b3,https://www.youtube.com/s/player/ab09dcd0/player_ias.vflset/en_US/base.js
c76c5d696297d51b9cb1639c7da4334f0e7dec81b42b11213b5e25ef671bb822,https://cdnjs.cloudflare.com/ajax/libs/KaTeX/0.16.9/fonts/KaTeX_Main-Bold.woff
c784376960f3163dc760bc019e72e5fed78203745a5510c69992a39d1d8fe776,https://ajax.googleapis.com/ajax/libs/jquery/1.6.1/jquery.min.js
c784376960f3163dc760bc019e72e5fed78203745a5510c69992a39d1d8fe776,https://ajax.aspnetcdn.com/ajax/jQuery/jquery-1.6.1.min.js
c7ac4e0528e56eb1d73f9d852d45b2ca4f8c7d2625b8e312d7ce221c9fcacf06,https://maps.google.com/maps-api-v3/api/js/64/14a/util.js
c7ac4e0528e56eb1d73f9d852d45b2ca4f8c7d2625b8e312d7ce221c9fcacf06,https://maps.googleapis.com/maps-api-v3/api/js/64/14a/util.js
c7c3da9b18bd788f3037edfac9767fd0688f117d72f3550cd9774b4eca1446a9,https://cdnjs.cloudflare.com/ajax/libs/prism/9000.0.1/components/prism-handlebars.js
c7c41353f4cc9c0eb3c8d8a0702eb322d97f8348c668fa421c43000e556c61bc,https://cdnjs.cloudflare.com/ajax/libs/date-fns/4.1.0/locale/ar-TN/cdn.min.js
c7dad9931250921c24508ba9949abb818745b38891da44693359249b11ed143d,https://cdnjs.cloudflare.com/ajax/libs/crypto-js/4.2.0/enc-hex.js
c7e401628caf87c924e8d726d13b02056e6f558389bb5e052ff00e7351afb779,https://cdnjs.cloudflare.com/ajax/libs/prism/9000.0.1/components/prism-haml.js
c7fa7f6ba4ef65b84e1a75c048800966b92b83df338b7814d78f56c2b481a1c7,https://ajax.googleapis.com/ajax/libs/dojo/1.9.6/dojo/dojo.js
c80d5f94e7c921631aaf5f9e614847371269114412ad72c8ef62ddffe7bb7e9a,https://cdnjs.cloudflare.com/ajax/libs/dayjs/1.11.18/locale/ar-ma.min.js
c80f5a4b9e297ad3410cce24e4837abaa7f655cf7520e68b9c6f5b0e2cced8f9,https://cdnjs.cloudflare.com/ajax/libs/date-fns/4.1.0/locale/pt/cdn.js
c8211c69345d2e9949dc7a8ac969380497aa0600a5a8ac6a459c8cd02dd9cb8a,https://cdnjs.cloudflare.com/ajax/libs/three.js/0.180.0/three.module.js
c8262cf6ac9a50061dd0450a191cd339d2b79f0fd1e1bfe9c324d0b14bd6f5cc,https://www.youtube.com/s/player/ed93444a/player_ias.vflset/en_US/base.js
c8320bdecab7ffa4eafde3858efb7baae9bd1394a4f9bdd14156ce48b2267d31,https://cdnjs.cloudflare.com/ajax/libs/dayjs/1.11.18/locale/ar-ly.js
c8370a2d050359e9d505acc411e6f457a49b21360a21e6cbc9229bad3a767899,https://ajax.googleapis.com/ajax/libs/jquery/1.3.2/jquery.min.js
c85537acad72f0d7d409dfc1e2d2daa59032f71d29642a8b64b9852f70166fbb,https://ajax.aspnetcdn.com/ajax/jQuery/jquery-1.12.0.js
c880eb3d25c765d399840aa204fec22b3230310991089f14781f09a35ed80b8a,https://cdnjs.cloudflare.com/ajax/libs/font-awesome/6.5.0/css/all.min.css
c889e222c37d8d1d9e55b6c30fbe80d5128c7b9b2bc053f769fcf8ea0c5e6111,https://cdnjs.cloudflare.com/ajax/libs/dayjs/1.11.18/locale/es-mx.min.js
c89f8f08ae06990edbc0763cd46853d16c70eaf513de8592b1ffb74a2ad2f7da,https://cdnjs.cloudflare.com/ajax/libs/crypto-js/4.2.0/hmac.js
c89fc485a14cb20c0576ff20bc3d157e1296f2b2ddfa8035f71e8b58f61a29a4,https://cdnjs.cloudflare.com/ajax/libs/moment.js/2.30.1/locale/ur.js
c89fe850b7e66b6e1a10496321ea9d778a64512960d01dccf49ff0fd5d256b20,https://cdnjs.cloudflare.com/ajax/libs/react/19.1.1/cjs/react-jsx-dev-runtime.profiling.js
c8c55f0091419e7ad8d15f79cd75a4bf2ec9549c374cbf48e7b957dfc12cab42,https://cdnjs.cloudflare.com/ajax/libs/dayjs/1.11.18/locale/eu.js
c8e77adb96264d89024747b59efefd3e504f67ba2956fcf8d16b796878f7de42,https://www.youtube.com/s/player/56545ff7/player_ias.vflset/en_US/base.js
c8ec7fd24deda95f956902cf60fe5578a706aa3648164119195ca54bb1f0e640,https://ajax.googleapis.com/ajax/libs/spf/2.1.1/spf.js
c8eeec83fe8bf655eeeda291466d268770436dde4e3e40416a85d05d3893e892,https://ajax.aspnetcdn.com/ajax/bootstrap/3.3.2/bootstrap.min.js
c91830384418b56332ccc5710d21fdc2595cd0d664080ffec357fa944f0c1f0d,https://www.youtube.com/s/player/0e380a3c/player_ias.vflset/en_US/base.js
c91f06af87280eddf044feb95142aa66d242f2f10e078eca04451bb55d27ebf6,https://cdnjs.cloudflare.com/ajax/libs/date-fns/4.1.0/locale/pl/cdn.js
c9303c970274f7217ff4ee67feece2eabc5e8c25689a6d3908255e035ddb381f,https://ajax.googleapis.com/ajax/libs/spf/2.1.0/spf.js
c942686010e285633d77a24341c43850ccd6162fcc7e8281ae8a70c2921a9af5,https://ajax.aspnetcdn.com/ajax/bootstrap/3.3.4/css/bootstrap.css
c943cc986384f59e86bea5fd7dc50a9c4dfe567a7c05eb40d6790720dead97c9,https://cdnjs.cloudflare.com/ajax/libs/KaTeX/0.16.9/fonts/KaTeX_Size1-Regular.woff
c94767fe5ca5feb1c19f86c3e0790a9a747b4ba163fad5c83b4a3349acb50629,https://ajax.googleapis.com/ajax/libs/d3js/7.8.2/d3.min.js
c9506197caf809a075b6dee1da0d36fb19da7158ffe8a88e7b0c96c5d8623c99,https://cdnjs.cloudflare.com/ajax/libs/xlsx/0.18.5/xlsx.full.min.js
c964e291707ad492e6e90ff7f4f352b75e05ea2734c3dd3a80b94983b1b7ce3d,https://cdnjs.cloudflare.com/ajax/libs/pdf.js/5.4.149/pdf.worker.min.mjs
c980476a44e834d23f5fcf617d0f83c8bd01607521fab9823d0699fc50ac698b,https://ajax.googleapis.com/ajax/libs/indefinite-observable/1.0.1/indefinite-observable.js
c9b5ef6e7c94f76652d193b575781628101baa3c9d5e1435c3a6bb316750ad3d,https://ajax.aspnetcdn.com/ajax/jquery.migrate/jquery-migrate-1.2.0.js
c9bfde30d4e8c9ed9cc65ebacbe218fd72307405c00ba88dfdbb4eb33f9728a0,https://ajax.googleapis.com/ajax/libs/shaka-player/4.5.0/shaka-player.compiled.js
c9c619b8bb8efe1b2f4d5f061561e14cdd2b9464c4cace1b645578b6d688f03b,https://cdnjs.cloudflare.com/ajax/libs/dayjs/1.11.18/locale/af.js
c9d97ef39e3ac6a9c425a260e7238e1bfd3403fd5d2a902ceaa85fa37d24dd22,https://cdnjs.cloudflare.com/ajax/libs/dayjs/1.11.18/locale/tl-ph.min.js
c9f433520bf382b2a7823f65b54d6d04ce958c7ffaed714330de305ccfb8e47a,https://ajax.googleapis.com/ajax/libs/jqueryui/1.8.16/themes/smoothness/jquery-ui.css
c9fbd5af90497debdf224854bf0cec98175fd401b159fcf2a220841aa7c29a9a,https://ajax.googleapis.com/ajax/libs/dojo/1.6.2/dojo/dojo.js
ca134175d327353ab965a20ec15a8b3d1eafebab97bd509a2fdad7b73b23838d,https://cdnjs.cloudflare.com/ajax/libs/lottie-web/5.12.1/lottie.min.js
ca3b060e53682e57516a34f99d387c5d71088f9e25c3a41c17d674d0f941c065,https://ajax.googleapis.com/ajax/libs/d3js/7.8.0/d3.min.js
ca7191efa634b9848459f40d494eaeabecb25fe8087529353f51ca2e9c3b2fec,https://cdnjs.cloudflare.com/ajax/libs/styled-components/6.1.19/styled-components.cjs.js
ca7992e78f5e015470a829868dc51a6e71c2e6eae256695e908b3f9f56e9c1e7,https://www.youtube.com/s/player/8180e7ff/www-player.css
ca7992e78f5e015470a829868dc51a6e71c2e6eae256695e908b3f9f56e9c1e7,https://www.youtube-nocookie.com/s/player/8180e7ff/www-player.css
ca7992e78f5e015470a829868dc51a6e71c2e6eae256695e908b3f9f56e9c1e7,https://www.youtube.com/s/player/68896037/www-player.css
ca7992e78f5e015470a829868dc51a6e71c2e6eae256695e908b3f9f56e9c1e7,https://www.youtube-nocookie.com/s/player/68896037/www-player.css
ca7992e78f5e015470a829868dc51a6e71c2e6eae256695e908b3f9f56e9c1e7,https://www.youtube.com/s/player/c38b4eda/www-player.css
ca7992e78f5e015470a829868dc51a6e71c2e6eae256695e908b3f9f56e9c1e7,https://www.youtube-nocookie.com/s/player/c38b4eda/www-player.css
ca7992e78f5e015470a829868dc51a6e71c2e6eae256695e908b3f9f56e9c1e7,https://www.youtube.com/s/player/8201a429/www-player.css
ca7992e78f5e015470a829868dc51a6e71c2e6eae256695e908b3f9f56e9c1e7,https://www.youtube-nocookie.com/s/player/8201a429/www-player.css
ca7992e78f5e015470a829868dc51a6e71c2e6eae256695e908b3f9f56e9c1e7,https://www.youtube.com/s/player/a9f67a82/www-player.css
ca7992e78f5e015470a829868dc51a6e71c2e6eae256695e908b3f9f56e9c1e7,https://www.youtube-nocookie.com/s/player/a9f67a82/www-player.css
ca7992e78f5e015470a829868dc51a6e71c2e6eae256695e908b3f9f56e9c1e7,https://www.youtube.com/s/player/db24d012/www-player.css
ca7992e78f5e015470a829868dc51a6e71c2e6eae256695e908b3f9f56e9c1e7,https://www.youtube-nocookie.com/s/player/db24d012/www-player.css
ca7992e78f5e015470a829868dc51a6e71c2e6eae256695e908b3f9f56e9c1e7,https://www.youtube.com/s/player/ab09dcd0/www-player.css
ca7992e78f5e015470a829868dc51a6e71c2e6eae256695e908b3f9f56e9c1e7,https://www.youtube-nocookie.com/s/player/ab09dcd0/www-player.css
ca7992e78f5e015470a829868dc51a6e71c2e6eae256695e908b3f9f56e9c1e7,https://www.youtube.com/s/player/367cdf18/www-player.css
ca7992e78f5e015470a829868dc51a6e71c2e6eae256695e908b3f9f56e9c1e7,https://www.youtube-nocookie.com/s/player/367cdf18/www-player.css
ca7992e78f5e015470a829868dc51a6e71c2e6eae256695e908b3f9f56e9c1e7,https://www.youtube.com/s/player/321b2c25/www-player.css
ca7992e78f5e015470a829868dc51a6e71c2e6eae256695e908b3f9f56e9c1e7,https://www.youtube-nocookie.com/s/player/321b2c25/www-player.css
ca7992e78f5e015470a829868dc51a6e71c2e6eae256695e908b3f9f56e9c1e7,https://www.youtube.com/s/player/1ebf2aa6/www-player.css
ca7992e78f5e015470a829868dc51a6e71c2e6eae256695e908b3f9f56e9c1e7,https://www.youtube-nocookie.com/s/player/1ebf2aa6/www-player.css
ca7992e78f5e015470a829868dc51a6e71c2e6eae256695e908b3f9f56e9c1e7,https://www.youtube.com/s/player/a926f773/www-player.css
ca7992e78f5e015470a829868dc51a6e71c2e6eae256695e908b3f9f56e9c1e7,https://www.youtube-nocookie.com/s/player/a926f773/www-player.css
ca7992e78f5e015470a829868dc51a6e71c2e6eae256695e908b3f9f56e9c1e7,https://www.youtube.com/s/player/fac96cf8/www-player.css
ca7992e78f5e015470a829868dc51a6e71c2e6eae256695e908b3f9f56e9c1e7,https://www.youtube-nocookie.com/s/player/fac96cf8/www-player.css
ca7992e78f5e015470a829868dc51a6e71c2e6eae256695e908b3f9f56e9c1e7,https://www.youtube.com/s/player/631d3938/www-player.css
ca7992e78f5e015470a829868dc51a6e71c2e6eae256695e908b3f9f56e9c1e7,https://www.youtube-nocookie.com/s/player/631d3938/www-player.css
ca7992e78f5e015470a829868dc51a6e71c2e6eae256695e908b3f9f56e9c1e7,https://www.youtube.com/s/player/f4f314f0/www-player.css
ca7992e78f5e015470a829868dc51a6e71c2e6eae256695e908b3f9f56e9c1e7,https://www.youtube-nocookie.com/s/player/f4f314f0/www-player.css
ca7992e78f5e015470a829868dc51a6e71c2e6eae256695e908b3f9f56e9c1e7,https://www.youtube.com/s/player/5e55da5a/www-player.css
ca7992e78f5e015470a829868dc51a6e71c2e6eae256695e908b3f9f56e9c1e7,https://www.youtube-nocookie.com/s/player/5e55da5a/www-player.css
ca7992e78f5e015470a829868dc51a6e71c2e6eae256695e908b3f9f56e9c1e7,https://www.youtube.com/s/player/76ad2fe8/www-player.css
ca7992e78f5e015470a829868dc51a6e71c2e6eae256695e908b3f9f56e9c1e7,https://www.youtube-nocookie.com/s/player/76ad2fe8/www-player.css
ca7992e78f5e015470a829868dc51a6e71c2e6eae256695e908b3f9f56e9c1e7,https://www.youtube.com/s/player/79fcc67d/www-player.css
ca7992e78f5e015470a829868dc51a6e71c2e6eae256695e908b3f9f56e9c1e7,https://www.youtube-nocookie.com/s/player/79fcc67d/www-player.css
ca7992e78f5e015470a829868dc51a6e71c2e6eae256695e908b3f9f56e9c1e7,https://www.youtube.com/s/player/21cd2156/www-player.css
ca7992e78f5e015470a829868dc51a6e71c2e6eae256695e908b3f9f56e9c1e7,https://www.youtube-nocookie.com/s/player/21cd2156/www-player.css
ca7992e78f5e015470a829868dc51a6e71c2e6eae256695e908b3f9f56e9c1e7,https://www.youtube.com/s/player/f4f81892/www-player.css
ca7992e78f5e015470a829868dc51a6e71c2e6eae256695e908b3f9f56e9c1e7,https://www.youtube-nocookie.com/s/player/f4f81892/www-player.css
ca7992e78f5e015470a829868dc51a6e71c2e6eae256695e908b3f9f56e9c1e7,https://www.youtube.com/s/player/9fcf08e8/www-player.css
ca7992e78f5e015470a829868dc51a6e71c2e6eae256695e908b3f9f56e9c1e7,https://www.youtube-nocookie.com/s/player/9fcf08e8/www-player.css
ca7992e78f5e015470a829868dc51a6e71c2e6eae256695e908b3f9f56e9c1e7,https://www.youtube.com/s/player/859db743/www-player.css
ca7992e78f5e015470a829868dc51a6e71c2e6eae256695e908b3f9f56e9c1e7,https://www.youtube-nocookie.com/s/player/859db743/www-player.css
ca7992e78f5e015470a829868dc51a6e71c2e6eae256695e908b3f9f56e9c1e7,https://www.youtube.com/s/player/d793a5ff/www-player.css
ca7992e78f5e015470a829868dc51a6e71c2e6eae256695e908b3f9f56e9c1e7,https://www.youtube-nocookie.com/s/player/d793a5ff/www-player.css
ca7992e78f5e015470a829868dc51a6e71c2e6eae256695e908b3f9f56e9c1e7,https://www.youtube.com/s/player/d396ac15/www-player.css
ca7992e78f5e015470a829868dc51a6e71c2e6eae256695e908b3f9f56e9c1e7,https://www.youtube-nocookie.com/s/player/d396ac15/www-player.css
ca7992e78f5e015470a829868dc51a6e71c2e6eae256695e908b3f9f56e9c1e7,https://www.youtube.com/s/player/56545ff7/www-player.css
ca7992e78f5e015470a829868dc51a6e71c2e6eae256695e908b3f9f56e9c1e7,https://www.youtube-nocookie.com/s/player/56545ff7/www-player.css
ca7992e78f5e015470a829868dc51a6e71c2e6eae256695e908b3f9f56e9c1e7,https://www.youtube.com/s/player/70a17a5c/www-player.css
ca7992e78f5e015470a829868dc51a6e71c2e6eae256695e908b3f9f56e9c1e7,https://www.youtube-nocookie.com/s/player/70a17a5c/www-player.css
ca7992e78f5e015470a829868dc51a6e71c2e6eae256695e908b3f9f56e9c1e7,https://www.youtube.com/s/player/e7573094/www-player.css
ca7992e78f5e015470a829868dc51a6e71c2e6eae256695e908b3f9f56e9c1e7,https://www.youtube-nocookie.com/s/player/e7573094/www-player.css
ca7992e78f5e015470a829868dc51a6e71c2e6eae256695e908b3f9f56e9c1e7,https://www.youtube.com/s/player/901741ab/www-player.css
ca7992e78f5e015470a829868dc51a6e71c2e6eae256695e908b3f9f56e9c1e7,https://www.youtube-nocookie.com/s/player/901741ab/www-player.css
ca7992e78f5e015470a829868dc51a6e71c2e6eae256695e908b3f9f56e9c1e7,https://www.youtube.com/s/player/7929661f/www-player.css
ca7992e78f5e015470a829868dc51a6e71c2e6eae256695e908b3f9f56e9c1e7,https://www.youtube-nocookie.com/s/player/7929661f/www-player.css
ca8300cd613ef3c3acc0cb93c5ca2565e8e49ecae992a679fa0ed7ea24ee1f4b,https://www.youtube.com/s/player/49f48b9f/player_ias.vflset/en_US/base.js
ca9f776644036aea231a7164a53ddfaca3df11ffd5eb9fd2f1d0b0a2a63e3188,https://ajax.aspnetcdn.com/ajax/jQuery/jquery-1.11.0-vsdoc.js
caa6b3cafb8d463c7cb0b47783b84d7f7637f685b8d33d1224548f7f9a124cd5,https://cdnjs.cloudflare.com/ajax/libs/moment.js/2.30.1/locale/gom-latn.js
cabef68a59a6e5e0e8bed5c3c240ab57ff2f382658f09bf61fc1afbdefdac517,https://cdnjs.cloudflare.com/ajax/libs/cheerio/1.1.2/dist/commonjs/api/manipulation.js
cad54911a72abf87591f2fd46c180a1cf5a98dd1a88209c91ed29cd04d01853f,https://www.youtube.com/s/player/aa4449ca/player_ias.vflset/en_US/base.js
cadda460ccb4c3c01bb45f3d5976f63f5adf8dc3ff1d31cb4fbd3ded4f18e5bf,https://cdnjs.cloudflare.com/ajax/libs/fancybox/3.5.7/jquery.fancybox.min.js
cae43e24d638d9f230831f59ce5ef9a56a508c99105e644b56941d55a2f35bfc,https://cdnjs.cloudflare.com/ajax/libs/date-fns/4.1.0/locale/oc/cdn.js
cafd612ebd6bc497a7a05d3dfef133a0b793f1e04e277b31c424d6d8892a1d48,https://ajax.googleapis.com/ajax/libs/swfobject/2.1/swfobject.js
cb034725d4c3da0717fd38bb856b19e3fa21c91a7bc6f988eb9c962bd60d0b29,https://cdnjs.cloudflare.com/ajax/libs/moment.js/2.30.1/locale/tr.min.js
cb034b7173cdf66b4d2fb47e51811911a97c5c1b66a2886a86e11d4ec8fa899b,https://cdnjs.cloudflare.com/ajax/libs/prism/9000.0.1/components/prism-coffeescript.js
cb0d93de7705e50f655a1a36fefdfe1a0ed7ae492d121895e08d506a96dcaa58,https://www.youtube.com/s/player/b91b2902/player_ias.vflset/en_US/base.js
cb14f3ec2cb6ea7cb6e25f614c46d5b29552e5f94a0b630bb5799748f4e9220a,https://cdnjs.cloudflare.com/ajax/libs/dayjs/1.11.18/locale/bn-bd.js
cb18b8d11f9698fc8cb3341cb5c882af1103ef8927d34e1602015b5f82eb234f,https://ajax.aspnetcdn.com/ajax/bootstrap/3.0.0/fonts/glyphicons-halflings-regular.ttf
cb3f499cceff673f0b50d0d61753f88ea1ddfa852ef587b5cec5e935b431beca,https://static.parastorage.com/services/tag-manager-client/1.1028.0/siteTags.bundle.min.js
cb420ca67d8965e2e0d099748ed4a13497fef6d9e434a038beb1b0e78c86ea9d,https://cdnjs.cloudflare.com/ajax/libs/dayjs/1.11.18/locale/fa.min.js
cb4443ad03b3c7a2b17fc4679e3e22889ddd92218c06a88cdbdbad6714077fff,https://ajax.googleapis.com/ajax/libs/mootools/1.4.1/mootools-yui-compressed.js
cb47e53266cee2423f4de6452b45b08643e6253f596299e7c95639216cc4a54e,https://maps.googleapis.com/maps-api-v3/api/js/65/3b/log.js
cb79eca9f0fb403c014685109e33d0275a72f278835dc49c1735486d4d37edbe,https://cdnjs.cloudflare.com/ajax/libs/dayjs/1.11.18/locale/sd.min.js
cbbace949b78434264187ca61fa507d5b9a638473148337195691b9bc60b2071,https://maps.googleapis.com/maps-api-v3/api/js/65/3b/geocoder.js
cbbbc33cd7db4cd533ac5f9d2516bd956282c218009d6f1f5ce30f39c04149dc,https://cdnjs.cloudflare.com/ajax/libs/dayjs/1.11.18/locale/cv.min.js
cbc402a69fc6bf55ceb36b7162026d0bc1f48fdb4110b54b1acbddad283b6a15,https://cdnjs.cloudflare.com/ajax/libs/jose/6.1.0/lib/verify.js
cbc5c519d34e84aee3e78ce4f4edf30181fc434ef5c99b2d1226c9c9d5ad13d0,https://ajax.aspnetcdn.com/ajax/signalr/jquery.signalr-2.0.3.js
cbc5e69ee595864591f6e8948d1f5f2931f89ec0fe60615adbb1c31fbfd1f86d,https://cdnjs.cloudflare.com/ajax/libs/moment.js/2.30.1/locale/ja.min.js
cbc74424709b1122eabed53a5a53f5cef516feb90c8bcf5b845bb04504a97238,https://www.youtube.com/s/player/fb58f923/player_ias.vflset/en_US/base.js
cbe99a4c20897bd7fdce78cd148d2746bdaa11f82690aef18f8f7dd504c4e9fd,https://cdnjs.cloudflare.com/ajax/libs/prism/9000.0.1/plugins/autolinker/prism-autolinker.js
cbfddbe7fb5a05ed6cd03751352ba5e801b214c1366a1a0d9578a874ef20e2ab,https://cdnjs.cloudflare.com/ajax/libs/react-select/5.10.2/index-42b266b1.cjs.dev.js
cc1398f7166845b04d26bb2b0985aa59b09f1c97de97b4a9ac520aa1cbfd7ffc,https://cdnjs.cloudflare.com/ajax/libs/date-fns/4.1.0/locale/hr/cdn.js
cc167f4f881b2a942e6d2e56722aa49b3fc7e3be13b848bfe92196ca6febb505,https://cdnjs.cloudflare.com/ajax/libs/dayjs/1.11.18/locale/tzl.js
cc1974b3384a5b8fc11380a5824a842f9af826a7a5109ca350074316c2b23b94,https://cdnjs.cloudflare.com/ajax/libs/dayjs/1.11.18/locale/es-do.js
cc3bdd4ea4c9b9fc311f18f7905f1701b7eb959013b3b25632814d1fa8f00df7,https://cdnjs.cloudflare.com/ajax/libs/pixelmatch/7.1.0/index.min.js
cc4874a6fd87ea8b2734d22035bf04042151296d2667f001555cb89cbc6c21a5,https://cdnjs.cloudflare.com/ajax/libs/prism/9000.0.1/components/prism-sas.min.js
cc85b44e45b64e45496fb8296165eab98a156d8475db384b14f320fa0a7df649,https://cdnjs.cloudflare.com/ajax/libs/prism/9000.0.1/components/prism-perl.js
cc91cb2c73d246d496efbd8d0625c5d5e867d89f8b9ae81056144481c0f59ec5,https://ajax.googleapis.com/ajax/libs/dojo/1.7.0/dojo/dojo.js
cc9474d291ba1204a7afe25ad2278b592d930be7df85df36d0766823eb77698f,https://cdnjs.cloudflare.com/ajax/libs/jose/6.1.0/lib/check_iv_length.js
cc950e79619da08680f828be76f473e063b3eef7e49fe51d52a523514eaef682,https://cdnjs.cloudflare.com/ajax/libs/react-dom/19.1.1/cjs/react-dom-server.bun.production.js
ccc0682f464816b121a0aaecde7616820dc8831fe2ddc0e1d4638a53c6659c2d,https://cdnjs.cloudflare.com/ajax/libs/moment.js/2.30.1/locale/tzm-latn.min.js
cd06072da061946a709681a796e4d52d59a1c0e2a9c933e7dc83b85546d0fe2f,https://ajax.googleapis.com/ajax/libs/dojo/1.7.2/dojo/dojo.js
cd2f0e4892870da95e450659662a0dcbc77755b00194447a8d930bde7c4a2e0f,https://cdnjs.cloudflare.com/ajax/libs/date-fns/4.1.0/locale/mk/cdn.js
cd3d5950dfe3d62fda39a009a26977aeef162d133c4a264ae5812bfb5489c5b8,https://ajax.aspnetcdn.com/ajax/bootstrap/4.6.0/css/bootstrap-reboot.min.css
cdaab53eae6074747c526e9d0f4b023a5d2526ae75560288707309c102a0e9a1,https://cdnjs.cloudflare.com/ajax/libs/popper.js/2.11.8/esm/modifiers/preventOverflow.min.js
cdab17d9d37f285a03151ff3398dcd81f9493157d7dfbb5fc159cdd31ac7e63b,https://maps.googleapis.com/maps-api-v3/api/js/63/14d/infowindow.js
cdd948b7d6c8d783b0565c35672c8d4bb66a63e8118f467dd5a5636ebf0838b5,https://ajax.aspnetcdn.com/ajax/bootstrap/3.1.0/css/bootstrap.css
ce0343e1d6f489768eeefe022c12181c6a0822e756239851310acf076d23d10c,https://ajax.aspnetcdn.com/ajax/jQuery/jquery-1.11.0.js
ce261eb163fcaee6953cedc35059732a133766ab824dc512bbdf9424d48601e4,https://ajax.googleapis.com/ajax/libs/webfont/1.5.18/webfont.js
ce2cf9d0a4a02c110bc24cce05a56d157b377ed5e13bc8f05dedfa290b4d921c,https://www.youtube.com/s/player/4b0d80ee/player_ias.vflset/en_US/base.js
ce4071b2361de69b5d566ba87712a12243e71efcbf3022bcc7e0b01845c86a3e,https://www.youtube.com/s/player/b9313b14/player_ias.vflset/en_US/base.js
ce4545c430810342be165e906434690f41be190f937ee1afef15e420033af61f,https://ajax.aspnetcdn.com/ajax/jquery.validation.unobtrusive/3.2.10/jquery.validate.unobtrusive.min.js
ce491c4b5a76249aac62cf4cb97a4ae056107d2d57f3110d0613e3d4558835c6,https://cdnjs.cloudflare.com/ajax/libs/moment.js/2.30.1/locale/ga.min.js
ce4b1d72465b8904c83722f90100cf32b79fc20c15d1afe7c84016b10b695c12,https://www.youtube.com/s/player/f649823c/player_ias.vflset/en_US/base.js
ce5a3880685615f2cc431fd9be5f511469a80424118ee7866af6ed75c3fc626f,https://cdnjs.cloudflare.com/ajax/libs/jose/6.1.0/lib/encrypt_key_management.js
ce6ef7f2d39d8112dcf6dfc316e2501b108b6b6fb1289f3d2349389c2ffd9051,https://cdnjs.cloudflare.com/ajax/libs/popper.js/2.11.8/esm/modifiers/hide.min.js
ce78d443008981770606ce26741937e5d1b1d2d5880419ad0b3fff66d2212989,https://ajax.googleapis.com/ajax/libs/model-viewer/1.0.0/model-viewer.min.js
ce8971b01a0699cb93addffddfcdd53e450dd87068fc566875c1a32a41e5a955,https://cdnjs.cloudflare.com/ajax/libs/jose/6.1.0/jwe/flattened/encrypt.js
cea59365aa7b4ac6b7c819883874c71a286734c2a120245087ed8e340f5737ec,https://ajax.googleapis.com/ajax/libs/shaka-player/4.6.0/shaka-player.compiled.js
cecd52da4e3f3a7a69d4cde1692c90d000a3726772f8e00a9c232faf4d6ff985,https://cdnjs.cloudflare.com/ajax/libs/moment.js/2.30.1/locale/lb.js
cecfbc247781f4f0d7197f38da525fc813e0a9556531c947475854412654f8cf,https://www.youtube.com/s/player/d46d9f81/player_ias.vflset/en_US/base.js
cef3dffcef386be2c8d1307761717e2eb9f43c151f2da9f1647e9d454abf13a3,https://ajax.aspnetcdn.com/ajax/bootstrap/3.1.0/fonts/glyphicons-halflings-regular.svg
cef3dffcef386be2c8d1307761717e2eb9f43c151f2da9f1647e9d454abf13a3,https://ajax.aspnetcdn.com/ajax/bootstrap/3.0.3/fonts/glyphicons-halflings-regular.svg
cef3dffcef386be2c8d1307761717e2eb9f43c151f2da9f1647e9d454abf13a3,https://ajax.aspnetcdn.com/ajax/bootstrap/3.0.2/fonts/glyphicons-halflings-regular.svg
cef3dffcef386be2c8d1307761717e2eb9f43c151f2da9f1647e9d454abf13a3,https://ajax.aspnetcdn.com/ajax/bootstrap/3.0.1/fonts/glyphicons-halflings-regular.svg
cef7b5122315b3f0e84ab1539cd690e33e45bc13dd5f094b02ceec8f08696455,https://ajax.aspnetcdn.com/ajax/bootstrap/3.0.1/css/bootstrap.min.css
ceff70e230ae69c7741d4926ecd2b0e26c8d6947d0a9676057bbbce1d4dc2140,https://cdnjs.cloudflare.com/ajax/libs/prism/9000.0.1/components/prism-markup.min.js
cf0b090b794a45d05aeaef013680552472bec4c7d82e7a3874f272e9dc4d67e7,https://cdnjs.cloudflare.com/ajax/libs/dayjs/1.11.18/locale/fi.js
cf2280bdf18614b14108ec3b8e1c2c00dc0c87efb3e72ecae6937c129608d0db,https://cdnjs.cloudflare.com/ajax/libs/cheerio/1.1.2/dist/browser/static.min.js
cf2280bdf18614b14108ec3b8e1c2c00dc0c87efb3e72ecae6937c129608d0db,https://cdnjs.cloudflare.com/ajax/libs/cheerio/1.1.2/dist/esm/static.min.js
cf29b52570f94db8444a4f465f8d78b37ce24eb897161894d9973b7ea0c8a3b8,https://www.youtube.com/s/player/204ff6e4/player_ias.vflset/en_US/base.js
cf3928705cd3051cb8fb88da14811aee4ac4320e4eb4caa5193996019d7cf008,https://cdnjs.cloudflare.com/ajax/libs/react-dom/19.1.1/cjs/react-dom-server-legacy.browser.production.js
cf3cdb4d1e7ea156e2b8fef8cc186db0c4d7121763c7791b44983cfdfc80d6d9,https://cdnjs.cloudflare.com/ajax/libs/date-fns/4.1.0/locale/sr-Latn/cdn.min.js
cf48ff058b509a52fa89094d669f517ad88e72df57397a39ebf873af9e66fbd1,https://cdnjs.cloudflare.com/ajax/libs/cheerio/1.1.2/dist/commonjs/load-parse.min.js
cf59fb801c09ea56d6a07c18b6d1933179d2a7a75e97a486806cfe67f3c19fd7,https://www.youtube.com/s/player/58569eda/player_ias.vflset/en_US/base.js
cf83c50064ffaf0191e18752f1d5b53924017b4a006cde2efcc8ab922f239208,https://cdnjs.cloudflare.com/ajax/libs/moment.js/2.30.1/locale/he.min.js
cf9afefa87b216dd4d8be00524f8904bba1147fbb90273e5e6a7b2824b52e56f,https://cdnjs.cloudflare.com/ajax/libs/crypto-js/4.2.0/rabbit-legacy.js
cfa4f8850008871f43fb568be3ce0ac3427cc5cca781632961a2ad2083ec6e87,https://ajax.aspnetcdn.com/ajax/jQuery/jquery-1.6.2-vsdoc.js
cfab6ba4dcb8aa11fbf75190aa9795f49ebccd5d130124f727e2ca7cccd778e4,https://cdnjs.cloudflare.com/ajax/libs/moment.js/2.30.1/locale/lt.min.js
cfce3e106ca22937013636e31d51df6c583b919b66673187fa8232987e6ec11f,https://ajax.googleapis.com/ajax/libs/mootools/1.5.0/mootools-yui-compressed.js
cfd227e5970d70b8ec93924992a7c89e797b2e02d1ee435c08fb7eff3acc9a2a,https://cdnjs.cloudflare.com/ajax/libs/prism/9000.0.1/components/prism-groovy.min.js
cfd52c611020fb575d85fc138c1cc172eebdb9bff20d464f90993923cf5cb64b,https://www.youtube.com/s/player/712f0810/www-player.css
cfd52c611020fb575d85fc138c1cc172eebdb9bff20d464f90993923cf5cb64b,https://www.youtube-nocookie.com/s/player/712f0810/www-player.css
cfd52c611020fb575d85fc138c1cc172eebdb9bff20d464f90993923cf5cb64b,https://www.youtube.com/s/player/88c25a98/www-player.css
cfd52c611020fb575d85fc138c1cc172eebdb9bff20d464f90993923cf5cb64b,https://www.youtube-nocookie.com/s/player/88c25a98/www-player.css
cfd52c611020fb575d85fc138c1cc172eebdb9bff20d464f90993923cf5cb64b,https://www.youtube.com/s/player/c7119fda/www-player.css
cfd52c611020fb575d85fc138c1cc172eebdb9bff20d464f90993923cf5cb64b,https://www.youtube-nocookie.com/s/player/c7119fda/www-player.css
cfd52c611020fb575d85fc138c1cc172eebdb9bff20d464f90993923cf5cb64b,https://www.youtube.com/s/player/1acfe3aa/www-player.css
cfd52c611020fb575d85fc138c1cc172eebdb9bff20d464f90993923cf5cb64b,https://www.youtube-nocookie.com/s/player/1acfe3aa/www-player.css
cfd52c611020fb575d85fc138c1cc172eebdb9bff20d464f90993923cf5cb64b,https://www.youtube.com/s/player/bb52fe90/www-player.css
cfd52c611020fb575d85fc138c1cc172eebdb9bff20d464f90993923cf5cb64b,https://www.youtube-nocookie.com/s/player/bb52fe90/www-player.css
cfd52c611020fb575d85fc138c1cc172eebdb9bff20d464f90993923cf5cb64b,https://www.youtube.com/s/player/e40d18fc/www-player.css
cfd52c611020fb575d85fc138c1cc172eebdb9bff20d464f90993923cf5cb64b,https://www.youtube-nocookie.com/s/player/e40d18fc/www-player.css
cfd5cad2e51ee9bdad45a87ed554df4f8e93a16622e8d2a74ce3536756058b83,https://maps.googleapis.com/maps-api-v3/api/js/65/3b/controls.js
cfd8ef1268071847d63b8acf7c45d418a15de9493191abdf274cdfdea4f7d4ee,https://ajax.googleapis.com/ajax/libs/d3js/7.8.3/d3.min.js
cfe027ddbd73c55a71332d68c2e67e47679ed1fb820cfd20b47758b3e644ee3f,https://cdnjs.cloudflare.com/ajax/libs/prism/9000.0.1/components/prism-aspnet.min.js
cfe050ffd9cd04791b30010c65ce97db022678ca8446a2c000c72e4af1b96cd0,https://cdnjs.cloudflare.com/ajax/libs/popper.js/2.11.8/esm/utils/getOppositeVariationPlacement.js
d02f41d388599f1e8e1ed0d69bc35d8adaf7257cd9086f796c94fd3a0fa22fc5,https://cdnjs.cloudflare.com/ajax/libs/jspdf/3.0.3/jspdf.es.min.js
d037b7c4cdc73420285a580e5b8f9cb441ad67e661fd1ad31dd45aadcf047bf5,https://cdnjs.cloudflare.com/ajax/libs/KaTeX/0.16.9/contrib/copy-tex.mjs
d039cdca9acfe8e1d4691821044d0793dabafdfd821763871be00fc00092b253,https://www.youtube.com/s/player/6c5cb4f4/player_ias.vflset/en_US/base.js
d03ec3cd21e0308d57c22296ad6f25a2fd1bcd4414ca30d54bfb9c18b645d837,https://www.youtube.com/s/player/17aa2e4c/player_ias.vflset/en_US/base.js
d04c54219f9eaec6d4d4fd42dfb28785975a4794d6b2fc71e566b9cd6db842dd,https://cdnjs.cloudflare.com/ajax/libs/KaTeX/0.16.9/fonts/KaTeX_Size2-Regular.woff2
d077d1d300b3b611bb50f70f060b1cca991d53578d64fc093c800eb1b85ebd85,https://ajax.aspnetcdn.com/ajax/jQuery/jquery-1.10.2-vsdoc.js
d08f291bcb83079b1333094f4c021641b33182915b5e74ae8bddf5d7b4fd4698,https://ajax.aspnetcdn.com/ajax/bootstrap/3.2.0/css/bootstrap.css
d08fa6422d91fa9a9bee515ed74173e1f6bc209eed1352d1f6709463b317eff3,https://www.youtube.com/s/player/4e51e895/player_ias.vflset/en_US/base.js
d092c3f05936b09497d2e7e6eb6226056cea74cc89f374d15fdd1df4068654ce,https://ajax.googleapis.com/ajax/libs/dojo/1.4.6/dojo/dojo.js
d0a7d946fb8bbb4e978a63b83a57c75540cf36379453319de11cfeb62f6d70b8,https://www.youtube.com/s/player/ecc3e9a7/player_ias.vflset/en_US/captions.js
d0b4256abed72481585662971262eabee345c19f837af00d7ce24239d3b40eef,https://cdnjs.cloudflare.com/ajax/libs/font-awesome/5.15.3/webfonts/fa-solid-900.woff2
d0bd6658f9da18b0a473ae5be1df45fda351d7921b85decefdae6f7f58f9e1bb,https://ajax.aspnetcdn.com/ajax/mvc/5.2.3/jquery.validate.unobtrusive.js
d0bf4e6faf52f23ca3d19766385d919d16df53bcb1ae1d36caa45557a22b7363,https://cdnjs.cloudflare.com/ajax/libs/date-fns/4.1.0/locale/da/cdn.min.js
d0cc79e811969b3f1196b0ee2e4fddbfd1e9f819879f1eecb00205310eecc5c7,https://ajax.aspnetcdn.com/ajax/bootstrap/3.0.1/css/bootstrap-theme.css
d0d7002ab408fe3c90221da54532fbcdaef13dfbca5a481155a19b825b0959ea,https://www.youtube.com/s/player/140dafda/player_ias.vflset/en_US/base.js
d12a331453175847e13059a4373152960e1ecbbb27093a950f478fd5e0971ccc,https://www.youtube.com/s/player/70186827/player_ias.vflset/en_US/base.js
d13a1316a03fe9871feeda32f521ab71275fd3ad4be5e363655401d504ccacaa,https://cdnjs.cloudflare.com/ajax/libs/date-fns/4.1.0/locale/pt/cdn.min.js
d14396e280f288634c4329a56d906359170ee08ab828b314e913cde4b661671a,https://ajax.googleapis.com/ajax/libs/d3js/6.3.1/d3.min.js
d1587bfde4c7ae469cdac61e2f0a1b1276eacf9d3e7dc1fd0f81c16babb7fb87,https://ajax.googleapis.com/ajax/libs/jqueryui/1.13.1/themes/smoothness/jquery-ui.css
d168d50a88c730b4e6830dc0da2a2b51dae4658a77d9619943c27b8ecfc19d1a,https://ajax.aspnetcdn.com/ajax/bootstrap/3.2.0/fonts/glyphicons-halflings-regular.svg
d168d50a88c730b4e6830dc0da2a2b51dae4658a77d9619943c27b8ecfc19d1a,https://ajax.aspnetcdn.com/ajax/bootstrap/3.1.1/fonts/glyphicons-halflings-regular.svg
d16d07a0353405fcec95f7efc50a2621bc7425f9a5e8895078396fb0dc460c4f,https://ajax.googleapis.com/ajax/libs/jquery/1.6.2/jquery.min.js
d16d07a0353405fcec95f7efc50a2621bc7425f9a5e8895078396fb0dc460c4f,https://ajax.aspnetcdn.com/ajax/jQuery/jquery-1.6.2.min.js
d16d28b0de3d7151e0356429832d668efc515849f256bf3c41ed20baf1dadb77,https://cdnjs.cloudflare.com/ajax/libs/popper.js/2.11.8/esm/dom-utils/instanceOf.js
d170052c16caec3810f2dee6456539045d8e326f6d8ed7c7f78e59ed34de348a,https://ajax.aspnetcdn.com/ajax/bootstrap/3.4.1/css/bootstrap.css
d17f66fe9cf08d17c56ffbd27bac2caae7544379b1f6581e5d2774a42a907ff1,https://cdnjs.cloudflare.com/ajax/libs/prism/9000.0.1/themes/prism-tomorrow.min.css
d18fe381e917ac8c3b523e84a0e74e3eaa311ad257e174d88bdbbb66aff6fe8c,https://ajax.googleapis.com/ajax/libs/dojo/1.7.9/dojo/dojo.js
d1aa80e0cc863c29100a1a1e83338c44b9faec9f96b1eef42733f753bee1e77b,https://maps.googleapis.com/maps-api-v3/api/js/65/3b/geometry.js
d1b6db8523ad28948c14f2ad77fe93bf25e325c56cc7d1f4179879b29e9828a7,https://cdnjs.cloudflare.com/ajax/libs/dayjs/1.11.18/locale/es.js
d1c58ddf75df61254077ee3a66564b8e9070c26b5f69a2eb6ff65ea7fb536827,https://cdnjs.cloudflare.com/ajax/libs/popper.js/2.11.8/esm/dom-utils/getWindowScrollBarX.js
d1d1db961361e4a6c6d86f25c996bda43e3951affe63b157298b9487acd4c1bd,https://cdnjs.cloudflare.com/ajax/libs/prism/9000.0.1/components/prism-stylus.min.js
d1d3dabd066fadc62d85fbaf2b3fb2b163a77c5692c0a7d9cd29d0f6e8badeec,https://ajax.googleapis.com/ajax/libs/shaka-player/4.0.0/shaka-player.compiled.js
d1da99ed9d68cf5ec7d80d80b0ba7660bcd023296b98422e44b69ce29afc98b0,https://cdnjs.cloudflare.com/ajax/libs/three.js/0.180.0/three.tsl.min.js
d20696559c318baece9f3b79080d37c81d09f3a1cb6f1ae08168e820e715d365,https://www.youtube.com/s/player/27422632/player_ias.vflset/en_US/captions.js
d207631464994d5871393bfb3d2c6ec1089e8901190e67bad101fb0f2c89716b,https://www.youtube.com/s/player/f2de630b/player_ias.vflset/en_US/captions.js
d2144b545e8c15a55d45979bbf0321e492d579f96b0185444e054b00bc412a1f,https://ajax.googleapis.com/ajax/libs/jqueryui/1.8.0/themes/smoothness/jquery-ui.css
d214bcfbf9c40bdf33d6af6b06d27b95bfaf9cc8f1ea0d78ab374c88b8586f8a,https://cdnjs.cloudflare.com/ajax/libs/popper.js/2.11.8/esm/dom-utils/getViewportRect.js
d24638f9ae121542659bea4b82c92e4460c1dff5bfe07dea3a08a473616bd1f3,https://cdnjs.cloudflare.com/ajax/libs/less.js/4.4.1/less.js
d24cac0d0069d89c48b4c8cee34cddcb7e39892c91f07b884574fe0cafb66ef7,https://cdnjs.cloudflare.com/ajax/libs/moment.js/2.30.1/locale/fil.js
d25071dc74993279244965e8f068cea17d96eda768c4672b9aa79f973059f0bd,https://cdnjs.cloudflare.com/ajax/libs/prism/9000.0.1/components/prism-python.min.js
d259dc4b99fe853191f5ff0117e279493e334fb2abe4b19d910698f3a7c8d00d,https://cdnjs.cloudflare.com/ajax/libs/hls.js/1.4.3/hls.min.js
d25e7ae1969b9134bf3e3f46434e637a66ce975b4d6ec68a5bf61b38b4ec6fd3,https://www.youtube.com/s/player/ab5096ab/player_ias.vflset/en_US/captions.js
d260fe97a835cd8176615f5ed89b1f4a3b1a54601fc3037deb2c4c3497dc95a8,https://www.youtube.com/s/player/f067dbb6/player_ias.vflset/en_US/captions.js
d260fe97a835cd8176615f5ed89b1f4a3b1a54601fc3037deb2c4c3497dc95a8,https://www.youtube.com/s/player/0d130d9d/player_ias.vflset/en_US/captions.js
d262a35a6ec535f8ce8bd3c52c23be8a68b092fc1bf1ae972966329dde8cc084,https://ajax.googleapis.com/ajax/libs/dojo/1.9.3/dojo/dojo.js
d28534ab90c76162c274e984cd59eb8f09f6c9d840ad7400847346c408605c82,https://cdnjs.cloudflare.com/ajax/libs/vue/3.5.22/vue.global.prod.min.js
d2b400c65cddf356b9056899cc2e34c1df2964e5437eed73e184634679cbbe77,https://cdnjs.cloudflare.com/ajax/libs/angular-dynamic-locale/0.1.27/tmhDynamicLocale.min.js
d2b82e612d2a812e8be2a57300dab8923c4f2edbe7a799e7da70791b595646fe,https://cdnjs.cloudflare.com/ajax/libs/modernizr/2.8.3/modernizr.min.js
d2cb1abd3dc64746c5c8c90c54917834072f4749a76ee050058bc66304df744c,https://cdnjs.cloudflare.com/ajax/libs/immutable/5.1.3/immutable.min.js
d2d5fb5b6c0d837b2d20885c60f54002f7fd0f9cbe8e0b41d5a1e74fce2b7744,https://cdnjs.cloudflare.com/ajax/libs/react-redux/9.2.0/cjs/index.js
d2ed0720108a75db0d53248ba8e36332658064c4189714d16c0f117efb42016d,https://ajax.aspnetcdn.com/ajax/jQuery/jquery-2.0.2.js
d3072014eb4186d02e335c511b3cc6e163a5cfebaa8c4ae13634af24887078e6,https://cdnjs.cloudflare.com/ajax/libs/crypto-js/4.2.0/hmac-md5.js
d31bef450ee67b64f9b70bfdf41fe4e00c65438705cc1fbb48ea6026d3a5d697,https://ajax.aspnetcdn.com/ajax/bootstrap/3.3.2/css/bootstrap.min.css
d332f267cc5664e8f98760ecb7b6d7d8b1c86d0f75f6db92642269d4011529b4,https://www.youtube.com/s/player/c80790c5/player_ias.vflset/en_US/captions.js
d345bf2120ce26d583e4e96e20c14fd911d8a6e688a667ec207f1cc3d250c8fd,https://cdnjs.cloudflare.com/ajax/libs/moment.js/2.30.1/locale/es-do.min.js
d346ccc5064e7bf38fa576f8576555f692f1f2c9fa292f1b6dd4670c39bf95b1,https://cdnjs.cloudflare.com/ajax/libs/dayjs/1.11.18/locale/de-at.js
d34f9655828de59bca4dd1cb3a6f8d4994125fb3b12286d1510a072d284740fa,https://ajax.googleapis.com/ajax/libs/shaka-player/2.5.23/shaka-player.compiled.js
d3695304e8e7a001cc6e1b84d4b58abd429dd7e3f09514c260bcd3122a3aa685,https://cdnjs.cloudflare.com/ajax/libs/crypto-js/4.2.0/pad-iso10126.js
d37a247d0a92e36ac2230d20268b9a01315bcd2c1c14d5d9518a52d6a6b68067,https://www.youtube.com/s/player/ef65734f/player_ias.vflset/en_US/base.js
d390064db890f2807233cdee07a5c2e567c5e590fd7a88f24c1789b23e828dba,https://www.youtube.com/s/player/4e67f8a0/player_ias.vflset/en_US/captions.js
d390064db890f2807233cdee07a5c2e567c5e590fd7a88f24c1789b23e828dba,https://www.youtube.com/s/player/88a886f1/player_ias.vflset/en_US/captions.js
d390064db890f2807233cdee07a5c2e567c5e590fd7a88f24c1789b23e828dba,https://www.youtube.com/s/player/46c7ab03/player_ias.vflset/en_US/captions.js
d390064db890f2807233cdee07a5c2e567c5e590fd7a88f24c1789b23e828dba,https://www.youtube.com/s/player/b0ee622c/player_ias.vflset/en_US/captions.js
d390064db890f2807233cdee07a5c2e567c5e590fd7a88f24c1789b23e828dba,https://www.youtube.com/s/player/251ca12e/player_ias.vflset/en_US/captions.js
d3ab7d49b3d849b3e766e84f3a3f22846bef58d24398c1e3ff4ec97e83d07461,https://cdnjs.cloudflare.com/ajax/libs/react-dom/19.1.1/cjs/react-dom.react-server.production.js
d3b224cab512b3374ab9d2a083943bea4b94833b368965cddf976e996dea6b15,https://www.youtube.com/s/player/d5f789e7/player_ias.vflset/en_US/base.js
d3b4fefb7783b407cbf0f4da6407596233354fca4f898e4216f048d9a9397953,https://cdnjs.cloudflare.com/ajax/libs/moment.js/2.30.1/locale/sd.min.js
d3b60adfa030575b8dc502b6c675d3071239090bc025730e9826e37c77f36c03,https://cdnjs.cloudflare.com/ajax/libs/date-fns/4.1.0/locale/te/cdn.js
d3c35f2c47610c7c921268cb98cf398599068d24d51e7a89167707130c85ad59,https://cdnjs.cloudflare.com/ajax/libs/moment.js/2.30.1/locale/ky.js
d3f3779f5113da6da957c4d81481146a272c31aefe0d3e4b64414fd686fd9744,https://ajax.googleapis.com/ajax/libs/jquery/1.6.3/jquery.min.js
d3f3779f5113da6da957c4d81481146a272c31aefe0d3e4b64414fd686fd9744,https://ajax.aspnetcdn.com/ajax/jQuery/jquery-1.6.3.min.js
d409edd382b80527a38152f3ab9f0ab7d26600f75e128b6d5fd3306e8af8f8ea,https://cdnjs.cloudflare.com/ajax/libs/request/2.88.2/lib/hawk.min.js
d40bac6d02ce8e40b68daaf1f57130b3ec9081da338a21ffb853a9d6aa75f232,https://www.youtube.com/s/player/c9168c90/player_ias.vflset/en_US/captions.js
d40bac6d02ce8e40b68daaf1f57130b3ec9081da338a21ffb853a9d6aa75f232,https://www.youtube.com/s/player/01b2d163/player_ias.vflset/en_US/captions.js
d40efcac911d8964f3728eaa767de281306ff55ba9377435a3364d4d1e1613f6,https://cdnjs.cloudflare.com/ajax/libs/jquery-cookie/1.4.1/jquery.cookie.min.js
d411b3c09b7cde8ea7bc7de05662255a4d19aab600c414cff4f31b8c087b6fcb,https://cdnjs.cloudflare.com/ajax/libs/date-fns/4.1.0/locale/zh-HK/cdn.min.js
d41ce0bee80299c8330fc080936da31afa5f307dfe4912bc8a6c68f9f566d344,https://cdnjs.cloudflare.com/ajax/libs/react-dom/19.1.1/cjs/react-dom-test-utils.production.js
d4337fc3e18b11881eef61c92a71eb23ff5faf7a068eca525f37dad4db00a3a7,https://cdnjs.cloudflare.com/ajax/libs/pako/2.1.0/pako_inflate.es5.js
d45ac595a918393ae8f76838688fcd569c917b945e9c53861ec4a1f11f20aed2,https://cdnjs.cloudflare.com/ajax/libs/moment.js/2.30.1/locale/ml.js
d46595998896ea5792cb4c9b7f886658e445798876d4b8f43f669e7f0ca3fd30,https://www.youtube.com/s/player/edc3ba07/player_ias.vflset/en_US/base.js
d4704c92458b4b3bc23ffd7395a2a5809a1211e6d0d4ad898798c42924ee5e8e,https://cdnjs.cloudflare.com/ajax/libs/dayjs/1.11.18/locale/ar-dz.js
d482871a5e948cb4884fa0972ea98a81abca057b6bd3f8c995a18c12487e761c,https://ajax.googleapis.com/ajax/libs/jquery/2.0.0/jquery.min.js
d482871a5e948cb4884fa0972ea98a81abca057b6bd3f8c995a18c12487e761c,https://ajax.aspnetcdn.com/ajax/jQuery/jquery-2.0.0.min.js
d49b0390cae06c6439cf3cf61047fa9e1ae02efa3c05fa265d876b94a0505770,https://cdnjs.cloudflare.com/ajax/libs/moment.js/2.30.1/locale/ar.js
d49c402f4ed7a573703a51ed1aaa79309f0b5f39d7f6ef1206356ef215a9bbc1,https://cdnjs.cloudflare.com/ajax/libs/date-fns/4.1.0/locale/en-GB/cdn.min.js
d4a087a7a097c50f00f529c26997bc42a5f2f9fe1528026a504fee2498784b46,https://cdnjs.cloudflare.com/ajax/libs/date-fns/4.1.0/locale/bn/cdn.min.js
d4ce28fe1dac1880bb9760dec10a046f16e4e1371b02acb5d4410f3f706fc96d,https://ajax.googleapis.com/ajax/libs/shaka-player/4.2.0/shaka-player.compiled.js
d4cef7a0108ff568497a52625f84678e94873f5c4a7a6adfe45d0ed9f401a654,https://cdnjs.cloudflare.com/ajax/libs/dayjs/1.11.18/locale/tzm.js
d4d31d8385100b6fec50d926e3fb9a77f02da76b9afe9ed8519092d91c8ef1a9,https://cdnjs.cloudflare.com/ajax/libs/moment.js/2.30.1/locale/fa.min.js
d4dacf3d522946156377f8e9271ff68c4de9030ac72b5ab90c5a574472fc3099,https://www.youtube.com/s/player/bcf89e14/player_ias.vflset/en_US/base.js
d4f80008f01a0f22be00e1b1b953f3e93d9674cce80e1783b19e6ac88feaee40,https://cdnjs.cloudflare.com/ajax/libs/dayjs/1.11.18/locale/bn-bd.min.js
d51022d9a253e09b260c464d123ca81033510679dffbe5179e7a1bf9aad89229,https://cdnjs.cloudflare.com/ajax/libs/date-fns/4.1.0/locale/es/cdn.js
d520e4859d4a97481a7b7cf14077a0b1bb6baaead163f4092fc822c8945b4a0d,https://www.youtube.com/s/player/a5ff8620/player_ias.vflset/en_US/captions.js
d520e4859d4a97481a7b7cf14077a0b1bb6baaead163f4092fc822c8945b4a0d,https://www.youtube.com/s/player/6f3fcd4c/player_ias.vflset/en_US/captions.js
d52e81c967acbd07816d13c2a1d43ef6c34039369151ba7452620be72abcf711,https://ajax.aspnetcdn.com/ajax/bootstrap/3.3.2/css/bootstrap-theme.min.css
d5732912d03878a5cd3695dc275a6630fb3c255fa7c0b744ab08897824049327,https://ajax.aspnetcdn.com/ajax/jQuery/jquery-1.12.3.js
d579d83ae1477e0da463ad2b50e9b2bba341679e3d557deb9c3fb033a418da2b,https://ajax.aspnetcdn.com/ajax/modernizr/modernizr-2.6.2.js
d583187e7a0bb2aa5183ce9fe76c1eaead8849ca60a61f0086a67dd23d652dd2,https://www.youtube.com/s/player/0e48fdab/player_ias.vflset/en_US/base.js
d5839f7c2a02b18e2f803a3722124f133a3a2a060aec3ccfc21d0f16f2cf75e3,https://cdnjs.cloudflare.com/ajax/libs/tailwindcss/4.1.13/chunk-HTB5LLOP.mjs
d5845590ce4928ba0fcfc45195663a328d96195ccc0c4f51b72cccec887fde51,https://www.youtube.com/s/player/1150a2f2/player_ias.vflset/en_US/base.js
d58d784675bd393e189bcf9ac3fa60c784d24b38387a7da259fd309d8712189d,https://cdnjs.cloudflare.com/ajax/libs/date-fns/4.1.0/locale/en-ZA/cdn.js
d5b1565c2aa6b1eac9583ff373ce26c5e5ad7035554577e57fb64a8e25a9fb7a,https://cdnjs.cloudflare.com/ajax/libs/moment.js/2.30.1/locale/oc-lnc.js
d5b344b8a6d0a02864884c9b037f5f11921381cdfbddb2f8a643d1a8cbe9cef8,https://www.youtube-nocookie.com/s/player/445213fb/www-player.css
d5b344b8a6d0a02864884c9b037f5f11921381cdfbddb2f8a643d1a8cbe9cef8,https://www.youtube.com/s/player/445213fb/www-player.css
d5b344b8a6d0a02864884c9b037f5f11921381cdfbddb2f8a643d1a8cbe9cef8,https://www.youtube.com/s/player/2c206033/www-player.css
d5b344b8a6d0a02864884c9b037f5f11921381cdfbddb2f8a643d1a8cbe9cef8,https://www.youtube-nocookie.com/s/player/2c206033/www-player.css
d5b344b8a6d0a02864884c9b037f5f11921381cdfbddb2f8a643d1a8cbe9cef8,https://www.youtube.com/s/player/a57ec7c6/www-player.css
d5b344b8a6d0a02864884c9b037f5f11921381cdfbddb2f8a643d1a8cbe9cef8,https://www.youtube-nocookie.com/s/player/a57ec7c6/www-player.css
d5b344b8a6d0a02864884c9b037f5f11921381cdfbddb2f8a643d1a8cbe9cef8,https://www.youtube.com/s/player/6bac48cb/www-player.css
d5b344b8a6d0a02864884c9b037f5f11921381cdfbddb2f8a643d1a8cbe9cef8,https://www.youtube-nocookie.com/s/player/6bac48cb/www-player.css
d5b344b8a6d0a02864884c9b037f5f11921381cdfbddb2f8a643d1a8cbe9cef8,https://www.youtube.com/s/player/c2dd02e1/www-player.css
d5b344b8a6d0a02864884c9b037f5f11921381cdfbddb2f8a643d1a8cbe9cef8,https://www.youtube-nocookie.com/s/player/c2dd02e1/www-player.css
d5b344b8a6d0a02864884c9b037f5f11921381cdfbddb2f8a643d1a8cbe9cef8,https://www.youtube.com/s/player/c2b286e4/www-player.css
d5b344b8a6d0a02864884c9b037f5f11921381cdfbddb2f8a643d1a8cbe9cef8,https://www.youtube-nocookie.com/s/player/c2b286e4/www-player.css
d5b344b8a6d0a02864884c9b037f5f11921381cdfbddb2f8a643d1a8cbe9cef8,https://www.youtube.com/s/player/7ce603a3/www-player.css
d5b344b8a6d0a02864884c9b037f5f11921381cdfbddb2f8a643d1a8cbe9cef8,https://www.youtube-nocookie.com/s/player/7ce603a3/www-player.css
d5b344b8a6d0a02864884c9b037f5f11921381cdfbddb2f8a643d1a8cbe9cef8,https://www.youtube.com/s/player/959dabb2/www-player.css
d5b344b8a6d0a02864884c9b037f5f11921381cdfbddb2f8a643d1a8cbe9cef8,https://www.youtube-nocookie.com/s/player/959dabb2/www-player.css
d5b344b8a6d0a02864884c9b037f5f11921381cdfbddb2f8a643d1a8cbe9cef8,https://www.youtube.com/s/player/59a3aff2/www-player.css
d5b344b8a6d0a02864884c9b037f5f11921381cdfbddb2f8a643d1a8cbe9cef8,https://www.youtube-nocookie.com/s/player/59a3aff2/www-player.css
d5b344b8a6d0a02864884c9b037f5f11921381cdfbddb2f8a643d1a8cbe9cef8,https://www.youtube.com/s/player/ed89dc10/www-player.css
d5b344b8a6d0a02864884c9b037f5f11921381cdfbddb2f8a643d1a8cbe9cef8,https://www.youtube-nocookie.com/s/player/ed89dc10/www-player.css
d5b344b8a6d0a02864884c9b037f5f11921381cdfbddb2f8a643d1a8cbe9cef8,https://www.youtube.com/s/player/bcea3860/www-player.css
d5b344b8a6d0a02864884c9b037f5f11921381cdfbddb2f8a643d1a8cbe9cef8,https://www.youtube-nocookie.com/s/player/bcea3860/www-player.css
d5b344b8a6d0a02864884c9b037f5f11921381cdfbddb2f8a643d1a8cbe9cef8,https://www.youtube.com/s/player/444511ca/www-player.css
d5b344b8a6d0a02864884c9b037f5f11921381cdfbddb2f8a643d1a8cbe9cef8,https://www.youtube-nocookie.com/s/player/444511ca/www-player.css
d5b344b8a6d0a02864884c9b037f5f11921381cdfbddb2f8a643d1a8cbe9cef8,https://www.youtube.com/s/player/a32660fc/www-player.css
d5b344b8a6d0a02864884c9b037f5f11921381cdfbddb2f8a643d1a8cbe9cef8,https://www.youtube-nocookie.com/s/player/a32660fc/www-player.css
d5b344b8a6d0a02864884c9b037f5f11921381cdfbddb2f8a643d1a8cbe9cef8,https://www.youtube.com/s/player/b783aee4/www-player.css
d5b344b8a6d0a02864884c9b037f5f11921381cdfbddb2f8a643d1a8cbe9cef8,https://www.youtube-nocookie.com/s/player/b783aee4/www-player.css
d5b344b8a6d0a02864884c9b037f5f11921381cdfbddb2f8a643d1a8cbe9cef8,https://www.youtube.com/s/player/c9ede538/www-player.css
d5b344b8a6d0a02864884c9b037f5f11921381cdfbddb2f8a643d1a8cbe9cef8,https://www.youtube-nocookie.com/s/player/c9ede538/www-player.css
d5b344b8a6d0a02864884c9b037f5f11921381cdfbddb2f8a643d1a8cbe9cef8,https://www.youtube.com/s/player/9be3886e/www-player.css
d5b344b8a6d0a02864884c9b037f5f11921381cdfbddb2f8a643d1a8cbe9cef8,https://www.youtube-nocookie.com/s/player/9be3886e/www-player.css
d5b344b8a6d0a02864884c9b037f5f11921381cdfbddb2f8a643d1a8cbe9cef8,https://www.youtube.com/s/player/6b8eecd5/www-player.css
d5b344b8a6d0a02864884c9b037f5f11921381cdfbddb2f8a643d1a8cbe9cef8,https://www.youtube-nocookie.com/s/player/6b8eecd5/www-player.css
d5b344b8a6d0a02864884c9b037f5f11921381cdfbddb2f8a643d1a8cbe9cef8,https://www.youtube.com/s/player/16ee6936/www-player.css
d5b344b8a6d0a02864884c9b037f5f11921381cdfbddb2f8a643d1a8cbe9cef8,https://www.youtube-nocookie.com/s/player/16ee6936/www-player.css
d5b344b8a6d0a02864884c9b037f5f11921381cdfbddb2f8a643d1a8cbe9cef8,https://www.youtube.com/s/player/e5fcb1c4/www-player.css
d5b344b8a6d0a02864884c9b037f5f11921381cdfbddb2f8a643d1a8cbe9cef8,https://www.youtube-nocookie.com/s/player/e5fcb1c4/www-player.css
d5b344b8a6d0a02864884c9b037f5f11921381cdfbddb2f8a643d1a8cbe9cef8,https://www.youtube.com/s/player/ce74690f/www-player.css
d5b344b8a6d0a02864884c9b037f5f11921381cdfbddb2f8a643d1a8cbe9cef8,https://www.youtube-nocookie.com/s/player/ce74690f/www-player.css
d5b344b8a6d0a02864884c9b037f5f11921381cdfbddb2f8a643d1a8cbe9cef8,https://www.youtube.com/s/player/7256bbfc/www-player.css
d5b344b8a6d0a02864884c9b037f5f11921381cdfbddb2f8a643d1a8cbe9cef8,https://www.youtube-nocookie.com/s/player/7256bbfc/www-player.css
d5b344b8a6d0a02864884c9b037f5f11921381cdfbddb2f8a643d1a8cbe9cef8,https://www.youtube.com/s/player/68179ae3/www-player.css
d5b344b8a6d0a02864884c9b037f5f11921381cdfbddb2f8a643d1a8cbe9cef8,https://www.youtube-nocookie.com/s/player/68179ae3/www-player.css
d5ea4e89386e8b251cc64c59d538d6cc6c523cb577d7d8f9b42856055cce5402,https://cdnjs.cloudflare.com/ajax/libs/dayjs/1.11.18/locale/me.min.js
d5f10f852b112a514a19f2b778eef5d2d1307878757f0a24539c051831cefaf8,https://static.parastorage.com/unpkg/requirejs-bolt@2.3.6/requirejs.min.js
d5f7926d155339d2840213ec3c7345d1d10f652e38c36dae0dfc200e0f8b1f62,https://ajax.googleapis.com/ajax/libs/dojo/1.7.6/dojo/dojo.js
d5fd173d00d9733900834e0e1083de86b532e048b15c0420ba5c2db0623644b8,https://ajax.aspnetcdn.com/ajax/bootstrap/3.3.4/bootstrap.min.js
d6056ac79071a9f60793825357dac3ecf35c43acf10e02a65f1892f1fd9cc0c1,https://cdnjs.cloudflare.com/ajax/libs/moment.js/2.30.1/locale/sw.js
d60d34fca715d40bdd40ffaedc8cf7b3fb25e7e522f04a6aae90c59cb1f272d3,https://cdnjs.cloudflare.com/ajax/libs/dayjs/1.11.18/locale/is.js
d614967c9b2228986fb82435c847a36d377c96ba994115eb4a90ca0f48bb382f,https://cdnjs.cloudflare.com/ajax/libs/react-is/19.1.1/cjs/react-is.development.min.js
d619bbc4f158e072ff18f7d6cf9f7991c34b566b8c0b8de73da8284215936f9f,https://ajax.aspnetcdn.com/ajax/bootstrap/4.5.0/css/bootstrap.css
d61c81a82caa7df1bc3d8925db0de232fbb7337d02e0ae797508475bd7d8f4b6,https://ajax.googleapis.com/ajax/libs/model-viewer/2.1.0/model-viewer.min.js
d61db1be28e3a0a85e01e74a806909f538ef3821e888469dff28f197c7632dcd,https://maps.googleapis.com/maps-api-v3/api/js/63/14d/search.js
d622725c450ed06a8a16b37cee4adf4adaeea9d6ee36c8f6ee1d454288dd96ed,https://cdnjs.cloudflare.com/ajax/libs/dayjs/1.11.18/plugin/utc.min.js
d633d963d3e82f258c2abd97ab25cdf966b400c0b6e33c0e7f69aa2f16b79129,https://www.youtube.com/s/player/c1c87fb0/player_ias.vflset/en_US/captions.js
d64e6d0dcf7ab696e6565090ad070909c2adc32cb17f908e46f21959779e3c0f,https://cdnjs.cloudflare.com/ajax/libs/prism/9000.0.1/components/prism-rip.min.js
d650d60697d7de41dab8cc487e0f83cdbd593251099ad99d2f450fab31f73d61,https://cdnjs.cloudflare.com/ajax/libs/date-fns/4.1.0/locale/nn/cdn.min.js
d67a04ede66a867f147bc159a076372a01614bec231299e64cb1564591c223b7,https://www.youtube.com/s/player/b174a5bb/player_ias.vflset/en_US/base.js
d681cd885a2147f27c10d0a1c1ed72685f31e76065e86b83a5444aafd9e56d11,https://ajax.googleapis.com/ajax/libs/model-viewer/1.9.0/model-viewer.min.js
d68b3ffa611f6f0435ddbabf26bdcc225ff55fcdce07991b4449852fb114f2e1,https://www.youtube.com/s/player/fcf70340/player_ias.vflset/en_US/base.js
d699d4a8412e154f1a1be73df5d62652bb74d6764468c7d01ab2ca9817e7a95d,https://ajax.aspnetcdn.com/ajax/respond/1.4.0/respond.js
d699f303990ce9bd7d7c97e9bd3cad6a46ecf2532f475cf22ae58213237821b9,https://ajax.aspnetcdn.com/ajax/bootstrap/3.3.1/css/bootstrap.min.css
d6ac29c12881cd15752ab991e285faba80e918111cacbfa2d0995a27c6e64984,https://ajax.aspnetcdn.com/ajax/jQuery/jquery-1.9.1-vsdoc.js
d6b03aefc9f6c44c7bc78713679c78c295028fa914319119e5cc4b4954855b1c,https://ajax.googleapis.com/ajax/libs/d3js/7.8.5/d3.min.js
d6bb48feacbd63fd455becce7a5528877242f70e73ba1f7838c186ed8f35fd3c,https://cdnjs.cloudflare.com/ajax/libs/crypto-js/4.2.0/aes.js
d6cfce014ad4173b3fa6ec3fcb089545a516c45e0c26a7e3f0c2e53fb78f5bc3,https://ajax.aspnetcdn.com/ajax/bootstrap/3.4.0/css/bootstrap-theme.css
d6e1f3e382a790dd2c430c2083672281a661f4deafc4810b5fa226d421b417a6,https://cdnjs.cloudflare.com/ajax/libs/cheerio/1.1.2/dist/esm/index.min.js
d6e847220e9f5ca06be50e9c9c01066157d2f000ab3fb354f5e807148245e807,https://ajax.googleapis.com/ajax/libs/jqueryui/1.10.0/themes/smoothness/jquery-ui.css
d6e9f5c9ee32ba79f3e54cf7df92e5219b00ed9c65d48e1e0e0c39c36dea4981,https://cdnjs.cloudflare.com/ajax/libs/prism/9000.0.1/components/prism-clike.js
d703bacc9513feec4396989859526cbc085f4f1b5e7e081e95825d1304afd3b0,https://cdnjs.cloudflare.com/ajax/libs/KaTeX/0.16.9/contrib/copy-tex.js
d72d5568927cd64eb60a85c13b93a5b9fb3b8d1740d7a02fdfd294af8e15b482,https://cdnjs.cloudflare.com/ajax/libs/jose/6.1.0/lib/is_object.js
d73e2e1bff9c55b85284ff287cb20dc29ad9165ec09091a0597b61199f330805,https://ajax.aspnetcdn.com/ajax/jQuery/jquery-1.8.0.min.js
d73ec7a41c2e4f67de33a593f801d0f97d584d72f318568dff875d763b32dc79,https://cdnjs.cloudflare.com/ajax/libs/prism/9000.0.1/components/prism-erlang.min.js
d7508e492e66dfd8a8a6b2ef5309624dbd8889ee7c74f8bdaf64177ead978000,https://cdnjs.cloudflare.com/ajax/libs/crypto-js/4.2.0/enc-utf8.min.js
d760a15817731a1cd23f43928065e083ebcb075d1086f0cc1fd40c6d358096c7,https://cdnjs.cloudflare.com/ajax/libs/date-fns/4.1.0/locale/bs/cdn.js
d77201b33ce02edb0c687337ae063bf66e8c3b5bfc371d0509db953b4e1c6e29,https://cdnjs.cloudflare.com/ajax/libs/prism/9000.0.1/components/prism-markdown.js
d7a07dc0fbe94076caa088ed7a52bb111dc25ad670d364d226700a97cf558a85,https://ajax.googleapis.com/ajax/libs/dojo/1.9.8/dojo/dojo.js
d7a71d3dd740e95755227ba6446a3a21b8af6c4444f29ec2411dc7cd306e10b0,https://ajax.aspnetcdn.com/ajax/jQuery/jquery-3.1.1.js
d7a831214698c7ab6d53b039a32ef6ff14319db599bfa2c604b0a41e049bd8ad,https://cdnjs.cloudflare.com/ajax/libs/react-dom/19.1.1/cjs/react-dom-server.node.production.js
d7c80be8ba1c16e126e94fd7d1ba7acafb29d3dd0a511c59d99f6fd37480a5e1,https://cdnjs.cloudflare.com/ajax/libs/popper.js/2.11.8/esm/dom-utils/getViewportRect.min.js
d7d5182034dc7ea2979c4a7f295bbc7965da97453cfdf698c41c2b744e4e0dad,https://ajax.aspnetcdn.com/ajax/signalr/jquery.signalr-2.2.1.min.js
d7f18499da75197defb9bd1e7821f776ef7a51d2d49e08bcc2df412e28a4adb8,https://www.youtube.com/s/player/2c206033/player_ias.vflset/en_US/captions.js
d7f18499da75197defb9bd1e7821f776ef7a51d2d49e08bcc2df412e28a4adb8,https://www.youtube.com/s/player/a57ec7c6/player_ias.vflset/en_US/captions.js
d7f18499da75197defb9bd1e7821f776ef7a51d2d49e08bcc2df412e28a4adb8,https://www.youtube.com/s/player/6bac48cb/player_ias.vflset/en_US/captions.js
d7f18499da75197defb9bd1e7821f776ef7a51d2d49e08bcc2df412e28a4adb8,https://www.youtube.com/s/player/c2dd02e1/player_ias.vflset/en_US/captions.js
d7f18499da75197defb9bd1e7821f776ef7a51d2d49e08bcc2df412e28a4adb8,https://www.youtube.com/s/player/c2b286e4/player_ias.vflset/en_US/captions.js
d7f18499da75197defb9bd1e7821f776ef7a51d2d49e08bcc2df412e28a4adb8,https://www.youtube.com/s/player/7ce603a3/player_ias.vflset/en_US/captions.js
d7f18499da75197defb9bd1e7821f776ef7a51d2d49e08bcc2df412e28a4adb8,https://www.youtube.com/s/player/959dabb2/player_ias.vflset/en_US/captions.js
d7f18499da75197defb9bd1e7821f776ef7a51d2d49e08bcc2df412e28a4adb8,https://www.youtube.com/s/player/59a3aff2/player_ias.vflset/en_US/captions.js
d7f18499da75197defb9bd1e7821f776ef7a51d2d49e08bcc2df412e28a4adb8,https://www.youtube.com/s/player/ed89dc10/player_ias.vflset/en_US/captions.js
d7f18499da75197defb9bd1e7821f776ef7a51d2d49e08bcc2df412e28a4adb8,https://www.youtube.com/s/player/bcea3860/player_ias.vflset/en_US/captions.js
d80655b604558af2855f5b67b21b28ec5770985b67fde59e94e1168e5f4795c8,https://cdnjs.cloudflare.com/ajax/libs/moment.js/2.30.1/locale/yo.js
d8074f23cbd27aa6c2f231b8bdad34bbd8d49c7e47ffa0d7cd07a2c4d1d3c798,https://cdnjs.cloudflare.com/ajax/libs/crypto-js/4.2.0/sha256.js
d822fbb13fd3ea8c9a191cf07d56a0c8b91f5516213590adf0e11a22c615b48b,https://www.youtube.com/s/player/68896037/player_ias.vflset/en_US/base.js
d84a7a9cede27c144c059863a14188a79870815abcf8f4e88ec746c5873e205f,https://www.youtube.com/s/player/4d9879e9/www-player.css
d84a7a9cede27c144c059863a14188a79870815abcf8f4e88ec746c5873e205f,https://www.youtube-nocookie.com/s/player/4d9879e9/www-player.css
d84a7a9cede27c144c059863a14188a79870815abcf8f4e88ec746c5873e205f,https://www.youtube.com/s/player/50cc0679/www-player.css
d84a7a9cede27c144c059863a14188a79870815abcf8f4e88ec746c5873e205f,https://www.youtube-nocookie.com/s/player/50cc0679/www-player.css
d84a7a9cede27c144c059863a14188a79870815abcf8f4e88ec746c5873e205f,https://www.youtube.com/s/player/10ecb549/www-player.css
d84a7a9cede27c144c059863a14188a79870815abcf8f4e88ec746c5873e205f,https://www.youtube-nocookie.com/s/player/10ecb549/www-player.css
d84a7a9cede27c144c059863a14188a79870815abcf8f4e88ec746c5873e205f,https://www.youtube.com/s/player/d5541cec/www-player.css
d84a7a9cede27c144c059863a14188a79870815abcf8f4e88ec746c5873e205f,https://www.youtube-nocookie.com/s/player/d5541cec/www-player.css
d84a7a9cede27c144c059863a14188a79870815abcf8f4e88ec746c5873e205f,https://www.youtube.com/s/player/f7d71ce3/www-player.css
d84a7a9cede27c144c059863a14188a79870815abcf8f4e88ec746c5873e205f,https://www.youtube-nocookie.com/s/player/f7d71ce3/www-player.css
d8529d393749504606a289ae732ff4882436da6351768726dcf07bfcfcb88657,https://www.youtube.com/s/player/c2f0d301/player_ias.vflset/en_US/base.js
d856d065f37972c0c9516f810b4065c1e3ba19a9e35825e58a8b96c1b34227ca,https://ajax.googleapis.com/ajax/libs/model-viewer/1.5.1/model-viewer.min.js
d8648b6be377995172770b276ff70be51a737c0e64a18dee36801a9ca44c2a09,https://cdnjs.cloudflare.com/ajax/libs/dayjs/1.11.18/locale/he.min.js
d866bfa9ce0720b22d3abb93fbbdcdd94d5c9a8afa4d460c9f81f8aa54d1912d,https://ajax.aspnetcdn.com/ajax/bootstrap/2.3.1/bootstrap.js
d87b4eb850bc7742c104557450d0a70d18a48a917335221af08d23850667523e,https://cdnjs.cloudflare.com/ajax/libs/moment.js/2.30.1/locale/fr.js
d87ddf917b7a1449ab45e2b8e3c98354629bdd65b6659c37e6023bbea1ce1386,https://cdnjs.cloudflare.com/ajax/libs/font-awesome/5.15.3/css/all.min.css
d8847eab855b334d700414b21940d1e403c59c5263514b491ead6b994c6249a9,https://www.youtube.com/s/player/23b70d29/player_ias.vflset/en_US/base.js
d88949ad637b040b893c651e938b80f8a1aabc350c94c01c28e8a38fadab2df3,https://ajax.aspnetcdn.com/ajax/bootstrap/3.0.3/bootstrap.js
d88e19f2509e9414b7b5384818f2919aec80e9b0d44377ebf8e256841ab405d9,https://www.youtube.com/s/player/592af824/player_ias.vflset/en_US/base.js
d8aa24ecc6cecb1a60515bc093f1c9da38a0392612d9ab8ae0f7f36e6eee1fad,https://ajax.aspnetcdn.com/ajax/jQuery/jquery-3.3.1.js
d8c95f333cde243cf6648e05429b453904a217a465167ff75de4ec6dd10bfaaf,https://cdnjs.cloudflare.com/ajax/libs/date-fns/4.1.0/locale/se/cdn.min.js
d8f9a87c8d341033fd155386d74ca3104447edc1f81bfe3f3d9056ac6924c3b0,https://browser.sentry-cdn.com/7.120.3/bundle.tracing.es5.min.js
d8f9afbf492e4c139e9d2bcb9ba6ef7c14921eb509fb703bc7a3f911b774eff8,https://ajax.googleapis.com/ajax/libs/jquery/3.7.0/jquery.min.js
d8f9afbf492e4c139e9d2bcb9ba6ef7c14921eb509fb703bc7a3f911b774eff8,https://ajax.aspnetcdn.com/ajax/jQuery/jquery-3.7.0.min.js
d93b074de4a1f0b5b7de810b1b4a7d180c6af6011b1f31a4455ca34e3411947b,https://cdnjs.cloudflare.com/ajax/libs/dayjs/1.11.18/locale/zh-cn.js
d949f1c3687aedadcedac85261865f29b17cd273997e7f6b2bfc53b2f9d4c4dd,https://static.parastorage.com/unpkg/react@18.3.1/umd/react.production.min.js
d96cdf2b3bdd4d64a8fd5f74a4c467f123a8a73931cd435889f08ffaf9bf947a,https://cdnjs.cloudflare.com/ajax/libs/KaTeX/0.16.9/fonts/KaTeX_Script-Regular.woff
d972007ff7e48f44329fbd13b2f2aec70ec17086d10b4d34e0e7dbbe1cfecd52,https://cdnjs.cloudflare.com/ajax/libs/react-dom/19.1.1/cjs/react-dom-server-legacy.node.development.js
d99d2dffa86976cf68a56ad2007628196bc70c5bd5dd2c197a706628ad978992,https://ajax.googleapis.com/ajax/libs/dojo/1.3.0/dojo/dojo.js
d99e781985e817da7c6af30d957c45419b1a7e176bf52160424ebbbf970df906,https://cdnjs.cloudflare.com/ajax/libs/crypto-js/4.2.0/pad-zeropadding.js
d9a3a2098de5b86db1c7825724b145bca41b6ffee03f948cd6388be99759291a,https://www.youtube.com/s/player/ce44be02/player_ias.vflset/en_US/base.js
d9b5f336d2bb70be788e8fb8726c06fc96a066884bcf3adcde86bd0ffd8b8c4e,https://ajax.googleapis.com/ajax/libs/jqueryui/1.8.13/themes/smoothness/jquery-ui.css
d9b77a9db8b45dfde0798bd36469428ae8578fc7bca7ccde3717716de66c1ee6,https://www.youtube.com/s/player/316b61b4/player_ias.vflset/en_US/captions.js
d9b77a9db8b45dfde0798bd36469428ae8578fc7bca7ccde3717716de66c1ee6,https://www.youtube.com/s/player/70186827/player_ias.vflset/en_US/captions.js
d9b77a9db8b45dfde0798bd36469428ae8578fc7bca7ccde3717716de66c1ee6,https://www.youtube.com/s/player/6e2f1c8a/player_ias.vflset/en_US/captions.js
d9bf7f2b226b35b28c844d8afe3f161c7e3e2f559e8ca84bd128ecaadc5709a9,https://www.blogger.com/static/v1/widgets/3772415480-widget_css_mobile_2_bundle.css
d9ef29f9d76a8fc49ea17fbd31996f48642f91b9108d61c9e526bb35359730f8,https://cdnjs.cloudflare.com/ajax/libs/jose/6.1.0/lib/jwk_to_key.js
d9ef7b1d4c54c091804a52ece7c852afbc8743fc1cec49d66a546a5f172e9523,https://www.youtube.com/s/player/d793a5ff/player_ias.vflset/en_US/base.js
d9fa1e3c4604444a6d525a9f09d57f6717d6145c8eba3f225b2100ae9335299b,https://www.youtube.com/s/player/924b2d9a/player_ias.vflset/en_US/base.js
da4841ac4e1cb35716be30ba994e04f7e41c282b45f24f30f788003197695a3b,https://www.youtube.com/s/player/d03787ac/player_ias.vflset/en_US/captions.js
da4ad864a87ffcf71c851b5df87f95cb242867f7b711cae4c6133cc9cc0048f0,https://ajax.googleapis.com/ajax/libs/jquery/3.6.2/jquery.min.js
da7d135e2b845e662cdebd38fcbee3020fa23f8f98c63826c70feb0f09be2286,https://cdnjs.cloudflare.com/ajax/libs/dayjs/1.11.18/plugin/isBetween.min.js
da868cb9d5f0840c5083d2316dbeb6de3fcea4759c60990dca250efd0031fad4,https://www.youtube.com/s/player/cebb413d/player_ias.vflset/en_US/captions.js
da87e4c736c63af1ba36f8ff8a3b50ca72d8f342a9fecf5fb845f1321d5c1139,https://www.youtube.com/s/player/6e2f1c8a/player_ias.vflset/en_US/base.js
da8c5eca0bfb47dc264b210bf898ff8fef6978a50f2156c07953f0f60b06ac84,https://cdnjs.cloudflare.com/ajax/libs/popper.js/2.11.8/esm/utils/getOppositePlacement.js
daadd0b2ed26097a529ccad26de3b13c39c2582b5e2635610bc6422328526587,https://cdnjs.cloudflare.com/ajax/libs/moment.js/2.30.1/locale/bs.js
dac04760d7e7e3cead606a76e238a8b1c358b73d614aea3714d0c7bcde07a546,https://cdnjs.cloudflare.com/ajax/libs/moment.js/2.30.1/locale/nl.js
dae37a0dabdc20ef4d6e376eae4dd100c7276c8d660a6064cb8215065ab17cfa,https://cdnjs.cloudflare.com/ajax/libs/crypto-js/4.2.0/hmac-md5.min.js
dae9b22e355579e4cd66b9586766ca83f6df9a40421c8e41249a63c686813864,https://cdnjs.cloudflare.com/ajax/libs/recharts/3.2.1/Recharts.js
dae9c178e86e09240e58721cdb46a81ac96ae1dc6a870d1b1bb9ffaee3c6d3fe,https://cdnjs.cloudflare.com/ajax/libs/vue/3.5.22/vue.global.prod.js
daf993577450babfdfd86ff503b2add6ca1519420943c53a69e249c6068dab4f,https://cdnjs.cloudflare.com/ajax/libs/dayjs/1.11.18/locale/ru.js
db0ad2a30961d6ba2647585edc213b7ca2747b2a5433b54cf78352e216ca865d,https://ajax.aspnetcdn.com/ajax/jquery.unobtrusive-ajax/3.2.5/jquery.unobtrusive-ajax.js
db457e0f4e63b744d7dd92b2a802c46bca37619384f0631d353acddc9f3c6af8,https://ajax.aspnetcdn.com/ajax/globalize/0.1.1/cultures/globalize.cultures.js
db4908414179445758b6d6994af4a79a8519cd46f6892b0ef2e9d7bd49ceabee,https://ajax.googleapis.com/ajax/libs/cesiumjs/1.78/Build/Cesium/Cesium.js
db512ff7f913f75903949b47be18ec0e02bec5324d826eac0ae93ca9ca671d70,https://cdnjs.cloudflare.com/ajax/libs/dayjs/1.11.18/locale/ne.js
db703faf0cf02e432503e9037c1637dc3c4cb4dc1156151547e0879d345e3b2e,https://cdnjs.cloudflare.com/ajax/libs/date-fns/4.1.0/locale/tr/cdn.js
db7284cae968813b965f10bcbc74bfc833b54c3ccce37a99c674e00e4a6d71e7,https://cdnjs.cloudflare.com/ajax/libs/UAParser.js/1.0.37/ua-parser.min.js
db7884b4efed9372efac6fda021309a4a4c441148ddeaac3ab5f034c3aebeb2d,https://cdnjs.cloudflare.com/ajax/libs/pako/2.1.0/pako.es5.min.js
dbcc512ec0fdc57c2d7c7c6fcaae409e707a353e69a936f763579a3612e804b7,https://ajax.googleapis.com/ajax/libs/dojo/1.10.1/dojo/dojo.js
dbce68b5cd13fec5355ac22784cdb60aa28f283514978a3bb9057453f409c845,https://www.youtube.com/s/player/023db2e6/player_ias.vflset/en_US/base.js
dbd2a35e72edc7d6bde483481a912f1c38aa57fab2747d9b071d317339ee03a2,https://ajax.aspnetcdn.com/ajax/bootstrap/3.4.1/bootstrap.js
dbe2f39d679680bec02757226881b9ac53fb18a7a6cf397e2bbe6d4724c1c8e1,https://ajax.aspnetcdn.com/ajax/jQuery/jquery-1.10.0.min.js
dbf83d196ab69149d5f056a2b44e06441626f1e5d3c3aa1a300e64dc5150565f,https://cdnjs.cloudflare.com/ajax/libs/moment.js/2.30.1/locale/bo.js
dbfa3c8b17ec4a43b65f63bace2e8411ade4ebfcd9dcc6371aa2f0153f285cdf,https://cdnjs.cloudflare.com/ajax/libs/aws-sdk/2.1692.0/aws-sdk.js
dc02f5633e137bce388d06f90072a0228d3123dcb6f44df8d8be8f12101dfb8e,https://cdnjs.cloudflare.com/ajax/libs/date-fns/4.1.0/locale/ar/cdn.min.js
dc0b86a449f533ccd7cfd77d70464881fd0d478e22b6209de9651f6336e07070,https://ajax.googleapis.com/ajax/libs/jqueryui/1.8.17/themes/smoothness/jquery-ui.css
dc128954b59f55709d9a04d25313b9ed05b18317ff902c5ddd5570b4405fc43e,https://cdnjs.cloudflare.com/ajax/libs/date-fns/4.1.0/locale/gl/cdn.min.js
dc334e7e8c070c9cd91ed5a1c7067c711e46efe4dd31568f1f16e31cf1de9805,https://maps.googleapis.com/maps-api-v3/api/js/65/3b/search.js
dc47344dbb6cb5b655c8460d561f4df5f501b90c804ad3c6cec65fe322351ab1,https://cdnjs.cloudflare.com/ajax/libs/KaTeX/0.16.9/fonts/KaTeX_Math-BoldItalic.woff2
dc5e20dc7a72deacf5980a8b2ccf35319bde2f2d74ed17cc30b3f8e99cd26b82,https://maps.googleapis.com/maps-api-v3/api/js/64/14a/main.js
dc67fd132427ad96c9666c844b39565413c40ddb1f2d063c53512fbf6d387dfd,https://cdnjs.cloudflare.com/ajax/libs/forge/1.3.1/forge.min.js
dc84b296ec3e884de093158f760fd9d45b6c7abe58b5381557f4e138f46a58ae,https://cdnjs.cloudflare.com/ajax/libs/KaTeX/0.16.9/katex.min.js
dc8909e14db2e49fc8e0cf8e45aed9d33f69f011ae73045f133b299a166f4c6e,https://www.youtube.com/s/player/a13049a3/player_ias.vflset/en_US/base.js
dc8a5f9b7167dec929955d2428da0cd1bfb341e8d7b30ab4604d4bad1038b831,https://cdnjs.cloudflare.com/ajax/libs/prism/9000.0.1/components/prism-less.min.js
dc8d2c6aba6b67d07a399fd42fe352baf497855b409bf668ad2218817bde2373,https://cdnjs.cloudflare.com/ajax/libs/moment.js/2.30.1/locale/zh-tw.min.js
dc93dba650db41783f8a3faba6ba17ad82cb0eb1b6fa84df406f71d520d84b42,https://cdnjs.cloudflare.com/ajax/libs/crypto-js/4.2.0/rabbit.js
dcd95cad0c94368fa882d7c20c614597584f30ad3fcc5804d3a44729417fee3d,https://cdnjs.cloudflare.com/ajax/libs/react-dom/19.1.1/cjs/react-dom-server-legacy.node.production.min.js
dce03f3336254bd93ae523da00dc35de7a9851eb33fb6fbe20d94d4d32612a2a,https://cdnjs.cloudflare.com/ajax/libs/gsap/3.6.1/gsap.min.js
dce1828b853639fe755381fe1285cf7edcddc020546cbdd0e021f47766a6d195,https://www.youtube.com/s/player/9d55332c/player_ias.vflset/en_US/base.js
dce696d0842412093ec68ceef095d0db470a358628dbc352867bf535ef3edfb6,https://cdnjs.cloudflare.com/ajax/libs/crypto-js/4.2.0/blowfish.js
dcf303cabaab863a0bbcb8e2eecdd63d3a53abbd8e5b403ae8beff60dd5c688b,https://cdnjs.cloudflare.com/ajax/libs/date-fns/4.1.0/locale/en-IE/cdn.js
dd168295ca5f750baf11781001d1fc191ad9d75e491cd34cd0868d65bf669698,https://cdnjs.cloudflare.com/ajax/libs/crypto-js/4.2.0/pad-iso10126.min.js
dd4cceb26a315ea07ea845944245efc1844ac8fab5d93fcf4d64bb9af790a5ac,https://cdnjs.cloudflare.com/ajax/libs/dayjs/1.11.18/plugin/updateLocale.js
dd5044d9ff856cafdc8820b1de2953ca399c76c37b04c98d2f6d70b3ad433fec,https://cdnjs.cloudflare.com/ajax/libs/dayjs/1.11.18/plugin/dayOfYear.min.js
dd5cbd0d94086f081eb17159bf14fa4a52f2e56d4cd6293382c40d164129f15c,https://cdnjs.cloudflare.com/ajax/libs/dayjs/1.11.18/locale/lb.js
dd74256a8fb8cbd4156a633f9278081665ac8df714bd022819508624969035ac,https://cdnjs.cloudflare.com/ajax/libs/dayjs/1.11.18/locale/en-il.js
dd94aa9fafad4addd6cefb49809b9752132d5e9fe2afa116805440c733ebc22f,https://ajax.aspnetcdn.com/ajax/bootstrap/4.5.2/bootstrap.js
dd9bc80b0628048d1567c8971fafbb276159b5e230fb948708e6eb85ca40fa6c,https://cdnjs.cloudflare.com/ajax/libs/dayjs/1.11.18/locale/tl-ph.js
dda3366a98f23fb310673ff4bbabdf24bbc2327a3e5f06d8afd1c166f176a7c8,https://static.parastorage.com/services/editor-elements-library/dist/thunderbolt/rb_wixui.thunderbolt_bootstrap-responsive.17357c70.bundle.min.js
ddce80a8fa9ee373897d2b7180c2d69a126ba2052c9811014e383249532ea2c8,https://cdnjs.cloudflare.com/ajax/libs/dayjs/1.11.18/locale/vi.min.js
ddd92f10ad162c7449eff0acaf40598c05b1111739587edb75e5326b6697c5d5,https://maxcdn.bootstrapcdn.com/font-awesome/4.5.0/css/font-awesome.min.css
dde76b9b2b90d30eb97fc81f06caa8c338c97b688cea7d2729c88f529f32fbb1,https://ajax.aspnetcdn.com/ajax/jQuery/jquery-3.3.1.slim.min.js
de040986d9a3ed89d5d5f9ad6d5727015e9e238c2cd13af8f1b55909386d0864,https://ajax.googleapis.com/ajax/libs/bootstrap/5.3.3/js/bootstrap.min.js
de05c8825233a47df0bae42a92c150725792b97a5ec122964aa75b921fdbdcf5,https://cdnjs.cloudflare.com/ajax/libs/dayjs/1.11.18/locale/it.min.js
de1abfbbbd94ada4cbc89f3afefc124e9821187bbb6ef3517416758c01019f3d,https://www.youtube.com/s/player/58b5c413/player_ias.vflset/en_US/base.js
de29401be4315a2e223dbfab5ede8f231d18bdc42055c379073e3e44fda346b6,https://www.youtube.com/s/player/48995d17/player_ias.vflset/en_US/base.js
de2e97e0519e5345135a20876b14c0bb3bf54127c81cb9d22bbc025703e4918f,https://cdnjs.cloudflare.com/ajax/libs/react-dom/19.1.1/cjs/react-dom-server.bun.development.min.js
de3d850307386a5484f7bb1e5a3ae710cd2bc717044dac18024aab8ac09376a3,https://ajax.aspnetcdn.com/ajax/bootstrap/5.2.3/css/bootstrap-reboot.css
de4207f81d8f07a15cf9082a4ff445928ed9df6307c5a1af2b8139a5dc0b7ea1,https://cdnjs.cloudflare.com/ajax/libs/tailwindcss/4.1.13/flatten-color-palette.mjs
de7701e42cf1f4cf0b766c03fb27977207eee2f4fd5d76fa82188406da43ea4c,https://cdnjs.cloudflare.com/ajax/libs/KaTeX/0.16.9/fonts/KaTeX_Caligraphic-Bold.woff2
de917363dcc214b648e55c8ec721f63a58b9efb97e51c7ae12283a60430275b8,https://maps.googleapis.com/maps-api-v3/api/js/63/14d/controls.js
de9a224871889515b045290e23fc5c75769446f87a2b950109ef4071159aa577,https://cdnjs.cloudflare.com/ajax/libs/dayjs/1.11.18/locale/gd.js
de9cdec61cb280dc95a4747beccc2a7598542d22b3f15b9e722ae5beda610a92,https://ajax.googleapis.com/ajax/libs/dojo/1.7.3/dojo/dojo.js
de9d26adcc6e6b63bfd755c17a8600fc53576d705f27a515dd5e6975ab4f57ad,https://cdnjs.cloudflare.com/ajax/libs/q.js/1.5.1/q.js
ded5adf6aaa7ed4b544ecb2467b1369938a157c6c9ef2edf2eac39ff092b56a7,https://cdnjs.cloudflare.com/ajax/libs/moment.js/2.30.1/locale/uk.js
dedea3aa22a087b3745c9635e7a3d65e772d57ce590b541a6a32069a0b1d60b9,https://ajax.googleapis.com/ajax/libs/prototype/1.7.0.0/prototype.js
dee32fb13c4d34227a464fa30ecb14bece6f643bbd2709c04274c3769286b419,https://cdnjs.cloudflare.com/ajax/libs/cheerio/1.1.2/dist/commonjs/slim.min.js
def38160741cbf3169a800394148fe5ef89db95bd9445c1d5a93fdaf91d8889f,https://cdnjs.cloudflare.com/ajax/libs/dayjs/1.11.18/locale/en.js
defc39740ac1859d8e2785ed473208409627e87addd5f78f2deaacb93a12d51d,https://ajax.aspnetcdn.com/ajax/bootstrap/3.3.6/bootstrap.js
df0aac50621777fb63da60b38c71c5bbbde746c4dd55c30dd141621cb30b7cc4,https://cdnjs.cloudflare.com/ajax/libs/pdf.js/5.4.149/images/toolbarButton-editorHighlight.svg
df3941e6cdaec28533ad72b7053ec05f7172be88ecada345c42736bc2ffba4d2,https://ajax.aspnetcdn.com/ajax/jQuery/jquery-3.6.1.js
df3a4b08343b64dcd6c56ca7763427cf3a8bd23595f3f0ba263eba883de9c64e,https://www.youtube.com/s/player/8c20e431/player_ias.vflset/en_US/captions.js
df3bf1e2e43696ba901ac4beccc723cfb1ae59c04758d90813ea14026f7d1c6a,https://ajax.aspnetcdn.com/ajax/signalr/jquery.signalr-2.0.2.js
df3c4dfc105704b9df6638ed32ea3f68afd156774af784e80aeeec5585456d29,https://ajax.googleapis.com/ajax/libs/jqueryui/1.9.0/themes/smoothness/jquery-ui.css
df6241e222d34b15ea23b68bda3f47892e5775983765164cb46e2d0705abf487,https://cdnjs.cloudflare.com/ajax/libs/date-fns/4.1.0/locale/lv/cdn.min.js
df6467b10799221672aff15692b567285a0eb00ea004ba886cce8254240f9c0d,https://www.youtube.com/s/player/1798f86c/player_ias.vflset/en_US/base.js
df6f423f678c65d577220f5c5d74326df55b5e11bcb74b63b6d59f9ecb9577eb,https://ajax.googleapis.com/ajax/libs/webfont/1.5.2/webfont.js
df897eb360094accedd49362762cf3c9caed12acb5bd06ce6483099120b9ca8b,https://www.youtube.com/s/player/5e55da5a/player_ias.vflset/en_US/captions.js
df9daefa66ef9d323e9c06299672015b941e9a107793f16c0f468e1c62614c4b,https://cdnjs.cloudflare.com/ajax/libs/moment.js/2.30.1/locale/hr.min.js
df9f8b0828b1bda0dfa43d2cbc2242da61519707bcdb072cb5a1340a1f1a545a,https://www.youtube.com/s/player/03f50d92/player_ias.vflset/en_US/captions.js
df9f8b0828b1bda0dfa43d2cbc2242da61519707bcdb072cb5a1340a1f1a545a,https://www.youtube.com/s/player/bffb4292/player_ias.vflset/en_US/captions.js
dfa729d82a3effadab1000181cb99108f232721e3b0af74cfae4c12704b35a32,https://ajax.googleapis.com/ajax/libs/jquery/2.2.2/jquery.min.js
dfa729d82a3effadab1000181cb99108f232721e3b0af74cfae4c12704b35a32,https://ajax.aspnetcdn.com/ajax/jQuery/jquery-2.2.2.min.js
dfba3afdbf89c7845e23cb84189cab5e19b9db4b65de4be7dd95e0586cba22a2,https://www.youtube.com/s/player/a9146527/player_ias.vflset/en_US/base.js
dfc153ab0ef9d96bc90f2d6a0cb65ed088e19aabcc45b952bb3d74b6aa00c711,https://cdnjs.cloudflare.com/ajax/libs/jose/6.1.0/jws/compact/verify.js
dfedcbd47fbb0458f1f38b5ab4024f29480152b151da411975f0e9320a0cf7f3,https://ajax.googleapis.com/ajax/libs/dojo/1.5.5/dojo/dojo.js
e005054497b7dfdad602d0f982ada89b659963b5d4513a65ad30e9b7cf68b91b,https://ajax.googleapis.com/ajax/libs/shaka-player/4.9.36/shaka-player.compiled.js
e024797b7ca8bed91cab95b2a61044f1cb9e7a8654795ba6ee2cad51cae23e0a,https://cdnjs.cloudflare.com/ajax/libs/history/5.3.0/history.production.min.js
e05e67bfb005096609d502296aaf3336412d7c0c1cb8383bfa07d082264ae8a8,https://cdnjs.cloudflare.com/ajax/libs/date-fns/4.1.0/locale/sr/cdn.min.js
e087f0f879baaf9542538bccf8a8f62c0f0266004e5f9c1d954c48ef31c08a85,https://ajax.googleapis.com/ajax/libs/dojo/1.6.3/dojo/dojo.js
e0ee294b5487df566aad23b603fd902535634cfa957be8e7620396515afb1047,https://cdnjs.cloudflare.com/ajax/libs/webfont/1.6.28/webfontloader.js
e0fe1c0cbde776a8a2a2613c8a415debd268683b76e667dc0e5ed62e5533d67e,https://cdnjs.cloudflare.com/ajax/libs/prism/9000.0.1/components/prism-ruby.min.js
e104acb7379b834bd9249e3cfcb2196acbf90a22bb10947feb2a1fbe30ded105,https://cdnjs.cloudflare.com/ajax/libs/crypto-js/4.2.0/hmac-sha1.js
e10eb9c1c4382447d2ca2ec35d36409d78284dd5fbd58b0d36245845a167a647,https://cdnjs.cloudflare.com/ajax/libs/date-fns/4.1.0/locale/tr/cdn.min.js
e133713f57ac8cc55737cd3232d2425baed1e58d45b6fea3c0ca45898480474a,https://cdnjs.cloudflare.com/ajax/libs/date-fns/4.1.0/locale/vi/cdn.min.js
e13873d21eaca7946538f1ff09a0cc26caea30c42974887657e8b58e3d84599a,https://www.youtube.com/s/player/25f1a420/www-player.css
e13873d21eaca7946538f1ff09a0cc26caea30c42974887657e8b58e3d84599a,https://www.youtube-nocookie.com/s/player/25f1a420/www-player.css
e13873d21eaca7946538f1ff09a0cc26caea30c42974887657e8b58e3d84599a,https://www.youtube.com/s/player/6e4dbefe/www-player.css
e13873d21eaca7946538f1ff09a0cc26caea30c42974887657e8b58e3d84599a,https://www.youtube-nocookie.com/s/player/6e4dbefe/www-player.css
e14f1eb02e5b6b085c5c3162c1eb734714d43ecf8b2c02450081391134feb21c,https://cdnjs.cloudflare.com/ajax/libs/date-fns/4.1.0/locale/kn/cdn.js
e14fed02b1aba7ce9f5afd5844b5d0321b22351febc720e0de8b8723527609f7,https://cdnjs.cloudflare.com/ajax/libs/KaTeX/0.16.9/fonts/KaTeX_Typewriter-Regular.woff
e177f1986759a4eb809e78d3a01bdd79c8a043e3f07222eabc61de39c80b268c,https://cdnjs.cloudflare.com/ajax/libs/dayjs/1.11.18/locale/sk.js
e181918a41eb042f61ffef57c091a1544e07db0ddb1b1b3db613db14680a57f6,https://www.youtube.com/s/player/6506e6fd/player_ias.vflset/en_US/captions.js
e181918a41eb042f61ffef57c091a1544e07db0ddb1b1b3db613db14680a57f6,https://www.youtube.com/s/player/a4a1bee0/player_ias.vflset/en_US/captions.js
e18364e86c12986aa566eb0cf475586e0b1da47d006b82a78a4c0af952dde29a,https://cdnjs.cloudflare.com/ajax/libs/popper.js/2.11.8/cjs/enums.min.js
e19c50f3f29deef007458eb24927a8e614039d39cbf792a9caae5cc30705652e,https://cdnjs.cloudflare.com/ajax/libs/dayjs/1.11.18/plugin/localeData.min.js
e1d92b64bf80a78346facc8c4d8a313d48f034610ae393ae392cd10c5e1cc632,https://ajax.aspnetcdn.com/ajax/mvc/1.0/MicrosoftMvcAjax.js
e1dae628fc22841a69882458d2e5e3f483638cb50763471dba54ea20aa7410b3,https://cdnjs.cloudflare.com/ajax/libs/react-select/5.10.2/react-select.cjs.js
e1e0fb0e585f9841cce7b277e2607872b8fe762799af4f9cdfdc000f35ad9c57,https://ajax.aspnetcdn.com/ajax/bootstrap/4.1.1/css/bootstrap-reboot.css
e1e3a5a23057b769d683f85fb3c2709917e0d5697f86674cd297754e61523ab3,https://cdnjs.cloudflare.com/ajax/libs/date-fns/4.1.0/locale/lb/cdn.js
e1ece8b5276ee94a43ff9366b4703557dcc48f47b07e350024dc1bee2c83fc1a,https://www.youtube.com/s/player/31da54c0/player_ias.vflset/en_US/base.js
e1f86a0d437d5e2488307d0b4a7fa142d80688f2a11b0acdca8474a33457c801,https://cdnjs.cloudflare.com/ajax/libs/moment.js/2.30.1/locale/tzl.js
e1ffeb9c4a1f1143b5133be83815a0a7ba5a457472a7c9444b093511d0bc904a,https://cdnjs.cloudflare.com/ajax/libs/dayjs/1.11.18/locale/ta.min.js
e202b1a8063b5f19b2daca2d280813408b1c8bbe727368d01351dd58b07ea632,https://cdnjs.cloudflare.com/ajax/libs/dayjs/1.11.18/locale/ga.js
e2107c8ecdb479c36d822d82bda2a8caf4429ab2d2cf9f20d5c931f75275403c,https://ajax.aspnetcdn.com/ajax/jQuery/jquery-1.5.2.js
e216f49acdbe944b8034d0323ac03cb1562adb6d3cbc767bebe81ea56e1da603,https://ajax.aspnetcdn.com/ajax/bootstrap/4.5.0/css/bootstrap-grid.min.css
e21aa5b0d3fd28cebed9e03c5544f4924e11b0c453792ed018720cf8c679b0b6,https://cdnjs.cloudflare.com/ajax/libs/slick-carousel/1.8.1/slick-theme.min.css
e21b5e69ee82323b0201729f5576f71f8109cdda19599167acdb5f9d8a72cb42,https://ajax.googleapis.com/ajax/libs/shaka-player/5.1.0/shaka-player.compiled.js
e2290de8562f4219eba2a423b966f589beae176d9b991f4e43a5ebdf620a704d,https://cdnjs.cloudflare.com/ajax/libs/react-dom/19.1.1/cjs/react-dom.react-server.production.min.js
e23a2a4e2d7c2b41ebcdd8ffc0679df7140eb7f52e1eebabf827a88182643c59,https://ajax.googleapis.com/ajax/libs/jquery/1.4.2/jquery.min.js
e25a7723726c566cfc2a659482bba6fc00596edcd90837388346e8d11070d165,https://ajax.aspnetcdn.com/ajax/knockout/knockout-3.2.0.js
e27b969ef04fed3b39000b7b977e602d6e6a2b1c8c0d618bebf6dd875243ea3c,https://ajax.aspnetcdn.com/ajax/bootstrap/3.1.0/fonts/glyphicons-halflings-regular.ttf
e27b969ef04fed3b39000b7b977e602d6e6a2b1c8c0d618bebf6dd875243ea3c,https://ajax.aspnetcdn.com/ajax/bootstrap/3.0.3/fonts/glyphicons-halflings-regular.ttf
e27b969ef04fed3b39000b7b977e602d6e6a2b1c8c0d618bebf6dd875243ea3c,https://ajax.aspnetcdn.com/ajax/bootstrap/3.0.2/fonts/glyphicons-halflings-regular.ttf
e27b969ef04fed3b39000b7b977e602d6e6a2b1c8c0d618bebf6dd875243ea3c,https://ajax.aspnetcdn.com/ajax/bootstrap/3.0.1/fonts/glyphicons-halflings-regular.ttf
e285f166cd0e8287ae605a19bb83f251f3ba16c33e5260dcc2bb6dc9b37019c4,https://cdnjs.cloudflare.com/ajax/libs/big.js/7.0.1/big.js
e2a659818b00cfc8a68cf0b892af9a06cc37360b7689cb44ecb5535466ddc204,https://www.youtube.com/s/player/b95b0e7a/player_ias.vflset/en_US/base.js
e2b5ee6bccd38fd6d8a2428546b83c5f2426d84b152ef82be8055556e3b40eb6,https://cdnjs.cloudflare.com/ajax/libs/three.js/0.180.0/three.module.min.js
e2bd6fc3388689ac0503c4e46544b1a1425182dc7b447e174b2882b99f81f042,https://cdnjs.cloudflare.com/ajax/libs/prism/9000.0.1/components/prism-ruby.js
e2cb919327920f5a7cee7a86ee6692298b60424f78688bba8032c9c1946b3cf3,https://cdnjs.cloudflare.com/ajax/libs/dayjs/1.11.18/plugin/arraySupport.js
e2d13dcd867a5b1640a49ef87581bcaada599a5911e28350705891ef139a58bf,https://cdnjs.cloudflare.com/ajax/libs/prism/9000.0.1/components/prism-apacheconf.min.js
e2e1b17858004be01aef445ca74dfd9fcb468be5ce39153475ef1d61c507d382,https://www.youtube.com/s/player/3f925417/player_ias.vflset/en_US/base.js
e2e1be5c22d3f15b0b89e676d3eede94644529996d9898a6b1587c9908a78506,https://cdnjs.cloudflare.com/ajax/libs/jszip/3.10.1/jszip.js
e2ea0a6ca6b984a9405a759d24cf3c51eb3164e5c43e95c3e9a59b316be7b3b9,https://ajax.aspnetcdn.com/ajax/jQuery/jquery-1.5.1.js
e3089f96afa53f3b13d758f75e8b0b77a225a5997411a3101e8e347dc29ecc96,https://ajax.aspnetcdn.com/ajax/mvc/3.0/MicrosoftMvcAjax.js
e3089f96afa53f3b13d758f75e8b0b77a225a5997411a3101e8e347dc29ecc96,https://ajax.aspnetcdn.com/ajax/mvc/2.0/MicrosoftMvcAjax.js
e31a8e9d716856c1703f058a6927da922323e7ac533115e192326e2f3aca3a2a,https://cdnjs.cloudflare.com/ajax/libs/jsencrypt/3.0.0-rc.1/jsencrypt.min.js
e324f1791432534af3ada36c185637db02eaf3d3ed8f88ddf143538dc484cc3a,https://cdnjs.cloudflare.com/ajax/libs/moment.js/2.30.1/locale/tl-ph.js
e361c3cb9c306beeefa730c7c9145acf547c7cf7faa711c9276cbf12a8c72cec,https://www.youtube.com/s/player/ed1f8bcd/player_ias.vflset/en_US/base.js
e36757d33578e77b41c7673679c83405e706dde2e588835a13df4fa820316e79,https://ajax.googleapis.com/ajax/libs/dojo/1.10.2/dojo/dojo.js
e367bd535452e21e61e02e6886d6f1b836c9596f649101d6573b3254c6f30f79,https://cdnjs.cloudflare.com/ajax/libs/forge/1.3.1/prime.worker.min.js
e37d3322a4e276eff725fd67e6ce3408eb3faa588c55d0b8225781a282b70176,https://cdnjs.cloudflare.com/ajax/libs/dayjs/1.11.18/locale/id.min.js
e395044093757d82afcb138957d06a1ea9361bdcf0b442d06a18a8051af57456,https://ajax.aspnetcdn.com/ajax/bootstrap/3.4.1/fonts/glyphicons-halflings-regular.ttf
e395044093757d82afcb138957d06a1ea9361bdcf0b442d06a18a8051af57456,https://ajax.aspnetcdn.com/ajax/bootstrap/3.4.0/fonts/glyphicons-halflings-regular.ttf
e395044093757d82afcb138957d06a1ea9361bdcf0b442d06a18a8051af57456,https://ajax.aspnetcdn.com/ajax/bootstrap/3.3.7/fonts/glyphicons-halflings-regular.ttf
e395044093757d82afcb138957d06a1ea9361bdcf0b442d06a18a8051af57456,https://ajax.aspnetcdn.com/ajax/bootstrap/3.3.6/fonts/glyphicons-halflings-regular.ttf
e395044093757d82afcb138957d06a1ea9361bdcf0b442d06a18a8051af57456,https://ajax.aspnetcdn.com/ajax/bootstrap/3.3.5/fonts/glyphicons-halflings-regular.ttf
e395044093757d82afcb138957d06a1ea9361bdcf0b442d06a18a8051af57456,https://ajax.aspnetcdn.com/ajax/bootstrap/3.3.4/fonts/glyphicons-halflings-regular.ttf
e395044093757d82afcb138957d06a1ea9361bdcf0b442d06a18a8051af57456,https://ajax.aspnetcdn.com/ajax/bootstrap/3.3.2/fonts/glyphicons-halflings-regular.ttf
e3a8e395fcc1a53e859d204897f21a3d15d800164ac60d8c94c8ef7d728625a4,https://www.youtube.com/s/player/efa2c4f5/player_ias.vflset/en_US/base.js
e3b0c44298fc1c149afbf4c8996fb92427ae41e4649b934ca495991b7852b855,https://cdnjs.cloudflare.com/ajax/libs/cheerio/1.1.2/dist/browser/types.min.js
e3b0c44298fc1c149afbf4c8996fb92427ae41e4649b934ca495991b7852b855,https://cdnjs.cloudflare.com/ajax/libs/cheerio/1.1.2/dist/esm/types.min.js
e3b0c44298fc1c149afbf4c8996fb92427ae41e4649b934ca495991b7852b855,https://cdnjs.cloudflare.com/ajax/libs/popper.js/2.11.8/esm/types.js
e3b0c44298fc1c149afbf4c8996fb92427ae41e4649b934ca495991b7852b855,https://cdnjs.cloudflare.com/ajax/libs/popper.js/2.11.8/esm/types.min.js
e3c8f46f5a741598157ba051a9a0c043bcdc879c1867d3268e4058d4fae5fe3e,https://cdnjs.cloudflare.com/ajax/libs/pako/2.1.0/pako.js
e3e5f35d586c0e6a9a9d7187687be087580c40a5f8d0e52f0c4053bbc25c98db,https://ajax.aspnetcdn.com/ajax/jQuery/jquery-3.5.1.slim.min.js
e3fcd40aa8aad24ab1859232a781b41a4f803ad089b18d53034d24e4296c6581,https://ajax.aspnetcdn.com/ajax/jQuery/jquery-2.2.2.js
e40174dd9043b8a03533e8ff6949ae71258d5396ecb9dd8cfe21fc160a9a4fd4,https://cdnjs.cloudflare.com/ajax/libs/date-fns/4.1.0/locale/ro/cdn.min.js
e444a2fd189e708e8b29d0eba02faeb2b77f20edcea558d901c055b1ec098b10,https://ajax.aspnetcdn.com/ajax/jQuery/jquery-2.0.3-vsdoc.js
e455eef4669e44bebc6257ac736dc6c3c58826b68b75bbc79f4d062cfef072f5,https://cdnjs.cloudflare.com/ajax/libs/moment.js/2.30.1/locale/mt.min.js
e477157162c586a32843fc16742e3352051104c091127ad2c7332c0777332274,https://cdnjs.cloudflare.com/ajax/libs/request/2.88.2/lib/tunnel.min.js
e4a1559931271de761b2ba159d79ab46349eb505eca20c09539ac1c454f49ad1,https://cdnjs.cloudflare.com/ajax/libs/prism/9000.0.1/components/prism-less.js
e4aaad0453d4d4142fe3046bc46b4420fcbebf2005deace29bd36eed8da2d25f,https://cdnjs.cloudflare.com/ajax/libs/crypto-js/4.2.0/format-openssl.min.js
e4e3cc6f6794ea18837d7aef2b9f6fcf91d18b411c25a20153fe32b8821c066c,https://www.youtube.com/s/player/217a23a9/www-player.css
e4e3cc6f6794ea18837d7aef2b9f6fcf91d18b411c25a20153fe32b8821c066c,https://www.youtube-nocookie.com/s/player/217a23a9/www-player.css
e4ee765b96ef3ecc9fa8c620782b134ae55f9c4d3eeb9ab3db1bfff16d8296cb,https://www.youtube.com/s/player/8565f3f9/player_ias.vflset/en_US/base.js
e4f68dbe7147bdc76d7614102eb525f9a5d8dacc690dd661091412b0c9505cb1,https://cdnjs.cloudflare.com/ajax/libs/moment.js/2.30.1/locale/lv.js
e50e1c6cf2fd1d9bf16bf034599152176f8bfa21faaae65dbfefb6099d9f38e0,https://cdnjs.cloudflare.com/ajax/libs/date-fns/4.1.0/locale/ar/cdn.js
e5118140a15e5dbb471f19c06816bcfa44170878bd8fe0ade80c24b7a988d8ba,https://cdnjs.cloudflare.com/ajax/libs/gsap/3.11.5/gsap.min.js
e512c346a22a1e11bdebe29b0777494051cf7f9983095cf7ca5660b42f6bec01,https://cdnjs.cloudflare.com/ajax/libs/react-dom/19.1.1/cjs/react-dom.production.min.js
e5208c3e0ac02edce57773dc9d581019a78502844a2905706156bb45232d07db,https://ajax.googleapis.com/ajax/libs/jqueryui/1.7.1/themes/smoothness/jquery-ui.css
e5208c3e0ac02edce57773dc9d581019a78502844a2905706156bb45232d07db,https://ajax.googleapis.com/ajax/libs/jqueryui/1.7.0/themes/smoothness/jquery-ui.css
e543e0cd70330ffe4b1e5a62d6cc8aab8d325926a7c2f9645e67d4cee58581a8,https://maps.googleapis.com/maps-api-v3/api/js/62/13e/marker.js
e54df3f4adcfd7b70a8066315d0039ac164ee440e3bbe960b571baa035cd6cd6,https://ajax.aspnetcdn.com/ajax/bootstrap/4.2.1/css/bootstrap.css
e559277be66f32d7ea8d548096715105eae58554d0ea362cb2b9f22b7c43d5cb,https://www.youtube.com/s/player/0d0138e0/player_ias.vflset/en_US/captions.js
e559277be66f32d7ea8d548096715105eae58554d0ea362cb2b9f22b7c43d5cb,https://www.youtube.com/s/player/0ba40ca7/player_ias.vflset/en_US/captions.js
e559277be66f32d7ea8d548096715105eae58554d0ea362cb2b9f22b7c43d5cb,https://www.youtube.com/s/player/46e01509/player_ias.vflset/en_US/captions.js
e566b6e94fd10965a78de6ddb1d6dbbe8f5b00b2a5dd17a96a894259768ffa0b,https://ajax.googleapis.com/ajax/libs/dojo/1.6.4/dojo/dojo.js
e567c2321364b5a0d944416b2d926b5b0674775bbcd6690b17e0f1d249db5a25,https://cdnjs.cloudflare.com/ajax/libs/jose/6.1.0/util/errors.js
e58da58b314ccdeefa3c4865b4b8aa3153e890d7904e04483481d8fff2c27eaa,https://ajax.googleapis.com/ajax/libs/jquery/1.6.0/jquery.min.js
e58da58b314ccdeefa3c4865b4b8aa3153e890d7904e04483481d8fff2c27eaa,https://ajax.aspnetcdn.com/ajax/jQuery/jquery-1.6.min.js
e5951cf093f05d0469a91509bedf07f817bd716cd187fdbe86785f55a0afaaad,https://cdnjs.cloudflare.com/ajax/libs/popper.js/2.11.8/esm/dom-utils/isLayoutViewport.min.js
e5b0c74e6d97517dad8b4f5311affaf6376cd59d2564ba661accfd9ca5fea85d,https://cdnjs.cloudflare.com/ajax/libs/preact/10.27.2/preact.module.min.js
e5c601914ea96b4ed0dfde4c4bbf1ebc693310b55996ab8e60301986c62ec227,https://ajax.googleapis.com/ajax/libs/dojo/1.8.5/dojo/dojo.js
e5e202e3c899507992952533f57b634722b69b34241d271963559d31aa33ef81,https://cdnjs.cloudflare.com/ajax/libs/font-awesome/6.6.0/css/all.min.css
e5ee5cd7c980f04624fb80a375eae2d12d15be5ed6edd427e0e7d45f0929b10c,https://ajax.aspnetcdn.com/ajax/jQuery/jquery-2.0.1-vsdoc.js
e5eea602da99a00d0ca4ae8d5948a3ff24a9f737a3d0179cebb5845dad2c17b7,https://cdnjs.cloudflare.com/ajax/libs/popper.js/2.11.8/esm/dom-utils/getComputedStyle.js
e5f1f6b3e82228a89873cc7b941b2465185e839c0692860f83e3e63e53f94c2b,https://cdnjs.cloudflare.com/ajax/libs/typescript/5.9.2/typescript.js
e5f27127927a41eb82e45491e52bd6a529d3db5e6cd519c48f7473268909f6c3,https://cdnjs.cloudflare.com/ajax/libs/moment.js/2.30.1/locale/sd.js
e600fe9cc9e2112f620c740f956360adb61035735aa5c567796945ba9de0a8d4,https://cdnjs.cloudflare.com/ajax/libs/react/19.1.1/cjs/react-jsx-dev-runtime.development.min.js
e62567ebcb6434f8652b1867386d7324c06d1f226fe9fad0517e658503ab496a,https://cdnjs.cloudflare.com/ajax/libs/moment.js/2.30.1/locale/sr-cyrl.js
e62fe6437d3433befd3763950eb975ea56e88705cd51dccbfd1d9a5545f25d60,https://ajax.aspnetcdn.com/ajax/jQuery/jquery-3.1.1.slim.js
e639649167819527c9e0cd4e60bb1786a0ce75360f6e32c389a99ad0fa465922,https://cdnjs.cloudflare.com/ajax/libs/prism/9000.0.1/components/prism-jade.js
e63c09c4ac3acba23acae45a15d849bd2f809fa585c4da7ccd839ae358766ecb,https://www.youtube.com/s/player/50fb0efb/player_ias.vflset/en_US/base.js
e63f1133686563b89dac56fa7398e550997253b1412fd6b635a259e57c90db17,https://cdnjs.cloudflare.com/ajax/libs/popper.js/2.11.8/esm/dom-utils/getWindowScroll.min.js
e661f5bb73374d851772343efdc9bd513b4b1626a2ce033484cc2e72709fec1d,https://cdnjs.cloudflare.com/ajax/libs/date-fns/4.1.0/locale/uz-Cyrl/cdn.min.js
e6632a4dc48d68fde0a5e62dd4d29fd28517339897ca69ec97bd1d1631fc68a6,https://cdnjs.cloudflare.com/ajax/libs/moment.js/2.30.1/locale/be.js
e66ff4ff4d39525675c2c77536f32500736980f350b4d4c79d0ecbeacdfdd26a,https://cdnjs.cloudflare.com/ajax/libs/preact/10.27.2/compat.module.min.js
e6747c1a4c460fd40a05a0f419db1dc139c33e72447ac36f96d59451b213a4c7,https://ajax.googleapis.com/ajax/libs/scriptaculous/1.8.2/scriptaculous.js
e680e60082c377f523145a1a678ce4a29c375bcd84ea95ac6d34a672ad6553be,https://www.youtube.com/s/player/96225f5f/player_ias.vflset/en_US/captions.js
e6813b7fdc5089fb3c2a167a214c88698f6288527cd340e692be70539b19382e,https://ajax.googleapis.com/ajax/libs/shaka-player/2.3.0/shaka-player.compiled.js
e69316e061c2ab51a5ecd255ab6594bd39f33dfa7da1a34590b24a881deafb83,https://www.youtube.com/s/player/98d96711/player_ias.vflset/en_US/base.js
e697f8bed6fa1c244a8a910c9d6094e0d2fa495cb4030d0579e59203839f73a2,https://www.youtube.com/s/player/3b846ccb/player_ias.vflset/en_US/base.js
e6a2e35b45fd6a1e7bb4dacab93f4189152c9523f4bdf045ed8ce3d7707dc06c,https://cdnjs.cloudflare.com/ajax/libs/dayjs/1.11.18/locale/az.min.js
e6a887900c5ae147f35046915db6a62e200bcffbdcbb9ab0ff0fa94ef850c2c5,https://cdnjs.cloudflare.com/ajax/libs/dayjs/1.11.18/locale/ka.js
e6ad0247b362ad80797c2139d2854a43cfa88956fb58e6e9d4675711e071c366,https://cdnjs.cloudflare.com/ajax/libs/moment.js/2.30.1/locale/bn.min.js
e6d573b7daafdee530dc4204ffb40f9bd192b3f65ed11a0bf02b18b909bca8a8,https://ajax.aspnetcdn.com/ajax/bootstrap/4.2.1/css/bootstrap-grid.min.css
e6e1912261fc327c4c242a1795e506f48cbfef9f4f92476dd6ed1b6c81d77188,https://cdnjs.cloudflare.com/ajax/libs/date-fns/4.1.0/locale/da/cdn.js
e6e2a78094b7589346c1a8a15f9155ab0300e52d1b97aabb0752d3fa2c3bcb38,https://ajax.googleapis.com/ajax/libs/prototype/1.6.1.0/prototype.js
e6e4969acf1dbe9848b625eb858fc9323d7e5cfa846b7a41967eec0f32c47ade,https://cdnjs.cloudflare.com/ajax/libs/date-fns/4.1.0/locale/sl/cdn.min.js
e6f3a2e2e3ca86953e2c06ca562607a95d2b5129e751e5e0905270f3e56a1f52,https://cdnjs.cloudflare.com/ajax/libs/moment.js/2.30.1/locale/tzm.js
e70412e654982644359da6712aca8aa462470328d6111c57e527b87fd846c064,https://cdnjs.cloudflare.com/ajax/libs/jose/6.1.0/jws/flattened/verify.js
e73a47994fe46c3ca05cd3ef31752f0ad98c50d05aa83925177ae0d422d4e202,https://www.youtube.com/s/player/b6048f74/www-player.css
e73a47994fe46c3ca05cd3ef31752f0ad98c50d05aa83925177ae0d422d4e202,https://www.youtube-nocookie.com/s/player/b6048f74/www-player.css
e73a47994fe46c3ca05cd3ef31752f0ad98c50d05aa83925177ae0d422d4e202,https://www.youtube.com/s/player/fb58f923/www-player.css
e73a47994fe46c3ca05cd3ef31752f0ad98c50d05aa83925177ae0d422d4e202,https://www.youtube-nocookie.com/s/player/fb58f923/www-player.css
e73a47994fe46c3ca05cd3ef31752f0ad98c50d05aa83925177ae0d422d4e202,https://www.youtube.com/s/player/a944b11f/www-player.css
e73a47994fe46c3ca05cd3ef31752f0ad98c50d05aa83925177ae0d422d4e202,https://www.youtube-nocookie.com/s/player/a944b11f/www-player.css
e73a47994fe46c3ca05cd3ef31752f0ad98c50d05aa83925177ae0d422d4e202,https://www.youtube.com/s/player/5fc1ea49/www-player.css
e73a47994fe46c3ca05cd3ef31752f0ad98c50d05aa83925177ae0d422d4e202,https://www.youtube-nocookie.com/s/player/5fc1ea49/www-player.css
e73a47994fe46c3ca05cd3ef31752f0ad98c50d05aa83925177ae0d422d4e202,https://www.youtube.com/s/player/3cfa24db/www-player.css
e73a47994fe46c3ca05cd3ef31752f0ad98c50d05aa83925177ae0d422d4e202,https://www.youtube-nocookie.com/s/player/3cfa24db/www-player.css
e73a47994fe46c3ca05cd3ef31752f0ad98c50d05aa83925177ae0d422d4e202,https://www.youtube.com/s/player/a0424aaf/www-player.css
e73a47994fe46c3ca05cd3ef31752f0ad98c50d05aa83925177ae0d422d4e202,https://www.youtube-nocookie.com/s/player/a0424aaf/www-player.css
e73a47994fe46c3ca05cd3ef31752f0ad98c50d05aa83925177ae0d422d4e202,https://www.youtube.com/s/player/d9ea877b/www-player.css
e73a47994fe46c3ca05cd3ef31752f0ad98c50d05aa83925177ae0d422d4e202,https://www.youtube-nocookie.com/s/player/d9ea877b/www-player.css
e73a47994fe46c3ca05cd3ef31752f0ad98c50d05aa83925177ae0d422d4e202,https://www.youtube.com/s/player/f067dbb6/www-player.css
e73a47994fe46c3ca05cd3ef31752f0ad98c50d05aa83925177ae0d422d4e202,https://www.youtube-nocookie.com/s/player/f067dbb6/www-player.css
e73a47994fe46c3ca05cd3ef31752f0ad98c50d05aa83925177ae0d422d4e202,https://www.youtube.com/s/player/0d130d9d/www-player.css
e73a47994fe46c3ca05cd3ef31752f0ad98c50d05aa83925177ae0d422d4e202,https://www.youtube-nocookie.com/s/player/0d130d9d/www-player.css
e73a47994fe46c3ca05cd3ef31752f0ad98c50d05aa83925177ae0d422d4e202,https://www.youtube.com/s/player/f2de630b/www-player.css
e73a47994fe46c3ca05cd3ef31752f0ad98c50d05aa83925177ae0d422d4e202,https://www.youtube-nocookie.com/s/player/f2de630b/www-player.css
e73a47994fe46c3ca05cd3ef31752f0ad98c50d05aa83925177ae0d422d4e202,https://www.youtube.com/s/player/475c090b/www-player.css
e73a47994fe46c3ca05cd3ef31752f0ad98c50d05aa83925177ae0d422d4e202,https://www.youtube-nocookie.com/s/player/475c090b/www-player.css
e73a47994fe46c3ca05cd3ef31752f0ad98c50d05aa83925177ae0d422d4e202,https://www.youtube.com/s/player/2721aa5c/www-player.css
e73a47994fe46c3ca05cd3ef31752f0ad98c50d05aa83925177ae0d422d4e202,https://www.youtube-nocookie.com/s/player/2721aa5c/www-player.css
e73a47994fe46c3ca05cd3ef31752f0ad98c50d05aa83925177ae0d422d4e202,https://www.youtube.com/s/player/3544d5aa/www-player.css
e73a47994fe46c3ca05cd3ef31752f0ad98c50d05aa83925177ae0d422d4e202,https://www.youtube-nocookie.com/s/player/3544d5aa/www-player.css
e73a47994fe46c3ca05cd3ef31752f0ad98c50d05aa83925177ae0d422d4e202,https://www.youtube.com/s/player/cebb413d/www-player.css
e73a47994fe46c3ca05cd3ef31752f0ad98c50d05aa83925177ae0d422d4e202,https://www.youtube-nocookie.com/s/player/cebb413d/www-player.css
e73a47994fe46c3ca05cd3ef31752f0ad98c50d05aa83925177ae0d422d4e202,https://www.youtube.com/s/player/1798f86c/www-player.css
e73a47994fe46c3ca05cd3ef31752f0ad98c50d05aa83925177ae0d422d4e202,https://www.youtube-nocookie.com/s/player/1798f86c/www-player.css
e73a47994fe46c3ca05cd3ef31752f0ad98c50d05aa83925177ae0d422d4e202,https://www.youtube.com/s/player/ce945a2b/www-player.css
e73a47994fe46c3ca05cd3ef31752f0ad98c50d05aa83925177ae0d422d4e202,https://www.youtube-nocookie.com/s/player/ce945a2b/www-player.css
e73a47994fe46c3ca05cd3ef31752f0ad98c50d05aa83925177ae0d422d4e202,https://www.youtube.com/s/player/ab5096ab/www-player.css
e73a47994fe46c3ca05cd3ef31752f0ad98c50d05aa83925177ae0d422d4e202,https://www.youtube-nocookie.com/s/player/ab5096ab/www-player.css
e73a47994fe46c3ca05cd3ef31752f0ad98c50d05aa83925177ae0d422d4e202,https://www.youtube.com/s/player/f96c7636/www-player.css
e73a47994fe46c3ca05cd3ef31752f0ad98c50d05aa83925177ae0d422d4e202,https://www.youtube-nocookie.com/s/player/f96c7636/www-player.css
e73a47994fe46c3ca05cd3ef31752f0ad98c50d05aa83925177ae0d422d4e202,https://www.youtube.com/s/player/58b5c413/www-player.css
e73a47994fe46c3ca05cd3ef31752f0ad98c50d05aa83925177ae0d422d4e202,https://www.youtube-nocookie.com/s/player/58b5c413/www-player.css
e73a47994fe46c3ca05cd3ef31752f0ad98c50d05aa83925177ae0d422d4e202,https://www.youtube.com/s/player/fd1b5dc8/www-player.css
e73a47994fe46c3ca05cd3ef31752f0ad98c50d05aa83925177ae0d422d4e202,https://www.youtube-nocookie.com/s/player/fd1b5dc8/www-player.css
e7497e906f8216054acdc1176c6c03d71df2061246b0f0b7d6071e7814d33316,https://maps.googleapis.com/maps-api-v3/api/js/62/13e/main.js
e7542b0152212d7b7e4a83b159e557375a6bc566a6c1a9bfc688ce899f6457d3,https://ajax.aspnetcdn.com/ajax/bootstrap/4.5.0/css/bootstrap-reboot.css
e7958d3325b6c25489e52c446818681adb76354fa0cfb26fe32d960ca07671fb,https://cdnjs.cloudflare.com/ajax/libs/dayjs/1.11.18/locale/ca.js
e79c41bf53a89ced9a3ad364a49943813189d06fd96174952e5fb2636938b70f,https://cdnjs.cloudflare.com/ajax/libs/pdf.js/5.4.149/images/comment-editButton.svg
e7b046cf3eb0965bbc247425afc6739f184e430af1de0b02fa2d87f222a4c177,https://cdnjs.cloudflare.com/ajax/libs/handlebars.js/4.7.8/handlebars.runtime.js
e7c8a5055316b32ab0baa115589477ca4edf8a28372005da3ab230c85660d3f4,https://www.youtube.com/s/player/fef22927/www-player.css
e7c8a5055316b32ab0baa115589477ca4edf8a28372005da3ab230c85660d3f4,https://www.youtube-nocookie.com/s/player/fef22927/www-player.css
e7c8a5055316b32ab0baa115589477ca4edf8a28372005da3ab230c85660d3f4,https://www.youtube.com/s/player/7fefdcfe/www-player.css
e7c8a5055316b32ab0baa115589477ca4edf8a28372005da3ab230c85660d3f4,https://www.youtube-nocookie.com/s/player/7fefdcfe/www-player.css
e7c8a5055316b32ab0baa115589477ca4edf8a28372005da3ab230c85660d3f4,https://www.youtube.com/s/player/329e7d83/www-player.css
e7c8a5055316b32ab0baa115589477ca4edf8a28372005da3ab230c85660d3f4,https://www.youtube-nocookie.com/s/player/329e7d83/www-player.css
e7c8a5055316b32ab0baa115589477ca4edf8a28372005da3ab230c85660d3f4,https://www.youtube.com/s/player/b0ff957c/www-player.css
e7c8a5055316b32ab0baa115589477ca4edf8a28372005da3ab230c85660d3f4,https://www.youtube-nocookie.com/s/player/b0ff957c/www-player.css
e7c8a5055316b32ab0baa115589477ca4edf8a28372005da3ab230c85660d3f4,https://www.youtube.com/s/player/1703d336/www-player.css
e7c8a5055316b32ab0baa115589477ca4edf8a28372005da3ab230c85660d3f4,https://www.youtube-nocookie.com/s/player/1703d336/www-player.css
e7c8a5055316b32ab0baa115589477ca4edf8a28372005da3ab230c85660d3f4,https://www.youtube.com/s/player/944b5ebc/www-player.css
e7c8a5055316b32ab0baa115589477ca4edf8a28372005da3ab230c85660d3f4,https://www.youtube-nocookie.com/s/player/944b5ebc/www-player.css
e7c8a5055316b32ab0baa115589477ca4edf8a28372005da3ab230c85660d3f4,https://www.youtube.com/s/player/9fc68080/www-player.css
e7c8a5055316b32ab0baa115589477ca4edf8a28372005da3ab230c85660d3f4,https://www.youtube-nocookie.com/s/player/9fc68080/www-player.css
e7c8a5055316b32ab0baa115589477ca4edf8a28372005da3ab230c85660d3f4,https://www.youtube.com/s/player/98d96711/www-player.css
e7c8a5055316b32ab0baa115589477ca4edf8a28372005da3ab230c85660d3f4,https://www.youtube-nocookie.com/s/player/98d96711/www-player.css
e7c8a5055316b32ab0baa115589477ca4edf8a28372005da3ab230c85660d3f4,https://www.youtube.com/s/player/b6e44494/www-player.css
e7c8a5055316b32ab0baa115589477ca4edf8a28372005da3ab230c85660d3f4,https://www.youtube-nocookie.com/s/player/b6e44494/www-player.css
e7c8a5055316b32ab0baa115589477ca4edf8a28372005da3ab230c85660d3f4,https://www.youtube.com/s/player/ce44be02/www-player.css
e7c8a5055316b32ab0baa115589477ca4edf8a28372005da3ab230c85660d3f4,https://www.youtube-nocookie.com/s/player/ce44be02/www-player.css
e7c8a5055316b32ab0baa115589477ca4edf8a28372005da3ab230c85660d3f4,https://www.youtube.com/s/player/75dfc895/www-player.css
e7c8a5055316b32ab0baa115589477ca4edf8a28372005da3ab230c85660d3f4,https://www.youtube-nocookie.com/s/player/75dfc895/www-player.css
e7c8a5055316b32ab0baa115589477ca4edf8a28372005da3ab230c85660d3f4,https://www.youtube.com/s/player/204ff6e4/www-player.css
e7c8a5055316b32ab0baa115589477ca4edf8a28372005da3ab230c85660d3f4,https://www.youtube-nocookie.com/s/player/204ff6e4/www-player.css
e7c8a5055316b32ab0baa115589477ca4edf8a28372005da3ab230c85660d3f4,https://www.youtube.com/s/player/38dca859/www-player.css
e7c8a5055316b32ab0baa115589477ca4edf8a28372005da3ab230c85660d3f4,https://www.youtube-nocookie.com/s/player/38dca859/www-player.css
e7c8a5055316b32ab0baa115589477ca4edf8a28372005da3ab230c85660d3f4,https://www.youtube.com/s/player/4e0a5143/www-player.css
e7c8a5055316b32ab0baa115589477ca4edf8a28372005da3ab230c85660d3f4,https://www.youtube-nocookie.com/s/player/4e0a5143/www-player.css
e7c8a5055316b32ab0baa115589477ca4edf8a28372005da3ab230c85660d3f4,https://www.youtube.com/s/player/fa305f43/www-player.css
e7c8a5055316b32ab0baa115589477ca4edf8a28372005da3ab230c85660d3f4,https://www.youtube-nocookie.com/s/player/fa305f43/www-player.css
e7c8a5055316b32ab0baa115589477ca4edf8a28372005da3ab230c85660d3f4,https://www.youtube.com/s/player/f649823c/www-player.css
e7c8a5055316b32ab0baa115589477ca4edf8a28372005da3ab230c85660d3f4,https://www.youtube-nocookie.com/s/player/f649823c/www-player.css
e7c8a5055316b32ab0baa115589477ca4edf8a28372005da3ab230c85660d3f4,https://www.youtube.com/s/player/f529f326/www-player.css
e7c8a5055316b32ab0baa115589477ca4edf8a28372005da3ab230c85660d3f4,https://www.youtube-nocookie.com/s/player/f529f326/www-player.css
e7c8a5055316b32ab0baa115589477ca4edf8a28372005da3ab230c85660d3f4,https://www.youtube.com/s/player/30b88c09/www-player.css
e7c8a5055316b32ab0baa115589477ca4edf8a28372005da3ab230c85660d3f4,https://www.youtube-nocookie.com/s/player/30b88c09/www-player.css
e7c8a5055316b32ab0baa115589477ca4edf8a28372005da3ab230c85660d3f4,https://www.youtube.com/s/player/6e52949b/www-player.css
e7c8a5055316b32ab0baa115589477ca4edf8a28372005da3ab230c85660d3f4,https://www.youtube-nocookie.com/s/player/6e52949b/www-player.css
e7c8a5055316b32ab0baa115589477ca4edf8a28372005da3ab230c85660d3f4,https://www.youtube.com/s/player/6506e6fd/www-player.css
e7c8a5055316b32ab0baa115589477ca4edf8a28372005da3ab230c85660d3f4,https://www.youtube-nocookie.com/s/player/6506e6fd/www-player.css
e7c8a5055316b32ab0baa115589477ca4edf8a28372005da3ab230c85660d3f4,https://www.youtube.com/s/player/a4a1bee0/www-player.css
e7c8a5055316b32ab0baa115589477ca4edf8a28372005da3ab230c85660d3f4,https://www.youtube-nocookie.com/s/player/a4a1bee0/www-player.css
e7c8a5055316b32ab0baa115589477ca4edf8a28372005da3ab230c85660d3f4,https://www.youtube.com/s/player/0d0138e0/www-player.css
e7c8a5055316b32ab0baa115589477ca4edf8a28372005da3ab230c85660d3f4,https://www.youtube-nocookie.com/s/player/0d0138e0/www-player.css
e7c8a5055316b32ab0baa115589477ca4edf8a28372005da3ab230c85660d3f4,https://www.youtube.com/s/player/fe8bd208/www-player.css
e7c8a5055316b32ab0baa115589477ca4edf8a28372005da3ab230c85660d3f4,https://www.youtube-nocookie.com/s/player/fe8bd208/www-player.css
e7c8a5055316b32ab0baa115589477ca4edf8a28372005da3ab230c85660d3f4,https://www.youtube.com/s/player/0ba40ca7/www-player.css
e7c8a5055316b32ab0baa115589477ca4edf8a28372005da3ab230c85660d3f4,https://www.youtube-nocookie.com/s/player/0ba40ca7/www-player.css
e7c8a5055316b32ab0baa115589477ca4edf8a28372005da3ab230c85660d3f4,https://www.youtube.com/s/player/46e01509/www-player.css
e7c8a5055316b32ab0baa115589477ca4edf8a28372005da3ab230c85660d3f4,https://www.youtube-nocookie.com/s/player/46e01509/www-player.css
e7c8a5055316b32ab0baa115589477ca4edf8a28372005da3ab230c85660d3f4,https://www.youtube.com/s/player/632739fe/www-player.css
e7c8a5055316b32ab0baa115589477ca4edf8a28372005da3ab230c85660d3f4,https://www.youtube-nocookie.com/s/player/632739fe/www-player.css
e7c8a5055316b32ab0baa115589477ca4edf8a28372005da3ab230c85660d3f4,https://www.youtube.com/s/player/12ae5f14/www-player.css
e7c8a5055316b32ab0baa115589477ca4edf8a28372005da3ab230c85660d3f4,https://www.youtube-nocookie.com/s/player/12ae5f14/www-player.css
e7c8a5055316b32ab0baa115589477ca4edf8a28372005da3ab230c85660d3f4,https://www.youtube.com/s/player/b91b2902/www-player.css
e7c8a5055316b32ab0baa115589477ca4edf8a28372005da3ab230c85660d3f4,https://www.youtube-nocookie.com/s/player/b91b2902/www-player.css
e7c8a5055316b32ab0baa115589477ca4edf8a28372005da3ab230c85660d3f4,https://www.youtube.com/s/player/c72d3621/www-player.css
e7c8a5055316b32ab0baa115589477ca4edf8a28372005da3ab230c85660d3f4,https://www.youtube-nocookie.com/s/player/c72d3621/www-player.css
e7c8a5055316b32ab0baa115589477ca4edf8a28372005da3ab230c85660d3f4,https://www.youtube.com/s/player/c2f7551f/www-player.css
e7c8a5055316b32ab0baa115589477ca4edf8a28372005da3ab230c85660d3f4,https://www.youtube-nocookie.com/s/player/c2f7551f/www-player.css
e7c8a5055316b32ab0baa115589477ca4edf8a28372005da3ab230c85660d3f4,https://www.youtube.com/s/player/53db3343/www-player.css
e7c8a5055316b32ab0baa115589477ca4edf8a28372005da3ab230c85660d3f4,https://www.youtube-nocookie.com/s/player/53db3343/www-player.css
e7c8a5055316b32ab0baa115589477ca4edf8a28372005da3ab230c85660d3f4,https://www.youtube.com/s/player/35c1167d/www-player.css
e7c8a5055316b32ab0baa115589477ca4edf8a28372005da3ab230c85660d3f4,https://www.youtube-nocookie.com/s/player/35c1167d/www-player.css
e7c8a5055316b32ab0baa115589477ca4edf8a28372005da3ab230c85660d3f4,https://www.youtube.com/s/player/17aa2e4c/www-player.css
e7c8a5055316b32ab0baa115589477ca4edf8a28372005da3ab230c85660d3f4,https://www.youtube-nocookie.com/s/player/17aa2e4c/www-player.css
e7c8a5055316b32ab0baa115589477ca4edf8a28372005da3ab230c85660d3f4,https://www.youtube.com/s/player/6ecf5f7a/www-player.css
e7c8a5055316b32ab0baa115589477ca4edf8a28372005da3ab230c85660d3f4,https://www.youtube-nocookie.com/s/player/6ecf5f7a/www-player.css
e7c8a5055316b32ab0baa115589477ca4edf8a28372005da3ab230c85660d3f4,https://www.youtube.com/s/player/16ef956e/www-player.css
e7c8a5055316b32ab0baa115589477ca4edf8a28372005da3ab230c85660d3f4,https://www.youtube-nocookie.com/s/player/16ef956e/www-player.css
e7c8a5055316b32ab0baa115589477ca4edf8a28372005da3ab230c85660d3f4,https://www.youtube.com/s/player/c4f5cc56/www-player.css
e7c8a5055316b32ab0baa115589477ca4edf8a28372005da3ab230c85660d3f4,https://www.youtube-nocookie.com/s/player/c4f5cc56/www-player.css
e7c8a5055316b32ab0baa115589477ca4edf8a28372005da3ab230c85660d3f4,https://www.youtube.com/s/player/57f5d44f/www-player.css
e7c8a5055316b32ab0baa115589477ca4edf8a28372005da3ab230c85660d3f4,https://www.youtube-nocookie.com/s/player/57f5d44f/www-player.css
e7c8a5055316b32ab0baa115589477ca4edf8a28372005da3ab230c85660d3f4,https://www.youtube.com/s/player/dbc3c96f/www-player.css
e7c8a5055316b32ab0baa115589477ca4edf8a28372005da3ab230c85660d3f4,https://www.youtube-nocookie.com/s/player/dbc3c96f/www-player.css
e7c8a5055316b32ab0baa115589477ca4edf8a28372005da3ab230c85660d3f4,https://www.youtube.com/s/player/80f08606/www-player.css
e7c8a5055316b32ab0baa115589477ca4edf8a28372005da3ab230c85660d3f4,https://www.youtube-nocookie.com/s/player/80f08606/www-player.css
e7c8a5055316b32ab0baa115589477ca4edf8a28372005da3ab230c85660d3f4,https://www.youtube.com/s/player/8b54769b/www-player.css
e7c8a5055316b32ab0baa115589477ca4edf8a28372005da3ab230c85660d3f4,https://www.youtube-nocookie.com/s/player/8b54769b/www-player.css
e7c8a5055316b32ab0baa115589477ca4edf8a28372005da3ab230c85660d3f4,https://www.youtube.com/s/player/0fe2b028/www-player.css
e7c8a5055316b32ab0baa115589477ca4edf8a28372005da3ab230c85660d3f4,https://www.youtube-nocookie.com/s/player/0fe2b028/www-player.css
e7c8a5055316b32ab0baa115589477ca4edf8a28372005da3ab230c85660d3f4,https://www.youtube.com/s/player/504fc963/www-player.css
e7c8a5055316b32ab0baa115589477ca4edf8a28372005da3ab230c85660d3f4,https://www.youtube-nocookie.com/s/player/504fc963/www-player.css
e7c8a5055316b32ab0baa115589477ca4edf8a28372005da3ab230c85660d3f4,https://www.youtube.com/s/player/96c57227/www-player.css
e7c8a5055316b32ab0baa115589477ca4edf8a28372005da3ab230c85660d3f4,https://www.youtube-nocookie.com/s/player/96c57227/www-player.css
e7c8a5055316b32ab0baa115589477ca4edf8a28372005da3ab230c85660d3f4,https://www.youtube.com/s/player/e1bd44b2/www-player.css
e7c8a5055316b32ab0baa115589477ca4edf8a28372005da3ab230c85660d3f4,https://www.youtube-nocookie.com/s/player/e1bd44b2/www-player.css
e7c8a5055316b32ab0baa115589477ca4edf8a28372005da3ab230c85660d3f4,https://www.youtube.com/s/player/1150a2f2/www-player.css
e7c8a5055316b32ab0baa115589477ca4edf8a28372005da3ab230c85660d3f4,https://www.youtube-nocookie.com/s/player/1150a2f2/www-player.css
e7c8a5055316b32ab0baa115589477ca4edf8a28372005da3ab230c85660d3f4,https://www.youtube.com/s/player/2ef249c2/www-player.css
e7c8a5055316b32ab0baa115589477ca4edf8a28372005da3ab230c85660d3f4,https://www.youtube-nocookie.com/s/player/2ef249c2/www-player.css
e7c8a5055316b32ab0baa115589477ca4edf8a28372005da3ab230c85660d3f4,https://www.youtube.com/s/player/58569eda/www-player.css
e7c8a5055316b32ab0baa115589477ca4edf8a28372005da3ab230c85660d3f4,https://www.youtube-nocookie.com/s/player/58569eda/www-player.css
e7c8a5055316b32ab0baa115589477ca4edf8a28372005da3ab230c85660d3f4,https://www.youtube.com/s/player/fd65c577/www-player.css
e7c8a5055316b32ab0baa115589477ca4edf8a28372005da3ab230c85660d3f4,https://www.youtube-nocookie.com/s/player/fd65c577/www-player.css
e7ed36ceee5450b4243bbc35188afabdfb4280c7c57597001de0ed167299b01b,https://ajax.aspnetcdn.com/ajax/bootstrap/4.0.0/bootstrap.min.js
e7f0fac0591b64453e6587a6c455cc4729db733c9cb51dbb25ba873ff56f645b,https://www.youtube.com/s/player/2b8b264c/player_ias.vflset/en_US/base.js
e8065f02e80c162dd6f3e8a0d902952afd399ef7e7d2e8e1dde9814e81727b76,https://www.youtube.com/s/player/e7d74527/player_ias.vflset/en_US/base.js
e81d659d93b10cf12b7c431ac4bfbd685ee0307f1a9667a8b1d21cf704621e77,https://cdnjs.cloudflare.com/ajax/libs/popper.js/2.11.8/esm/dom-utils/listScrollParents.min.js
e8244c13b5b90f67c0ccf9b5326c5bbe5566adb32cfc5771a1424e280d872409,https://cdnjs.cloudflare.com/ajax/libs/request/2.88.2/request.min.js
e828dc473a56ec76587ac222d942c78b4cae8edfcea27a5e0de46ede0869986c,https://cdnjs.cloudflare.com/ajax/libs/react-dom/19.1.1/cjs/react-dom.development.min.js
e82ba96124a1dcddee649a0aad8a829a68c08a3946e77ff7ace0c50942d3f0be,https://www.youtube.com/s/player/bce13099/www-player.css
e82ba96124a1dcddee649a0aad8a829a68c08a3946e77ff7ace0c50942d3f0be,https://www.youtube-nocookie.com/s/player/bce13099/www-player.css
e82d5f0a02b365acea26d9f80364f8f8bd61fb56d8ad23756bd56454bb3cfd8e,https://maps.googleapis.com/maps-api-v3/api/js/65/3b/search_impl.js
e8375c7420c6227e1b44a368a135aa40df5d39ffe1c6bd1052b890bd543e1e1e,https://cdnjs.cloudflare.com/ajax/libs/jose/6.1.0/lib/cek.js
e83b89340dd666ead6b0ecbc21cfd6ea61275a351aaee5be5a842466a3a45f93,https://cdnjs.cloudflare.com/ajax/libs/dayjs/1.11.18/locale/es-us.js
e846e52851536028e5a207ace1e1d4fcaac031181a5886913e32639e70c80dde,https://cdnjs.cloudflare.com/ajax/libs/crypto-js/4.2.0/hmac-sha384.min.js
e84f95f2e14bcd476d758c25295bb9318a03a003e2e0f7d61c135d1c6d963525,https://ajax.googleapis.com/ajax/libs/scriptaculous/1.8.1/scriptaculous.js
e87e550794322e574a1fda0c1549a3c70dae5a93d9113417a429016838eab8cb,https://cdnjs.cloudflare.com/ajax/libs/html2canvas/1.4.1/html2canvas.min.js
e886c4813ca217e592f397eae0ae6accfafd5af612214eabbff358748421d4de,https://cdnjs.cloudflare.com/ajax/libs/date-fns/4.1.0/locale/en-GB/cdn.js
e8970dcceb72c77f5ffb784414355ac4982cce1a3620bc43e16bc94c71b22531,https://cdnjs.cloudflare.com/ajax/libs/protobufjs/7.5.4/minimal/protobuf.js
e898d4caf3a3480fff30f04af2fa433163cdd2f98ece6c5833c7b74fbdb4fdc9,https://cdnjs.cloudflare.com/ajax/libs/moment.js/2.30.1/locale/sk.min.js
e899b6a49df9dae2166d32c4b2822ecff73662231f2b6970018ec632918b1c0a,https://cdnjs.cloudflare.com/ajax/libs/dayjs/1.11.18/locale/sv.js
e8ab8f4554055f92be78eb29e7df40cdda1126a8480a73bfc439ddc9a9d3bf16,https://cdnjs.cloudflare.com/ajax/libs/prism/9000.0.1/components/prism-jsx.js
e8ac4001655eabb63ffbac6b497cfb9a0aaa1fa5979f571016f16d0278285ef9,https://cdnjs.cloudflare.com/ajax/libs/jose/6.1.0/jws/general/sign.js
e8ad011af75d4c006e4db3dea1c99a8f976715b6d8ca6e1e0ee4c655c0ae7670,https://cdnjs.cloudflare.com/ajax/libs/dayjs/1.11.18/locale/en-nz.min.js
e8af125b0bdb3c15ff5ef2eb171bfe698507a026a9cab54bedb0770cdca34fb2,https://cdnjs.cloudflare.com/ajax/libs/moment.js/2.30.1/locale/tr.js
e8b052fb2f810ac0a1a45d6f8006bfc9d9954125b0c372ae86e422d10489ab03,https://cdnjs.cloudflare.com/ajax/libs/date-fns/4.1.0/locale/bg/cdn.js
e8b129ccb84fdfbf3865fff51833a28d975c139f0eaa79236ebe43435edb8cd9,https://cdnjs.cloudflare.com/ajax/libs/crypto-js/4.2.0/hmac-sha512.min.js
e8be6bd0f000bb09d2891943e94be438d0c36ebbc7f5e04f0909cdb297b5169b,https://cdnjs.cloudflare.com/ajax/libs/dayjs/1.11.18/locale/fy.js
e8c34b49e9f6ef1965f396cb159a7f00051c2dcacf332d6622877bbdc7edf3bd,https://ajax.googleapis.com/ajax/libs/dojo/1.5.4/dojo/dojo.js
e8d739a12fd57bef08fa52f3aea476122bf84c619681fb04606d60bd18c9e404,https://cdnjs.cloudflare.com/ajax/libs/cheerio/1.1.2/dist/browser/api/traversing.js
e8d739a12fd57bef08fa52f3aea476122bf84c619681fb04606d60bd18c9e404,https://cdnjs.cloudflare.com/ajax/libs/cheerio/1.1.2/dist/esm/api/traversing.js
e8d7962f3b7633a90bb267e8bc7db0649362270e99e6c016be8c0c0126840fb6,https://www.youtube.com/s/player/d5541cec/player_ias.vflset/en_US/captions.js
e8d8d2b1010ca12a30020f1a4e99035f009d40ab51e51a1f5bac9106ba1ad3ec,https://cdnjs.cloudflare.com/ajax/libs/request/2.88.2/lib/cookies.js
e8fd2ab61773e44a10e266601d8dee89cfd8d07ec715befa5bc7d9317c218068,https://ajax.aspnetcdn.com/ajax/signalr/jquery.signalr-2.0.1.js
e910c9b383935ab59c323e3ecb7cad87fce067c99d3f8a1d61ccd990a86dd54d,https://cdnjs.cloudflare.com/ajax/libs/prism/9000.0.1/components/prism-rest.min.js
e911f6b4642d409c4d589e65ca9f6f0321d561f077f11987ab33f69bbedd50c1,https://cdnjs.cloudflare.com/ajax/libs/moment.js/2.30.1/locale/uk.min.js
e921d50e4186bfb0d050e8a4ab7d4b50c213b35663a8f9c46a85fd38ee28ca34,https://ajax.googleapis.com/ajax/libs/jquerymobile/1.4.0/jquery.mobile.min.css
e937ff00e683ade4e62560cd9c61b39e40e43ac5fcce2cf00567853bf57c1e4e,https://ajax.aspnetcdn.com/ajax/signalr/jquery.signalr-2.0.1.min.js
e9493663951399b6e85a64aae34b39277c0d0ede93cc852fb1ee540179160a32,https://ajax.aspnetcdn.com/ajax/bootstrap/4.2.1/css/bootstrap-reboot.min.css
e9503448692b738dd260fbd7f7cabf2e11f09b600fa97e6eb3a56eba5b1a7e9b,https://ajax.aspnetcdn.com/ajax/bootstrap/3.1.1/css/bootstrap.min.css
e96ee2c26f0e465ae7c4ea939068fe9730037d9e65bf43e07241dd0028f50acb,https://ajax.googleapis.com/ajax/libs/shaka-player/5.1.8/shaka-player.compiled.js
e99ae51144bf1232efcc1bfe5add36262c6866b0faab24fa75740e1b98577a62,https://cdnjs.cloudflare.com/ajax/libs/KaTeX/0.16.9/fonts/KaTeX_SansSerif-Bold.woff2
e9abd0d74c5ecca848c706e3f94780a00efc33f66f1a7971ded040458851fd69,https://www.youtube.com/s/player/0e48fdab/www-widgetapi.vflset/www-widgetapi.js
e9abd0d74c5ecca848c706e3f94780a00efc33f66f1a7971ded040458851fd69,https://www.youtube.com/s/player/31da54c0/www-widgetapi.vflset/www-widgetapi.js
e9abd0d74c5ecca848c706e3f94780a00efc33f66f1a7971ded040458851fd69,https://www.youtube.com/s/player/4f43eb64/www-widgetapi.vflset/www-widgetapi.js
e9abd0d74c5ecca848c706e3f94780a00efc33f66f1a7971ded040458851fd69,https://www.youtube.com/s/player/1765788a/www-widgetapi.vflset/www-widgetapi.js
e9abd0d74c5ecca848c706e3f94780a00efc33f66f1a7971ded040458851fd69,https://www.youtube.com/s/player/f85ea353/www-widgetapi.vflset/www-widgetapi.js
e9abd0d74c5ecca848c706e3f94780a00efc33f66f1a7971ded040458851fd69,https://www.youtube.com/s/player/11c0c1a9/www-widgetapi.vflset/www-widgetapi.js
e9abd0d74c5ecca848c706e3f94780a00efc33f66f1a7971ded040458851fd69,https://www.youtube.com/s/player/4f48ea67/www-widgetapi.vflset/www-widgetapi.js
e9abd0d74c5ecca848c706e3f94780a00efc33f66f1a7971ded040458851fd69,https://www.youtube.com/s/player/8e54e4ea/www-widgetapi.vflset/www-widgetapi.js
e9abd0d74c5ecca848c706e3f94780a00efc33f66f1a7971ded040458851fd69,https://www.youtube.com/s/player/116dbe15/www-widgetapi.vflset/www-widgetapi.js
e9abd0d74c5ecca848c706e3f94780a00efc33f66f1a7971ded040458851fd69,https://www.youtube.com/s/player/09d72748/www-widgetapi.vflset/www-widgetapi.js
e9abd0d74c5ecca848c706e3f94780a00efc33f66f1a7971ded040458851fd69,https://www.youtube.com/s/player/847bad37/www-widgetapi.vflset/www-widgetapi.js
e9abd0d74c5ecca848c706e3f94780a00efc33f66f1a7971ded040458851fd69,https://www.youtube.com/s/player/5e4f1adf/www-widgetapi.vflset/www-widgetapi.js
e9abd0d74c5ecca848c706e3f94780a00efc33f66f1a7971ded040458851fd69,https://www.youtube.com/s/player/32dc5910/www-widgetapi.vflset/www-widgetapi.js
e9abd0d74c5ecca848c706e3f94780a00efc33f66f1a7971ded040458851fd69,https://www.youtube.com/s/player/207c58dc/www-widgetapi.vflset/www-widgetapi.js
e9abd0d74c5ecca848c706e3f94780a00efc33f66f1a7971ded040458851fd69,https://www.youtube.com/s/player/8180e7ff/www-widgetapi.vflset/www-widgetapi.js
e9abd0d74c5ecca848c706e3f94780a00efc33f66f1a7971ded040458851fd69,https://www.youtube.com/s/player/68896037/www-widgetapi.vflset/www-widgetapi.js
e9abd0d74c5ecca848c706e3f94780a00efc33f66f1a7971ded040458851fd69,https://www.youtube.com/s/player/c38b4eda/www-widgetapi.vflset/www-widgetapi.js
e9abd0d74c5ecca848c706e3f94780a00efc33f66f1a7971ded040458851fd69,https://www.youtube.com/s/player/8201a429/www-widgetapi.vflset/www-widgetapi.js
e9abd0d74c5ecca848c706e3f94780a00efc33f66f1a7971ded040458851fd69,https://www.youtube.com/s/player/a9f67a82/www-widgetapi.vflset/www-widgetapi.js
e9abd0d74c5ecca848c706e3f94780a00efc33f66f1a7971ded040458851fd69,https://www.youtube.com/s/player/db24d012/www-widgetapi.vflset/www-widgetapi.js
e9abd0d74c5ecca848c706e3f94780a00efc33f66f1a7971ded040458851fd69,https://www.youtube.com/s/player/ab09dcd0/www-widgetapi.vflset/www-widgetapi.js
e9abd0d74c5ecca848c706e3f94780a00efc33f66f1a7971ded040458851fd69,https://www.youtube.com/s/player/367cdf18/www-widgetapi.vflset/www-widgetapi.js
e9abd0d74c5ecca848c706e3f94780a00efc33f66f1a7971ded040458851fd69,https://www.youtube.com/s/player/321b2c25/www-widgetapi.vflset/www-widgetapi.js
e9abd0d74c5ecca848c706e3f94780a00efc33f66f1a7971ded040458851fd69,https://www.youtube.com/s/player/1ebf2aa6/www-widgetapi.vflset/www-widgetapi.js
e9abd0d74c5ecca848c706e3f94780a00efc33f66f1a7971ded040458851fd69,https://www.youtube.com/s/player/a926f773/www-widgetapi.vflset/www-widgetapi.js
e9abd0d74c5ecca848c706e3f94780a00efc33f66f1a7971ded040458851fd69,https://www.youtube.com/s/player/fac96cf8/www-widgetapi.vflset/www-widgetapi.js
e9abd0d74c5ecca848c706e3f94780a00efc33f66f1a7971ded040458851fd69,https://www.youtube.com/s/player/631d3938/www-widgetapi.vflset/www-widgetapi.js
e9abd0d74c5ecca848c706e3f94780a00efc33f66f1a7971ded040458851fd69,https://www.youtube.com/s/player/f4f314f0/www-widgetapi.vflset/www-widgetapi.js
e9abd0d74c5ecca848c706e3f94780a00efc33f66f1a7971ded040458851fd69,https://www.youtube.com/s/player/5e55da5a/www-widgetapi.vflset/www-widgetapi.js
e9abd0d74c5ecca848c706e3f94780a00efc33f66f1a7971ded040458851fd69,https://www.youtube.com/s/player/76ad2fe8/www-widgetapi.vflset/www-widgetapi.js
e9abd0d74c5ecca848c706e3f94780a00efc33f66f1a7971ded040458851fd69,https://www.youtube.com/s/player/79fcc67d/www-widgetapi.vflset/www-widgetapi.js
e9abd0d74c5ecca848c706e3f94780a00efc33f66f1a7971ded040458851fd69,https://www.youtube.com/s/player/21cd2156/www-widgetapi.vflset/www-widgetapi.js
e9abd0d74c5ecca848c706e3f94780a00efc33f66f1a7971ded040458851fd69,https://www.youtube.com/s/player/f4f81892/www-widgetapi.vflset/www-widgetapi.js
e9abd0d74c5ecca848c706e3f94780a00efc33f66f1a7971ded040458851fd69,https://www.youtube.com/s/player/9fcf08e8/www-widgetapi.vflset/www-widgetapi.js
e9abd0d74c5ecca848c706e3f94780a00efc33f66f1a7971ded040458851fd69,https://www.youtube.com/s/player/859db743/www-widgetapi.vflset/www-widgetapi.js
e9abd0d74c5ecca848c706e3f94780a00efc33f66f1a7971ded040458851fd69,https://www.youtube.com/s/player/d793a5ff/www-widgetapi.vflset/www-widgetapi.js
e9abd0d74c5ecca848c706e3f94780a00efc33f66f1a7971ded040458851fd69,https://www.youtube.com/s/player/d396ac15/www-widgetapi.vflset/www-widgetapi.js
e9abd0d74c5ecca848c706e3f94780a00efc33f66f1a7971ded040458851fd69,https://www.youtube.com/s/player/56545ff7/www-widgetapi.vflset/www-widgetapi.js
e9abd0d74c5ecca848c706e3f94780a00efc33f66f1a7971ded040458851fd69,https://www.youtube.com/s/player/70a17a5c/www-widgetapi.vflset/www-widgetapi.js
e9abd0d74c5ecca848c706e3f94780a00efc33f66f1a7971ded040458851fd69,https://www.youtube.com/s/player/e7573094/www-widgetapi.vflset/www-widgetapi.js
e9abd0d74c5ecca848c706e3f94780a00efc33f66f1a7971ded040458851fd69,https://www.youtube.com/s/player/901741ab/www-widgetapi.vflset/www-widgetapi.js
e9abd0d74c5ecca848c706e3f94780a00efc33f66f1a7971ded040458851fd69,https://www.youtube.com/s/player/7929661f/www-widgetapi.vflset/www-widgetapi.js
e9abd0d74c5ecca848c706e3f94780a00efc33f66f1a7971ded040458851fd69,https://www.youtube.com/s/player/6572a644/www-widgetapi.vflset/www-widgetapi.js
e9abd0d74c5ecca848c706e3f94780a00efc33f66f1a7971ded040458851fd69,https://www.youtube.com/s/player/487b9fc1/www-widgetapi.vflset/www-widgetapi.js
e9abd0d74c5ecca848c706e3f94780a00efc33f66f1a7971ded040458851fd69,https://www.youtube.com/s/player/25822515/www-widgetapi.vflset/www-widgetapi.js
e9abd0d74c5ecca848c706e3f94780a00efc33f66f1a7971ded040458851fd69,https://www.youtube.com/s/player/74edf1a3/www-widgetapi.vflset/www-widgetapi.js
e9abd0d74c5ecca848c706e3f94780a00efc33f66f1a7971ded040458851fd69,https://www.youtube.com/s/player/01bde470/www-widgetapi.vflset/www-widgetapi.js
e9abd0d74c5ecca848c706e3f94780a00efc33f66f1a7971ded040458851fd69,https://www.youtube.com/s/player/316b61b4/www-widgetapi.vflset/www-widgetapi.js
e9abd0d74c5ecca848c706e3f94780a00efc33f66f1a7971ded040458851fd69,https://www.youtube.com/s/player/ebc32385/www-widgetapi.vflset/www-widgetapi.js
e9abd0d74c5ecca848c706e3f94780a00efc33f66f1a7971ded040458851fd69,https://www.youtube.com/s/player/18d29a11/www-widgetapi.vflset/www-widgetapi.js
e9abd0d74c5ecca848c706e3f94780a00efc33f66f1a7971ded040458851fd69,https://www.youtube.com/s/player/9e63f8e4/www-widgetapi.vflset/www-widgetapi.js
e9abd0d74c5ecca848c706e3f94780a00efc33f66f1a7971ded040458851fd69,https://www.youtube.com/s/player/70186827/www-widgetapi.vflset/www-widgetapi.js
e9abd0d74c5ecca848c706e3f94780a00efc33f66f1a7971ded040458851fd69,https://www.youtube.com/s/player/6e2f1c8a/www-widgetapi.vflset/www-widgetapi.js
e9abd0d74c5ecca848c706e3f94780a00efc33f66f1a7971ded040458851fd69,https://www.youtube.com/s/player/e42f4bf8/www-widgetapi.vflset/www-widgetapi.js
e9abd0d74c5ecca848c706e3f94780a00efc33f66f1a7971ded040458851fd69,https://www.youtube.com/s/player/05540cb0/www-widgetapi.vflset/www-widgetapi.js
e9abd0d74c5ecca848c706e3f94780a00efc33f66f1a7971ded040458851fd69,https://www.youtube.com/s/player/edc3ba07/www-widgetapi.vflset/www-widgetapi.js
e9abd0d74c5ecca848c706e3f94780a00efc33f66f1a7971ded040458851fd69,https://www.youtube.com/s/player/1fc62019/www-widgetapi.vflset/www-widgetapi.js
e9abd0d74c5ecca848c706e3f94780a00efc33f66f1a7971ded040458851fd69,https://www.youtube.com/s/player/63233546/www-widgetapi.vflset/www-widgetapi.js
e9abd0d74c5ecca848c706e3f94780a00efc33f66f1a7971ded040458851fd69,https://www.youtube.com/s/player/56211dc2/www-widgetapi.vflset/www-widgetapi.js
e9abd0d74c5ecca848c706e3f94780a00efc33f66f1a7971ded040458851fd69,https://www.youtube.com/s/player/290465a5/www-widgetapi.vflset/www-widgetapi.js
e9abd0d74c5ecca848c706e3f94780a00efc33f66f1a7971ded040458851fd69,https://www.youtube.com/s/player/44899b31/www-widgetapi.vflset/www-widgetapi.js
e9abd0d74c5ecca848c706e3f94780a00efc33f66f1a7971ded040458851fd69,https://www.youtube.com/s/player/dc7b3d61/www-widgetapi.vflset/www-widgetapi.js
e9abd0d74c5ecca848c706e3f94780a00efc33f66f1a7971ded040458851fd69,https://www.youtube.com/s/player/0fa0965b/www-widgetapi.vflset/www-widgetapi.js
e9abd0d74c5ecca848c706e3f94780a00efc33f66f1a7971ded040458851fd69,https://www.youtube.com/s/player/6c5cb4f4/www-widgetapi.vflset/www-widgetapi.js
e9abd0d74c5ecca848c706e3f94780a00efc33f66f1a7971ded040458851fd69,https://www.youtube.com/s/player/08635129/www-widgetapi.vflset/www-widgetapi.js
e9abd0d74c5ecca848c706e3f94780a00efc33f66f1a7971ded040458851fd69,https://www.youtube.com/s/player/4d3f167a/www-widgetapi.vflset/www-widgetapi.js
e9abd0d74c5ecca848c706e3f94780a00efc33f66f1a7971ded040458851fd69,https://www.youtube.com/s/player/5a188d69/www-widgetapi.vflset/www-widgetapi.js
e9abd0d74c5ecca848c706e3f94780a00efc33f66f1a7971ded040458851fd69,https://www.youtube.com/s/player/99f55c01/www-widgetapi.vflset/www-widgetapi.js
e9abd0d74c5ecca848c706e3f94780a00efc33f66f1a7971ded040458851fd69,https://www.youtube.com/s/player/ecc3e9a7/www-widgetapi.vflset/www-widgetapi.js
e9abd0d74c5ecca848c706e3f94780a00efc33f66f1a7971ded040458851fd69,https://www.youtube.com/s/player/9f4cc5e4/www-widgetapi.vflset/www-widgetapi.js
e9abd0d74c5ecca848c706e3f94780a00efc33f66f1a7971ded040458851fd69,https://www.youtube.com/s/player/c34f8c34/www-widgetapi.vflset/www-widgetapi.js
e9abd0d74c5ecca848c706e3f94780a00efc33f66f1a7971ded040458851fd69,https://www.youtube.com/s/player/140dafda/www-widgetapi.vflset/www-widgetapi.js
e9abd0d74c5ecca848c706e3f94780a00efc33f66f1a7971ded040458851fd69,https://www.youtube.com/s/player/e7f8ddfa/www-widgetapi.vflset/www-widgetapi.js
e9abd0d74c5ecca848c706e3f94780a00efc33f66f1a7971ded040458851fd69,https://www.youtube.com/s/player/5f803d10/www-widgetapi.vflset/www-widgetapi.js
e9abd0d74c5ecca848c706e3f94780a00efc33f66f1a7971ded040458851fd69,https://www.youtube.com/s/player/38bfa716/www-widgetapi.vflset/www-widgetapi.js
e9abd0d74c5ecca848c706e3f94780a00efc33f66f1a7971ded040458851fd69,https://www.youtube.com/s/player/ec38d4eb/www-widgetapi.vflset/www-widgetapi.js
e9abd0d74c5ecca848c706e3f94780a00efc33f66f1a7971ded040458851fd69,https://www.youtube.com/s/player/ea233d9b/www-widgetapi.vflset/www-widgetapi.js
e9abd0d74c5ecca848c706e3f94780a00efc33f66f1a7971ded040458851fd69,https://www.youtube.com/s/player/32a343c8/www-widgetapi.vflset/www-widgetapi.js
e9abd0d74c5ecca848c706e3f94780a00efc33f66f1a7971ded040458851fd69,https://www.youtube.com/s/player/4eecba16/www-widgetapi.vflset/www-widgetapi.js
e9abd0d74c5ecca848c706e3f94780a00efc33f66f1a7971ded040458851fd69,https://www.youtube.com/s/player/267b6435/www-widgetapi.vflset/www-widgetapi.js
e9abd0d74c5ecca848c706e3f94780a00efc33f66f1a7971ded040458851fd69,https://www.youtube.com/s/player/69722e65/www-widgetapi.vflset/www-widgetapi.js
e9abd0d74c5ecca848c706e3f94780a00efc33f66f1a7971ded040458851fd69,https://www.youtube.com/s/player/d46d9f81/www-widgetapi.vflset/www-widgetapi.js
e9abd0d74c5ecca848c706e3f94780a00efc33f66f1a7971ded040458851fd69,https://www.youtube.com/s/player/00c52fa0/www-widgetapi.vflset/www-widgetapi.js
e9abd0d74c5ecca848c706e3f94780a00efc33f66f1a7971ded040458851fd69,https://www.youtube.com/s/player/0b59edd6/www-widgetapi.vflset/www-widgetapi.js
e9abd0d74c5ecca848c706e3f94780a00efc33f66f1a7971ded040458851fd69,https://www.youtube.com/s/player/03f50d92/www-widgetapi.vflset/www-widgetapi.js
e9abd0d74c5ecca848c706e3f94780a00efc33f66f1a7971ded040458851fd69,https://www.youtube.com/s/player/bffb4292/www-widgetapi.vflset/www-widgetapi.js
e9abd0d74c5ecca848c706e3f94780a00efc33f66f1a7971ded040458851fd69,https://www.youtube.com/s/player/4e67f8a0/www-widgetapi.vflset/www-widgetapi.js
e9abd0d74c5ecca848c706e3f94780a00efc33f66f1a7971ded040458851fd69,https://www.youtube.com/s/player/88a886f1/www-widgetapi.vflset/www-widgetapi.js
e9abd0d74c5ecca848c706e3f94780a00efc33f66f1a7971ded040458851fd69,https://www.youtube.com/s/player/46c7ab03/www-widgetapi.vflset/www-widgetapi.js
e9abd0d74c5ecca848c706e3f94780a00efc33f66f1a7971ded040458851fd69,https://www.youtube.com/s/player/b0ee622c/www-widgetapi.vflset/www-widgetapi.js
e9abd0d74c5ecca848c706e3f94780a00efc33f66f1a7971ded040458851fd69,https://www.youtube.com/s/player/251ca12e/www-widgetapi.vflset/www-widgetapi.js
e9abd0d74c5ecca848c706e3f94780a00efc33f66f1a7971ded040458851fd69,https://www.youtube.com/s/player/94667337/www-widgetapi.vflset/www-widgetapi.js
e9abd0d74c5ecca848c706e3f94780a00efc33f66f1a7971ded040458851fd69,https://www.youtube.com/s/player/e0528946/www-widgetapi.vflset/www-widgetapi.js
e9abd0d74c5ecca848c706e3f94780a00efc33f66f1a7971ded040458851fd69,https://www.youtube.com/s/player/f57a8142/www-widgetapi.vflset/www-widgetapi.js
e9abd0d74c5ecca848c706e3f94780a00efc33f66f1a7971ded040458851fd69,https://www.youtube.com/s/player/48995d17/www-widgetapi.vflset/www-widgetapi.js
e9abd0d74c5ecca848c706e3f94780a00efc33f66f1a7971ded040458851fd69,https://www.youtube.com/s/player/a13049a3/www-widgetapi.vflset/www-widgetapi.js
e9abd0d74c5ecca848c706e3f94780a00efc33f66f1a7971ded040458851fd69,https://www.youtube.com/s/player/62a6a39e/www-widgetapi.vflset/www-widgetapi.js
e9abd0d74c5ecca848c706e3f94780a00efc33f66f1a7971ded040458851fd69,https://www.youtube.com/s/player/4c5cf06a/www-widgetapi.vflset/www-widgetapi.js
e9abd0d74c5ecca848c706e3f94780a00efc33f66f1a7971ded040458851fd69,https://www.youtube.com/s/player/23ba8f45/www-widgetapi.vflset/www-widgetapi.js
e9abd0d74c5ecca848c706e3f94780a00efc33f66f1a7971ded040458851fd69,https://www.youtube.com/s/player/b6048f74/www-widgetapi.vflset/www-widgetapi.js
e9abd0d74c5ecca848c706e3f94780a00efc33f66f1a7971ded040458851fd69,https://www.youtube.com/s/player/fb58f923/www-widgetapi.vflset/www-widgetapi.js
e9abd0d74c5ecca848c706e3f94780a00efc33f66f1a7971ded040458851fd69,https://www.youtube.com/s/player/a944b11f/www-widgetapi.vflset/www-widgetapi.js
e9abd0d74c5ecca848c706e3f94780a00efc33f66f1a7971ded040458851fd69,https://www.youtube.com/s/player/5fc1ea49/www-widgetapi.vflset/www-widgetapi.js
e9abd0d74c5ecca848c706e3f94780a00efc33f66f1a7971ded040458851fd69,https://www.youtube.com/s/player/3cfa24db/www-widgetapi.vflset/www-widgetapi.js
e9abd0d74c5ecca848c706e3f94780a00efc33f66f1a7971ded040458851fd69,https://www.youtube.com/s/player/a0424aaf/www-widgetapi.vflset/www-widgetapi.js
e9abd0d74c5ecca848c706e3f94780a00efc33f66f1a7971ded040458851fd69,https://www.youtube.com/s/player/d9ea877b/www-widgetapi.vflset/www-widgetapi.js
e9abd0d74c5ecca848c706e3f94780a00efc33f66f1a7971ded040458851fd69,https://www.youtube.com/s/player/f067dbb6/www-widgetapi.vflset/www-widgetapi.js
e9abd0d74c5ecca848c706e3f94780a00efc33f66f1a7971ded040458851fd69,https://www.youtube.com/s/player/0d130d9d/www-widgetapi.vflset/www-widgetapi.js
e9abd0d74c5ecca848c706e3f94780a00efc33f66f1a7971ded040458851fd69,https://www.youtube.com/s/player/f2de630b/www-widgetapi.vflset/www-widgetapi.js
e9abd0d74c5ecca848c706e3f94780a00efc33f66f1a7971ded040458851fd69,https://www.youtube.com/s/player/475c090b/www-widgetapi.vflset/www-widgetapi.js
e9abd0d74c5ecca848c706e3f94780a00efc33f66f1a7971ded040458851fd69,https://www.youtube.com/s/player/2721aa5c/www-widgetapi.vflset/www-widgetapi.js
e9abd0d74c5ecca848c706e3f94780a00efc33f66f1a7971ded040458851fd69,https://www.youtube.com/s/player/3544d5aa/www-widgetapi.vflset/www-widgetapi.js
e9abd0d74c5ecca848c706e3f94780a00efc33f66f1a7971ded040458851fd69,https://www.youtube.com/s/player/cebb413d/www-widgetapi.vflset/www-widgetapi.js
e9abd0d74c5ecca848c706e3f94780a00efc33f66f1a7971ded040458851fd69,https://www.youtube.com/s/player/1798f86c/www-widgetapi.vflset/www-widgetapi.js
e9abd0d74c5ecca848c706e3f94780a00efc33f66f1a7971ded040458851fd69,https://www.youtube.com/s/player/ce945a2b/www-widgetapi.vflset/www-widgetapi.js
e9abd0d74c5ecca848c706e3f94780a00efc33f66f1a7971ded040458851fd69,https://www.youtube.com/s/player/ab5096ab/www-widgetapi.vflset/www-widgetapi.js
e9abd0d74c5ecca848c706e3f94780a00efc33f66f1a7971ded040458851fd69,https://www.youtube.com/s/player/f96c7636/www-widgetapi.vflset/www-widgetapi.js
e9abd0d74c5ecca848c706e3f94780a00efc33f66f1a7971ded040458851fd69,https://www.youtube.com/s/player/58b5c413/www-widgetapi.vflset/www-widgetapi.js
e9abd0d74c5ecca848c706e3f94780a00efc33f66f1a7971ded040458851fd69,https://www.youtube.com/s/player/fd1b5dc8/www-widgetapi.vflset/www-widgetapi.js
e9abd0d74c5ecca848c706e3f94780a00efc33f66f1a7971ded040458851fd69,https://www.youtube.com/s/player/4e51e895/www-widgetapi.vflset/www-widgetapi.js
e9abd0d74c5ecca848c706e3f94780a00efc33f66f1a7971ded040458851fd69,https://www.youtube.com/s/player/0675bd00/www-widgetapi.vflset/www-widgetapi.js
e9abd0d74c5ecca848c706e3f94780a00efc33f66f1a7971ded040458851fd69,https://www.youtube.com/s/player/3510b6ff/www-widgetapi.vflset/www-widgetapi.js
e9abd0d74c5ecca848c706e3f94780a00efc33f66f1a7971ded040458851fd69,https://www.youtube.com/s/player/f104ea90/www-widgetapi.vflset/www-widgetapi.js
e9abd0d74c5ecca848c706e3f94780a00efc33f66f1a7971ded040458851fd69,https://www.youtube.com/s/player/54bd1de4/www-widgetapi.vflset/www-widgetapi.js
e9abd0d74c5ecca848c706e3f94780a00efc33f66f1a7971ded040458851fd69,https://www.youtube.com/s/player/5d93cfdb/www-widgetapi.vflset/www-widgetapi.js
e9afcd84faf7de0695309e5843f058adc879e06281278874a738c42365cacee8,https://ajax.aspnetcdn.com/ajax/signalr/jquery.signalr-2.2.0.js
e9c45807e1413d22caccb7efad7fc2b425e69fa1e0a24ac38dbbd95e66936bd6,https://cdnjs.cloudflare.com/ajax/libs/dayjs/1.11.18/locale/oc-lnc.min.js
e9cca17c4320baac34e9ea5a41357ae0baffdd1beed813c2ef1f82d1179e9868,https://ajax.googleapis.com/ajax/libs/prototype/1.6.0.2/prototype.js
e9cd32d5a89327c360746cd6dc7fee4a70bd05d324e687f63e3c41152dc148de,https://cdnjs.cloudflare.com/ajax/libs/moment.js/2.30.1/locale/dv.min.js
e9d959c64ca31baf49beb6760874298abf4ed8452525b52e29890f6e51f349ed,https://ajax.aspnetcdn.com/ajax/jQuery/jquery-1.4.1.js
e9e6ccd9ebbd03838486f4284a57e68b76627284b0bdd2ee3af86077612a7662,https://cdnjs.cloudflare.com/ajax/libs/prism/9000.0.1/components/prism-latex.min.js
ea00e89568435f7d08025a3de4d1ccefc18e43131a15b266ea52da4eec29b084,https://cdnjs.cloudflare.com/ajax/libs/cheerio/1.1.2/dist/commonjs/parse.js
ea08f0b8566a9916e3e50a7b1a4de32470be8e5ab321e575cdb8d45895a570d2,https://www.youtube.com/s/player/316b61b4/player_ias.vflset/en_US/base.js
ea1f4cfe179e12292841f53731ba3dbc879c27ec3c7df72a94d7df3d7e00736a,https://cdnjs.cloudflare.com/ajax/libs/dayjs/1.11.18/locale/x-pseudo.min.js
ea358e1da2ee1641e0a40dc1500c9c3e1b8d8ea3eca2372096502033fe45ee32,https://cdnjs.cloudflare.com/ajax/libs/prism/9000.0.1/components/prism-eiffel.min.js
ea38e72afc9d774ff119a96a9f368f8d4c3918212207ec34cc758b91fa6e72df,https://www.youtube.com/s/player/0ba40ca7/player_ias.vflset/en_US/base.js
ea4258756c61d24721cf9ed1fa4d990cd3f0aed9bc6f708253cd2dc98fcc95b0,https://cdnjs.cloudflare.com/ajax/libs/prism/9000.0.1/components/prism-git.js
ea49f00308275e81e820c62c8386c9f26f0a8310cc88ee52deb050aafd8c616c,https://ajax.aspnetcdn.com/ajax/jQuery/jquery-1.9.0-vsdoc.js
ea581fd711a928e3d1b36164b2730926f44903cb4cfd44165ce0be7b01355c59,https://www.youtube.com/s/player/65578ad1/player_ias.vflset/en_US/captions.js
ea62a3160d1fba682e65499f0707a8999539552fb84586ff396c27690e580b58,https://cdnjs.cloudflare.com/ajax/libs/prism/9000.0.1/plugins/show-invisibles/prism-show-invisibles.css
ea70ba88dfd77e3b459a52ea5558b04fdd57cc43bab1b0fa161ee11627fa2710,https://www.youtube.com/s/player/f2de630b/player_ias.vflset/en_US/base.js
ea786571cbf9385a45b67a5b04c8e9417d1b33e715026a9140c514a45989aa6f,https://ajax.googleapis.com/ajax/libs/shaka-player/3.1.0/shaka-player.compiled.js
ea89ca48fa3a3d1577c14ac7e2935ef8ae31e29155a965537469d7e090c0f5dd,https://www.youtube.com/s/player/58b5c413/player_ias.vflset/en_US/captions.js
eaaee467de652164090ae0228574131578a46f776d8c2480f431c00cb7eab4a6,https://maps.google.com/maps-api-v3/api/js/64/14a/common.js
eaaee467de652164090ae0228574131578a46f776d8c2480f431c00cb7eab4a6,https://maps.googleapis.com/maps-api-v3/api/js/64/14a/common.js
eab5d90a71736f267af39fdf32caa8c71673fd06703279b01e0f92b0d7be0bfc,https://cdnjs.cloudflare.com/ajax/libs/crypto-js/4.0.0/crypto-js.min.js
eadd2dfdd1cd7ebed2c8f1507afb06b6c1ae69002895c9cddef8472b483d42e5,https://ajax.googleapis.com/ajax/libs/jqueryui/1.8.22/themes/smoothness/jquery-ui.css
eadff2db03689113a1da374e966fb5d0d1a7f3562a386b026f448039e3439d22,https://cdnjs.cloudflare.com/ajax/libs/dayjs/1.11.18/locale/mr.min.js
eae2873b7508c7226ab32b301e82ee9bed5f4edfb26a48b463a2dca4a24bdac9,https://cdnjs.cloudflare.com/ajax/libs/recharts/3.2.1/Recharts.min.js
eb077d2417f61d3e6d9264c317cabc4ea35769ed6b0ab533067292a550784c20,https://cdnjs.cloudflare.com/ajax/libs/three.js/0.180.0/three.core.js
eb0ccbddfd8e0f4fdb1b490bdb7680853b0ef1db9cc672896cfc9b6e50c44afc,https://www.youtube.com/s/player/c6d7bdc9/player_ias.vflset/en_US/captions.js
eb27642729a930dc334c7392e6cdea8f302accbdf39f995b3665e474bf024dfb,https://cdnjs.cloudflare.com/ajax/libs/moment.js/2.30.1/locale/fr-ca.min.js
eb39d6f4e2f5669f4f6df5cb63be2c50d66f57895512cb6cf5c0b4d72c9316fa,https://ajax.aspnetcdn.com/ajax/signalr/jquery.signalr-1.1.2.js
eb427c773d3abec43bdb9195124c40f7a6b26868d6e4c99366409485dd6cc16c,https://cdnjs.cloudflare.com/ajax/libs/date-fns/4.1.0/locale/kk/cdn.js
eb42c40889369e36802234621283c179166134c745c094fa2ef70cbbf800200a,https://ajax.googleapis.com/ajax/libs/shaka-player/4.11.21/shaka-player.compiled.js
eb6bc46bac0a0779f04d2a948d77fb904caaf3dde4bfccbc3804569a1d701949,https://cdnjs.cloudflare.com/ajax/libs/dayjs/1.11.18/locale/de-ch.js
eb795deda8983fa5310627c9584cf3f3b95d272567113500059018b3941cb267,https://ajax.aspnetcdn.com/ajax/bootstrap/4.2.1/bootstrap.min.js
eba7fab904d092f1c5f23a6788b5898e7b5e11f990682fed01315ec3f9d3040f,https://ajax.aspnetcdn.com/ajax/bootstrap/4.4.1/bootstrap.js
ebaded49db62a60060caa2577f2a4ec1ff68726bc40861bc65d977abeb64fa7d,https://ajax.aspnetcdn.com/ajax/jQuery/jquery-1.10.1.js
ebb5f078c9594262c5853942312e6c62189b18d47d52d3ca32fc9d691cc61a15,https://cdnjs.cloudflare.com/ajax/libs/xlsx/0.18.5/cpexcel.min.js
ebc875ad230159fd6d1cc407b27ce4c1b19ba80c6c87fda72bdbd1636f75c200,https://cdnjs.cloudflare.com/ajax/libs/jose/6.1.0/jwe/general/encrypt.js
ebcd2afd129890e49aa91cbd6718916ceb743122a4d264c681a533d8066de673,https://cdnjs.cloudflare.com/ajax/libs/moment.js/2.30.1/locale/ar-kw.js
ebd229e85d8084206668484e0dd6faeb04c9b7755e62a3c90a485563c7e1e848,https://cdnjs.cloudflare.com/ajax/libs/cheerio/1.1.2/dist/browser/api/forms.js
ebd229e85d8084206668484e0dd6faeb04c9b7755e62a3c90a485563c7e1e848,https://cdnjs.cloudflare.com/ajax/libs/cheerio/1.1.2/dist/esm/api/forms.js
ebf293febba4685e87cfb802190a1f844528bc36775c32ff7ab31cdde24e2311,https://cdnjs.cloudflare.com/ajax/libs/date-fns/4.1.0/locale/zh-TW/cdn.js
ebffacfe32f6a39351ebc9f20f9f90ee91046db29a1f36f8fd2eecb294b90bf7,https://cdnjs.cloudflare.com/ajax/libs/prism/9000.0.1/components/prism-objectivec.js
ec162f652f24c009252cb617e36b153b902d30d43244fd9b14150428419e5a1f,https://cdnjs.cloudflare.com/ajax/libs/moment.js/2.30.1/locale/pt.min.js
ec377015fad4bd6dcc354902d55a173431829b850f166f47fa4429f20a60a848,https://www.youtube.com/s/player/9da62807/player_ias.vflset/en_US/base.js
ec4f67ae45b6c9ccc1a2b6d0d69419600e81792bf8aa93ea419d6adce98deb37,https://cdnjs.cloudflare.com/ajax/libs/dayjs/1.11.18/plugin/isSameOrAfter.js
ec63be8dea53f6025ef4b0785c57fcb2754e8d7de260d6f414762be4b2353797,https://ajax.aspnetcdn.com/ajax/jQuery/jquery-3.7.0.slim.js
ec7434d62d81b6d1caee20a09af77ae82c461b0c18c66952fd1ad6e2f36719c6,https://cdnjs.cloudflare.com/ajax/libs/nanoid/5.1.6/non-secure/index.min.js
ec768fe5472ed9b93d760cbb20e3a287e84015f217091ff70335c7de3c216ddc,https://cdnjs.cloudflare.com/ajax/libs/react-dom/19.1.1/cjs/react-dom-server-legacy.browser.production.min.js
ecb3f3015ffe91892d0f48146efa28bdb3b0fc9c4c8f3d1b63fa7f88b4fea2f6,https://maps.googleapis.com/maps-api-v3/api/js/63/14d/geocoder.js
ecbc07cdb215cf9996405fa56ef306761ec6a9383e19a53c2b45d6a1c5c4dc68,https://cdnjs.cloudflare.com/ajax/libs/moment.js/2.30.1/locale/eu.js
ece03cfd83e22c212cdef66feb8442d25a083beb988db3f1883f3f9738d750ba,https://cdnjs.cloudflare.com/ajax/libs/KaTeX/0.16.9/fonts/KaTeX_SansSerif-Bold.woff
ece26cb774db7f014d780db67dc5727c324846be8104fcb0103796cfd420b080,https://cdnjs.cloudflare.com/ajax/libs/date-fns/4.1.0/locale/ms/cdn.min.js
ed25898550f35ab2fb2502202adaff9ef987abfe3e13cccb68b7fe24f8269647,https://www.youtube.com/s/player/964f0dc6/player_ias.vflset/en_US/base.js
ed29a2d823a692d57781255d064d7d53f72e04d0c81a3cd07333c6e0f719d096,https://cdnjs.cloudflare.com/ajax/libs/request/2.88.2/lib/helpers.min.js
ed3918ef50fdc2b47cd9de33844679845e0ee904e459095d170eac54acc65983,https://cdnjs.cloudflare.com/ajax/libs/date-fns/4.1.0/locale/kn/cdn.min.js
ed402d59a7029653fd9633881fd7a4e17c65ce994f831d92153c412285992611,https://cdnjs.cloudflare.com/ajax/libs/prism/9000.0.1/components/prism-nasm.min.js
ed43f738462a3ce5f277d8626dad1a0210464e38331064b3b43e1083b1ffd494,https://cdnjs.cloudflare.com/ajax/libs/cheerio/1.1.2/dist/commonjs/index.js
ed466cc003448876a73ad005597c05d4db2aac10cd4b6e9d7bdcc2b5d5f0bce4,https://www.youtube.com/s/player/11c0c1a9/player_ias.vflset/en_US/base.js
ed5308c30a60d238ec839b6a5492163e1a7fcabfd83910905e0a49f5be036ce4,https://www.youtube.com/s/player/05540cb0/player_ias.vflset/en_US/captions.js
ed9a4ea0646332a6b6c973ebe5a915c62c43db89bb2bb1a31eba07d906ef8ff7,https://www.youtube.com/s/player/74edf1a3/player_ias.vflset/en_US/base.js
edb58cae9cfa2d70939dcd905ea369f96f481ff0df6177aa931e5cf25f7fbf17,https://cdnjs.cloudflare.com/ajax/libs/prism/9000.0.1/components/prism-clike.min.js
edb76bc3a3d7fcb3939e8d61fca79294d711b48108c5cfbf589f2d40f5972af8,https://cdnjs.cloudflare.com/ajax/libs/web-vitals/5.1.0/web-vitals.attribution.js
edbb1138ec9bd850e056dfa74ece7052f12852db5a6009868ebc2117f32313f0,https://cdnjs.cloudflare.com/ajax/libs/moment.js/2.30.1/locale/en-au.min.js
edd03b96ae4ff7886406c59d7dfeeaa1b624a7da297bf2f92d0cb6b7f9633cba,https://ajax.aspnetcdn.com/ajax/bootstrap/4.6.0/bootstrap.min.js
ede13715143b60e3d24d15b3bc9477ea9e606c8d6fe32d423e01dd7e9b056568,https://cdnjs.cloudflare.com/ajax/libs/redux/5.0.1/redux.legacy-esm.min.js
ede2693a4a6a5126b9d35669062b358ecab6ae7b9b86a1cf302feb45a8514907,https://cdnjs.cloudflare.com/ajax/libs/pako/2.1.0/pako.min.js
edec38275cf34e82e1350b9a45a65bda3711940d2690f000c607da90c0514236,https://cdnjs.cloudflare.com/ajax/libs/cheerio/1.1.2/dist/browser/utils.min.js
edec38275cf34e82e1350b9a45a65bda3711940d2690f000c607da90c0514236,https://cdnjs.cloudflare.com/ajax/libs/cheerio/1.1.2/dist/esm/utils.min.js
edefd5b653583c0800bd5a1f08571fc1496ead27c77c3f37015bd070ce2ab5bc,https://cdnjs.cloudflare.com/ajax/libs/cheerio/1.1.2/dist/commonjs/slim.js
ee013c3445876d3d02f7c27177693207c3c8b5282e1a3d89cd9939fd08f1e9d5,https://ajax.aspnetcdn.com/ajax/respond/1.4.0/respond.matchmedia.addListener.min.js
ee02257ffbaf0a9b481c7039b0f3bb20c360c9674fe4be8b38ae709b2ea59bbe,https://cdnjs.cloudflare.com/ajax/libs/crypto-js/4.2.0/crypto-js.js
ee025613bc2e4672ea90ea2f1338696d3e1442a1c80aedebe4536bdbfc63c0a0,https://cdnjs.cloudflare.com/ajax/libs/date-fns/4.1.0/locale/zh-HK/cdn.js
ee40b626ea4d326a1c201b5e832e54ef144340b0bf2da26b2c8a081b18a5622a,https://cdnjs.cloudflare.com/ajax/libs/popper.js/2.11.8/esm/dom-utils/getOffsetParent.js
ee4d20b372d6fa2f59bd3db3be03cca8334e1c62e48aec0b62a9b3e89fea3167,https://cdnjs.cloudflare.com/ajax/libs/popper.js/2.11.8/esm/utils/mergePaddingObject.js
ee4fb0d40ec1d122dbf099aa6dfd4c98eb086ea7e2d4d5cdc0a69aff2d75177f,https://cdnjs.cloudflare.com/ajax/libs/crypto-js/4.2.0/enc-utf16.min.js
ee5b42a7d29b7b3a57865c1a0180c3664b7bca9e4b3216501a50e0c1bcf4e266,https://www.youtube.com/s/player/ed89dc10/player_ias.vflset/en_US/base.js
ee71084ceed2f7540b751eb96d032a45912dd35d9efa35d6c1f5ae26f53e5922,https://www.youtube.com/s/player/c38b4eda/player_ias.vflset/en_US/base.js
ee8c0b69a868e8d046104e37e3bb0635a560c248d70f622c52c36651142fdc32,https://cdnjs.cloudflare.com/ajax/libs/jsonwebtoken/9.0.2/lib/timespan.min.js
ee8c45c905910542a704a416440ec3ddc8940f76304bf70b444dff79c233babb,https://cdnjs.cloudflare.com/ajax/libs/crypto-js/4.2.0/hmac.min.js
ee9d66bdec647bed2b27d9e0a11c6d86363868ea925faf7a74683fdb67a92775,https://ajax.aspnetcdn.com/ajax/knockout/knockout-3.4.0.debug.js
eebbdc5721c0375545791214d40f497f12c669e26b7df7414eee2c9172a47c1a,https://ajax.googleapis.com/ajax/libs/dojo/1.10.7/dojo/dojo.js
eece6e0c65b7007ab0eb1b4998d36dafe381449525824349128efc3f86f4c91c,https://ajax.aspnetcdn.com/ajax/bootstrap/3.3.6/css/bootstrap.min.css
eee8436de1ca63d2a27912adea64fd0481addb7c09225999adb1493058ea3b72,https://cdnjs.cloudflare.com/ajax/libs/crypto-js/4.2.0/ripemd160.min.js
eeed702f932e7ef4930a7ea41cdd8b3109a2738dc47c10ff781e89f3fd7a6cd0,https://cdnjs.cloudflare.com/ajax/libs/dayjs/1.11.18/plugin/weekday.min.js
eef4c8ae06312418f696f6d98394bdf4e6edd00add9f62e89b547e27f1e326de,https://cdnjs.cloudflare.com/ajax/libs/date-fns/4.1.0/locale/ht/cdn.js
ef08436834c21d75e7a272480f9589d0cd4817e1e3ed7eecff4c1eaa6dc4e30f,https://ajax.aspnetcdn.com/ajax/bootstrap/5.2.3/css/bootstrap-grid.min.css
ef12506e12f3e0cf5892a5327b4a02c67297b3b54ddda8b8ae12a5b72df0fb3a,https://cdnjs.cloudflare.com/ajax/libs/jose/6.1.0/lib/normalize_key.js
ef14b63fae2e827a3c60736b1613ff5862d613ee60c514baf19ddfdb4605e612,https://www.youtube.com/s/player/1c3a131b/player_ias.vflset/en_US/base.js
ef19d3570dea1c5a973fb7f6fc98c525cd8ce6d01db1937f8459975979648bdc,https://cdnjs.cloudflare.com/ajax/libs/video.js/7.11.7/alt/video-js-cdn.min.css
ef241cf3c9ec3db7a4e6dd6dcc9028ca5fa8826f684eaf5180ffe40a990daf9e,https://www.youtube.com/s/player/fe8bd208/player_ias.vflset/en_US/base.js
ef33fc2cf6cd884d5d50c18b3373d3e181686d328ff0f482d5af159c75639d71,https://www.youtube.com/s/player/69722e65/player_ias.vflset/en_US/base.js
ef43a4d502ffb688656851d788c42869d47e8840d007b4f4b66f62530171acd4,https://ajax.aspnetcdn.com/ajax/bootstrap/3.3.5/bootstrap.js
ef56b49186aba4b924446296bdf18e8edbaca215ac783fb0909f6cfaf33e5b84,https://www.youtube.com/s/player/267b6435/player_ias.vflset/en_US/base.js
ef916c2b2be1945226eb1c7d9b13250e070337ffc04a714a9a49ad2b7a142c5d,https://cdnjs.cloudflare.com/ajax/libs/dayjs/1.11.18/locale/nl-be.js
ef9c554bca3ce5b9f978b626ff8c3a441c0468af2599bdb4e9b6b32f6743f058,https://ajax.aspnetcdn.com/ajax/bootstrap/3.3.5/css/bootstrap.css
efa1d779f65671809a63f900479c69bed19c262f2fe7936076793bd13deda080,https://cdnjs.cloudflare.com/ajax/libs/moment.js/2.30.1/locale/gd.js
efa86a0d7c0ef7cbf4a4707d9730b06d6fae1b2a73bd610280be23ec725ad3ae,https://ajax.aspnetcdn.com/ajax/respond/1.4.0/respond.min.js
efb8976b994144ffe643122f0b021e7999bb80736e17160f8b4417bf04b9b7fc,https://cdnjs.cloudflare.com/ajax/libs/pako/2.1.0/pako_inflate.es5.min.js
efbcd2a6cfb4581dad74a1c09ad43cf2b8245611e5b19c966317da948f2bcb7c,https://cdnjs.cloudflare.com/ajax/libs/pdf.js/5.4.149/images/annotation-paragraph.svg
efc85c7eb141819717cda0033484a84b1c890d13b02e355a2fec79d424b20e7a,https://cdnjs.cloudflare.com/ajax/libs/gsap/3.12.2/gsap.min.js
efc953cd0b5ec5fa0f88fd6fbf725ef318c3e937eab8824e5970af1299f291ff,https://cdnjs.cloudflare.com/ajax/libs/prism/9000.0.1/components/prism-scala.min.js
efeeec9d982829ea6d96651001f4001fcb198ad1bd52f129b14ff576ff05b850,https://ajax.googleapis.com/ajax/libs/dojo/1.11.5/dojo/dojo.js
f004c539cd889799f31377ae2cf1d918c786b5bd18a52e0e5cae166aedbccafd,https://cdnjs.cloudflare.com/ajax/libs/react-dom/19.1.1/cjs/react-dom-client.development.js
f01bf152067b14e702420df5175ebd5068ce03024332a555e8aa6b0962000bcf,https://cdnjs.cloudflare.com/ajax/libs/protobufjs/7.5.4/light/protobuf.js
f01d1f7befb989ab98374721e21e764dfaa04d0f9133113dd0ec6a04a62dc87f,https://cdnjs.cloudflare.com/ajax/libs/jose/6.1.0/lib/aeskw.js
f023c0f154c91269f0130adfdd92c818e8df41c6d9713488a0b776abc9eb416d,https://cdnjs.cloudflare.com/ajax/libs/prism/9000.0.1/components/prism-erlang.js
f02c3346e2c261919fdb339c70710cbfca33e0d1d2ec37df3946aeba20b5c639,https://cdnjs.cloudflare.com/ajax/libs/popper.js/2.11.8/esm/utils/within.min.js
f034c3fb782f8ef29764a041013abbcc04b69c9ca8467706f413c2ba541d7120,https://cdnjs.cloudflare.com/ajax/libs/plyr/3.6.8/plyr.min.js
f037eeeb90cb461226e89653b2ee55dbacca96dfc991c75095edcacd3e6df96d,https://cdnjs.cloudflare.com/ajax/libs/date-fns/4.1.0/locale/en-CA/cdn.js
f0397f10859337ed8a2c9656abc9252671723dd918628dc1ba3610546394ef8f,https://cdnjs.cloudflare.com/ajax/libs/vue/3.5.22/vue.cjs.prod.js
f03e047f2efd0c06875ed7ac0c3fa22f1be572b95f7813c295e6113c8c03c176,https://ajax.googleapis.com/ajax/libs/shaka-player/4.10.0/shaka-player.compiled.js
f04b517ba5d6a0510485689a3e42dac000f51640fd71b986804cba178eae42a5,https://ajax.aspnetcdn.com/ajax/bootstrap/3.3.4/css/bootstrap.min.css
f0524c2523ebbf63d3d51cee565acad8d8b62a7ae0c517e116786d76ed6f40ad,https://cdnjs.cloudflare.com/ajax/libs/socket.io/4.8.1/socket.io.msgpack.min.js
f0554b3acbe15aa933b3e6811264a3cce3d83ec7915cd6eb4453317ba3b76283,https://cdnjs.cloudflare.com/ajax/libs/dayjs/1.11.18/locale/ar-kw.js
f05be0362a7ffdf6b876730dc0df2b1db87682d05fc69842b3f8ac212dceb181,https://cdnjs.cloudflare.com/ajax/libs/prism/9000.0.1/components/prism-typescript.js
f069e535938b77a9eb0770cedf0b883f207189c077dd97fe9fd5f60148c0475c,https://cdnjs.cloudflare.com/ajax/libs/crypto-js/4.2.0/pbkdf2.min.js
f0b75bed10bc8ae5e85e3a3832e57ea37316bcf04a70335ba4353b05f8b855e3,https://www.youtube.com/s/player/6f3fcd4c/player_ias.vflset/en_US/base.js
f0bd3bf9d167cf7a0d9cd1656cdf71f113c96c365f78ea1ec749ceb0a488f146,https://cdnjs.cloudflare.com/ajax/libs/dayjs/1.11.18/locale/hu.js
f0c3b7f330c5a1443a5ed95e2c843c393ac4034cb76415b9a4ed738c08f82eeb,https://cdnjs.cloudflare.com/ajax/libs/react-dom/19.1.1/cjs/react-dom-server.browser.production.js
f0ca03df194b8c3d6017ff455db6a0ef98857905663fa311a6cded788b15340b,https://cdnjs.cloudflare.com/ajax/libs/KaTeX/0.16.9/contrib/mhchem.min.js
f0e4239fedabcb22505d1ab7e36df982a90cbdf8f51171b8d58e7838c1d32031,https://cdnjs.cloudflare.com/ajax/libs/crypto-js/4.2.0/cipher-core.min.js
f0e72ffd346d2b052fe0369cfe1c819af30086f3f773fd86e501ba6fa54f94d5,https://cdnjs.cloudflare.com/ajax/libs/dayjs/1.11.18/plugin/isToday.js
f0ed7ca45d2dadc96dfb3725c848a0f8ea0b2703c1b8c3ebed213a3311d12191,https://cdnjs.cloudflare.com/ajax/libs/moment.js/2.30.1/locale/uz.min.js
f0f260f4f817445c92afd964074cb0f5572e5ee579679ccedc62c25d0a564681,https://cdnjs.cloudflare.com/ajax/libs/date-fns/4.1.0/locale/ru/cdn.min.js
f0f8af4e76bf81a61470c298f95bd51a0997a52bf4bd31df951905e7e44256b7,https://cdnjs.cloudflare.com/ajax/libs/jose/6.1.0/jwk/embedded.js
f0fd733ff299a0ec5073b6016d940c918073542c1e3b83e816abae842170d91b,https://cdnjs.cloudflare.com/ajax/libs/cheerio/1.1.2/dist/commonjs/cheerio.js
f140b6831469664f09fb07ae991e983b46752deaa9d8a8b214852f235ea6e7d0,https://www.youtube.com/s/player/0980151a/www-player.css
f140b6831469664f09fb07ae991e983b46752deaa9d8a8b214852f235ea6e7d0,https://www.youtube-nocookie.com/s/player/0980151a/www-player.css
f140b6831469664f09fb07ae991e983b46752deaa9d8a8b214852f235ea6e7d0,https://www.youtube.com/s/player/e354dd90/www-player.css
f140b6831469664f09fb07ae991e983b46752deaa9d8a8b214852f235ea6e7d0,https://www.youtube-nocookie.com/s/player/e354dd90/www-player.css
f140b6831469664f09fb07ae991e983b46752deaa9d8a8b214852f235ea6e7d0,https://www.youtube.com/s/player/bc7db0b2/www-player.css
f140b6831469664f09fb07ae991e983b46752deaa9d8a8b214852f235ea6e7d0,https://www.youtube-nocookie.com/s/player/bc7db0b2/www-player.css
f140b6831469664f09fb07ae991e983b46752deaa9d8a8b214852f235ea6e7d0,https://www.youtube.com/s/player/2b8b264c/www-player.css
f140b6831469664f09fb07ae991e983b46752deaa9d8a8b214852f235ea6e7d0,https://www.youtube-nocookie.com/s/player/2b8b264c/www-player.css
f140b6831469664f09fb07ae991e983b46752deaa9d8a8b214852f235ea6e7d0,https://www.youtube.com/s/player/a8fa2535/www-player.css
f140b6831469664f09fb07ae991e983b46752deaa9d8a8b214852f235ea6e7d0,https://www.youtube-nocookie.com/s/player/a8fa2535/www-player.css
f140b6831469664f09fb07ae991e983b46752deaa9d8a8b214852f235ea6e7d0,https://www.youtube.com/s/player/d9454757/www-player.css
f140b6831469664f09fb07ae991e983b46752deaa9d8a8b214852f235ea6e7d0,https://www.youtube-nocookie.com/s/player/d9454757/www-player.css
f140b6831469664f09fb07ae991e983b46752deaa9d8a8b214852f235ea6e7d0,https://www.youtube.com/s/player/ffdec792/www-player.css
f140b6831469664f09fb07ae991e983b46752deaa9d8a8b214852f235ea6e7d0,https://www.youtube-nocookie.com/s/player/ffdec792/www-player.css
f140b6831469664f09fb07ae991e983b46752deaa9d8a8b214852f235ea6e7d0,https://www.youtube.com/s/player/49f48b9f/www-player.css
f140b6831469664f09fb07ae991e983b46752deaa9d8a8b214852f235ea6e7d0,https://www.youtube-nocookie.com/s/player/49f48b9f/www-player.css
f140b6831469664f09fb07ae991e983b46752deaa9d8a8b214852f235ea6e7d0,https://www.youtube.com/s/player/45ac5a1a/www-player.css
f140b6831469664f09fb07ae991e983b46752deaa9d8a8b214852f235ea6e7d0,https://www.youtube-nocookie.com/s/player/45ac5a1a/www-player.css
f140b6831469664f09fb07ae991e983b46752deaa9d8a8b214852f235ea6e7d0,https://www.youtube.com/s/player/0c9dcb4e/www-player.css
f140b6831469664f09fb07ae991e983b46752deaa9d8a8b214852f235ea6e7d0,https://www.youtube-nocookie.com/s/player/0c9dcb4e/www-player.css
f140b6831469664f09fb07ae991e983b46752deaa9d8a8b214852f235ea6e7d0,https://www.youtube.com/s/player/a57cdcbf/www-player.css
f140b6831469664f09fb07ae991e983b46752deaa9d8a8b214852f235ea6e7d0,https://www.youtube-nocookie.com/s/player/a57cdcbf/www-player.css
f140b6831469664f09fb07ae991e983b46752deaa9d8a8b214852f235ea6e7d0,https://www.youtube.com/s/player/964f0dc6/www-player.css
f140b6831469664f09fb07ae991e983b46752deaa9d8a8b214852f235ea6e7d0,https://www.youtube-nocookie.com/s/player/964f0dc6/www-player.css
f140b6831469664f09fb07ae991e983b46752deaa9d8a8b214852f235ea6e7d0,https://www.youtube.com/s/player/553d5bd7/www-player.css
f140b6831469664f09fb07ae991e983b46752deaa9d8a8b214852f235ea6e7d0,https://www.youtube-nocookie.com/s/player/553d5bd7/www-player.css
f140b6831469664f09fb07ae991e983b46752deaa9d8a8b214852f235ea6e7d0,https://www.youtube.com/s/player/bcd88ad3/www-player.css
f140b6831469664f09fb07ae991e983b46752deaa9d8a8b214852f235ea6e7d0,https://www.youtube-nocookie.com/s/player/bcd88ad3/www-player.css
f140b6831469664f09fb07ae991e983b46752deaa9d8a8b214852f235ea6e7d0,https://www.youtube.com/s/player/820123f3/www-player.css
f140b6831469664f09fb07ae991e983b46752deaa9d8a8b214852f235ea6e7d0,https://www.youtube-nocookie.com/s/player/820123f3/www-player.css
f140b6831469664f09fb07ae991e983b46752deaa9d8a8b214852f235ea6e7d0,https://www.youtube.com/s/player/911df14e/www-player.css
f140b6831469664f09fb07ae991e983b46752deaa9d8a8b214852f235ea6e7d0,https://www.youtube-nocookie.com/s/player/911df14e/www-player.css
f140b6831469664f09fb07ae991e983b46752deaa9d8a8b214852f235ea6e7d0,https://www.youtube.com/s/player/8456c9de/www-player.css
f140b6831469664f09fb07ae991e983b46752deaa9d8a8b214852f235ea6e7d0,https://www.youtube-nocookie.com/s/player/8456c9de/www-player.css
f140b6831469664f09fb07ae991e983b46752deaa9d8a8b214852f235ea6e7d0,https://www.youtube.com/s/player/9955f7e6/www-player.css
f140b6831469664f09fb07ae991e983b46752deaa9d8a8b214852f235ea6e7d0,https://www.youtube-nocookie.com/s/player/9955f7e6/www-player.css
f140b6831469664f09fb07ae991e983b46752deaa9d8a8b214852f235ea6e7d0,https://www.youtube.com/s/player/58012f6a/www-player.css
f140b6831469664f09fb07ae991e983b46752deaa9d8a8b214852f235ea6e7d0,https://www.youtube-nocookie.com/s/player/58012f6a/www-player.css
f140b6831469664f09fb07ae991e983b46752deaa9d8a8b214852f235ea6e7d0,https://www.youtube.com/s/player/ecde8a55/www-player.css
f140b6831469664f09fb07ae991e983b46752deaa9d8a8b214852f235ea6e7d0,https://www.youtube-nocookie.com/s/player/ecde8a55/www-player.css
f140b6831469664f09fb07ae991e983b46752deaa9d8a8b214852f235ea6e7d0,https://www.youtube.com/s/player/1e1d6f74/www-player.css
f140b6831469664f09fb07ae991e983b46752deaa9d8a8b214852f235ea6e7d0,https://www.youtube-nocookie.com/s/player/1e1d6f74/www-player.css
f140b6831469664f09fb07ae991e983b46752deaa9d8a8b214852f235ea6e7d0,https://www.youtube.com/s/player/1bb6ee63/www-player.css
f140b6831469664f09fb07ae991e983b46752deaa9d8a8b214852f235ea6e7d0,https://www.youtube-nocookie.com/s/player/1bb6ee63/www-player.css
f140b6831469664f09fb07ae991e983b46752deaa9d8a8b214852f235ea6e7d0,https://www.youtube.com/s/player/50fb0efb/www-player.css
f140b6831469664f09fb07ae991e983b46752deaa9d8a8b214852f235ea6e7d0,https://www.youtube-nocookie.com/s/player/50fb0efb/www-player.css
f14a0d49cbaeabf5671a921a3fb1d852515b1606fa465361c62a89f5a802edd1,https://www.youtube.com/s/player/a307fffd/player_ias.vflset/en_US/captions.js
f15de880cc612113b24d44e8bb6dc0c4b761ed565e931b3a70342d389e522efe,https://www.youtube.com/s/player/56af1322/player_ias.vflset/en_US/captions.js
f15de880cc612113b24d44e8bb6dc0c4b761ed565e931b3a70342d389e522efe,https://www.youtube.com/s/player/f00d1fdd/player_ias.vflset/en_US/captions.js
f15f592b5d7d5bbbd061c5ad31d4c45f462ad43acad74808c6a7105b108ec0eb,https://cdnjs.cloudflare.com/ajax/libs/moment.js/2.30.1/locale/ko.js
f18ac10930e84233b80814f5595bcc1f6ffad74047d038d997114e08880aec03,https://ajax.aspnetcdn.com/ajax/jQuery/jquery-3.2.0.slim.js
f18c6b28c02401507005d7b1a4392606f9ef55efe574a3f1ca7f32219969f308,https://cdnjs.cloudflare.com/ajax/libs/jose/6.1.0/lib/validate_algorithms.js
f197e7e9a71b966eab8fc36faae381154149b8bf0ce31f8c2ce394c1ace77420,https://cdnjs.cloudflare.com/ajax/libs/immer/10.1.3/cjs/immer.cjs.development.min.js
f19921ed612f2e43b285d9abaedc04a6e838e7bd8b36f0fb12caa54f74f03e3f,https://cdnjs.cloudflare.com/ajax/libs/dayjs/1.11.18/locale/zh-tw.min.js
f1a30c47856ccada8980048844f7f6eab1779d808075a9aeb80838e99bef50cc,https://ajax.googleapis.com/ajax/libs/shaka-player/4.16.35/shaka-player.compiled.js
f1bbf76b2483926863a16b38e2ca6ea990fad0cc6173e0b7b97b7bba2bcf0e2c,https://cdnjs.cloudflare.com/ajax/libs/prism/9000.0.1/components/prism-scss.js
f1cece227f4f738e5c9697839e4b534cc8ce56135a670d3aac44d0418b3e9658,https://cdnjs.cloudflare.com/ajax/libs/jspdf/3.0.3/polyfills.umd.js
f1d6ef86f3b11a528bd5185199bd2443ecb2b0dead96d88674b5a2c12be24bdf,https://cdnjs.cloudflare.com/ajax/libs/KaTeX/0.16.9/fonts/KaTeX_Main-Italic.woff
f1dfbe4ca6bdc0f8eac639eea8652654a073433018be9bfd1cc55e75574b78f0,https://cdnjs.cloudflare.com/ajax/libs/vue/3.5.22/vue.esm-browser.prod.js
f1e2323f141be9d9379c612eeabd7f282f052e60116547395780b032a6f0770d,https://cdnjs.cloudflare.com/ajax/libs/react/19.1.1/cjs/react.production.js
f1e42bbe7f76194b2d42325b8ab2e7308e2e91fdb2804f1f6abe781ed1490dc8,https://www.youtube.com/s/player/cb017549/player_ias.vflset/en_US/base.js
f1f47a2cb479a87807f9bd61bd5813c1fe857dbbcb4fb35ae7a77ca39114f920,https://cdnjs.cloudflare.com/ajax/libs/pdf.js/5.4.149/images/editor-toolbar-delete.svg
f1fbd8bdba9dff67170976fbd50f5b67c840a9388b261da71212d22f27feb1c2,https://www.youtube.com/s/player/669cd14f/player_ias.vflset/en_US/base.js
f201b392a4b33b12ad413281b03965db489e11dea0352521993bd99ff1c9e6ae,https://www.youtube.com/s/player/a0424aaf/player_ias.vflset/en_US/base.js
f2094bbf6141b359722c4fe454eb6c4b0f0e42cc10cc7af921fc158fceb86539,https://ajax.googleapis.com/ajax/libs/d3js/7.9.0/d3.min.js
f2094bbf6141b359722c4fe454eb6c4b0f0e42cc10cc7af921fc158fceb86539,https://cdnjs.cloudflare.com/ajax/libs/d3/7.9.0/d3.min.js
f212b4837394c2ccbd902a28cd8055b9caccfe97b3c5083b8b99a4f439e329c2,https://cdnjs.cloudflare.com/ajax/libs/popper.js/2.11.8/esm/dom-utils/contains.min.js
f2188a31d4400d655c9e43ce5f0d9439b233d2bdb9dff32a3ed1520404d1a111,https://ajax.googleapis.com/ajax/libs/dojo/1.9.10/dojo/dojo.js
f21fabb87e98613cf5af0e99d918dae16be572a155d234cf3c3e42aaf1629cf9,https://ajax.aspnetcdn.com/ajax/signalr/jquery.signalr-2.1.0.js
f23d4b309b72743aa8afe1f8c98a25b3ee31246fa572c66d9d8cb1982cae4fbc,https://ajax.aspnetcdn.com/ajax/jQuery/jquery-1.8.2.min.js
f2425009863188076a71713a9b99a19f57779a39247ec31eb140dcfcea77b14f,https://cdnjs.cloudflare.com/ajax/libs/vue/3.5.22/vue.runtime.global.min.js
f2573362c0137ae8bcf26b588fbe5d9427df3e90aa4f3865d0a30d972d484bc9,https://www.youtube.com/s/player/01b2d163/player_ias.vflset/en_US/base.js
f25e81f9e167d7ab58401baf7d111a392b2be8be9cacc4f7d27ef04d64a1d906,https://ajax.googleapis.com/ajax/libs/dojo/1.8.14/dojo/dojo.js
f2619982ce710e53d72132b497267fdba714cb5d21776a5f2179db8b8d4710fe,https://cdnjs.cloudflare.com/ajax/libs/moment.js/2.30.1/locale/tzm.min.js
f268612ba59ead1b24353bb77d66783bcc435aff1c22be5f93c40bac3869968e,https://unpkg.com/aos@2.3.1/dist/aos.js
f282992146e8d9c3740d21263328c62908bcdd54a7d1d5061a8432ef4e0394a4,https://www.youtube.com/s/player/4d1dd0fc/player_ias.vflset/en_US/captions.js
f282992146e8d9c3740d21263328c62908bcdd54a7d1d5061a8432ef4e0394a4,https://www.youtube.com/s/player/bda6277d/player_ias.vflset/en_US/captions.js
f284353a7cc4d97f6fe20a5155131bd43587a0f1c98a56eeaf52cff72910f47d,https://ajax.googleapis.com/ajax/libs/jquery/2.1.0/jquery.min.js
f284353a7cc4d97f6fe20a5155131bd43587a0f1c98a56eeaf52cff72910f47d,https://ajax.aspnetcdn.com/ajax/jQuery/jquery-2.1.0.min.js
f2a21a30fd7a444a7e8f1e96c0279a4661de8c302c7033a768a7a9eeb2287800,https://cdnjs.cloudflare.com/ajax/libs/crypto-js/4.2.0/rabbit-legacy.min.js
f2a8a36c74c59cfbe7a73d441cfd180ca6e6a9942a74ef9b240191d1c6056a59,https://m.stripe.network/out-4.5.45.js
f2b4a438b7bd0fa0e45a603a700cf3d7e67e7b8f186a5f1afe0383a63a829add,https://www.youtube.com/s/player/444511ca/player_ias.vflset/en_US/captions.js
f2bfc0b2ffa4e26071e6d6d8b73d750f6e9f8eb4e021a8ffdb18b84af0b919a3,https://ajax.aspnetcdn.com/ajax/hammer.js/2.0.4/hammer.min.js
f2dd804d5b369ecf581433c557df8fc645ac6198200250e7a9c114d66563b5da,https://cdnjs.cloudflare.com/ajax/libs/date-fns/4.1.0/locale/sl/cdn.js
f2e1cc227d6bbb4192e4a3becdfed971c7fc530d76200e43add11c98cb962c53,https://ajax.aspnetcdn.com/ajax/bootstrap/3.4.1/css/bootstrap-theme.min.css
f3266b0647e0688fc6e9a6bcd05493de411385c7f33fcdb2c2bffe0aecadc19b,https://cdnjs.cloudflare.com/ajax/libs/immer/10.1.3/cjs/immer.cjs.production.js
f32924767e9a199e417c4c030ef64a5742442eb320da082dbb8ee723593b02ff,https://ajax.aspnetcdn.com/ajax/bootstrap/3.1.0/css/bootstrap-theme.css
f34102e4baf87387eddc19c22487fbab51008ca33df0cbcf4f3b1357ced00e78,https://www.youtube.com/s/player/94667337/player_ias.vflset/en_US/base.js
f35f78adda0ea5dcaf2c8aff5f58c5b7e8c51eae2bc01c08599f5c5f71a029d0,https://www.youtube.com/s/player/65578ad1/player_ias.vflset/en_US/base.js
f37cd8307a0a68bdb3221f57e9518ec1090e7fefac8137301365fbf8cbcd5ef0,https://cdnjs.cloudflare.com/ajax/libs/moment.js/2.30.1/locale/ar-sa.min.js
f37f113994ba9441d3554c25b6d9d74fcafe550ea96511a84f16da669d49f34f,https://cdnjs.cloudflare.com/ajax/libs/immer/10.1.3/cjs/index.min.js
f38d382851134399b2f1c6ddd72efd90076f6152971406102a4286d3991cbf56,https://cdnjs.cloudflare.com/ajax/libs/jspdf/3.0.3/polyfills.umd.min.js
f390b76bdcd28bb7e0277a1a20e20c173f83358bc080413d4042a2c769b3bf39,https://ajax.aspnetcdn.com/ajax/bootstrap/4.4.1/css/bootstrap-reboot.css
f396d1c66bddc20a1ed0d99d7af2eab3d3ce4a1a81e82e26e05147ea544b2d68,https://maps.googleapis.com/maps-api-v3/api/js/62/13e/geocoder.js
f3ac93bf15e041612af6abe9e066bcb4621fc885c151cfe38ba25c4e54033598,https://ajax.googleapis.com/ajax/libs/dojo/1.13.0/dojo/dojo.js
f3fd49207357b065d087074fc2f98702340c9356c9dc2c3e0b2013005013174c,https://cdnjs.cloudflare.com/ajax/libs/dayjs/1.11.18/plugin/localizedFormat.min.js
f40554247a23aecb4e84a5cb266c5012de03802ef4b6c0eed4d3367e9d6431e4,https://cdnjs.cloudflare.com/ajax/libs/jose/6.1.0/lib/validate_crit.js
f40b3f852bafcd4b16e6ee36a5ffad58d0e88878e84fe1b0e0a81caaf495c0a2,https://cdnjs.cloudflare.com/ajax/libs/dayjs/1.11.18/locale/sw.js
f41b18f833fb3ea62c0a71afdb55c3520719224deb3840ac917685df5ec9b182,https://cdnjs.cloudflare.com/ajax/libs/prism/9000.0.1/components/prism-r.min.js
f41fa0c4c214f1e78028a3d6c460a50cc7bba30036a2dba24c53147b8d30f170,https://maps.googleapis.com/maps-api-v3/api/js/64/14a/marker.js
f43840fd7aac805c7a1d6067478e55aa463ccc9c5909331f5aa6b8431ceb6d3c,https://cdnjs.cloudflare.com/ajax/libs/dayjs/1.11.18/plugin/calendar.min.js
f438434e0849285ebb1770fbf0b2a71bbc8468c267542b45098d5d430d86b89d,https://www.youtube.com/s/player/218d9d92/www-player.css
f438434e0849285ebb1770fbf0b2a71bbc8468c267542b45098d5d430d86b89d,https://www.youtube-nocookie.com/s/player/218d9d92/www-player.css
f438434e0849285ebb1770fbf0b2a71bbc8468c267542b45098d5d430d86b89d,https://www.youtube.com/s/player/5570c7bc/www-player.css
f438434e0849285ebb1770fbf0b2a71bbc8468c267542b45098d5d430d86b89d,https://www.youtube-nocookie.com/s/player/5570c7bc/www-player.css
f438434e0849285ebb1770fbf0b2a71bbc8468c267542b45098d5d430d86b89d,https://www.youtube.com/s/player/6baf88c8/www-player.css
f438434e0849285ebb1770fbf0b2a71bbc8468c267542b45098d5d430d86b89d,https://www.youtube-nocookie.com/s/player/6baf88c8/www-player.css
f438434e0849285ebb1770fbf0b2a71bbc8468c267542b45098d5d430d86b89d,https://www.youtube.com/s/player/26a9c282/www-player.css
f438434e0849285ebb1770fbf0b2a71bbc8468c267542b45098d5d430d86b89d,https://www.youtube-nocookie.com/s/player/26a9c282/www-player.css
f438434e0849285ebb1770fbf0b2a71bbc8468c267542b45098d5d430d86b89d,https://www.youtube.com/s/player/d95a0e03/www-player.css
f438434e0849285ebb1770fbf0b2a71bbc8468c267542b45098d5d430d86b89d,https://www.youtube-nocookie.com/s/player/d95a0e03/www-player.css
f438434e0849285ebb1770fbf0b2a71bbc8468c267542b45098d5d430d86b89d,https://www.youtube.com/s/player/98fb51a3/www-player.css
f438434e0849285ebb1770fbf0b2a71bbc8468c267542b45098d5d430d86b89d,https://www.youtube-nocookie.com/s/player/98fb51a3/www-player.css
f438434e0849285ebb1770fbf0b2a71bbc8468c267542b45098d5d430d86b89d,https://www.youtube.com/s/player/8fdc9fc5/www-player.css
f438434e0849285ebb1770fbf0b2a71bbc8468c267542b45098d5d430d86b89d,https://www.youtube-nocookie.com/s/player/8fdc9fc5/www-player.css
f438434e0849285ebb1770fbf0b2a71bbc8468c267542b45098d5d430d86b89d,https://www.youtube.com/s/player/a307fffd/www-player.css
f438434e0849285ebb1770fbf0b2a71bbc8468c267542b45098d5d430d86b89d,https://www.youtube-nocookie.com/s/player/a307fffd/www-player.css
f438434e0849285ebb1770fbf0b2a71bbc8468c267542b45098d5d430d86b89d,https://www.youtube.com/s/player/4b0d80ee/www-player.css
f438434e0849285ebb1770fbf0b2a71bbc8468c267542b45098d5d430d86b89d,https://www.youtube-nocookie.com/s/player/4b0d80ee/www-player.css
f44c3a475a650ed286acb0fa0bf19105686aef3d06aba92f718f1c7750853185,https://www.youtube.com/s/player/638ec5c6/player_ias.vflset/en_US/base.js
f486d915b62d304ca3fa903d91eeee0a170ae06b8881fec4f4ddf66f69d025ad,https://cdnjs.cloudflare.com/ajax/libs/date-fns/4.1.0/locale/km/cdn.js
f494da38d5f8ca2938cf43a6c5189d18d308090bdf4517d12288f774cb13e02f,https://ajax.googleapis.com/ajax/libs/dojo/1.7.4/dojo/dojo.js
f496288d41fa7477de4e5dda3b56362196e678444678bd8fb1d032a83e6d31f1,https://cdnjs.cloudflare.com/ajax/libs/date-fns/4.1.0/locale/zh-CN/cdn.js
f4a9c11abc6c7040213c03682b10d43c1c71264e2a7753b93261a825d938e4b5,https://www.youtube.com/s/player/5fe6131f/player_ias.vflset/en_US/base.js
f4c5a5b297e623bc159679563a4d1eb16e409ca3b57698fbc00fd2c907dadae0,https://cdnjs.cloudflare.com/ajax/libs/font-awesome/6.5.0/webfonts/fa-solid-900.woff2
f4d342a944e1b9fc4661a56ada32bb2b881b26e6f741142ec75c6e62a53b4fb5,https://cdnjs.cloudflare.com/ajax/libs/preact/10.27.2/compat.min.js
f4d42c8d1bdd83e0f9b01fab54de73f2d89b455c413783b702f74072657bd0b7,https://www.youtube.com/s/player/00c52fa0/player_ias.vflset/en_US/captions.js
f518694f8588dacc9acf35452bbeb18f98174bc2e3eb1bf1181b7fbb4a0f0295,https://cdnjs.cloudflare.com/ajax/libs/react-dom/19.1.1/cjs/react-dom.production.js
f519e733247116f090fa5e989ce8d7e56cd41fd0127a70cda57eac73cfb9d3aa,https://cdnjs.cloudflare.com/ajax/libs/moment.js/2.30.1/locale/ar-ps.min.js
f524c77604d5f6f53c012491f26d7a73c41b4ddcd990fa11b8fa4a50ce8ebdd2,https://static.parastorage.com/services/fonts-data/dist/fonts.hz267ac7fkkfb3a18o8z.css
f533088db68f17ba66274dc386fa558a3ff7d0c4757a4224432f1a121a0246bb,https://www.youtube.com/s/player/96c57227/player_ias.vflset/en_US/captions.js
f533088db68f17ba66274dc386fa558a3ff7d0c4757a4224432f1a121a0246bb,https://www.youtube.com/s/player/e1bd44b2/player_ias.vflset/en_US/captions.js
f533088db68f17ba66274dc386fa558a3ff7d0c4757a4224432f1a121a0246bb,https://www.youtube.com/s/player/1150a2f2/player_ias.vflset/en_US/captions.js
f5523ea0221656f73d9da1f0f1b65687d4f2b07015154b38fa011e6575b68fbc,https://cdnjs.cloudflare.com/ajax/libs/moment.js/2.30.1/locale/kk.min.js
f554d2f09272c6f71447ebfe4532d3b1dd1959bce669f9a5ccc99e64ef511729,https://ajax.googleapis.com/ajax/libs/jquery/1.8.2/jquery.min.js
f5561ad2ebd929da68b8bd717d81a14d95b6f6d3bb7d07bc1c15a0eeaa40a9cd,https://maps.google.com/maps-api-v3/api/js/62/13e/common.js
f5561ad2ebd929da68b8bd717d81a14d95b6f6d3bb7d07bc1c15a0eeaa40a9cd,https://maps.googleapis.com/maps-api-v3/api/js/62/13e/common.js
f55947f3daa3bae53209d4b885c195c157f595c225e508a6b382598d9452d6e2,https://cdnjs.cloudflare.com/ajax/libs/cytoscape/3.33.1/cytoscape.min.js
f569df7cdc8fdb801f94f824cae0084958f7c55ace29b8af86ff86779e7751d5,https://cdnjs.cloudflare.com/ajax/libs/moment.js/2.30.1/locale/fil.min.js
f57508e939847d8a17dae74172069c6a4baca07ad05be7ba38f3d091438e8c0e,https://www.youtube.com/s/player/fef22927/player_ias.vflset/en_US/base.js
f575b4762cf8ab97fc9470d8ed55e996e6994d263042762c109d2299703cb101,https://www.youtube.com/s/player/2868f080/player_ias.vflset/en_US/base.js
f57e28c0c896d056f00280eb0694cb85ad5cfd1e94fecf3f3ca40f64c64dc642,https://cdnjs.cloudflare.com/ajax/libs/jsonwebtoken/9.0.2/lib/JsonWebTokenError.min.js
f5860bc046705e3b2421966ea404e69aaad2b9414ab6414c7258dbd343ebe091,https://ajax.googleapis.com/ajax/libs/jqueryui/1.13.0/themes/smoothness/jquery-ui.css
f5895005185df6509351da3b60b2efd81f5736d063cf3ac69f13d84d0415110b,https://cdnjs.cloudflare.com/ajax/libs/popper.js/2.11.8/esm/dom-utils/getComputedStyle.min.js
f607e69bcdad404b78d9d4b233218231cd2dfbb280f57f8c99bb0af33e9bc495,https://cdnjs.cloudflare.com/ajax/libs/dayjs/1.11.18/locale/bg.js
f61d2b282575feb69ec95106cee2b0a0baa3c64ede08f08d8369ca1a530e15a8,https://cdnjs.cloudflare.com/ajax/libs/xlsx/0.18.5/xlsx.extendscript.min.js
f6347f442281844a205245620f9e469f52cacb7dd41640ef67d32a94f2c583d0,https://cdnjs.cloudflare.com/ajax/libs/moment.js/2.30.1/locale/mr.js
f63f2d73ee396279a4d9cadf18a9a8208ee888b7dcad9627cbf3151ba74cb71d,https://cdnjs.cloudflare.com/ajax/libs/dayjs/1.11.18/locale/gl.min.js
f6407a3d684f215926a41d94f5549b37174ba5a5dbccc9ed7132675b7c111c30,https://www.youtube.com/s/player/6f05bbb3/player_ias.vflset/en_US/captions.js
f642805f2d1dc0e49e7413d6e5b64c1615326dfb3485123a88aead0f7191d99b,https://cdnjs.cloudflare.com/ajax/libs/popper.js/2.11.8/esm/utils/debounce.min.js
f6528f1acdd7d8f12956b469c8c3e450cf7cd1fbeac794135f983008a9d2b149,https://cdnjs.cloudflare.com/ajax/libs/tailwindcss/4.1.13/chunk-G32FJCSR.mjs
f65d67d76549859efcb5695c4190d68c5cbb322920346a8912786386425d9a14,https://cdnjs.cloudflare.com/ajax/libs/cheerio/1.1.2/dist/browser/api/css.min.js
f65d67d76549859efcb5695c4190d68c5cbb322920346a8912786386425d9a14,https://cdnjs.cloudflare.com/ajax/libs/cheerio/1.1.2/dist/esm/api/css.min.js
f66bcaadde14018ffb3bce26ea8ffc3ce36cc65c4c1e9ef9ed6cb321b7ae9481,https://cdnjs.cloudflare.com/ajax/libs/moment.js/2.30.1/locale/ro.js
f68ea29c9db3908fce2c0c602c04016dbacc364acbc8711133cc8e10b9260f79,https://cdnjs.cloudflare.com/ajax/libs/jsonwebtoken/9.0.2/lib/NotBeforeError.min.js
f69800ff6922ba9a967d7247e587f0ec9048ef5674523e17a428df43419f1f0f,https://cdnjs.cloudflare.com/ajax/libs/popper.js/2.11.8/esm/dom-utils/getWindowScroll.js
f6a508c998751bb2313fde554915c7821f0f952cdc5656a0f66499a57385b7e5,https://cdnjs.cloudflare.com/ajax/libs/crypto-js/4.2.0/index.min.js
f6b23045ce8e59d38d3182aac89a7e782e87f5eac54e5b0bd971c4fbccfe01c6,https://cdnjs.cloudflare.com/ajax/libs/prism/9000.0.1/components/prism-php-extras.min.js
f6cce34d12ff721e59af39cf43eb274104292d287827a02efad537dcdc7f28a6,https://cdnjs.cloudflare.com/ajax/libs/prism/9000.0.1/components/prism-pascal.js
f6cea1202c13d573a08b7c69163b920ba1eebb03415ae71d8cfa9588bfb0de30,https://cdnjs.cloudflare.com/ajax/libs/jose/6.1.0/jws/general/verify.js
f6d24b8f98916c15bf65605e39183e5a86a257ea77ba72fdb72670494c7422a9,https://cdnjs.cloudflare.com/ajax/libs/moment.js/2.30.1/locale/sv.js
f6d5c433518a9d66a802a261fd45f745172e5eae7718644df0d2c7e526825b44,https://cdnjs.cloudflare.com/ajax/libs/dayjs/1.11.18/locale/fr-ch.js
f6f4a25ea35dbaa69df33582520e04df7f3a6dafaa34108af1e2303309971626,https://cdnjs.cloudflare.com/ajax/libs/moment.js/2.30.1/locale/x-pseudo.min.js
f72ba48f1051c597dde94bc02ba981e6edf1f46d7d018a3dcc664da8a622387e,https://cdnjs.cloudflare.com/ajax/libs/prism/9000.0.1/plugins/autolinker/prism-autolinker.min.js
f732a01727a1da3aecf2f6cd2c63fd4e1df485595eee109128c8bf0c96c89cdc,https://ajax.googleapis.com/ajax/libs/dojo/1.9.2/dojo/dojo.js
f75e846cc83bd11432f4b1e21a45f31bc85283d11d372f7b19accd1bf6a2635c,https://ajax.aspnetcdn.com/ajax/bootstrap/3.3.7/css/bootstrap.min.css
f75e846cc83bd11432f4b1e21a45f31bc85283d11d372f7b19accd1bf6a2635c,https://maxcdn.bootstrapcdn.com/bootstrap/3.3.7/css/bootstrap.min.css
f76828cfd806ddb1c8d6d8fa9ded38f14a71602e39ac8caf27065b8d2411a955,https://cdnjs.cloudflare.com/ajax/libs/dayjs/1.11.18/locale/it.js
f76d23ab88a1e6b851033716474b91a33e66c2f3ba951de7a6ba462c13f0cc55,https://ajax.googleapis.com/ajax/libs/shaka-player/2.5.0-beta/shaka-player.compiled.js
f7a6319d7eb1c07c7192ce48cfc72128e56f098d429bd0a82fc6b6965509ef4f,https://cdnjs.cloudflare.com/ajax/libs/vue/3.5.22/vue.runtime.global.js
f7c439ef85646d5f8f9315c229280bea356af66ad56d2eee09d03ebedd2c2d2f,https://cdnjs.cloudflare.com/ajax/libs/animejs/3.1.0/anime.min.js
f7cbc01a310318defd4e31e4616543e2cf3baef5a47562c73ece4c0b716f157e,https://cdnjs.cloudflare.com/ajax/libs/popper.js/1.14.3/umd/popper.min.js
f7d518f5c043cd008514b4fd8c665a9d2fa5686bd36c6e7d44d78187c0438700,https://cdnjs.cloudflare.com/ajax/libs/react/19.1.1/cjs/react-compiler-runtime.production.js
f7f64156e3c4fae8f96a77d13630aab4a795685df5c083f6a342cc26403388e7,https://cdnjs.cloudflare.com/ajax/libs/dayjs/1.11.18/locale/tzm.min.js
f7f6a5894f1d19ddad6fa392b2ece2c5e578cbf7da4ea805b6885eb6985b6e3d,https://ajax.googleapis.com/ajax/libs/jquery/3.5.1/jquery.min.js
f7f6a5894f1d19ddad6fa392b2ece2c5e578cbf7da4ea805b6885eb6985b6e3d,https://ajax.aspnetcdn.com/ajax/jQuery/jquery-3.5.1.min.js
f7f6a5894f1d19ddad6fa392b2ece2c5e578cbf7da4ea805b6885eb6985b6e3d,https://cdnjs.cloudflare.com/ajax/libs/jquery/3.5.1/jquery.min.js
f7f6a5894f1d19ddad6fa392b2ece2c5e578cbf7da4ea805b6885eb6985b6e3d,https://code.jquery.com/jquery-3.5.1.min.js
f7f7179b8bea5b6ef4f0891f23b563db8aa530376795cd99ef84942cfc62d328,https://cdnjs.cloudflare.com/ajax/libs/crypto-js/4.2.0/pad-iso97971.js
f800b399e5c7a5254fc66bb407117fe38dbde0528780e68c9f7c87d299f8486a,https://ajax.googleapis.com/ajax/libs/jquery/1.4.3/jquery.min.js
f800b399e5c7a5254fc66bb407117fe38dbde0528780e68c9f7c87d299f8486a,https://ajax.aspnetcdn.com/ajax/jQuery/jquery-1.4.3.min.js
f808b712c48a4be626914ef4be740b71ab40e1b36607c248625f3a6d695893cc,https://cdnjs.cloudflare.com/ajax/libs/dayjs/1.11.18/locale/km.min.js
f808c66a1bc9f4c5f746bda79c812b04a00aec1f0edf75738ac99b9a477ccdc8,https://cdnjs.cloudflare.com/ajax/libs/date-fns/4.1.0/locale/ar-SA/cdn.min.js
f80c78d73e5eb45bb873910aae6afde1f33c76fa403e5b671b6ebe5e567d3a37,https://www.youtube.com/s/player/29a37ef6/player_ias.vflset/en_US/base.js
f80ef8f6b710f4710bdcbdaf533383180aea362d67a2aaf04ef65419511ceeb6,https://cdnjs.cloudflare.com/ajax/libs/dayjs/1.11.18/locale/ar-dz.min.js
f8121615f50a5b0e308c819f748a4470c15e0d93686c8ed128a0434c182e03c8,https://www.youtube.com/s/player/8da75a6a/player_ias.vflset/en_US/base.js
f813e5f83b5be6b7ea3cac9fde64c29951120ccebe846a7aedd0e87879fb4ff0,https://cdnjs.cloudflare.com/ajax/libs/cheerio/1.1.2/dist/commonjs/types.min.js
f822b0d661b3e7ea86105d614b3848669304388485e9e454bce9a588160699b4,https://www.youtube.com/s/player/8fb635c2/player_ias.vflset/en_US/base.js
f835e3c49aa6e6421f1728761cecb75dea22f603dbc03ad4bf3930be33afd477,https://ajax.aspnetcdn.com/ajax/bootstrap/2.3.2/css/bootstrap.min.css
f8386645e17fb18b1093873a955e207ba0c15fa28a290391e487b185c4e76c2d,https://cdnjs.cloudflare.com/ajax/libs/date-fns/4.1.0/locale/ar-EG/cdn.min.js
f861d18f94d3345498a2e8219be865ff27bc49f623cbafac4624180f4cb4baa2,https://cdnjs.cloudflare.com/ajax/libs/react-dom/19.1.1/cjs/react-dom-server.browser.development.js
f86550b27d4fc91a0768dd2c62fa4a1515b44641e6177cfde9ab2022a61a8c3d,https://cdnjs.cloudflare.com/ajax/libs/date-fns/4.1.0/locale/mk/cdn.min.js
f88946cee2a99ae0b1f2fffea3b1445cfe9a268d3d476493a14caff31d6016a6,https://cdnjs.cloudflare.com/ajax/libs/date-fns/4.1.0/locale/mn/cdn.min.js
f88daadd35519c42fe0e62696acb712c81ad03a0787bca69c738dbd24e1c54d2,https://www.youtube.com/s/player/116dbe15/player_ias.vflset/en_US/captions.js
f88daadd35519c42fe0e62696acb712c81ad03a0787bca69c738dbd24e1c54d2,https://www.youtube.com/s/player/09d72748/player_ias.vflset/en_US/captions.js
f88daadd35519c42fe0e62696acb712c81ad03a0787bca69c738dbd24e1c54d2,https://www.youtube.com/s/player/847bad37/player_ias.vflset/en_US/captions.js
f88daadd35519c42fe0e62696acb712c81ad03a0787bca69c738dbd24e1c54d2,https://www.youtube.com/s/player/5e4f1adf/player_ias.vflset/en_US/captions.js
f88daadd35519c42fe0e62696acb712c81ad03a0787bca69c738dbd24e1c54d2,https://www.youtube.com/s/player/32dc5910/player_ias.vflset/en_US/captions.js
f89219158c1edea8c2b5cb049bb2d9b4ca425d38d3cc96d2013a21c3df191d4f,https://ajax.aspnetcdn.com/ajax/bootstrap-touch-carousel/0.8.0/js/bootstrap-touch-carousel.js
f8a6134910849e0d4c50437b200f59022151882f9758cc5983fe1f551fe5fd4d,https://ajax.aspnetcdn.com/ajax/jquery.validation.unobtrusive/3.2.10/jquery.validate.unobtrusive.js
f8a7587d6967ec9e25ac73484ee4a257db9669ed0aa22528c4fb77bf59cfd8a8,https://www.youtube.com/s/player/9f4cc5e4/player_ias.vflset/en_US/base.js
f8b24f2bbcfc45233e2e3cf197b5831179e7d93e904c46c485acc9c6bee83bb9,https://www.youtube.com/s/player/901741ab/player_ias.vflset/en_US/base.js
f8baed382c183b39108ef006652daaf6b7ae1b7d9ee0f8d9a737696a1939ddce,https://www.youtube.com/s/player/290465a5/player_ias.vflset/en_US/base.js
f8d38326c99b4e100eb733618048fefc4489228092dc4d3fd300affb36a23fe3,https://www.youtube.com/s/player/21176969/player_ias.vflset/en_US/captions.js
f8d5aabfbb8ca73a0522875da97f079a159c3bf2937c4e5ac7aab31de6a38c72,https://cdnjs.cloudflare.com/ajax/libs/moment.js/2.30.1/locale/zh-hk.min.js
f8fddc18e0b3e2ac711f58027defa80c7022f0c222345d6539d577b24bafd51f,https://www.youtube.com/s/player/d980b573/player_ias.vflset/en_US/base.js
f9140e8e10e23541b5795d5ccef6bbca006e34d07cbd21ca0db6809c7e2bdfd2,https://ajax.googleapis.com/ajax/libs/dojo/1.8.7/dojo/dojo.js
f9179087b598b680418500309cfb249d82d1bc7a8b25cb7e6660bc9cb9c85f84,https://cdnjs.cloudflare.com/ajax/libs/date-fns/4.1.0/locale/be-tarask/cdn.js
f921d1af2961e2278ef21996f921fb0be73d50e44a973961d4ca08c33d2eab65,https://ajax.googleapis.com/ajax/libs/jqueryui/1.7.3/themes/smoothness/jquery-ui.css
f921d1af2961e2278ef21996f921fb0be73d50e44a973961d4ca08c33d2eab65,https://ajax.googleapis.com/ajax/libs/jqueryui/1.7.2/themes/smoothness/jquery-ui.css
f9286f6d6a7c5bd2fe5d8ba998ebfd1c71159b66e4c17b25aa58fe3b0e6824e5,https://www.youtube.com/s/player/5a188d69/player_ias.vflset/en_US/base.js
f93d89011137d5d00a9e9674f19e3f24f0347c8504c84f37f18396306e1b8c53,https://cdnjs.cloudflare.com/ajax/libs/moment.js/2.30.1/locale/mn.min.js
f94c18b964616df2848735fb3a26bf0c04e19744090a887c2793370666aa7c3b,https://cdnjs.cloudflare.com/ajax/libs/mocha/11.7.2/mocha.css
f951e5ce02a24ae19732c1ccd2ef77b6c965fc65f988f42361667b1d94e2f960,https://cdnjs.cloudflare.com/ajax/libs/dayjs/1.11.18/plugin/isMoment.min.js
f969f8751ffb24fffb1406b25e93c5a8d913b421d95b2c788ade8582d4010395,https://ajax.aspnetcdn.com/ajax/signalr/jquery.signalr-2.0.0.min.js
f971b901aeb9e55b07d472afee09bd5ae05159e1119dbd16d993e473565e7fc0,https://ajax.aspnetcdn.com/ajax/bootstrap/3.3.1/bootstrap.min.js
f9806347fd14cd0c5040a8306f3fa8e1c7f37ee0499b60dd79773791f02adef0,https://cdnjs.cloudflare.com/ajax/libs/acorn-walk/8.3.4/walk.js
f9939ec81f7feaec3131624f824e6417ab944c06029d977ae7a818feb6ec6f27,https://cdnjs.cloudflare.com/ajax/libs/popper.js/2.11.8/esm/createPopper.js
f99e50683a7c223ddbe6cf397708fac2d3a653c7d68a3e8e7ec278caf2c09ce5,https://cdnjs.cloudflare.com/ajax/libs/cheerio/1.1.2/dist/commonjs/options.js
f9ac60acd35c2538e9d2d146c4fae4b3e9c024bf99e82ef63592e6d872b0064b,https://cdnjs.cloudflare.com/ajax/libs/fuse.js/7.1.0/fuse.mjs
f9b751c1cd0d2b0f91862db987fed9dda48758b15e6f42ca67796b45f4b21702,https://ajax.googleapis.com/ajax/libs/jqueryui/1.12.1/themes/smoothness/jquery-ui.css
f9c4b4b72969924d7e43ef08eb809d240e2984d5a7d9e2d18d3dd31c4c5824b6,https://ajax.googleapis.com/ajax/libs/shaka-player/4.12.0/shaka-player.compiled.js
f9ceeafdee53bfbf4d4787f53cfe8b9084ca325f96af7e5d84c7c55dfe72d9d8,https://cdnjs.cloudflare.com/ajax/libs/moment.js/2.30.1/locale/de-at.min.js
f9f2f38446098aae8df99788436cd6ae9858f0c568edeb46ed1029bd2d669c0d,https://www.youtube.com/s/player/1416fec1/player_ias.vflset/en_US/base.js
f9f3f0c1caca10b0740176be0fb90126a9f64197a3bafd8ff91d6c9978501e04,https://cdnjs.cloudflare.com/ajax/libs/moment.js/2.30.1/locale/ms-my.min.js
fa01db296dfa5585bff7b097187ef65fcb017d636ab9900799eb53e0acee0b85,https://cdnjs.cloudflare.com/ajax/libs/jsonwebtoken/9.0.2/verify.js
fa0808809af69a68bb072ae12308224613a6b9fa058912b7ff5094597e1b6f35,https://ajax.aspnetcdn.com/ajax/globalize/1.0.0/globalize/currency.js
fa0e0261924e89f0a2bc6482321cff942a636c1d191ec8a7d0f8846f12362b75,https://cdnjs.cloudflare.com/ajax/libs/prism/9000.0.1/components/prism-lolcode.min.js
fa226c8e1e3556993260e6a5c1fe94e225da59b3418a06811fdc51d308f8bb43,https://cdnjs.cloudflare.com/ajax/libs/pako/2.1.0/pako_inflate.min.js
fa3de8510895129cfcdbd37cfcce16b5f88e225565517d944f414d7cdd9687b0,https://cdnjs.cloudflare.com/ajax/libs/react/19.1.1/cjs/react-jsx-runtime.development.js
fa4cea96ce9b95c3c8e58109eaf7a4e7e686a0608ead9496162d0019e6b5dbc0,https://ajax.aspnetcdn.com/ajax/mvc/3.0/jquery.unobtrusive-ajax.js
fa4e44c6c914d71a4890ece1f75bed9c805a649a854a81c6a217fe5e427aff17,https://cdnjs.cloudflare.com/ajax/libs/mustache.js/4.2.0/mustache.min.js
fa5ac9a016093500edd94250552b57973fef8c1e98193e86f0e98c0b52827e3b,https://cdnjs.cloudflare.com/ajax/libs/prism/9000.0.1/components/prism-gherkin.min.js
fa77f6b23884ace43199d189a596c8cd436ab20b2b6966599dd9fd589e51548f,https://cdnjs.cloudflare.com/ajax/libs/moment.js/2.30.1/locale/ms-my.js
fa79f7931473e5a244719fff9c7d7c1d2ccca2c7417a47d7bb29c020aafacf30,https://cdnjs.cloudflare.com/ajax/libs/dayjs/1.11.18/plugin/negativeYear.js
fa89d30b7e8acfd6a0200ac3e3eab645dfb0969806d16282fe5325e4897801d2,https://cdnjs.cloudflare.com/ajax/libs/i18next/25.5.2/i18next.js
faae6fc0aa94cc5bde5076647c817a23206096a1cbeda10d1c6f3d89d6163ed1,https://cdnjs.cloudflare.com/ajax/libs/font-awesome/6.4.2/webfonts/fa-brands-400.woff2
fabd2788e4a11ff0c9958bfbc019587becac24a6bb38924087768c38dff4a9f1,https://ajax.aspnetcdn.com/ajax/signalr/jquery.signalr-2.2.2.min.js
face5ef429008272af989b9b8e87ec2424a9cfa410f1eb824186fd50d5869d21,https://www.youtube.com/s/player/ce74690f/player_ias.vflset/en_US/base.js
fad8745ef0cec2e9f29b28351d8930689f2419c4a39262f54fa1713301f215de,https://cdnjs.cloudflare.com/ajax/libs/popper.js/2.11.8/esm/modifiers/arrow.js
fadbe6f072cb2d33ec258d5b1341c92162370bc56d381cb84b0c7a961ef9d8a4,https://www.youtube.com/s/player/b6e5a811/player_ias.vflset/en_US/base.js
faec63fa9bf35e462c000e650b53d7569fcabe5ba8190b27d2a4b7d25b394eef,https://img1.wsimg.com/blobby/go/static/radpack/@wsb/guac-widget-shared/lib/components/DynamicFontScaler-6cccd626.js
faf527df7eee6195b39aac346c231ef9f406862a1c1be10df9e7d9fc889e12e5,https://cdnjs.cloudflare.com/ajax/libs/cheerio/1.1.2/dist/commonjs/api/forms.js
fb37c348ede96e332fccbd6471fa5f248a3aeed1a045c08db3b50b10c9873eb3,https://cdnjs.cloudflare.com/ajax/libs/preact/10.27.2/hooks.umd.min.js
fb698db11b951aabbee98af1ce6ffca295fa04d547acf9d3a5c7d292041b0c5c,https://cdnjs.cloudflare.com/ajax/libs/moment.js/2.30.1/locale/sv.min.js
fb6a0f2609f6662ff4fb4d60a9ed632c3bace783a60974dc20dbb65770afbbc8,https://cdnjs.cloudflare.com/ajax/libs/react-transition-group/4.4.5/react-transition-group.min.js
fb78edeb7fa8a6188af3e66c47004e2b98a79bda3a4fcb9faf92a6461a3b905c,https://cdnjs.cloudflare.com/ajax/libs/prism/9000.0.1/components/prism-applescript.js
fb7e9b4b213b2b7294fd5236bb4878b62e688292cf2c07745f0c7ff00762833f,https://cdnjs.cloudflare.com/ajax/libs/dayjs/1.11.18/plugin/weekOfYear.js
fb836dd2b61e16cbb772ad0de6febaedbbf7345f32efe0b1f7dbab63369e9e1c,https://cdnjs.cloudflare.com/ajax/libs/vue/3.5.22/vue.esm-browser.js
fb8febdacefa141efeb0362ce1a759b385d09c6386e2ffa887ef0350e58b5759,https://www.youtube.com/s/player/a5ff8620/player_ias.vflset/en_US/base.js
fba57996d07215c10e9485e9c30618e6b1e59ea3f3e30aa335742270f1de488c,https://www.youtube.com/s/player/ea233d9b/player_ias.vflset/en_US/base.js
fbb8da602a76f4ed49bac3561da62d8149fa121b8fd15685bacc21355d3a3322,https://ajax.googleapis.com/ajax/libs/d3js/6.7.0/d3.min.js
fbb985d22fdf157f3c163a75cc8b472fe83d38a882372487a1e45b439bc9560f,https://cdnjs.cloudflare.com/ajax/libs/moment.js/2.30.1/locale/en-il.min.js
fbd31fddc0159b1c6e743b2bd57c1751e45916dbdd59561dab9fef720898c8d5,https://ajax.googleapis.com/ajax/libs/d3js/5.12.0/d3.min.js
fc05c7095e8bc8acbc1755aaee41178d4d9bc53cb440f6e4afd670a40235857f,https://cdnjs.cloudflare.com/ajax/libs/jose/6.1.0/jwe/flattened/decrypt.js
fc184f96dd18794e204c41075a00923be7e8e568744231d74f2fdf8921f78d29,https://ajax.googleapis.com/ajax/libs/jquery/1.8.1/jquery.min.js
fc1d94f50dd3822e1e53cb96af4f040d2ad8b5c7b984bae5e84efc7641acfada,https://ajax.aspnetcdn.com/ajax/bootstrap/3.0.3/bootstrap.min.js
fc4460d75c10518de0a5fca8c97c77a7004b22a04bdcc8f3db64c5a8d50adaf6,https://ajax.googleapis.com/ajax/libs/shaka-player/4.2.14/shaka-player.compiled.js
fc62df390de03bdf9596d8417664565c483b3a75b474a50a6dac34e3e6cec2e2,https://ajax.googleapis.com/ajax/libs/shaka-player/3.3.0/shaka-player.compiled.js
fc660648662e5ac37b337d16dfcc48393b5a0fbceacb14fa6bebda76eec7d60f,https://cdnjs.cloudflare.com/ajax/libs/cheerio/1.1.2/dist/browser/index.min.js
fc6654229cf3f6e6bb2aeb5b70dc4e6adf7f307575af9d15b7a31aab897a9988,https://cdnjs.cloudflare.com/ajax/libs/moment.js/2.30.1/locale/tk.js
fc6d5d441553b23b5ebc3c79896499a093a3285f1e6134a680b8899b5cca4c86,https://cdnjs.cloudflare.com/ajax/libs/moment.js/2.30.1/locale/ga.js
fc7e184beeda61bf6427938a84560f52348976bb55e807b224eb53930e97ef6a,https://cdnjs.cloudflare.com/ajax/libs/crypto-js/3.1.2/rollups/aes.js
fc969dc1c6ff531abcf368089dcbaf5775133b0626ff56b52301a059fc0f9e1e,https://ajax.aspnetcdn.com/ajax/bootstrap/3.3.1/fonts/glyphicons-halflings-regular.woff
fc969dc1c6ff531abcf368089dcbaf5775133b0626ff56b52301a059fc0f9e1e,https://ajax.aspnetcdn.com/ajax/bootstrap/3.3.0/fonts/glyphicons-halflings-regular.woff
fc969dc1c6ff531abcf368089dcbaf5775133b0626ff56b52301a059fc0f9e1e,https://ajax.aspnetcdn.com/ajax/bootstrap/3.2.0/fonts/glyphicons-halflings-regular.woff
fc969dc1c6ff531abcf368089dcbaf5775133b0626ff56b52301a059fc0f9e1e,https://ajax.aspnetcdn.com/ajax/bootstrap/3.1.1/fonts/glyphicons-halflings-regular.woff
fc9a93dd241f6b045cbff0481cf4e1901becd0e12fb45166a8f17f95823f0b1a,https://ajax.googleapis.com/ajax/libs/jquery/3.7.1/jquery.min.js
fc9a93dd241f6b045cbff0481cf4e1901becd0e12fb45166a8f17f95823f0b1a,https://ajax.aspnetcdn.com/ajax/jQuery/jquery-3.7.1.min.js
fc9a93dd241f6b045cbff0481cf4e1901becd0e12fb45166a8f17f95823f0b1a,https://cdnjs.cloudflare.com/ajax/libs/jquery/3.7.1/jquery.min.js
fc9a93dd241f6b045cbff0481cf4e1901becd0e12fb45166a8f17f95823f0b1a,https://code.jquery.com/jquery-3.7.1.min.js
fca2d5560acb8de760ebc94679ff210056722af8193871e75176a61a977ac30f,https://cdnjs.cloudflare.com/ajax/libs/crypto-js/4.2.0/sha1.js
fcabc8c84e75bd15eb218842cc4584b975530e517b3a60c6da7a7b65320292a4,https://cdnjs.cloudflare.com/ajax/libs/react/19.1.1/cjs/react-compiler-runtime.production.min.js
fcabc8c84e75bd15eb218842cc4584b975530e517b3a60c6da7a7b65320292a4,https://cdnjs.cloudflare.com/ajax/libs/react/19.1.1/cjs/react-compiler-runtime.profiling.min.js
fcd6166981435cc01bdfd2fb8f9e2773acfb144ab8c47e0c71473d9bdee755b0,https://cdnjs.cloudflare.com/ajax/libs/crypto-js/4.2.0/mode-ctr-gladman.js
fcec28aed943d38d78032c66eba232baddb77b60efe08e514dca80812063039e,https://cdnjs.cloudflare.com/ajax/libs/date-fns/4.1.0/locale/sr-Latn/cdn.js
fd05d643d66ceafa5c88f595f73a6317f478b210f24a08a42f9472aa72e93347,https://www.youtube.com/s/player/57f5d44f/player_ias.vflset/en_US/base.js
fd1b40a1808fb4901bb33f0905305af2e435442ada7afc74f81b0a96f0242f03,https://cdnjs.cloudflare.com/ajax/libs/compressorjs/1.2.1/compressor.min.js
fd222b36abfc87a406283b8da0b180e22adeb7e9327ac0a41c6cd5514574b217,https://ajax.aspnetcdn.com/ajax/jQuery/jquery-3.1.1.slim.min.js
fd37a8624597c5431a01ae5fe67f20d5e4e5c363ac9ac6d82da0a2885c170fb6,https://cdnjs.cloudflare.com/ajax/libs/prism/9000.0.1/components/prism-nasm.js
fd83804cc95c776d5460550ff52ed17f1cf1f6463e02224c772e95060b1e45ee,https://cdnjs.cloudflare.com/ajax/libs/dayjs/1.11.18/locale/sr-cyrl.min.js
fd8e4e42c7392715338630566b0fa802ae32881b59e7e2a125b1bf5af4451665,https://cdnjs.cloudflare.com/ajax/libs/prism/9000.0.1/components/prism-c.js
fd90b83693a92f476378c83f696ec597b72410f70d9811c215c65a87b452a06a,https://cdnjs.cloudflare.com/ajax/libs/moment.js/2.30.1/locale/hi.min.js
fda0dc90f12b1db8ea0c792c2a2cd18657a8f555b6d8b5d1d415b6122cdf6ad5,https://cdnjs.cloudflare.com/ajax/libs/date-fns/4.1.0/locale/ru/cdn.js
fda9ab9d4c8d70d4c5e54a119aefc34caa2447a9d00ab41dd4daff9437a380ad,https://cdnjs.cloudflare.com/ajax/libs/prism/9000.0.1/components/prism-fsharp.min.js
fdb08546776ec6228b03e8d02b40d4ab3255bae5f401adba7ff5dad927ac5c9c,https://cdnjs.cloudflare.com/ajax/libs/acorn/8.15.0/acorn.js
fdb819984e10758952bc35b5be3220538b21a787656794b1071fecd3d2648930,https://cdnjs.cloudflare.com/ajax/libs/pdf.js/5.4.149/images/comment-closeButton.svg
fdb88579b43b9c4ff6d5a7b8b69c0bf3baf07325df0fafd2917fdc301b0eac5f,https://ajax.aspnetcdn.com/ajax/jquery.migrate/jquery-migrate-1.1.1.min.js
fdb8a12d4dd7214ae05d7aa4f153eb8a1686fc5b16b3c15903216c2ef5778076,https://cdnjs.cloudflare.com/ajax/libs/prism/9000.0.1/components/prism-jsx.min.js
fdcb08f1b8c09bd76b047f90904114129bcc5f1fcc08a897ec297300df9f4016,https://cdnjs.cloudflare.com/ajax/libs/dayjs/1.11.18/locale/mn.min.js
fddf323f325c51f9fe2f36ad2ac271e89ba66141782a599ed4d36e9d87c2ccdf,https://www.youtube.com/s/player/b32979e9/player_ias.vflset/en_US/captions.js
fdf83466aa4d96acc29d2243fa73ebd2f35e19640eeaa8860ae19231df31f598,https://ajax.googleapis.com/ajax/libs/dojo/1.8.4/dojo/dojo.js
fdf8cb41cc4c645e798a13c26469d524b4cf418b4d49d237c10aed6b1f541c78,https://cdnjs.cloudflare.com/ajax/libs/react/19.1.1/cjs/react.react-server.production.min.js
fe004deb8ee328131762f95614b62ae70bc1f91f5ea9d31e621edd1371886993,https://cdnjs.cloudflare.com/ajax/libs/popper.js/2.11.8/esm/utils/getVariation.min.js
fe0b236b19abf68032446b695cc9435fe77f3de373ea4ec11d66933a11f7e67b,https://cdnjs.cloudflare.com/ajax/libs/request/2.88.2/lib/har.js
fe144565804557ca5f159e4f98f20d89a1243452fee8d5f0b89c2f963e0482a5,https://cdnjs.cloudflare.com/ajax/libs/prism/9000.0.1/components/prism-c.min.js
fe185d11a49676890d47bb783312a0cda5a44c4039214094e7957b4c040ef11c,https://ajax.aspnetcdn.com/ajax/bootstrap/3.4.1/fonts/glyphicons-halflings-regular.woff2
fe185d11a49676890d47bb783312a0cda5a44c4039214094e7957b4c040ef11c,https://ajax.aspnetcdn.com/ajax/bootstrap/3.4.0/fonts/glyphicons-halflings-regular.woff2
fe185d11a49676890d47bb783312a0cda5a44c4039214094e7957b4c040ef11c,https://ajax.aspnetcdn.com/ajax/bootstrap/3.3.7/fonts/glyphicons-halflings-regular.woff2
fe185d11a49676890d47bb783312a0cda5a44c4039214094e7957b4c040ef11c,https://ajax.aspnetcdn.com/ajax/bootstrap/3.3.6/fonts/glyphicons-halflings-regular.woff2
fe185d11a49676890d47bb783312a0cda5a44c4039214094e7957b4c040ef11c,https://ajax.aspnetcdn.com/ajax/bootstrap/3.3.5/fonts/glyphicons-halflings-regular.woff2
fe185d11a49676890d47bb783312a0cda5a44c4039214094e7957b4c040ef11c,https://ajax.aspnetcdn.com/ajax/bootstrap/3.3.4/fonts/glyphicons-halflings-regular.woff2
fe185d11a49676890d47bb783312a0cda5a44c4039214094e7957b4c040ef11c,https://ajax.aspnetcdn.com/ajax/bootstrap/3.3.2/fonts/glyphicons-halflings-regular.woff2
fe19dcc22695007cccbd794f859676e9d25356d48be2fe1a158650405a34e81f,https://cdnjs.cloudflare.com/ajax/libs/marked/16.3.0/lib/marked.umd.min.js
fe3381d99468a4ba581fe21adc7a55d327213d6142ef2643055fe5f69858a274,https://maps.googleapis.com/maps-api-v3/api/js/62/13e/map.js
fe563cdd2c31c9134af5528834125aaadd9a100c8d8c2a7dd344a1e50b85e9a9,https://cdnjs.cloudflare.com/ajax/libs/moment.js/2.30.1/locale/eu.min.js
fe5774e4d8b81be61a8e088f81badc0162068a4c32865e4ad633b8c87e7f19b1,https://cdnjs.cloudflare.com/ajax/libs/prism/9000.0.1/plugins/ie8/prism-ie8.js
fe6751abb24df5f7f5a46c3ba0f83b3ff83512451419f6607a3bd81d00987782,https://cdnjs.cloudflare.com/ajax/libs/date-fns/4.1.0/locale/gd/cdn.min.js
fe685708738b876c2e06637caa0e4bb989e948e61bffd4689b1ab46762ffed2e,https://cdnjs.cloudflare.com/ajax/libs/prism/9000.0.1/components/prism-nsis.min.js
fe7f2bd9960526c0c5d8ccd01464747a15c9884bf3cc7a7fa8a5bbca1988c361,https://cdnjs.cloudflare.com/ajax/libs/fuse.js/7.1.0/fuse.basic.js
fea0f9f886c2cbbf8ebb9867c9375340e8de4594d15fea63b6e2c34a29a7d6a9,https://cdnjs.cloudflare.com/ajax/libs/preact/10.27.2/compat.umd.min.js
feaa780a74238395ad2247c56c07c8fd0cc83f8b36adc9da16540768fb1d7272,https://cdnjs.cloudflare.com/ajax/libs/dayjs/1.11.18/locale/eu.min.js
fedb05ee0dd510514ed9edb24b3b4da2707931279a0bf48e2a1deb3a1f4cf581,https://cdnjs.cloudflare.com/ajax/libs/pdf.js/5.4.149/images/cursor-editorFreeText.svg
fee83c4714630482ba6749f188d157b619d86b6326d5e93ba3ffe4273d4e64b4,https://www.youtube.com/s/player/c6d7bdc9/www-player.css
fee83c4714630482ba6749f188d157b619d86b6326d5e93ba3ffe4273d4e64b4,https://www.youtube-nocookie.com/s/player/c6d7bdc9/www-player.css
fee83c4714630482ba6749f188d157b619d86b6326d5e93ba3ffe4273d4e64b4,https://www.youtube.com/s/player/87644c66/www-player.css
fee83c4714630482ba6749f188d157b619d86b6326d5e93ba3ffe4273d4e64b4,https://www.youtube-nocookie.com/s/player/87644c66/www-player.css
ff1523fb7389539c84c65aba19260648793bb4f5e29329d2ee8804bc37a3fe6e,https://ajax.googleapis.com/ajax/libs/jquery/3.6.0/jquery.min.js
ff1523fb7389539c84c65aba19260648793bb4f5e29329d2ee8804bc37a3fe6e,https://ajax.aspnetcdn.com/ajax/jQuery/jquery-3.6.0.min.js
ff1523fb7389539c84c65aba19260648793bb4f5e29329d2ee8804bc37a3fe6e,https://cdnjs.cloudflare.com/ajax/libs/jquery/3.6.0/jquery.min.js
ff1523fb7389539c84c65aba19260648793bb4f5e29329d2ee8804bc37a3fe6e,https://code.jquery.com/jquery-3.6.0.min.js
ff2dc3f235ca775506026287041f5de56d2c9e4b7fe30ce43b4222a606984d59,https://cdnjs.cloudflare.com/ajax/libs/cheerio/1.1.2/dist/commonjs/options.min.js
ff2e8352962c2d13d114356c863701f2473651f6491639e1826ab417d0377f90,https://cdnjs.cloudflare.com/ajax/libs/moment.js/2.30.1/locale/sl.js
ff322c0caf88fcccb03c196d4b4faa6e367494a2b53fca612d64aea6076734df,https://cdnjs.cloudflare.com/ajax/libs/prism/9000.0.1/plugins/line-numbers/prism-line-numbers.js
ff4dc89709232c150155e2c60fd4890920054667b8f37a2492633cc9ca0a752a,https://www.youtube.com/s/player/4f43eb64/player_ias.vflset/en_US/base.js
ff4e4975ef403004f8fe8e59008db7ad47f54b10d84c72eb90e728d1ec9157ce,https://ajax.googleapis.com/ajax/libs/jquery/1.7.0/jquery.min.js
ff4e4975ef403004f8fe8e59008db7ad47f54b10d84c72eb90e728d1ec9157ce,https://ajax.aspnetcdn.com/ajax/jQuery/jquery-1.7.min.js
ff5ebf00d100f610caa956ea22c45584e34067f762c2e9811326d5903ccd819c,https://cdnjs.cloudflare.com/ajax/libs/moment.js/2.30.1/locale/gom-deva.js
ff67ae317e639b85d625c555caaed84dabe2083fc9e1dad66ae67345157cc0a1,https://cdnjs.cloudflare.com/ajax/libs/moment.js/2.30.1/locale/fy.min.js
ff7d3f011535c04a8a1325f40c1fc5b4bfa55ce3308fd7a2733c09825df6eaae,https://www.youtube.com/s/player/911df14e/player_ias.vflset/en_US/base.js
ffb954a93b7e5962a0bdf3ee9e436f7b94c1a134805518ceef3880c1f0c52c01,https://www.youtube.com/s/player/712f0810/player_ias.vflset/en_US/captions.js
ffb954a93b7e5962a0bdf3ee9e436f7b94c1a134805518ceef3880c1f0c52c01,https://www.youtube.com/s/player/88c25a98/player_ias.vflset/en_US/captions.js
ffce8dc6b782620c6238a5b2280c5a98f6bef8c77fa80e581fac8cce0f08effe,https://cdnjs.cloudflare.com/ajax/libs/crypto-js/4.2.0/md5.js
ffd3d7eb16c537f3f7c74fb8ffed7d955dc8303b1a011f79951fda64a7555886,https://cdnjs.cloudflare.com/ajax/libs/dayjs/1.11.18/locale/ar-tn.js
ffd4e008c406ffbd4f41dc235bc04728583ea0b9c702fd8091734b45ea7ddcf6,https://www.youtube.com/s/player/4b9ae131/player_ias.vflset/en_US/base.js
fff0c0fbfb7c7caae9a0b4c6866550ead213c3e18ff516c5208578b68d40408d,https://cdnjs.cloudflare.com/ajax/libs/dayjs/1.11.18/locale/zh-cn.min.js
fff899536be399f58cbef297bdbe46b471dea5a956f357e23f48441419511914,https://www.youtube.com/s/player/5cabb421/player_ias.vflset/en_US/captions.js
ffffe512340e2af53afbb23f13ea6ac3cf61ea1c054ce1a837237443cdebb5f1,https://cdnjs.cloudflare.com/ajax/libs/dayjs/1.11.18/locale/be.min.js
