sha256,url
0070d3663d0dfb74239970302a2833ef7fc952341dfc438c7d208b0f0626924d,https://cdnjs.cloudflare.com/ajax/libs/popper.js/2.11.8/esm/modifiers/preventOverflow.js
00779cf25c179c89ff359a5544dea41850efb1c227f5c081cac04cf637ff53a8,https://cdnjs.cloudflare.com/ajax/libs/jsonwebtoken/9.0.2/sign.js
0077f6bc99c96ad631a21fea31c6d6ac7447886df94c8b9ff386b92b0aceabcd,https://cdnjs.cloudflare.com/ajax/libs/prism/9000.0.1/themes/prism-coy.min.css
00943b14f17989f795d1c0666119668cfc5c358b7b13dd1171935c9a9b759956,https://cdnjs.cloudflare.com/ajax/libs/moment.js/2.30.1/locale/nn.min.js
00bb2c0b421a521a91d3569c1aeb86dde8d403d7d98c2469fd0d32ce5a8c70bf,https://cdnjs.cloudflare.com/ajax/libs/acorn/8.15.0/acorn.min.js
00d079ea67e5afd2bcdfd972cdaa4a46d6389d3f1110c753acda28da86fe72d9,https://cdnjs.cloudflare.com/ajax/libs/dayjs/1.11.18/plugin/isBetween.js
00ffa9faa229a4bbb5b01684d23fbe0838ce2a2f9d59d3480c8eae1dfe17fd66,https://cdnjs.cloudflare.com/ajax/libs/moment.js/2.30.1/locale/mk.min.js
0133913bbd657c14deef3196c2417b01b9872e5007c875d95b4b9b6793a24fa1,https://cdnjs.cloudflare.com/ajax/libs/jose/6.1.0/lib/iv.js
01452ebd22d4acf16831123f9a5f0a380c7c2ecd82b1b6de8c5c47ce9e137d32,https://cdnjs.cloudflare.com/ajax/libs/date-fns/4.1.0/locale/kk/cdn.min.js
015564ad4e0507f591087e05371153d0a633937701649c0154c8025709d579c0,https://cdnjs.cloudflare.com/ajax/libs/jose/6.1.0/util/decode_protected_header.js
01b837409a1ee03d8269886915f10ae1b9460b2cc42cc5f6fac862f7360ba103,https://cdnjs.cloudflare.com/ajax/libs/moment.js/2.30.1/locale/km.js
01c5b468ffa0427e535e3019165d2efd2489650ec9cf1379d6ab79fdbf75736b,https://cdnjs.cloudflare.com/ajax/libs/html2canvas/1.4.1/html2canvas.js
0212cc713a890d6d18cd0a6730e05beb9371b20ce9cfb5278f0167fac46ccff4,https://cdnjs.cloudflare.com/ajax/libs/prism/9000.0.1/themes/prism-funky.min.css
02ae2ac765490e8b14268863564e925582734d33011e2a24f229e5cc6cb24310,https://cdnjs.cloudflare.com/ajax/libs/jose/6.1.0/util/decode_jwt.js
032ebde1ea4e22fe0001657d01bb3bb86be7adcfa9397cae6b9e0945e7a33dd9,https://cdnjs.cloudflare.com/ajax/libs/popper.js/2.11.8/esm/modifiers/arrow.min.js
033318b8870b4a942c02fe04f8a9dce0930d9160399671f4c21806083681d994,https://cdnjs.cloudflare.com/ajax/libs/request/2.88.2/lib/auth.js
035b51e42b4c6ffde07b7e1e1fa4a3697162e636de303d15f8d6588045afbe09,https://cdnjs.cloudflare.com/ajax/libs/react-select/5.10.2/useAsync-6b7b2aae.cjs.dev.js
036154641aa4cba94ac8a65b98af75d2fa0ec29156674947d1148fa146689dc3,https://cdnjs.cloudflare.com/ajax/libs/moment.js/2.30.1/locale/id.js
0373e960e7b7b4767dab923dde50008a3c6098e245454300a04f599f3cbe266f,https://cdnjs.cloudflare.com/ajax/libs/date-fns/4.1.0/locale/gu/cdn.min.js
038696d103dd2fd9cf027e818c27e9fd572ade9db63499049078e0699a3ce7ff,https://cdnjs.cloudflare.com/ajax/libs/dayjs/1.11.18/locale/de-ch.min.js
03a1e997cfd3a2f5cd6169306d4371067cea9cf659d4d458e7dceb0ba521c026,https://cdnjs.cloudflare.com/ajax/libs/pako/2.1.0/pako_deflate.js
03a8ec00db105b3b813902400ed65169d12ecd382fa13402fd62c55e251caacc,https://cdnjs.cloudflare.com/ajax/libs/crypto-js/4.2.0/evpkdf.js
03aa11e194918de26a87dcac6d4dc886519f02eb8d9fba4912f6ab0da6a39318,https://cdnjs.cloudflare.com/ajax/libs/dayjs/1.11.18/locale/hy-am.min.js
03d39ea220b40c0095a5b33c172afe33e631bb43be84cf9269f533ee5aec7a47,https://cdnjs.cloudflare.com/ajax/libs/request/2.88.2/lib/querystring.js
03d59389aec95bdcef34ae6535cf301c1c6bcc5f5d3bc38a07225058b6e9f256,https://cdnjs.cloudflare.com/ajax/libs/popper.js/2.11.8/esm/utils/getBasePlacement.js
040a2918bec8cb8ba0a6303fa3c1bbfd899bc8644643e8ac493e3c08a0c09097,https://cdnjs.cloudflare.com/ajax/libs/crypto-js/4.2.0/format-hex.js
040e0667057be5fd844c522e655ac4f5db5be322821362727d338e741836e693,https://cdnjs.cloudflare.com/ajax/libs/KaTeX/0.16.9/contrib/render-a11y-string.min.js
046805acb0a76fd8300ddaa089a19c09cf459013d93006af66fc5ef938376a65,https://cdnjs.cloudflare.com/ajax/libs/dayjs/1.11.18/locale/ku.js
0479aef320d90c7e8b031da329e9fe9246f0bba0ad8eaef18ca823a5e3c55bf0,https://cdnjs.cloudflare.com/ajax/libs/react-dropzone/14.3.8/index.js
04842486a6e67a650008c844904d29aa541cfbaf2d0e38de6cb6eda33ed6d944,https://cdnjs.cloudflare.com/ajax/libs/dayjs/1.11.18/locale/bg.min.js
04bfee4dc8aa2efb3aab657e5536de1aaebaa426dbed96cdaf1fc040504dafaf,https://cdnjs.cloudflare.com/ajax/libs/dayjs/1.11.18/locale/tlh.min.js
04c0c960330c44a1bb247834fecaa9769275157e0815cea635845fe7942c8152,https://cdnjs.cloudflare.com/ajax/libs/tailwindcss/4.1.13/flatten-color-palette.min.js
04f5bf8b514d4fdd9854a0bad949b87c2f3db5233ff45869d97d8ddece0d1c92,https://cdnjs.cloudflare.com/ajax/libs/jose/6.1.0/lib/ecdhes.js
051c4d50c65c0c74376694ca4822d12787c05f832888adb01b2766fc1c3e9a7d,https://cdnjs.cloudflare.com/ajax/libs/date-fns/4.1.0/locale/ca/cdn.min.js
052dfc79ac1c253cc2cfb79c47804d31c2fbf63724e70c541aa14c470dd4b8ac,https://cdnjs.cloudflare.com/ajax/libs/cheerio/1.1.2/dist/browser/types.js
052dfc79ac1c253cc2cfb79c47804d31c2fbf63724e70c541aa14c470dd4b8ac,https://cdnjs.cloudflare.com/ajax/libs/cheerio/1.1.2/dist/esm/types.js
055aed429377275b84f1022fc6d39a18b76760d1e634050cfe2fcb87313efa38,https://cdnjs.cloudflare.com/ajax/libs/popper.js/2.11.8/esm/popper-base.min.js
0575c8ba66974f2eb3d7d74e16a265c40dbfe7802cefdecc9f196f92c0ecee97,https://cdnjs.cloudflare.com/ajax/libs/moment.js/2.30.1/locale/de-at.js
05985f80c24829d4a519215aa84d106648f127dc8b6dc41099b8cafc9f050c23,https://cdnjs.cloudflare.com/ajax/libs/jsonwebtoken/9.0.2/decode.min.js
05d100692e8cdd4a6b3b0eb56eb37c9c64dacab3254aaeba18c24689b18a6cf8,https://cdnjs.cloudflare.com/ajax/libs/moment.js/2.30.1/locale/cy.js
05e4fb4f299eb28636e7a0543998ae2e1e2665ba508cf157baec90212ba85243,https://cdnjs.cloudflare.com/ajax/libs/popper.js/2.11.8/esm/utils/getMainAxisFromPlacement.js
06373d8698a4f77ee51aaceff5f6fe6ab42eedbff5b8722c20e96003fada8d4f,https://cdnjs.cloudflare.com/ajax/libs/react/19.1.1/cjs/react-jsx-dev-runtime.react-server.production.min.js
06373d8698a4f77ee51aaceff5f6fe6ab42eedbff5b8722c20e96003fada8d4f,https://cdnjs.cloudflare.com/ajax/libs/react/19.1.1/cjs/react-jsx-runtime.react-server.production.min.js
064333d1c4477d2752ef19ce2f6dabd75f96ec8b699aee7cb3f60502cb9e723d,https://cdnjs.cloudflare.com/ajax/libs/date-fns/4.1.0/locale/sq/cdn.min.js
06763f560b9583779da8c49e6ee660bc5f03761555a35ac5115c3bc4dd83359b,https://cdnjs.cloudflare.com/ajax/libs/moment.js/2.30.1/locale/nl-be.min.js
0678afdaddedcc9ea79652dfe4ad681a8e59570fcc01349f1c856ee0273eaead,https://cdnjs.cloudflare.com/ajax/libs/popper.js/2.11.8/esm/modifiers/computeStyles.min.js
06b5c81c9e4ecd978c28813815c315f67670ab5e96629b6f527dde4941166f1a,https://cdnjs.cloudflare.com/ajax/libs/prism/9000.0.1/prism.min.js
06c63950455a018f59d9cc704fdbb62b4e80bba24a1b800d1d507db476fd09c3,https://cdnjs.cloudflare.com/ajax/libs/prism/9000.0.1/components/prism-markdown.min.js
06e8cd72c23d7f6f383e2c668c89602f48885e63f041312355cae8207c30bc0d,https://cdnjs.cloudflare.com/ajax/libs/moment.js/2.30.1/locale/se.min.js
06f187d9c0c36f65f40cebb57695df3471ec961ec515f899b843a73e8d11b975,https://cdnjs.cloudflare.com/ajax/libs/dayjs/1.11.18/locale/ms.js
0723c8f2d3a10b6ad455af1d292c8733c0175daa2b779462f08465ae4807b9a4,https://cdnjs.cloudflare.com/ajax/libs/dayjs/1.11.18/locale/fa.js
073ec2288361fc4cd99e9acdfb4d54bbaa72848b3046c8ce4944d19e02908cb5,https://cdnjs.cloudflare.com/ajax/libs/dayjs/1.11.18/locale/fo.min.js
073f46b043e92b4b992ff35f0eb940dc06cd39476ca3464aa7c86faa5a06169d,https://cdnjs.cloudflare.com/ajax/libs/dayjs/1.11.18/locale/bi.min.js
074aef5d2ee9a61eb4b19d79eeffd325557e061d803c4f9fb44e603ce3036276,https://cdnjs.cloudflare.com/ajax/libs/styled-components/6.1.19/styled-components.cjs.min.js
07779fc271620893debffc460e16f00d0d4528d8e5644c4fe0030e5570238578,https://cdnjs.cloudflare.com/ajax/libs/dayjs/1.11.18/locale/uz-latn.js
0781370119d99c926c7fa75096cd15141728e209bd08bdd43def4b6612c84532,https://cdnjs.cloudflare.com/ajax/libs/react-dom/19.1.1/cjs/react-dom-server.edge.development.min.js
0793aede068b7ec9112541adde525734fd8b6a6d0ae88f61cf0df451f4fd955c,https://cdnjs.cloudflare.com/ajax/libs/date-fns/4.1.0/locale/hu/cdn.js
0801533f132e494d1df84ef6c1e57383d0c549bcd3857ec3b7661aa3ce43c840,https://cdnjs.cloudflare.com/ajax/libs/crypto-js/4.2.0/x64-core.min.js
083a5182f407e537a01ca0c6c39e7b95914127be78c07edd518748881b09e04a,https://cdnjs.cloudflare.com/ajax/libs/dayjs/1.11.18/locale/cy.js
086a7301f1cf3f83306c96149b0567f98a348dd258a693ba83c70786755df84c,https://cdnjs.cloudflare.com/ajax/libs/popper.js/2.11.8/esm/enums.js
08a681bf4b42e9b7f289f722a3b1b277d1a1d90c3aa201742d8789fdd19306e8,https://cdnjs.cloudflare.com/ajax/libs/moment.js/2.30.1/locale/en-ie.js
08fe0e537e3c8d91f3a6f54dbf4f69f891170b7bca3571f7e26e3a9e213da5fb,https://cdnjs.cloudflare.com/ajax/libs/cheerio/1.1.2/dist/commonjs/parsers/parse5-adapter.js
08ff132ba18de1678e18a9f68bcad39cc970c94f7d219850468b2a7510cff0ce,https://cdnjs.cloudflare.com/ajax/libs/bignumber.js/9.3.1/bignumber.js
091d6e3319a3607958c8db8d192853aa5ef6aa1b8d88d115cd6706dec2232035,https://cdnjs.cloudflare.com/ajax/libs/co/4.1.0/index.js
094b86894caae8e3765d1c70ea7632ad43fb1303bdda8287182c0993b75eeed5,https://cdnjs.cloudflare.com/ajax/libs/date-fns/4.1.0/locale/nl/cdn.js
0967a6b6d909d8d8b4761182e6805d895b4591e39c83fdb8f0d1690c1297bc73,https://cdnjs.cloudflare.com/ajax/libs/react-dom/19.1.1/cjs/react-dom-server-legacy.browser.development.min.js
09fe10dbec6566ef05db3401ddc4ab76dc6313f6bc57cb8dcb3c5fbe0a29c3de,https://cdnjs.cloudflare.com/ajax/libs/react-select/5.10.2/useStateManager-7748b351.cjs.dev.min.js
09fe10dbec6566ef05db3401ddc4ab76dc6313f6bc57cb8dcb3c5fbe0a29c3de,https://cdnjs.cloudflare.com/ajax/libs/react-select/5.10.2/useStateManager-ce23061c.cjs.prod.min.js
0a466377e5ae4241ce2c6075205c59fc9a86b5e3d582e25bffe50204c0c08544,https://cdnjs.cloudflare.com/ajax/libs/date-fns/4.1.0/locale/ja/cdn.min.js
0ab2a34408d113840fdbf0bf78849e35fd57bd678ab69e4eb9d4e3bc9048feae,https://cdnjs.cloudflare.com/ajax/libs/moment.js/2.30.1/locale/pa-in.min.js
0adf53b8eb4c3b61990f0ee4e66edb4e9f58021ff3686c1e4a57b6eadba39cb0,https://cdnjs.cloudflare.com/ajax/libs/date-fns/4.1.0/locale/en-NZ/cdn.min.js
0af164ea2d9615077c31029df784b1b61ee3e4675efb32060299bfcebffb12c5,https://cdnjs.cloudflare.com/ajax/libs/moment.js/2.30.1/locale/ar-dz.js
0afce601d6d2a71b33b3ecb11377406b540baa1b580c8b0c11a1963cfea6d533,https://cdnjs.cloudflare.com/ajax/libs/moment.js/2.30.1/locale/mi.min.js
0b1f20d4249511bf7d4bb783555bbf261848aa2edcf4668c38bc1849fd62d4d9,https://cdnjs.cloudflare.com/ajax/libs/dayjs/1.11.18/locale/it-ch.js
0b295284d72b9d60a98e96816e66a999b4a99cc5755cb2f76af30cff76951bb1,https://cdnjs.cloudflare.com/ajax/libs/jose/6.1.0/lib/is_jwk.js
0b2aca17f832260b4f3107a01c4734cc58e583078405570983c5ba6197510fc0,https://cdnjs.cloudflare.com/ajax/libs/styled-components/6.1.19/styled-components.browser.cjs.js
0b4323032ee41395315f7aef8ddc6f645f93c5bbfb6ff3301993647765d214e4,https://cdnjs.cloudflare.com/ajax/libs/exceljs/4.4.0/exceljs.bare.js
0bb712c216b7361cefa2385c6ca80e0e018a5dd4101ea44010963539cd4ff94c,https://cdnjs.cloudflare.com/ajax/libs/date-fns/4.1.0/locale/hi/cdn.js
0c0d58be2106c14e242fc75bc09a17467800630751580665f6e9552a0c064ea2,https://cdnjs.cloudflare.com/ajax/libs/d3/7.9.0/d3.js
0c16091947c28ec153e281cd303d8b3867bd1d964607af6ad4f264ccd9e512e7,https://cdnjs.cloudflare.com/ajax/libs/xlsx/0.18.5/shim.min.js
0c4f6e6a287ef5856ab7c762883769dc573648a3c5b0f5c32004f6bc0fda85cd,https://cdnjs.cloudflare.com/ajax/libs/react-dom/19.1.1/cjs/react-dom-profiling.profiling.js
0c537fde1f724140e6a3ab103ab900d0bb1ebfb91829aacedb85bd0e5489afbb,https://cdnjs.cloudflare.com/ajax/libs/popper.js/2.11.8/esm/index.min.js
0c5aa86d97dc5216e8f47bfd65e3ff695c676da22091fa15124536c061e430d3,https://cdnjs.cloudflare.com/ajax/libs/xlsx/0.18.5/xlsx.extendscript.js
0c6c812ddf3498c77113bc3157b534c97e59101e15c7aeb9d97a2d9de26b06e5,https://cdnjs.cloudflare.com/ajax/libs/handlebars.js/4.7.8/handlebars.runtime.amd.min.js
0c80d2a8df26e65cb5bfd72cce11d71865432f047d07f29ca90e2d8733358612,https://cdnjs.cloudflare.com/ajax/libs/date-fns/4.1.0/locale/ro/cdn.js
0cbba19608520cf38497e819c64887063d1b5be0faff1003ab1c26dc216e3425,https://cdnjs.cloudflare.com/ajax/libs/canvas-confetti/1.9.3/confetti.js
0cdcf74b81dd183f8da7eaa754edffd74452c7d6a47b21aaab49749e542994a5,https://cdnjs.cloudflare.com/ajax/libs/prism/9000.0.1/plugins/wpd/prism-wpd.min.css
0ce9b7cf5dbc380e3abca8b653fb30ac02b5ba6c69609e18bd581539a3cb87e3,https://cdnjs.cloudflare.com/ajax/libs/date-fns/4.1.0/locale/ar-TN/cdn.js
0cf8e568dbd5673a4278322bbe767f1cbf8a401044834ee69d390b6d076546de,https://cdnjs.cloudflare.com/ajax/libs/prism/9000.0.1/components/prism-csharp.min.js
0d034309eedbd03f17e22dbd963c8cc8d490c8e877f39c6c4081636d1cd28fca,https://cdnjs.cloudflare.com/ajax/libs/moment.js/2.30.1/locale/bg.js
0d4ebcb318d9c0c83eb281218b7fd4f8d8b7037291891d3066ed938ab182e98d,https://cdnjs.cloudflare.com/ajax/libs/dayjs/1.11.18/locale/hr.js
0d587d000c29780526ae04e28d64d223d6f39ba2c2ec31a2689c1f43bc117751,https://cdnjs.cloudflare.com/ajax/libs/jose/6.1.0/jwt/encrypt.js
0d8a08574cc28602738aca72bed6364e88dd93fb2131a20c06630e3dd7565945,https://cdnjs.cloudflare.com/ajax/libs/moment.js/2.30.1/locale/ss.js
0da3ffbc71dbd7b9dd4f48c229649862af6651f9fd782e92a9402e86d3e25422,https://cdnjs.cloudflare.com/ajax/libs/jose/6.1.0/jwt/decrypt.js
0dd4b364cba510138270fd6a158cfda4d14c3469765e848dbe6206d00c8a5a3b,https://cdnjs.cloudflare.com/ajax/libs/styled-components/6.1.19/styled-components.browser.esm.js
0e3342ab5b6ce8691cde3e1eec73f4dd37cb3b4f44b255489844ac0b66922aac,https://cdnjs.cloudflare.com/ajax/libs/react-dom/19.1.1/cjs/react-dom-server-legacy.node.production.js
0e3c5660ba61dcda1c52b7c47123a54415fdc035ab17c08d4febe67632223d5e,https://cdnjs.cloudflare.com/ajax/libs/protobufjs/7.5.4/protobuf.js
0e5416f145e7bf16c58504356c732fe7e99671f4696194c5b140a252db02f0af,https://cdnjs.cloudflare.com/ajax/libs/handlebars.js/4.7.8/handlebars.min.js
0e54f6e313605e71de3e0adb0bc729bb58ac80cd9ca56e2a53cb198a080c260a,https://cdnjs.cloudflare.com/ajax/libs/dayjs/1.11.18/locale/gom-latn.min.js
0e8a0459212cddbe0ab6574fe5ceca753218fc7601931eb561d7b1e564d5adfa,https://cdnjs.cloudflare.com/ajax/libs/react-dom/19.1.1/cjs/react-dom-test-utils.development.min.js
0eaec1477855074890086a803e6947064343ad8256d1818c15c78404217a3fe9,https://cdnjs.cloudflare.com/ajax/libs/handlebars.js/4.7.8/handlebars.runtime.amd.js
0efaf3f4f9f850bd8a6f63c060eb0d8641829bfde6691cc9a08af46a4a55f765,https://cdnjs.cloudflare.com/ajax/libs/dayjs/1.11.18/locale/es-pr.min.js
0f02f1a048081906afe5dfeb0b5782b3f447bd692d5e8828d6561739229050b1,https://cdnjs.cloudflare.com/ajax/libs/dayjs/1.11.18/locale/yo.js
0f1019d09ca7b81a9603f17d1e04aadfd406dead7c8312c172f75b94efb8e6b3,https://cdnjs.cloudflare.com/ajax/libs/popper.js/2.11.8/esm/dom-utils/getDocumentRect.js
0f1f5bbc9eaf020931f8cb54ae085e51c41c0761ffc7fd265dbb60cbe7d84076,https://cdnjs.cloudflare.com/ajax/libs/moment.js/2.30.1/locale/mn.js
0f6041f042ef7d23dc6b229dfd7b6f7af75aa192a72a458d82471cd2c0ac61f2,https://cdnjs.cloudflare.com/ajax/libs/mustache.js/4.2.0/mustache.js
0f7a81a109713ed1ff8483cf38139dd627a0c94d78359caf33d8d48ea4eeaec9,https://cdnjs.cloudflare.com/ajax/libs/prism/9000.0.1/plugins/file-highlight/prism-file-highlight.min.js
0f95ce30d9f763e4a9fd3e0b0b2e5ae00e6cd11c3ebfafee34bd18c14aeb53f7,https://cdnjs.cloudflare.com/ajax/libs/react-dom/19.1.1/cjs/react-dom-profiling.development.min.js
0faac66c7ab75c471a77994a80c309bd76186402fed99f0cbab900e809c58f11,https://cdnjs.cloudflare.com/ajax/libs/jsonwebtoken/9.0.2/sign.min.js
0fc824c3945995ed5196f6d49c98c43dc6088b602204ec757292674829c7a6c9,https://cdnjs.cloudflare.com/ajax/libs/big.js/7.0.1/big.min.js
0ff6f67c7f10cf49f031faf20f5b2d4196b3b9232348ed7496cc66c70f47f284,https://cdnjs.cloudflare.com/ajax/libs/nanoid/5.1.6/index.browser.js
0ff7a3d3d01b9b1e18b75be440a576997b347aba36437baedede771a072fa87c,https://cdnjs.cloudflare.com/ajax/libs/dayjs/1.11.18/locale/kk.js
100d07294dd021e92b3862ae41babb028f546452c7e7023dbad3260c56674fae,https://cdnjs.cloudflare.com/ajax/libs/prism/9000.0.1/components/prism-bash.js
1014825ddffb622f9efb2ff06d2e8e267a09cb0cf1c14e83c488097f061d9f19,https://cdnjs.cloudflare.com/ajax/libs/date-fns/4.1.0/locale/te/cdn.min.js
10240845c667ebe892003a384cb6b80de68e0c5e1eb8e9fda9acc99ab6f3c2d0,https://cdnjs.cloudflare.com/ajax/libs/popper.js/2.11.8/esm/dom-utils/isLayoutViewport.js
1069f164c60b49eea711c9e234d64468a692b17fadcd8e44c0a1e249c92ce2e0,https://cdnjs.cloudflare.com/ajax/libs/prism/9000.0.1/themes/prism-okaidia.css
108a879e6a91921b36cc880cf899afaa2b363c0078189af0b3753d8843d70dd1,https://cdnjs.cloudflare.com/ajax/libs/crypto-js/4.2.0/hmac-sha224.min.js
10da634f8ce8a2ccd5392e2404cb3f093dc129d3dda4b21427c269ed15390353,https://cdnjs.cloudflare.com/ajax/libs/moment.js/2.30.1/locale/ml.min.js
10e96ded65e325f6563415da3ac40374f13930ddfb1affd05715977ca9113f0e,https://cdnjs.cloudflare.com/ajax/libs/dayjs/1.11.18/locale/pa-in.js
115f56c211a1bc5759ff8701f50ed51f51d1b0a11e454adab49974e04d4d0053,https://cdnjs.cloudflare.com/ajax/libs/dayjs/1.11.18/locale/rw.min.js
11748ae7463dddd465341643ba5d09025c4b0769009ddfa84228270b9448bac2,https://cdnjs.cloudflare.com/ajax/libs/typescript/5.9.2/typescript.min.js
11bef43ab72ea51dbdba9ed27fe9e0aea990056d43b0f81a52b8851f995498d3,https://cdnjs.cloudflare.com/ajax/libs/jose/6.1.0/jwk/thumbprint.js
11ce416be2b2866f2cf34605040a58ccae057e186479dd556c4d6f8bb6d7d931,https://cdnjs.cloudflare.com/ajax/libs/popper.js/2.11.8/cjs/popper-lite.js
11d26c11f858b74bf0f106c74ddb579a112d3e7321fd684365a77ba2a7a5dffc,https://cdnjs.cloudflare.com/ajax/libs/crypto-js/4.2.0/hmac-sha256.js
11e33ccd0430f7722be1fa1f85d9637e8c1de65a64d2e9252ff80a58727ca529,https://cdnjs.cloudflare.com/ajax/libs/dayjs/1.11.18/locale/ss.js
123521ce388e19a8def20dc0ab94e2412f73f07adc31091b80946f20dfb6c3fb,https://cdnjs.cloudflare.com/ajax/libs/canvas-confetti/1.9.3/confetti.min.js
1241f9d2e0b478ee24d4e94558813a913cb115c6d080c64831f4a85d825b846e,https://cdnjs.cloudflare.com/ajax/libs/date-fns/4.1.0/locale/lt/cdn.min.js
129a81b6681a9663513fafdc77e660d1bf4e303858b930642105b041c42ca063,https://cdnjs.cloudflare.com/ajax/libs/popper.js/2.11.8/esm/dom-utils/listScrollParents.js
12bd1258d316550e017f4319548e39c5bd5a2b23a2f9e752540d552f6bae1c49,https://cdnjs.cloudflare.com/ajax/libs/date-fns/4.1.0/locale/nb/cdn.min.js
1339d4170019588a6764a56236c2a7c5b2389ace52a9ec5e8c09f1997935741f,https://cdnjs.cloudflare.com/ajax/libs/moment.js/2.30.1/locale/fi.js
1386e8047c47ebc057a0503456a9db4eed7b22459b3bb5fe3faab9074344fefd,https://cdnjs.cloudflare.com/ajax/libs/dayjs/1.11.18/locale/pt-br.min.js
1399a55c3986cb8059f337ecbae4254d2e0997efb90f313c7a1170910d6bb1f1,https://cdnjs.cloudflare.com/ajax/libs/prism/9000.0.1/components/prism-julia.min.js
139c389476b93fdc72474f194c085754a1b20244dcbd1cd8de11cec3a93b1b66,https://cdnjs.cloudflare.com/ajax/libs/prism/9000.0.1/components/prism-css.js
13b447c62adfb244aa52d93a93af10930b5ec9358cabfa01bfce39c8b0174423,https://cdnjs.cloudflare.com/ajax/libs/react-dom/19.1.1/cjs/react-dom-server.node.development.min.js
13d14d97ae494b9a6a40dcb73153c923f01e4c7f37e582abcdc4c81adcea0ad9,https://cdnjs.cloudflare.com/ajax/libs/jose/6.1.0/key/export.js
13d2ac289d324edca63a2612a04445122ed7dffac1ebceb3448c63764e590bde,https://cdnjs.cloudflare.com/ajax/libs/dayjs/1.11.18/locale/es-mx.js
13e91a4c4a9387dacd0e05e6ba9f3bdf999ff8f0b4a40865f07ccfa78eee3d1c,https://cdnjs.cloudflare.com/ajax/libs/dayjs/1.11.18/plugin/toArray.js
142513f28efcc960719268c7e390ebc97e31aee8f3cff3a5f57475689dd43026,https://cdnjs.cloudflare.com/ajax/libs/date-fns/4.1.0/locale/fa-IR/cdn.min.js
1489a781e55205763dd22141706d5fb226e8cfaa3b4c46a5c40d9b8cdae8e4a5,https://cdnjs.cloudflare.com/ajax/libs/date-fns/4.1.0/locale/ug/cdn.min.js
148bc5eb70dd4f36be6dd9bd1be832c54dcfdbc7aacb60bf79877a3fdadf676a,https://cdnjs.cloudflare.com/ajax/libs/prism/9000.0.1/components/prism-ini.min.js
14d4d166423d9ef417310e310b2a4c13127d691206b6fe0065de2b16a46a6d42,https://cdnjs.cloudflare.com/ajax/libs/date-fns/4.1.0/locale/fy/cdn.js
14db4a56b5cb0c488544abf36967ee925ffd440d3a13a91d14f247e9f79bf87f,https://cdnjs.cloudflare.com/ajax/libs/cheerio/1.1.2/dist/browser/cheerio.min.js
14db4a56b5cb0c488544abf36967ee925ffd440d3a13a91d14f247e9f79bf87f,https://cdnjs.cloudflare.com/ajax/libs/cheerio/1.1.2/dist/esm/cheerio.min.js
14e77225787d5de1f01e68cfee18a38efec8eb8176427c43332b63a9d9d91c07,https://cdnjs.cloudflare.com/ajax/libs/popper.js/2.11.8/esm/utils/detectOverflow.js
152bdf2d65b9c0188a2e1fc1c853fd0a12d81a9d891ccaa97fe47f8750dd05d3,https://cdnjs.cloudflare.com/ajax/libs/prism/9000.0.1/themes/prism-dark.css
15783d39c063ede672acbf2c722ddb928d14dd8fbed4d7084e18dde1145ca1d2,https://cdnjs.cloudflare.com/ajax/libs/classnames/2.5.2/index.min.js
1584ffeda5ab3f5076fc69f0ff3e9abad488c8e471eed5f9d29d69d495ceabf7,https://cdnjs.cloudflare.com/ajax/libs/react/19.1.1/cjs/react-jsx-runtime.development.min.js
15a181afcd8958c5b90de6a66ed80fd4783a50cdae4cfbd99871d8006e37c7b0,https://cdnjs.cloudflare.com/ajax/libs/moment.js/2.30.1/locale/sq.min.js
15ca66ce1faa865c68998fcc8ab1160207636b9161ad76f7cf7acd0d7c0ebd1f,https://cdnjs.cloudflare.com/ajax/libs/moment.js/2.30.1/locale/fa.js
15da8641bb847690758c3ad4712f636dd803001751b1df6aebe1a29851096db0,https://cdnjs.cloudflare.com/ajax/libs/popper.js/2.11.8/esm/enums.min.js
15dbf0cc01d400f1436e0c458fcd08882e66784d2dc1824307c6052895e76f7c,https://cdnjs.cloudflare.com/ajax/libs/moment.js/2.30.1/locale/nl-be.js
15e33ee774079c24e4119a7c6ad90721b821cf3afeae3214aaf6ec7b87085606,https://cdnjs.cloudflare.com/ajax/libs/classnames/2.5.2/dedupe.js
1613e7170750906bb0fe17b806164abca1d83f8c4956152dd95e6f557f4ef4e3,https://cdnjs.cloudflare.com/ajax/libs/jose/6.1.0/index.umd.min.js
16239e384bf23480c805b7aca7e66cc617f62aed889963d766b33a55409bace8,https://cdnjs.cloudflare.com/ajax/libs/moment.js/2.30.1/locale/ka.min.js
168c9e439d5eeefc7903482c108b8fdf17ffdc2e9f32e17840062e2781ae068d,https://cdnjs.cloudflare.com/ajax/libs/dayjs/1.11.18/locale/lv.min.js
16a92a1e7e15a81ef5e23f8f7565d6d5f1f12db12b6d9de62e41e22f00561272,https://cdnjs.cloudflare.com/ajax/libs/react/19.1.1/cjs/react-jsx-dev-runtime.development.js
16dfc27a68171f979987223b89158feb57945c8c0e3291a3720fefd43b9d2c29,https://cdnjs.cloudflare.com/ajax/libs/dayjs/1.11.18/locale/gu.js
16e8ff612ead60f8c36e8045c486e4320acd5e53e61db7d644d343236248e78a,https://cdnjs.cloudflare.com/ajax/libs/dayjs/1.11.18/plugin/localeData.js
171f3a2746f0f635de6be46d12b0d6329af643fadb726122e667ec8a8b937f84,https://cdnjs.cloudflare.com/ajax/libs/jose/6.1.0/key/generate_secret.js
1753b962de5a365efa2c72216747c94ad1dd4ff6d1c1396d9eee77b5495e38ff,https://cdnjs.cloudflare.com/ajax/libs/react/19.1.1/cjs/react.react-server.production.js
17ad6bddb12d9a852357e8f5e94638a129a86d1e79c40c6765bb95ca24258864,https://cdnjs.cloudflare.com/ajax/libs/dayjs/1.11.18/locale/en-il.min.js
17dceffd5a81f6081e30aa6f11c1c630a7c603bdf0ac5266faae131b4ad64e8f,https://cdnjs.cloudflare.com/ajax/libs/preact/10.27.2/compat.umd.js
1809376ee95e944940c7197327e742c1959c4abae43c43a39e859e5e53e73264,https://cdnjs.cloudflare.com/ajax/libs/cytoscape/3.33.1/cytoscape.umd.js
1828ee3aaf6f7b6fd8513e08d8e0f50a412eee168009dd03fb2f5c447ff01185,https://cdnjs.cloudflare.com/ajax/libs/popper.js/2.11.8/esm/utils/rectToClientRect.min.js
1842719ac47348bff78e0c57cb4dd373e2adf8e9bbc6720882d08e6d629b66d7,https://cdnjs.cloudflare.com/ajax/libs/KaTeX/0.16.9/katex.js
184d6ec45637364366bac98bd893a8fa5f760a80468e0b10d3e4070ba35c6286,https://cdnjs.cloudflare.com/ajax/libs/prism/9000.0.1/plugins/highlight-keywords/prism-highlight-keywords.js
1865c990d1fafeb8c1479e2c59b6fea1d727b278dcb25c579d89f70baf447d17,https://cdnjs.cloudflare.com/ajax/libs/cheerio/1.1.2/dist/commonjs/api/extract.min.js
186668e46947a47304ef37a9b686a8b3243aac75ee1422b2704c1234ddf0dad1,https://cdnjs.cloudflare.com/ajax/libs/dayjs/1.11.18/locale/ro.min.js
186799bccfd6799c86e3806e20ecdf88eb793a0095e22762fb2e83ae8623bc86,https://cdnjs.cloudflare.com/ajax/libs/prism/9000.0.1/components/prism-smalltalk.min.js
18b8aaedd3a8de51fa4fedbe678108a817823514e21b46a7e5b1b1237460e241,https://cdnjs.cloudflare.com/ajax/libs/tailwindcss/4.1.13/default-theme.min.js
1920cf3e8db622ef00bab084e8f6df474845f00564d819a455ce832846ffe8da,https://cdnjs.cloudflare.com/ajax/libs/moment.js/2.30.1/locale/ku.min.js
192e3a137339f89792796cc23d6130f75dd7ec2f3abf660f8138f9c985a867aa,https://cdnjs.cloudflare.com/ajax/libs/crypto-js/4.2.0/blowfish.min.js
194093c1b6e6a89ff29152255063139f7be0d08783801fa6118756e8983cca5a,https://cdnjs.cloudflare.com/ajax/libs/dayjs/1.11.18/locale/tzm-latn.min.js
1954efc020ce613932e0ad7c6877dbed413e2bab294e9cdeb52f4be43ad0ba59,https://cdnjs.cloudflare.com/ajax/libs/cheerio/1.1.2/dist/browser/parse.js
1954efc020ce613932e0ad7c6877dbed413e2bab294e9cdeb52f4be43ad0ba59,https://cdnjs.cloudflare.com/ajax/libs/cheerio/1.1.2/dist/esm/parse.js
195fdda447c9a0e36eb910321411da8f653b0a7ce151824b5c05f8cc9c9b2450,https://cdnjs.cloudflare.com/ajax/libs/dayjs/1.11.18/plugin/duration.js
1987d037eb9ecbdb89d206a0e115a48f12310b81f53fd2756eca2db1eb0e5b0b,https://cdnjs.cloudflare.com/ajax/libs/request/2.88.2/lib/har.min.js
19bcbce7b4bb26411714a6488bc6c8cbca1e5647e61ca57f32e04c1eb13d882d,https://cdnjs.cloudflare.com/ajax/libs/dayjs/1.11.18/locale/my.min.js
19dc21c69b489f4c373570299be98a652daf472c5239701edfe5b57e61dee16a,https://cdnjs.cloudflare.com/ajax/libs/moment.js/2.30.1/locale/th.min.js
19dd79731dc5cce760b9a506389aa51c088cf780bd73ba1f5fc76235a48ff72d,https://cdnjs.cloudflare.com/ajax/libs/cheerio/1.1.2/dist/esm/index.js
1a104bfd43f96067828c0d5e900c4b34886e16b3a632e041c17926af0ceff448,https://cdnjs.cloudflare.com/ajax/libs/date-fns/4.1.0/locale/et/cdn.js
1a15c36a43ba7ba86bc59e3a749d0f66f6dee255e9ffb2b01c021464b041802e,https://cdnjs.cloudflare.com/ajax/libs/prism/9000.0.1/components/prism-ini.js
1a1fa2f9db73648bda45df937887cb6ee02aadfb995c96d89af7cfa73f8f6161,https://cdnjs.cloudflare.com/ajax/libs/date-fns/4.1.0/locale/hi/cdn.min.js
1a2e36c203dd74ce7e5ace52a681a3cda2dcb7ee7acc8a211e6917f9ce06d00e,https://cdnjs.cloudflare.com/ajax/libs/dayjs/1.11.18/plugin/preParsePostFormat.js
1a4d3bb50112f5589fef2397c94f1dffe24df531ff7047c3d4e242aed65d76fe,https://cdnjs.cloudflare.com/ajax/libs/jsonwebtoken/9.0.2/verify.min.js
1a77ecbf46ede8be436139992740da8e1e28226a0493947d48de7c70c22ca6b4,https://cdnjs.cloudflare.com/ajax/libs/date-fns/4.1.0/locale/oc/cdn.min.js
1a797464eae83bbad74f82c40953128a596448f97447f97a0b8df101f34c28ee,https://cdnjs.cloudflare.com/ajax/libs/crypto-js/4.2.0/mode-ecb.min.js
1ab274a4d4b8f6d992abc07c62205f9c2c8a32a45ecf2d4f7233e32aec8326f5,https://cdnjs.cloudflare.com/ajax/libs/fuse.js/7.1.0/fuse.basic.min.js
1aede2ddd7657f63db0ca7dfcf62d999b42388500c1614c86cbd92d448b450d1,https://cdnjs.cloudflare.com/ajax/libs/prism/9000.0.1/components/prism-rust.min.js
1b0a7ac0e69aeb0ef1c54ae4b39d8615400d186036cbf0249e536fd09e00e92c,https://cdnjs.cloudflare.com/ajax/libs/popper.js/2.11.8/esm/utils/uniqueBy.min.js
1b1d6ba1a958aa763f6bab4d3cd4570ef2a6ce927d81a7e75b82a5ed50a57c62,https://cdnjs.cloudflare.com/ajax/libs/prism/9000.0.1/components/prism-scheme.js
1b23fd0b89c337d88d76aedf4596f691b79f60cc2aaf6970690ee5d319e1f12b,https://cdnjs.cloudflare.com/ajax/libs/dayjs/1.11.18/locale/nl-be.min.js
1b3331c29f4a1e222ebf7d3b9bd3458a308c2a47fc5e6cccb93f7d2d5c57533d,https://cdnjs.cloudflare.com/ajax/libs/crypto-js/4.2.0/cipher-core.js
1b732ad9de07f8372101f519e276610174e4ba776bdd1207b3d2804b1bb26725,https://cdnjs.cloudflare.com/ajax/libs/popper.js/2.11.8/esm/dom-utils/getOffsetParent.min.js
1b7e1482a112ab2d24e67cd14370c123f1045af759919ca985463004c453aef1,https://cdnjs.cloudflare.com/ajax/libs/popper.js/2.11.8/esm/dom-utils/getDocumentRect.min.js
1bcd04a910dc9935d6d928727115f20f1c873f5b7cbe27261fe80f9e320aa6f8,https://cdnjs.cloudflare.com/ajax/libs/popper.js/2.11.8/umd/popper-lite.min.js
1bd90fb6e1f0907bac9943799a0136460446fd62ce2f256bb240085a3cd7566d,https://cdnjs.cloudflare.com/ajax/libs/dayjs/1.11.18/locale/pl.js
1bdca591703a332a06d5cb0c4a0438a75e1e4d4c827d4fb9e3b0cde9ac1dbf2d,https://cdnjs.cloudflare.com/ajax/libs/preact/10.27.2/hooks.min.js
1bdd23feda5e3effbbd69c32c57ff0a2068ac827d0e9a0cd73ddc7a3bcc2aaa5,https://cdnjs.cloudflare.com/ajax/libs/prism/9000.0.1/components/prism-go.js
1be8b4e33874844978e2f4ba497f9dc290add220add5328b245465df7cfb5356,https://cdnjs.cloudflare.com/ajax/libs/cheerio/1.1.2/dist/commonjs/load-parse.js
1c5637f8e9c373408bd946d673f5b78b5b53b2df62652f51a1432a95bdb4966f,https://cdnjs.cloudflare.com/ajax/libs/fuse.js/7.1.0/fuse.js
1c5ec8789f93c37f1363baa819f6770dad93d301969e42cbf103d4df2ecca8ec,https://cdnjs.cloudflare.com/ajax/libs/dayjs/1.11.18/locale/ca.min.js
1c87a0da6b5c4ae95046a426ce78fa23de789a5c68036b6f7b5b4c74ce02df95,https://cdnjs.cloudflare.com/ajax/libs/jose/6.1.0/index.umd.js
1cf09a81b2af03f9d5068c39b8e5d4e433d6664f86299e4d3b7050e3c35f100b,https://cdnjs.cloudflare.com/ajax/libs/validator/13.15.15/validator.js
1d0e9167a78e3b4af54686222a3c49581cf72109b4a95086081b3e335b1c9b3c,https://cdnjs.cloudflare.com/ajax/libs/pdf.js/5.4.149/pdf_viewer.css
1d367fe704ebe2c561917a5fe04960ad8887e305cead50d0a80692c38e868142,https://cdnjs.cloudflare.com/ajax/libs/prism/9000.0.1/plugins/show-invisibles/prism-show-invisibles.min.js
1d4e32ecf0f09d0f8fe1ac2e3208f7b606a5459c56fc9cab18f26186c33e728f,https://cdnjs.cloudflare.com/ajax/libs/dayjs/1.11.18/locale/uk.min.js
1d6f5449d4e40e774ecc08c820e8899e8f837b5abb326d1d446ae9f3185ac339,https://cdnjs.cloudflare.com/ajax/libs/prism/9000.0.1/components/prism-haskell.js
1dc69d5213e5ad0777a380cb15fcd4d3237084f0b40a0db4fdeb203ff863ec6c,https://cdnjs.cloudflare.com/ajax/libs/popper.js/2.11.8/esm/modifiers/computeStyles.js
1e15e5257fae2cb830b9a3b9289f9136680ed1b943e7f4e7eb98b57bd74f098a,https://cdnjs.cloudflare.com/ajax/libs/date-fns/4.1.0/locale/it-CH/cdn.min.js
1e41ea39143e34c256fbf9056b56afdd6c0438d84ed772e4e3f6230ccfeee81b,https://cdnjs.cloudflare.com/ajax/libs/rxjs/7.8.2/rxjs.umd.js
1e46f15002696985e80c61d47aaa30dabb03c954270a690f5f7dfbbacfa9002b,https://cdnjs.cloudflare.com/ajax/libs/react/19.1.1/cjs/react-jsx-runtime.production.js
1e59486d3abf70850fad0d7a12e7a4ca65c171dbb9762ffc8e2ff0859773f2dd,https://cdnjs.cloudflare.com/ajax/libs/dayjs/1.11.18/locale/et.js
1e5bb35a81146c4c12bbe2f2d429515716bd87606b0fe770fc5d735cb5abfad3,https://cdnjs.cloudflare.com/ajax/libs/popper.js/2.11.8/esm/utils/mergePaddingObject.min.js
1e6814fa8d3d1de5985330bc6a24b2233f528981a97f8e5ba3cb7af4178f474c,https://cdnjs.cloudflare.com/ajax/libs/prism/9000.0.1/components/prism-smarty.js
1e96629e5c2431ad7b70184060b21bcde423ef26ea26f515a3e74d5f3820b308,https://cdnjs.cloudflare.com/ajax/libs/web-vitals/5.1.0/web-vitals.js
1ea707188de5726c32a38af6cc97e2c269781fac5730405513de07798ffb8e0c,https://cdnjs.cloudflare.com/ajax/libs/jose/6.1.0/jws/compact/sign.js
1ea874e69f3e23dcbb671a937eccef0e7af36b27124d5050e36fcaae8a2e98bd,https://cdnjs.cloudflare.com/ajax/libs/moment.js/2.30.1/locale/en-ca.js
1eb24253fd20a8f3f2ad5670d98ac045cc6686c9a1a4e01f06d98a900f077f2e,https://cdnjs.cloudflare.com/ajax/libs/vue/3.5.22/vue.cjs.min.js
1ec1d72e80819b8fd11fd42d60db851f216dcccc6222389db25283a16da05fe5,https://cdnjs.cloudflare.com/ajax/libs/dayjs/1.11.18/locale/ug-cn.min.js
1f1b1f367a6c41dc489bb20832a68f214509fde61f888ca29a548adc2678a82e,https://cdnjs.cloudflare.com/ajax/libs/prism/9000.0.1/themes/prism-funky.css
1f3217d69f6512ea3984fb7428e1afe0c7779cf3822582c52e6eaa8982ac23b1,https://cdnjs.cloudflare.com/ajax/libs/moment.js/2.30.1/locale/bm.js
1f54297089bd8394c668e0372605cdc197e0db8ddd0164fb358ea777d2da6b97,https://cdnjs.cloudflare.com/ajax/libs/dayjs/1.11.18/locale/it-ch.min.js
1f5664e1a24ed771727fa50417014bba809c2d0ee8a6ff77a7334f1a7712726a,https://cdnjs.cloudflare.com/ajax/libs/prism/9000.0.1/components/prism-jade.min.js
1f841a445b068c0c16a1b07e87725a7bbd474a67154d8c823198bf90ff771d2c,https://cdnjs.cloudflare.com/ajax/libs/dayjs/1.11.18/locale/ko.min.js
1f9312cffc1f4abf1e964bdfd88bb31741373b51872fc41dc58b76bdb5c2844d,https://cdnjs.cloudflare.com/ajax/libs/moment.js/2.30.1/locale/be.min.js
1f992c9123c36ca4ac534d87c144850d0ca799e26643b62d49e98d40cd146391,https://cdnjs.cloudflare.com/ajax/libs/prism/9000.0.1/plugins/show-invisibles/prism-show-invisibles.js
1f9cdeb0535c47622bb1615a1b57b6185b53fabbb1e450079627220778c2b876,https://cdnjs.cloudflare.com/ajax/libs/prism/9000.0.1/components/prism-sql.min.js
1fef2796d3e74a8ff82e487f7dfedb73d6933980667436cff665657f86485ffa,https://cdnjs.cloudflare.com/ajax/libs/redux-thunk/3.1.0/redux-thunk.legacy-esm.js
1ffa86862e66b6c0fff35cb96875e97a793aaf86ca749b29381cbc67a0877bba,https://cdnjs.cloudflare.com/ajax/libs/crypto-js/4.2.0/format-openssl.js
203eacb56ace5c15de56560bda7e399e3c111c21bc70e9167e2bb5db5f67720e,https://cdnjs.cloudflare.com/ajax/libs/preact/10.27.2/preact.min.module.js
206fe93d6b659cc8d9c4889316a1b566c8db63c24979196d44e9e47cbf4b9e99,https://cdnjs.cloudflare.com/ajax/libs/qs/6.14.0/qs.min.js
20a8c9b10020661caf7a161f935105a95996cc02f79fae8e77aed668d1fe294f,https://cdnjs.cloudflare.com/ajax/libs/dayjs/1.11.18/locale/sr.min.js
20d44b561d62c37a3f4d4e747e5a4337ee2c812d302a588a067a8bd8c8b747fd,https://cdnjs.cloudflare.com/ajax/libs/dayjs/1.11.18/plugin/customParseFormat.min.js
20d8c4d4d74c8cbc67af7d2c7694d48cfec339067f7177b9512c87db85182232,https://cdnjs.cloudflare.com/ajax/libs/date-fns/4.1.0/locale/he/cdn.js
20e8128b0d4aa2160040e3690a576e24e7224626ecb7ded3d87d24fbd831e3f3,https://cdnjs.cloudflare.com/ajax/libs/dayjs/1.11.18/locale/gu.min.js
20f124f5ca30423ae938ea6564ff4027099483d5d954585c6770eabbe246d65e,https://cdnjs.cloudflare.com/ajax/libs/dompurify/3.2.7/purify.js
20fb0d0967e2720d135a6894165bf96e327b42bdedcbf45a9b2f9e44da7986dc,https://cdnjs.cloudflare.com/ajax/libs/moment.js/2.30.1/locale/de.js
21281b3f406bd4fd404d4db253955aa245f320a2977277bae1202ca5e2351552,https://cdnjs.cloudflare.com/ajax/libs/marked/16.3.0/lib/marked.esm.min.js
2152e8a794982170a4c1dae32a74e31a81218fd74781c27b0d628a02bf532413,https://cdnjs.cloudflare.com/ajax/libs/rxjs/7.8.2/rxjs.umd.min.js
215ca7b3c6edcae903cb900102286450a38877014c65e62abdddd9c7d42b7601,https://cdnjs.cloudflare.com/ajax/libs/crypto-js/4.2.0/enc-latin1.min.js
217ea0c8d055db909ca8b6d44b0c8dfef2a95f07010c634af88aa61202e4f08b,https://cdnjs.cloudflare.com/ajax/libs/exceljs/4.4.0/exceljs.js
218060f49802e12ad8ffe0f87a732d7cc97d16b7a185420703b667a9b6a85df8,https://cdnjs.cloudflare.com/ajax/libs/date-fns/4.1.0/locale/ar-EG/cdn.js
21b00e586a09f4634d9fab6e7290f707be03865be82088e0b1300dc0e4cf4862,https://cdnjs.cloudflare.com/ajax/libs/dayjs/1.11.18/locale/hi.min.js
21cfe14e920b3edc4bc394709929f61aa5f2f9e51d3ca0c6edd1e51f29d7e3c9,https://cdnjs.cloudflare.com/ajax/libs/moment.js/2.30.1/locale/az.js
21e0b62a6ccf16f63921471d5ce041f08a9c32c6c3b78ba30798b83c6531ad80,https://cdnjs.cloudflare.com/ajax/libs/cheerio/1.1.2/dist/commonjs/api/traversing.min.js
21e1b25838c62bc681b3e5937cb4fac0dc124c63de9cab64a4498bacb5702de3,https://cdnjs.cloudflare.com/ajax/libs/jose/6.1.0/lib/decrypt.js
220934f576134b0466d99f786ce21b13f87d319b1e9ae633c55e68f6f41c3c9d,https://cdnjs.cloudflare.com/ajax/libs/fuse.js/7.1.0/fuse.min.js
22332e204a00bf387d853edb439defc934efdfec8dac5c90347c88b3a90023ce,https://cdnjs.cloudflare.com/ajax/libs/moment.js/2.30.1/locale/el.min.js
22af0117cd6411487606190fed1401f823e4b009df867e8ba3f3d671c588a28e,https://cdnjs.cloudflare.com/ajax/libs/jose/6.1.0/lib/get_sign_verify_key.js
2300a779b92393d194dde96e95742236fa2dace8ea696434822f4590611e60a2,https://cdnjs.cloudflare.com/ajax/libs/moment.js/2.30.1/locale/oc-lnc.min.js
238040837b5172381b31d5721c7ff8993bdb761be29547b503e3a9b4e14c0f13,https://cdnjs.cloudflare.com/ajax/libs/socket.io/4.8.1/socket.io.js
2388ca24ba1ed2c8f0028d5c72acdf25652740bc590fdf2deeb8ff64395334e2,https://cdnjs.cloudflare.com/ajax/libs/popper.js/2.11.8/esm/utils/uniqueBy.js
239b808703fdde12c2f6985d93f7d47b97949ee905238dd502c590896974064d,https://cdnjs.cloudflare.com/ajax/libs/moment.js/2.30.1/locale/bm.min.js
24232769a9ff80fc29ea2fede0fd6bc451d726a506f42d50c81fb57d9d6d3646,https://cdnjs.cloudflare.com/ajax/libs/moment.js/2.30.1/locale/uz-latn.min.js
24263c9d2dad6c3aaf208b58ac10994dbb3a83bb0e2e81297a17d0015ed7f6fc,https://cdnjs.cloudflare.com/ajax/libs/popper.js/2.11.8/esm/popper.js
246b58fdaee11470801e719500160bba4d6ae3f421d998dddf1c3e5f81e422ef,https://cdnjs.cloudflare.com/ajax/libs/crypto-js/4.2.0/mode-ctr-gladman.min.js
24c8928619c471831467afc05aca6f0299e40b418b78bb30b4d66942d872d2bb,https://cdnjs.cloudflare.com/ajax/libs/moment.js/2.30.1/locale/tg.js
24d24dca97cee756cf72233d188840328f8b73cd83b5dc762cd304204626f49b,https://cdnjs.cloudflare.com/ajax/libs/cheerio/1.1.2/dist/commonjs/types.js
24d75bb288be399b3b5b6950088b700426deaee6cbc315c81f3b01e902d59a1b,https://cdnjs.cloudflare.com/ajax/libs/moment.js/2.30.1/locale/az.min.js
24dfee2cc51ec0481aad1f62933bd0ae1238c34c5b0e73aeb1729027c913a26b,https://cdnjs.cloudflare.com/ajax/libs/crypto-js/4.2.0/enc-latin1.js
24e1b9d84341956a2b35d49647754dc4589bb95388df676c8496e758cb86e3c0,https://cdnjs.cloudflare.com/ajax/libs/moment.js/2.30.1/locale/is.min.js
254d16e0c2ca9216ba271f2bb67681e023e6a83fe37905c103db2cf03f0d23b9,https://cdnjs.cloudflare.com/ajax/libs/popper.js/2.11.8/esm/dom-utils/isTableElement.js
2584e7871b3d869fcba965cf8f1f30e962d60019931a0b88cc474fd99f80822f,https://cdnjs.cloudflare.com/ajax/libs/bluebird/3.7.2/bluebird.js
259ad59cefcfd33be71822653c7135440c8f0084bdc889e3671d4668a1ec2be8,https://cdnjs.cloudflare.com/ajax/libs/popper.js/2.11.8/esm/modifiers/hide.js
25b8af792baac929c76b1b4cbeca3899cb376886087c86e9ac0bf996c4108402,https://cdnjs.cloudflare.com/ajax/libs/dayjs/1.11.18/plugin/isoWeek.min.js
25bbd7aa9858ecef3ee10ef68a7a12152f602a9fd11e1adfaa91b5ba117ba7ae,https://cdnjs.cloudflare.com/ajax/libs/react-select/5.10.2/react-select.cjs.dev.min.js
25c4a2a8616f855f234df6576c02e06e59f334728354b5f0559a6756458773a0,https://cdnjs.cloudflare.com/ajax/libs/date-fns/4.1.0/locale/uk/cdn.min.js
25d219431e5a018f5175a271e6b11c34ff51990a68e38a12e799752efb16ff51,https://cdnjs.cloudflare.com/ajax/libs/crypto-js/4.2.0/enc-hex.min.js
25e6b544ee02c43b37cdda3fad01e1adbee9c2e6779adf7971e91c88b949aa6e,https://cdnjs.cloudflare.com/ajax/libs/popper.js/2.11.8/umd/popper-lite.js
2610f191af3df324961a436c46d9d4cd67b8815f91818de0f6aea0a5f4198144,https://cdnjs.cloudflare.com/ajax/libs/dayjs/1.11.18/plugin/weekYear.min.js
262d40a89b22b440bb1e168a326b8d5160b1e7a954b1a651f64f0b0d82af71ec,https://cdnjs.cloudflare.com/ajax/libs/cytoscape/3.33.1/cytoscape.umd.min.js
2638bdd7224472f801890636d42df16c144ca46c84229ef3087190d21f935daf,https://cdnjs.cloudflare.com/ajax/libs/crypto-js/4.2.0/core.js
265f7d6f0023e92828fbc607d4d123e7006d61e0138ef6e6812c7901751afe57,https://cdnjs.cloudflare.com/ajax/libs/dayjs/1.11.18/locale/ar-sa.min.js
26625e9f97400b0ef91022aad487e78f7d84924205d98d21e588a3f0c8155eed,https://cdnjs.cloudflare.com/ajax/libs/date-fns/4.1.0/locale/fr-CA/cdn.min.js
266d901ea379b2c17e7f3fc63cf98547a96b4dd9269b0cda64711274923a35fe,https://cdnjs.cloudflare.com/ajax/libs/ramda/0.31.3/ramda.min.js
2682b4d83b9cb5a3786dc20d9a2beb55e4100731377261ec6436889fdbfb4aa1,https://cdnjs.cloudflare.com/ajax/libs/dayjs/1.11.18/locale/fi.min.js
26a34d5ec76b69e13aeb03d6eac1ab0d3763169cfd6f99b0971bcaecc6840ef7,https://cdnjs.cloudflare.com/ajax/libs/react/19.1.1/cjs/react-compiler-runtime.development.min.js
26bdd4ba04099aae2c1cea29be23e0f46f5c6c719bb73b8308d9466d09b8eaca,https://cdnjs.cloudflare.com/ajax/libs/react/19.1.1/cjs/react-jsx-dev-runtime.react-server.development.js
26c133b45b9ecd82f90ca8dce74ea106ece6c67f297ee59af9191e502bd2b076,https://cdnjs.cloudflare.com/ajax/libs/dayjs/1.11.18/locale/uz.js
26fa0e203ffb28f3e977607c57baf09f915f9bb939e375ff4ce9a68b5860e913,https://cdnjs.cloudflare.com/ajax/libs/prism/9000.0.1/themes/prism-tomorrow.css
2707ae69c4b775dce87849834f5e788cc5115c8b0d2e461acb106156bbb40e57,https://cdnjs.cloudflare.com/ajax/libs/cheerio/1.1.2/dist/commonjs/api/css.min.js
27137da5c964a764766bfa2895495217694ad2b1229c5d32e6366118160a98d9,https://cdnjs.cloudflare.com/ajax/libs/prism/9000.0.1/components/prism-python.js
272212085ab16310ce600cda7842daf54bd31ec69cb99ac6f42c4b36fbbde312,https://cdnjs.cloudflare.com/ajax/libs/react-select/5.10.2/useStateManager-7748b351.cjs.dev.js
272212085ab16310ce600cda7842daf54bd31ec69cb99ac6f42c4b36fbbde312,https://cdnjs.cloudflare.com/ajax/libs/react-select/5.10.2/useStateManager-ce23061c.cjs.prod.js
273a97cec12ef063bc71f356e47412e3ea572dab79fb4a907820457d52d3c3b1,https://cdnjs.cloudflare.com/ajax/libs/vue/3.5.22/vue.global.min.js
2756848fff7f4333a26edc0e48b806a50a82eb433541d799b0da729474608dbc,https://cdnjs.cloudflare.com/ajax/libs/cheerio/1.1.2/dist/commonjs/api/traversing.js
275bc9a74bd4fd52d590b107f5d69b305ae9510840e888e7056a99d10121098f,https://cdnjs.cloudflare.com/ajax/libs/vue/3.5.22/vue.cjs.prod.min.js
2760380d4b6f74267db4443c1f5d4f04eea2b7391601d6b9bd09e43529bf1be0,https://cdnjs.cloudflare.com/ajax/libs/preact/10.27.2/compat.js
27606993352ec07213bee82aadd32e19173daf44d1921eb146acfcf8d26b3231,https://cdnjs.cloudflare.com/ajax/libs/dayjs/1.11.18/plugin/weekOfYear.min.js
277aeff374e8a41ca9518580e54b5358bfad8a1e9f4b76c78f3f5ae6d02d9ea8,https://cdnjs.cloudflare.com/ajax/libs/date-fns/4.1.0/locale/de-AT/cdn.js
277b00868c54807fa92dd67c547621f6dc1871835b98ba9b8100e61ccf5abb30,https://cdnjs.cloudflare.com/ajax/libs/react-select/5.10.2/useAsync-6b7b2aae.cjs.dev.min.js
27aa9afe06ce877aba4424a47425dd724aaccf568e8f21f210b74b877cce4249,https://cdnjs.cloudflare.com/ajax/libs/moment.js/2.30.1/locale/ar-tn.min.js
27b2fb3d04f9878687ab58717172592650e256de727e910366340be87e0f8352,https://cdnjs.cloudflare.com/ajax/libs/react/19.1.1/cjs/react-jsx-runtime.profiling.js
27b83af4a1ad34b50fa7e17b0b1b7294092af20a465812fc1268a4a2809bf3ae,https://cdnjs.cloudflare.com/ajax/libs/moment.js/2.30.1/locale/hy-am.min.js
2812d625ee79e57845893acdf604599b32505eca3b6de8fa98b3815bd51c4f3d,https://cdnjs.cloudflare.com/ajax/libs/prism/9000.0.1/components/prism-nsis.js
284c01ef0aa3183632315ad4fb95838a0ed70926747d534cb93aebdb6b4299b2,https://cdnjs.cloudflare.com/ajax/libs/dayjs/1.11.18/locale/pt-br.js
289576691fec2281201f2a80bde8a3a2b1278dab1fe438d4083931cf6a40b88d,https://cdnjs.cloudflare.com/ajax/libs/date-fns/4.1.0/locale/de/cdn.min.js
289c0b7854f2403813b2e03999888a9fda5d80ec11d3cf98ffb2c0e7d0cd99c0,https://cdnjs.cloudflare.com/ajax/libs/request/2.88.2/request.js
28af32c59e10eaff5621e44517e9fa858bb921edea72094ce43eddd66b4d2716,https://cdnjs.cloudflare.com/ajax/libs/Chart.js/4.5.0/helpers.js
28c022136bacd5fe7f3ef6c95c3814212bee6b6e29af87aea956c5f47a5ed2cf,https://cdnjs.cloudflare.com/ajax/libs/jose/6.1.0/jwks/remote.js
28e2bdcb143840e4e01eff312a728e0f652d7dcb0d1bbdceab0bf48ff5cae8ac,https://cdnjs.cloudflare.com/ajax/libs/crypto-js/4.2.0/hmac-ripemd160.js
28ff04fb6c427631995cc7334fc98265dfbd6c8b2f57a4610f4a188b3cf3f171,https://cdnjs.cloudflare.com/ajax/libs/moment.js/2.30.1/locale/lb.min.js
2908afd6e99a5fee2a40f41f074e71a748cdf4d9b298673418ae06da2e2dc441,https://cdnjs.cloudflare.com/ajax/libs/popper.js/2.11.8/esm/dom-utils/getCompositeRect.min.js
290f233e4f6f436a4db3581ab5a9c9ea010136fd4f339da8c7db6175028ac2a0,https://cdnjs.cloudflare.com/ajax/libs/prism/9000.0.1/themes/prism-twilight.min.css
29203d5df2350c41c8b9d3fbff2bfc539a598f8617ad57816f63564dc14fcb66,https://cdnjs.cloudflare.com/ajax/libs/react-select/5.10.2/useCreatable-55029b87.cjs.dev.js
292e220a151a7fc1d00c826f1f0b00ce29b9d7fc3a17e98321e9b4513d92a70f,https://cdnjs.cloudflare.com/ajax/libs/date-fns/4.1.0/locale/uz-Cyrl/cdn.js
2937b11bd6b7bea906bba52dcc8f9d5993274f60678ad88afa7d30f28178e0c6,https://cdnjs.cloudflare.com/ajax/libs/dayjs/1.11.18/locale/oc-lnc.js
293f407596e37ca410f24164eb94fdd9f9d8b66d7180afb0afa08cc6b0aaeecc,https://cdnjs.cloudflare.com/ajax/libs/moment.js/2.30.1/locale/me.min.js
29436a44b97e3cc71a5c5027ad75c04c53a41ad0bdf4d493925662d7ce66dfbb,https://cdnjs.cloudflare.com/ajax/libs/es6-promise/4.2.8/es6-promise.auto.js
295255a605a2d9fa1b0042967e2b1bd11d6775ba0c4c8a3e7edb299b52e1bd8d,https://cdnjs.cloudflare.com/ajax/libs/dayjs/1.11.18/locale/he.js
2958f05c13267e5207ede373c722e4c9e252ec60c11df1ee0ec78ac0fe267eeb,https://cdnjs.cloudflare.com/ajax/libs/dayjs/1.11.18/locale/hu.min.js
296141e5809a318685068b7507d1f7d99a0fed1fa5298be669a6fe4f5f87c5a7,https://cdnjs.cloudflare.com/ajax/libs/date-fns/4.1.0/locale/cy/cdn.min.js
29afbb3f4ec3f07fcd0d88222bb058acb9ec6253d8ccf9412f8e606d4a581216,https://cdnjs.cloudflare.com/ajax/libs/vue/3.5.22/vue.global.js
29caac15f3ed96a7c4e6226972b16f9fd3118abd4e411b716dc78422b3782297,https://cdnjs.cloudflare.com/ajax/libs/UAParser.js/1.0.37/ua-parser.js
2a31c6169dd582f64ffbe52285a6dbe3fd5a556716bc84de22756a19248a33e3,https://cdnjs.cloudflare.com/ajax/libs/date-fns/4.1.0/locale/bn/cdn.js
2a5b8b99cd30c337372a8971a5a172ff1d859dad72225746e8ded811da2edfec,https://cdnjs.cloudflare.com/ajax/libs/dayjs/1.11.18/plugin/objectSupport.js
2a74ff9e0442cfbb70a9ea3f92c8687cb735147889686c2684cab8fa3879c053,https://cdnjs.cloudflare.com/ajax/libs/date-fns/4.1.0/locale/ta/cdn.min.js
2a89f4b0b93f55eba0ac546c1310317471eaa4aaa5e6a81e60747e23820a5637,https://cdnjs.cloudflare.com/ajax/libs/prism/9000.0.1/components/prism-julia.js
2a8f1790d492fc338933a032a862f99998f31bcaf7a0e4fc298b6a3cb04cdf7e,https://cdnjs.cloudflare.com/ajax/libs/moment.js/2.30.1/locale/es.js
2aad0e7cffbfa43f72c0e116b6a934f5f644d2269ceb9672985f5856c6b6c82a,https://cdnjs.cloudflare.com/ajax/libs/request/2.88.2/lib/getProxyFromURI.js
2ac5c79c5762c270e8a0e2b449abfbb6defb6e8820293f9cc58d714d5287aca1,https://cdnjs.cloudflare.com/ajax/libs/date-fns/4.1.0/locale/th/cdn.js
2ac6f2618a99381a11510876b1cf6f7d166a4664f86b1def08c741224776ca2b,https://cdnjs.cloudflare.com/ajax/libs/popper.js/2.11.8/esm/modifiers/index.min.js
2adf8efda2a0dbcfa93c7fc49dc269a2193023ca19de38529c6e4c091417cd3d,https://cdnjs.cloudflare.com/ajax/libs/date-fns/4.1.0/locale/is/cdn.js
2ae8f50f9022a330ac249b301f451fc9a064deed90d0bf29ed7d5d4450e39c73,https://cdnjs.cloudflare.com/ajax/libs/dayjs/1.11.18/plugin/pluralGetSet.min.js
2b38d18de21cbe88d22a3d8c519aeaf57ac44d8cae06d34032a5894c2bc4fc40,https://cdnjs.cloudflare.com/ajax/libs/styled-components/6.1.19/styled-components.min.js
2b687769fdb40e61ed4a9bb4266b3cfbffc6b221e7bd5b1a7114c7399204ae3f,https://cdnjs.cloudflare.com/ajax/libs/popper.js/2.11.8/esm/modifiers/popperOffsets.min.js
2b6a611f7d21a0752d9101347b22943dcdd91293f7e09ac11c3b04cee41f594f,https://cdnjs.cloudflare.com/ajax/libs/moment.js/2.30.1/locale/ar-tn.js
2b8ec465ca7e9ec297cd90078f85da6c057af9f395ff62a959b2f2cb600156c4,https://cdnjs.cloudflare.com/ajax/libs/date-fns/4.1.0/locale/en-IN/cdn.min.js
2bc744d3a3e57f2012c4716103ef39812b820e65acb9a98eeba821219d17535b,https://cdnjs.cloudflare.com/ajax/libs/popper.js/2.11.8/esm/utils/computeAutoPlacement.min.js
2bf2956f9884298a8371cf2cc317cf8511ba15f12fab7265397a787e690f1533,https://cdnjs.cloudflare.com/ajax/libs/moment.js/2.30.1/locale/km.min.js
2c0cf52a9381993c5676d755dde55f1754122a80b22a8c3e126edb44e2880fb5,https://cdnjs.cloudflare.com/ajax/libs/prism/9000.0.1/components/prism-fortran.min.js
2c15068d2ceb1f34e4b92f95710b181bd1034410b8a96ae15dd11ee24d0ff0fa,https://cdnjs.cloudflare.com/ajax/libs/moment.js/2.30.1/locale/ka.js
2c2495d58191196670cec23dabb98e07f7cad147f5f0e35ba27fb6467bd13812,https://cdnjs.cloudflare.com/ajax/libs/popper.js/2.11.8/esm/utils/expandToHashMap.min.js
2c2595aace6078114a53bc49194cc41d2528907fb449ebb41b32383f5699904e,https://cdnjs.cloudflare.com/ajax/libs/prism/9000.0.1/plugins/ie8/prism-ie8.min.js
2c3bf5ef8c5162c7c4ed0ce4b144fad24eefd691911d7c8b86c21cab84f3bfe6,https://cdnjs.cloudflare.com/ajax/libs/moment.js/2.30.1/locale/hy-am.js
2c6be0306219ffbd4ddd5572cd9ca65ad410de398726cfc2c6ec685958d8bb93,https://cdnjs.cloudflare.com/ajax/libs/date-fns/4.1.0/locale/it-CH/cdn.js
2cb48e95898f869350a4db10c1c508ed60e798cbf3b1494f055e2cdb1877a92c,https://cdnjs.cloudflare.com/ajax/libs/moment.js/2.30.1/locale/sw.min.js
2cc07292a2ab5702d8e1e849ae3b28cca5c6194d0d150ec637c6289d9d864e32,https://cdnjs.cloudflare.com/ajax/libs/moment.js/2.30.1/locale/te.js
2cf87a5a5f9f677fedca30aee75c2d791e79b2330cccc77345efc87091d09f12,https://cdnjs.cloudflare.com/ajax/libs/marked/16.3.0/lib/marked.esm.js
2d0e338ac1fb23f277c88611d881cc92a9455b37cbb24561801164839e356ae9,https://cdnjs.cloudflare.com/ajax/libs/dayjs/1.11.18/locale/sq.js
2d448e1f95abbb9612c4cd99b930f3af42eff2a3b48e66928c5c0f2ef8082a73,https://cdnjs.cloudflare.com/ajax/libs/prism/9000.0.1/components/prism-powershell.js
2d62b3eed32309379961b1d0b725614585855b0e12b82d9ae72228d8990beeb9,https://cdnjs.cloudflare.com/ajax/libs/moment.js/2.30.1/locale/cs.js
2d704496cd3b1cb948ecd423431a6b8b95cfce1d40f9a76b995fa1807cbfecc3,https://cdnjs.cloudflare.com/ajax/libs/dayjs/1.11.18/locale/jv.min.js
2d72d9259f45cf3edf6cf0ca0dcc32e41a9c1933489545009b773a697fe4e973,https://cdnjs.cloudflare.com/ajax/libs/crypto-js/4.2.0/pad-ansix923.min.js
2d924ef55a5d2ad94b0c777c9c8ef44025aa9b9ac6f6df1ab005da861dc26725,https://cdnjs.cloudflare.com/ajax/libs/immer/10.1.3/immer.legacy-esm.min.js
2dae88a3138adda69fdec54914461ec28d4fa5e720d7626ddb3fb91a74a2ab6b,https://cdnjs.cloudflare.com/ajax/libs/moment.js/2.30.1/locale/ta.js
2db6bb7da786587cb7051777a3cd9bc1c6a3d321a4686da3074a47a87c92e4f5,https://cdnjs.cloudflare.com/ajax/libs/moment.js/2.30.1/locale/bs.min.js
2dc7c916f71f410522191c5afd573ca51e79ea647847b0f7cd0e9047c8e5729e,https://cdnjs.cloudflare.com/ajax/libs/date-fns/4.1.0/locale/sr/cdn.js
2e122603b68d8c5413e3de52ceb2c24bf82e69b7ba4dc059d0ff415117d86d62,https://cdnjs.cloudflare.com/ajax/libs/date-fns/4.1.0/locale/nl-BE/cdn.js
2e2b9b9bf4342965d6b7b1b1133fc0e503948bbf95f982689134eefdf48ad6e2,https://cdnjs.cloudflare.com/ajax/libs/dayjs/1.11.18/plugin/dayOfYear.js
2e346129ab77de5f8a78b621a18a2a56358a13a5dd5a3a70092abd10f869962e,https://cdnjs.cloudflare.com/ajax/libs/cheerio/1.1.2/dist/browser/api/forms.min.js
2e346129ab77de5f8a78b621a18a2a56358a13a5dd5a3a70092abd10f869962e,https://cdnjs.cloudflare.com/ajax/libs/cheerio/1.1.2/dist/esm/api/forms.min.js
2e3facdfe5f153e030fb8e93069d8a50912e70fd56c7b60712ee5d936ff22317,https://cdnjs.cloudflare.com/ajax/libs/jsdiff/8.0.2/diff.min.js
2e5928c2f76d07b837e605e79245b4a5b813f0aceb428a3d4c72f88273554cd7,https://cdnjs.cloudflare.com/ajax/libs/dayjs/1.11.18/locale/en-au.js
2eb90600e22ce90e6844795c66dcb5e8b3a703c621dbcf27423c410a6f66da1e,https://cdnjs.cloudflare.com/ajax/libs/moment.js/2.30.1/locale/de.min.js
2eb9d155862667b3f5985f06e5817a2df194831b73ce5f36b410612c7393f627,https://cdnjs.cloudflare.com/ajax/libs/moment.js/2.30.1/locale/ca.js
2ef78dca117360cb843d617b10333356eb8753b82fa2f7f510991b937a5c3f00,https://cdnjs.cloudflare.com/ajax/libs/moment.js/2.30.1/locale/gd.min.js
2f27bcf471b2d69dd78494f6e2172fb28470eb843820e2f96bb85d39f9618d30,https://cdnjs.cloudflare.com/ajax/libs/Chart.js/4.5.0/chart.umd.min.js
2f315e81474c2d6fa742b61197ed7d3a4b3660f4501629474b7e16b3b81a625c,https://cdnjs.cloudflare.com/ajax/libs/dayjs/1.11.18/locale/sv-fi.js
2f37382f870e1ebd5ceacc160a939a6fcdb917213083818dedc34fb8326e6e86,https://cdnjs.cloudflare.com/ajax/libs/date-fns/4.1.0/locale/he/cdn.min.js
2f785bf8fcdfa197eb3d47685c73381a797e67d05bf9d10351ed2194c4c2455e,https://cdnjs.cloudflare.com/ajax/libs/mocha/11.7.2/mocha.js
2f798f77929c788a4e011f1028c7edf38b5f522f55fec3597e62a379bae58d61,https://cdnjs.cloudflare.com/ajax/libs/moment.js/2.30.1/locale/te.min.js
2f8ddd66bf77d8b247f77b70ac66b9869c6037f4b9b47ba70a2ce355dd567aae,https://cdnjs.cloudflare.com/ajax/libs/dayjs/1.11.18/locale/ms-my.js
2fc6a0ccab6c60c69ed1bd107c7aa564f9b51d62377b4830cccf7995e1227033,https://cdnjs.cloudflare.com/ajax/libs/history/5.3.0/history.development.js
2fd23328acda8cc2062811a1ab04101a5976925adfb37ff89812cc065a917d5f,https://cdnjs.cloudflare.com/ajax/libs/nanoid/5.1.6/nanoid.js
3074e39a9800d664590fcdcd2d33597050e9e3d01fb6d52b968996059543fc6f,https://cdnjs.cloudflare.com/ajax/libs/prism/9000.0.1/components/prism-git.min.js
307eb8be823a2997ce88c5ad8c3ca19e7a6345f116331fe3856659665de0d453,https://cdnjs.cloudflare.com/ajax/libs/moment.js/2.30.1/locale/sr.js
30983bcc0e67d1c9dd7772070b6b9173a980f705bdaa4924cddaf51e56a34045,https://cdnjs.cloudflare.com/ajax/libs/luxon/3.7.2/luxon.js
30a411ac5841e6da5866f8f80bda88f44bdbcf1c1cac2a83829d76ad6cd66cd8,https://cdnjs.cloudflare.com/ajax/libs/date-fns/4.1.0/locale/ka/cdn.min.js
30a8ae2c56338c33f8facaac3bc8f320af5eb31279b136743f4c5957396acf37,https://cdnjs.cloudflare.com/ajax/libs/cheerio/1.1.2/dist/commonjs/static.min.js
30bce1b3ef4b3153a3c455bf48d8d17c8f7a6b062298b300520573b5d4ce88b7,https://cdnjs.cloudflare.com/ajax/libs/popper.js/2.11.8/esm/utils/debounce.js
3120abba1fd0ea031f25ab22ac93e726f6f63467da1a6349b82e82f3df5d775c,https://cdnjs.cloudflare.com/ajax/libs/xlsx/0.18.5/xlsx.mini.min.js
314909b3ad8bc5e22a8fe74eb768c2952ff9a6f17f583cafbfdcfc5ecd6ee57a,https://cdnjs.cloudflare.com/ajax/libs/request/2.88.2/lib/oauth.min.js
3152ade06f59191c11ceb7d3276aebaf9b09529d49ea1c3ca17c53045b349613,https://cdnjs.cloudflare.com/ajax/libs/dayjs/1.11.18/locale/sv-fi.min.js
316de4acfee9ca4c390b9d0c2aaaeb6e9208c912fb614a8c507d26588d43a129,https://cdnjs.cloudflare.com/ajax/libs/popper.js/2.11.8/esm/modifiers/eventListeners.min.js
31bec7daaa7da4ba33a04fb426ae38d8ef779f4919fc731ab49414ab41b4981c,https://cdnjs.cloudflare.com/ajax/libs/prism/9000.0.1/components/prism-sas.js
31f6254eef54dafd3bad6d1d19f91a7af3ada23f72025965e650173b013318ec,https://cdnjs.cloudflare.com/ajax/libs/jspdf/3.0.3/polyfills.es.min.js
3241b5b548c861f298619890fe5a88e431ce5be7d5a75a979274aa63e8308aeb,https://cdnjs.cloudflare.com/ajax/libs/dayjs/1.11.18/locale/en-in.js
326d5339c81482604620c858eef81c22ce4d3e492eca43e351dac6050f6d3c0f,https://cdnjs.cloudflare.com/ajax/libs/react-select/5.10.2/Select-1b9abbe3.cjs.dev.js
326e0be4fc0a3c0ef2dc88def3b79a13ec0b21a641b2abd84ed355cd475224c2,https://cdnjs.cloudflare.com/ajax/libs/superagent/10.2.3/superagent.js
328f90a9a030c4d63159c75123e679c80e851ea9ea732d7f3345db7f4cd519d7,https://cdnjs.cloudflare.com/ajax/libs/jsonwebtoken/9.0.2/lib/timespan.js
32af95877d046e17b77c4d0e849ce557eb8affb1d0063da4e361f725b34c900d,https://cdnjs.cloudflare.com/ajax/libs/moment.js/2.30.1/locale/ms.min.js
32f505444fb4aabf7402fe229c0d1712208ec4109c3b3784a37cc1fb90933be0,https://cdnjs.cloudflare.com/ajax/libs/crypto-js/4.2.0/mode-ofb.min.js
32fa49ba4da4e2eb75f91a84385d8718660fe5b51192ed317c6161b5d72a4a89,https://cdnjs.cloudflare.com/ajax/libs/jsonwebtoken/9.0.2/decode.js
32fbfa6791e4abf23d3c7d0598f6ab5a71b36ea80094e25f2d4fff15f4831e44,https://cdnjs.cloudflare.com/ajax/libs/popper.js/2.11.8/esm/dom-utils/getLayoutRect.js
3310192240f822741ff438c0e9a99df30647894fe4712bfcb241d3e7009995dd,https://cdnjs.cloudflare.com/ajax/libs/dayjs/1.11.18/plugin/isoWeeksInYear.min.js
333be8494375af49d51bf4b0294b964bbf016b8d58e4ec277a96bfa20dd8d4e3,https://cdnjs.cloudflare.com/ajax/libs/date-fns/4.1.0/cdn.js
336e21d5eba1b8cdedb84c4f03a87c161b80fca999b087710ca9206fffa15ef8,https://cdnjs.cloudflare.com/ajax/libs/date-fns/4.1.0/locale/ug/cdn.js
33b1ec934731d6638cc9d0f7a91110a5b3bf9efb03474a4a199f477c05b7b348,https://cdnjs.cloudflare.com/ajax/libs/date-fns/4.1.0/locale/fi/cdn.min.js
3428e76ca879e1c4c9460f85d353ea86b79f46a0352e6be8f720b26f5c04da32,https://cdnjs.cloudflare.com/ajax/libs/popper.js/2.11.8/esm/utils/computeAutoPlacement.js
3454368f052aeabedcbb18ee73bae63e577e54f6c06be953a0568d58992789a9,https://cdnjs.cloudflare.com/ajax/libs/react-dom/19.1.1/cjs/react-dom-server-legacy.browser.development.js
34970b98696e77ba7a8eba818f8446931de4e52ad3d6978def783f4341114fed,https://cdnjs.cloudflare.com/ajax/libs/popper.js/2.11.8/esm/utils/mergeByName.min.js
34dc55828a26f5cc6810438ef9ee3cf373e900b49bab4994214c14b313fd1545,https://cdnjs.cloudflare.com/ajax/libs/request/2.88.2/lib/redirect.min.js
34eeb5e0f809a13192fb25bac6743da67b4660d776b6d50387a8ead1bb957e2c,https://cdnjs.cloudflare.com/ajax/libs/moment.js/2.30.1/locale/ar-ly.js
350d8d49ebaafaae95890b12133043f01f73c95d01f96ec51aaeb9943c1bdcb9,https://cdnjs.cloudflare.com/ajax/libs/prism/9000.0.1/themes/prism.css
3517c69d20ba4cbe00974daa5d47bef10f6cae8bb3a6e82e2b7fad8105bf99c1,https://cdnjs.cloudflare.com/ajax/libs/moment.js/2.30.1/locale/tl-ph.min.js
35208e1e4631ff5f9bd83220dbfbef63290eb93e914055b35583fbf19eb76693,https://cdnjs.cloudflare.com/ajax/libs/crypto-js/4.2.0/hmac-sha224.js
35213c52580f9240d2fb7b12825a29cf758461abf346adede2784c714b89fc35,https://cdnjs.cloudflare.com/ajax/libs/prism/9000.0.1/components/prism-javascript.js
3573bdd8c59f5bf89e5b572af3091b28bec601227f2d343cc620a7cf6e40c20f,https://cdnjs.cloudflare.com/ajax/libs/dayjs/1.11.18/plugin/isSameOrAfter.min.js
3596deca0b5145ee014c77399ea17544ba8981a2fb8706097d82f10d3549599c,https://cdnjs.cloudflare.com/ajax/libs/dayjs/1.11.18/locale/de.js
35a237e8dfce09138436bc855b4d324f7a2d3cabdfa026a982e1e87099c51502,https://cdnjs.cloudflare.com/ajax/libs/jose/6.1.0/lib/secs.js
35b4113f7552400639dc76ea40d55f1be6f44af2eaf4289e7c37e4e657522ba4,https://cdnjs.cloudflare.com/ajax/libs/moment.js/2.30.1/locale/br.js
35e108df2d4482e4984bda7ffaed21d525652cedbe603307c6ef3d77dde0d946,https://cdnjs.cloudflare.com/ajax/libs/prism/9000.0.1/prism.js
35f7366343913dfb918d4177cebb984b97cadfee7e33664a4d963864909611a5,https://cdnjs.cloudflare.com/ajax/libs/popper.js/2.11.8/esm/dom-utils/isScrollParent.min.js
35fdb68dea632779c5fa58f225fd02d65a6d8e15a004928a18b48724da423428,https://cdnjs.cloudflare.com/ajax/libs/jsonwebtoken/9.0.2/lib/JsonWebTokenError.js
36168bc60c47cd0b545bde565568059c1bfc08b877bce128c32e1972aa4906fd,https://cdnjs.cloudflare.com/ajax/libs/jose/6.1.0/index.js
363c3822b7aeb8ad3edde35fe1047c6a4044aa2a22663893e1da9634039dda41,https://cdnjs.cloudflare.com/ajax/libs/dayjs/1.11.18/locale/sv.min.js
369ed6204dcd2373f618bfc026b7a513134df9500aae67c520d68b4a0d7b3134,https://cdnjs.cloudflare.com/ajax/libs/moment.js/2.30.1/moment-with-locales.js
36acae5677930b4a90850bcfbd11f839c4beb7d2620448a88dbe63f376df450d,https://cdnjs.cloudflare.com/ajax/libs/date-fns/4.1.0/locale/ms/cdn.js
36c1feb5a8c1030f6e933aeb9971ed617bdd833b574e8c07b4db09bd3f003b06,https://cdnjs.cloudflare.com/ajax/libs/crypto-js/4.2.0/hmac-sha256.min.js
371a8e6bb853f1fc19fd559e5ef5956a4aae0d666911554a1045b038e682bfb2,https://cdnjs.cloudflare.com/ajax/libs/dayjs/1.11.18/locale/zh.min.js
373d48330a23de5914b00b05a5db80e6f6b7003b2d8ae31b93a3194e95a9c294,https://cdnjs.cloudflare.com/ajax/libs/date-fns/4.1.0/locale/ckb/cdn.js
3759d8b1d36d802740e07d9265c963a426214a2b9eb10c5908f6339b46d31b6a,https://cdnjs.cloudflare.com/ajax/libs/moment.js/2.30.1/locale/ko.min.js
37db5b38ba0bae460d13361e457934ec8ff8c24a4d67039d0fc1c62bbe4b110f,https://cdnjs.cloudflare.com/ajax/libs/moment.js/2.30.1/locale/ne.min.js
384b1106a643ea4b6eb6e93c4c2620847e6be982ba2879dfb743a97b42c494a1,https://cdnjs.cloudflare.com/ajax/libs/popper.js/2.11.8/esm/utils/computeOffsets.js
385c323debcf36fc63d6ecd9ded4c11377090f91a4ce0b4f2d69eb8a90232351,https://cdnjs.cloudflare.com/ajax/libs/dayjs/1.11.18/locale/mk.min.js
386b1ac95b07da44f687cb5d55e1f6af75fc05cf89a49b6929bc63bab5cadef9,https://cdnjs.cloudflare.com/ajax/libs/dayjs/1.11.18/plugin/isLeapYear.js
38a6099bbde0575ef1c9ec6046f2a5e2502d70ff107bf4ae511770460d1f0acd,https://cdnjs.cloudflare.com/ajax/libs/request/2.88.2/lib/getProxyFromURI.min.js
38adae2c05e82ec3aa7e765b94b5a7ec4c7862d403581a0b52640b1b4182856d,https://cdnjs.cloudflare.com/ajax/libs/prism/9000.0.1/components/prism-fsharp.js
3923c6bd6137387d5edc62f6dc0174cc9eef8363238c16eef78bd9d9c69bfafc,https://cdnjs.cloudflare.com/ajax/libs/moment.js/2.30.1/locale/es-us.js
392d786310a4392389e7cc2846c03f666811152f9f8f286c1e89615e270baabe,https://cdnjs.cloudflare.com/ajax/libs/date-fns/4.1.0/locale/uz/cdn.js
39368cdbf30dbfa1b4ae0bac5d59627a6e9557890c2ef3b31bf67c57d5c5b641,https://cdnjs.cloudflare.com/ajax/libs/date-fns/4.1.0/locale/nn/cdn.js
393b31357f2a4803b77e198b615554b90411cc59d2965c13639f6e9d7efa6489,https://cdnjs.cloudflare.com/ajax/libs/date-fns/4.1.0/locale/fr-CH/cdn.js
3943e946fcad9c965f147c50e08da71d3270239175de530d1f48be6fb44956ed,https://cdnjs.cloudflare.com/ajax/libs/moment.js/2.30.1/locale/uz-latn.js
397a8cffdeec35be161d00e3ed1378a644223f710dafee49584d376a64d3b9a0,https://cdnjs.cloudflare.com/ajax/libs/web-vitals/5.1.0/web-vitals.attribution.iife.js
39d11616a38a96a270d62e2b675c17e2bc5b9e810289e3784136872ff28db84d,https://cdnjs.cloudflare.com/ajax/libs/dayjs/1.11.18/locale/tzl.min.js
39d49d302f40c5c8245599e95efbf08aea9aa9f4471cc5cbebcfd5c13e966046,https://cdnjs.cloudflare.com/ajax/libs/prism/9000.0.1/plugins/line-highlight/prism-line-highlight.css
3a4c8a3341d0461e91a7191610b06c255b8293cf7e7bdeedabe6b2381f64d754,https://cdnjs.cloudflare.com/ajax/libs/moment.js/2.30.1/locale/it.js
3aafb02ab1fca30f905750a61fa84fb1e202ebfafd0e07add22341be307bbbdc,https://cdnjs.cloudflare.com/ajax/libs/date-fns/4.1.0/locale/ko/cdn.min.js
3ac1e3f921b33f9a463c4cfbf5372ab3cc1ff2e4cf60f516b224cfabf5fcc88b,https://cdnjs.cloudflare.com/ajax/libs/dayjs/1.11.18/plugin/preParsePostFormat.min.js
3acce645c801ff4356c6da7325b5fe06c70171da52256f6e47e374ffb6218c6a,https://cdnjs.cloudflare.com/ajax/libs/date-fns/4.1.0/locale/ta/cdn.js
3adf77e9239139d7a99358f3fd78ac767419c5c57298ebaea105fcac1862cd5f,https://cdnjs.cloudflare.com/ajax/libs/jose/6.1.0/lib/subtle_dsa.js
3af5dd635938efb5c432b31e810c76361f2f668c07811f88e91e7a79a6500584,https://cdnjs.cloudflare.com/ajax/libs/vue/3.5.22/vue.esm-bundler.min.js
3b039336619b6dcf75129a3cc16fbcb5cdcf4594c88ec7c09d0deb6daa5ac23e,https://cdnjs.cloudflare.com/ajax/libs/dayjs/1.11.18/locale/tg.min.js
3b3d6be70a0af38aa18c6c2c352555db48a4114c7ab38e335e4df32bce6cfab9,https://cdnjs.cloudflare.com/ajax/libs/dayjs/1.11.18/locale/rn.js
3b49189f80f194fa2c10afbd1c416d559c91d25982a5502eca5ee07b8faa44f2,https://cdnjs.cloudflare.com/ajax/libs/popper.js/2.11.8/esm/utils/computeOffsets.min.js
3b5ef7aff1e0fd476acc55f0d3ca60562ce8666ece638c1ec850021deab53887,https://cdnjs.cloudflare.com/ajax/libs/dayjs/1.11.18/locale/es-do.min.js
3b68dbd73d3c8aa22fdb13f83a324a141c018b56fb3b2f2b34712b7ddd0f23d7,https://cdnjs.cloudflare.com/ajax/libs/dayjs/1.11.18/locale/ar-iq.js
3b6c6e3b265283f4c9b1db4db6fbaaddb0755a88d600ecbb35556f27c474c4f7,https://cdnjs.cloudflare.com/ajax/libs/moment.js/2.30.1/locale/fo.min.js
3b6c94dc00c7f57dd357b1f28370783b63404ad41a431e77ebf0f4479c0c1da9,https://cdnjs.cloudflare.com/ajax/libs/forge/1.3.1/forge.all.min.js
3b6fdaa10a3f2da9ea71643d6e9b852e9e6976fcf86e0433e5ff87d14564ecad,https://cdnjs.cloudflare.com/ajax/libs/date-fns/4.1.0/locale/pt-BR/cdn.js
3bb77630d4bc3fa50d0e25cb83bd0e46760ee927e4e1a161fc8d4dd61e4e6639,https://cdnjs.cloudflare.com/ajax/libs/prism/9000.0.1/components/prism-autohotkey.js
3bd12911368c6050dce487f0d9b7f968667acaa8f444079f59cbe7230a71ecd5,https://cdnjs.cloudflare.com/ajax/libs/cheerio/1.1.2/dist/browser/api/css.js
3bd12911368c6050dce487f0d9b7f968667acaa8f444079f59cbe7230a71ecd5,https://cdnjs.cloudflare.com/ajax/libs/cheerio/1.1.2/dist/esm/api/css.js
3be189d9102a37d9d09d676315b7c435145d5b642d3893bf99ed8b55925a6cbe,https://cdnjs.cloudflare.com/ajax/libs/dayjs/1.11.18/locale/tg.js
3be5fa8d4a26199fb8af8fd260ba869c9ef78c0529c27b2bccfe1f18d0105eca,https://cdnjs.cloudflare.com/ajax/libs/dayjs/1.11.18/locale/uk.js
3c5702a351be214e860a3662987889e0cf89757d3d16fd0e814a13287bc45469,https://cdnjs.cloudflare.com/ajax/libs/dayjs/1.11.18/plugin/bigIntSupport.min.js
3c854562c55f388c64054559853bfd14ca7d298983c4cc12ed8e52f6fcdb1375,https://cdnjs.cloudflare.com/ajax/libs/dayjs/1.11.18/locale/uz-latn.min.js
3c933be43f969c0166d1ac4b28a8ecb655e9b9af1b81966abd4211c5f4962f62,https://cdnjs.cloudflare.com/ajax/libs/dayjs/1.11.18/locale/lt.js
3cbd8a28a3d8691e112e71c38e4d2dea3fa12ff3a99c923afadbe6710e2ce7dd,https://cdnjs.cloudflare.com/ajax/libs/jose/6.1.0/jwt/unsecured.js
3cbf2d9c4474567aab123216ebc85f5e4f754f3f914c547c0be8dbcd3bc1cc73,https://cdnjs.cloudflare.com/ajax/libs/date-fns/4.1.0/locale/sv/cdn.min.js
3d16b22f147b37991372897c9bf83f5b5332b24eb76b6886594706596f31d841,https://cdnjs.cloudflare.com/ajax/libs/react-redux/9.2.0/react-redux.legacy-esm.min.js
3d2204f635ccd7112f90b2b9d55aa2daddf8d1c13739ed0e67366551eab9c6e4,https://cdnjs.cloudflare.com/ajax/libs/prism/9000.0.1/components/prism-rest.js
3d469e41aea9da1caac426df61eb4105d5f83768aa0ddaf87254d5dc337a624a,https://cdnjs.cloudflare.com/ajax/libs/dayjs/1.11.18/locale/tlh.js
3d7744dcabf62768a3747c4fbd7734f961447f5249a65e6303e3c5b5bcb2e2e4,https://cdnjs.cloudflare.com/ajax/libs/tailwindcss/4.1.13/flatten-color-palette.js
3d7eea732acb8f27ba7be5ec54cc1c5ea198be2f7b12ae78cf03ce3b87d78da1,https://cdnjs.cloudflare.com/ajax/libs/crypto-js/4.2.0/ripemd160.js
3d8e9246f48e4a8340e7698afca06c1878ab0807108849fa5d35124e8663aa5c,https://cdnjs.cloudflare.com/ajax/libs/react/19.1.1/cjs/react.development.min.js
3e041a0b01629b26c6959a0cac9bec64ad56901d831ca519408e4fc7473a1768,https://cdnjs.cloudflare.com/ajax/libs/luxon/3.7.2/cjs-browser/luxon.min.js
3e05b4ca6d5bd3ea6f15c63ab33f36252579946b84610b512b2d63624b24eb74,https://cdnjs.cloudflare.com/ajax/libs/date-fns/4.1.0/locale/zh-TW/cdn.min.js
3e501bb205a6b4aa839247dc1e645caa37400f0657a9f62ece4bc181cac62deb,https://cdnjs.cloudflare.com/ajax/libs/popper.js/2.11.8/cjs/popper-base.js
3e76e1dc883b283100a6e8b9dad16b529006e509423f250126352c7cbc381bd6,https://cdnjs.cloudflare.com/ajax/libs/popper.js/2.11.8/esm/dom-utils/getWindow.js
3e8a6a6d16ffd3df4fa2b449086cad6cbc9a0ef6a39b09c0a7b660454c594d0f,https://cdnjs.cloudflare.com/ajax/libs/popper.js/2.11.8/esm/utils/getAltLen.js
3f1a3c06507476184ab2a662b4a6e9bc340999539dbcc0bacacf3e50e9b4caf9,https://cdnjs.cloudflare.com/ajax/libs/moment.js/2.30.1/locale/mr.min.js
3f327a63d612b8804a8e27dbd73736c8a52a3f59dff7a8ffcb83084f28d89869,https://cdnjs.cloudflare.com/ajax/libs/jose/6.1.0/util/base64url.js
3f6f19368eb52257aa83967ebffe2e11b3aedf0610f229880610cd38460b6d17,https://cdnjs.cloudflare.com/ajax/libs/prism/9000.0.1/components/prism-lolcode.js
3f95e7bca2ffa5973d3d9a06bfd8de61fdfb51bb9b43c4f84af38a79bdc55195,https://cdnjs.cloudflare.com/ajax/libs/date-fns/4.1.0/locale/eo/cdn.min.js
3fa2f459af271e7edc9a8bce9edbf7ab3cf331a3bef73ce2050b8bd97cb616db,https://cdnjs.cloudflare.com/ajax/libs/dayjs/1.11.18/locale/mt.js
3fcae7d507e63e484800ed4a092f87c8b8016203ba0378bb14226959e51295ef,https://cdnjs.cloudflare.com/ajax/libs/handlebars.js/4.7.8/handlebars.runtime.min.js
3fe104e9602fe51a5927a22dbe293f48817e3b07c090bfa9d97cce409556dfcd,https://cdnjs.cloudflare.com/ajax/libs/dayjs/1.11.18/locale/ta.js
4012ff15770ba22142235d19ed84a575ba011b5064eeceb3ed20192165db0841,https://cdnjs.cloudflare.com/ajax/libs/dayjs/1.11.18/plugin/isToday.min.js
4056494e80f0354a6253c6fc08a526bf10920c1b2bb517efb1249945a1291672,https://cdnjs.cloudflare.com/ajax/libs/request/2.88.2/lib/redirect.js
40638da2be2a2c97aceeb09bc7a64a3ca05728fdf3f62a726e8b83c1184395e2,https://cdnjs.cloudflare.com/ajax/libs/dayjs/1.11.18/plugin/buddhistEra.js
40665bb2d84be4db51bde88fa066d6dcb7bb6035dcc28eba71f3fae2b9943ffc,https://cdnjs.cloudflare.com/ajax/libs/dayjs/1.11.18/locale/cy.min.js
40cff492b54353a55cdf9ffb369786539ffb7d54d25f97dd4a1e8975b309c35d,https://cdnjs.cloudflare.com/ajax/libs/dompurify/3.2.7/purify.min.js
40ee71397c608f15e2d5efe405c721db5672d9c37a16e08ac04639f0565b485a,https://cdnjs.cloudflare.com/ajax/libs/immer/10.1.3/cjs/immer.cjs.development.js
41036d1ad78836c990e754a71b31d7343989bb644ab82358b7f943d727ee757e,https://cdnjs.cloudflare.com/ajax/libs/prism/9000.0.1/components/prism-objectivec.min.js
410d48bd407d037c25fd12012d10523c847106fc5415ff61be7f4cd20960bda6,https://cdnjs.cloudflare.com/ajax/libs/prism/9000.0.1/components/prism-coffeescript.min.js
413416d30a243e8d34798641a617b48814c97c36d0bbf2a4edd29f02d01ec487,https://cdnjs.cloudflare.com/ajax/libs/dayjs/1.11.18/locale/en-ca.min.js
414127c17dd1d148622f9af2202257d516f048da07dd944599f38a41f2b90d4b,https://cdnjs.cloudflare.com/ajax/libs/moment.js/2.30.1/locale/ca.min.js
415b1a868d833633f8b89c4d5f4f2fffea9b2363353389feac54d163afd0652d,https://cdnjs.cloudflare.com/ajax/libs/cheerio/1.1.2/dist/commonjs/parsers/parse5-adapter.min.js
415d0d3ff680b392baf1d8a25313f169556d48c170bbccaeeb34ce0d075231d8,https://cdnjs.cloudflare.com/ajax/libs/react-select/5.10.2/useAsync-be659a57.cjs.prod.js
4164104213767dcf6933f86096a8f25d93b95723dab2cf420e2cb3209067698f,https://cdnjs.cloudflare.com/ajax/libs/three.js/0.180.0/three.webgpu.min.js
41670be3521593e1069527489fc37d5105b5928d889999b5327832078f1c937b,https://cdnjs.cloudflare.com/ajax/libs/dayjs/1.11.18/locale/mn.js
4181d09c7c02a6782680f338da6310abfbb4981ea4d1334a8ff1bee0a34dda1a,https://cdnjs.cloudflare.com/ajax/libs/dayjs/1.11.18/locale/me.js
4194e1e79cb8dddc9cabfd0af9fd2ab68c5e00ada2a01087a437412ddb999b98,https://cdnjs.cloudflare.com/ajax/libs/crypto-js/4.2.0/core.min.js
41c700b7a38c4ca7d4cc0b156be0a0648ffef4abb8ed657b371c8f63f7edf950,https://cdnjs.cloudflare.com/ajax/libs/jose/6.1.0/lib/check_key_length.js
42192b99b32c2013cc096a9e7063b3e69d68d7138df37680a8b71d4fa01e37ce,https://cdnjs.cloudflare.com/ajax/libs/dayjs/1.11.18/locale/ar-kw.min.js
422fd617085929da78d1c4b2d4618af81bec231bffc635301056b4bd09a11b21,https://cdnjs.cloudflare.com/ajax/libs/jsonwebtoken/9.0.2/lib/psSupported.js
423c41974cdb3b526fdf0b0bcd582f20590d2f3ba878ec0bffeb1d0bc89b8c29,https://cdnjs.cloudflare.com/ajax/libs/moment.js/2.30.1/locale/cv.js
424ed10805d004f217b44ff6a0da5bad51d8f3b25577306f6e1f59c387525da2,https://cdnjs.cloudflare.com/ajax/libs/moment.js/2.30.1/locale/se.js
4257e7fd3a3677b22d6a98b8c60e905f070bdc36605c12b9eb340570fec47604,https://cdnjs.cloudflare.com/ajax/libs/popper.js/2.11.8/esm/utils/getOppositePlacement.min.js
4260f16f587962c22d502e28a6f9debdfadc6b96bfba3903f3920e4f9ea5b507,https://cdnjs.cloudflare.com/ajax/libs/dayjs/1.11.18/locale/en-sg.js
429fa5ff00584425d06580a2c5eff98a8975e53a246fb6ccf4c5b2a6545cc6b6,https://cdnjs.cloudflare.com/ajax/libs/date-fns/4.1.0/locale/nl/cdn.min.js
4303c9fdaad321fe8510cd05d6a219030da553b17efb2b6f701a9a48dfbd1555,https://cdnjs.cloudflare.com/ajax/libs/date-fns/4.1.0/locale/gd/cdn.js
4307e8abef91056a2103a591d6f500d91d7f9982a8c7a68ca6d93a6fe4d2e297,https://cdnjs.cloudflare.com/ajax/libs/date-fns/4.1.0/locale/lt/cdn.js
430c86f6c0ea0199d8622045883048b35875bea37b44424663bbe573056ec981,https://cdnjs.cloudflare.com/ajax/libs/moment.js/2.30.1/locale/kk.js
432665b5ba2d006e9dd214b5c157557b454c193eb7578e83f5a80bb5036a6e1b,https://cdnjs.cloudflare.com/ajax/libs/jspdf/3.0.3/polyfills.es.js
434b61ac05ad506c47f65f679f1638cf38870885d52b786822ffd1b34a41bbcb,https://cdnjs.cloudflare.com/ajax/libs/popper.js/2.11.8/esm/utils/getAltLen.min.js
435fc5ea995d4bb39c4741337a3846f21c59be73842260cda8d67d6f2c96a1de,https://cdnjs.cloudflare.com/ajax/libs/crypto-js/4.2.0/tripledes.min.js
436deee65762dc2cd01329405c06d70bdb6b349796e5d40bfefb81aa6526802d,https://cdnjs.cloudflare.com/ajax/libs/dayjs/1.11.18/locale/hy-am.js
43780fa999cb63bc08211604c9bdc8847172377d81d8e702495e6eb3452c47bb,https://cdnjs.cloudflare.com/ajax/libs/cheerio/1.1.2/dist/browser/static.js
43780fa999cb63bc08211604c9bdc8847172377d81d8e702495e6eb3452c47bb,https://cdnjs.cloudflare.com/ajax/libs/cheerio/1.1.2/dist/esm/static.js
43b56cfb3ba01a3904dda09c629560b1c6c8499274147144527cae13834d3a7d,https://cdnjs.cloudflare.com/ajax/libs/moment.js/2.30.1/locale/ar.min.js
43b7ead41219cc821e9dbf958d1e803d4b406c79ecf1d823a544e7d0e8d7c2db,https://cdnjs.cloudflare.com/ajax/libs/jspdf/3.0.3/jspdf.umd.js
43f4f4ab7ad358863ce1a215711b0bac297ed0030cdfb8db35329b201a554671,https://cdnjs.cloudflare.com/ajax/libs/request/2.88.2/lib/tunnel.js
4407e38601f9c7874def2f0db5e05a7d2ed7ea8ed39471457a0884b9ad9f033e,https://cdnjs.cloudflare.com/ajax/libs/Chart.js/4.5.0/helpers.min.js
44782eef6a54b0ec8b9f7fbef5858152812a408a6b576521a9db82394e2ea04b,https://cdnjs.cloudflare.com/ajax/libs/popper.js/2.11.8/esm/dom-utils/contains.js
44bdd0dbbf51d5d49ac46ece12e919151c7f27b7f5b174790c4ca6aef0b6a1eb,https://cdnjs.cloudflare.com/ajax/libs/react/19.1.1/cjs/react-jsx-runtime.react-server.production.js
44e4cb084c17b29456704016e62d9e1d1e94e0fdffc08d0dac009546dced6f6b,https://cdnjs.cloudflare.com/ajax/libs/date-fns/4.1.0/locale/et/cdn.min.js
44f2c69e6f14ce36a1c8f282c0b744b95dee004cda08bf6de1ff5f68064d9670,https://cdnjs.cloudflare.com/ajax/libs/crypto-js/4.2.0/sha256.min.js
453d54f2da991b3ffbc7b793123888904490d7fa2f7a2e986516f582d193b3f6,https://cdnjs.cloudflare.com/ajax/libs/vue/3.5.22/vue.runtime.esm-browser.prod.js
454445da33eb6f3c14584e966e6eaec71d41a3736ad3506ca18da3e2c142afa9,https://cdnjs.cloudflare.com/ajax/libs/dayjs/1.11.18/plugin/timezone.min.js
455d28d71b8d59da5d26877fb2b42ac3822fb213dd69179002c01fde937c0fa3,https://cdnjs.cloudflare.com/ajax/libs/moment.js/2.30.1/locale/tg.min.js
4575be3facc89fe141b54728c9e74138bc4081575343f0a7f4b30537b2744429,https://cdnjs.cloudflare.com/ajax/libs/dayjs/1.11.18/plugin/toObject.min.js
458182f10739336a6f8cada6088fb7977d155202e809b5d5fd74fbec27356561,https://cdnjs.cloudflare.com/ajax/libs/moment.js/2.30.1/locale/zh-cn.min.js
458e8348348a3ec71db02948fd36198ca10a9233948087d25416848effa182a8,https://cdnjs.cloudflare.com/ajax/libs/dayjs/1.11.18/locale/se.js
45910406a59219dfff45c0c3d3d781b337a45929127206d899b1a22a3c0097ba,https://cdnjs.cloudflare.com/ajax/libs/prism/9000.0.1/components/prism-http.js
45995ddf4b7239b57521886956eaf0c7b7ce0c303aa63249894946cb2730d836,https://cdnjs.cloudflare.com/ajax/libs/prism/9000.0.1/components/prism-latex.js
45bd93cf6229b02d95e7dc963c0e456016bb8753fa1aa3ceeb9ce1b988cb357f,https://cdnjs.cloudflare.com/ajax/libs/moment.js/2.30.1/locale/en-in.min.js
45ce63fde1db108d9a75db7dcb317fbd97078b5008b4fbe93fe9243a080fa6e0,https://cdnjs.cloudflare.com/ajax/libs/date-fns/4.1.0/locale/bs/cdn.min.js
45dc3dd03dc07a06705a2c2989b8c7f709013f04bd5386e3279d4e447f07ebd7,https://cdnjs.cloudflare.com/ajax/libs/js-yaml/4.1.0/js-yaml.min.js
45f0c44fd74b874a20e003f51e078dedbe45b4547db00755cd09a442457b4f23,https://cdnjs.cloudflare.com/ajax/libs/dayjs/1.11.18/locale/en-ca.js
4612d712f53f79361dd9567c09f4fb48f72266064d9c0feb1b8e908f38953ae7,https://cdnjs.cloudflare.com/ajax/libs/popper.js/2.11.8/esm/popper.min.js
46c209d93f601141c15ed4c5b91a4d5742048f2bfbd04d1aaa5831c03f2b856b,https://cdnjs.cloudflare.com/ajax/libs/jsonwebtoken/9.0.2/lib/validateAsymmetricKey.js
46eb0b3d58003085eff6b97439d3c845b404b1f870c8fa33c14e5d1168850c98,https://cdnjs.cloudflare.com/ajax/libs/prism/9000.0.1/components/prism-yaml.min.js
46f4de0ead36f0ae0b6ec8fa35a4d8b0443891092393b4fdb6348ded15e46b26,https://cdnjs.cloudflare.com/ajax/libs/moment.js/2.30.1/locale/en-gb.js
4708a9dfcd83eb392f1d5e3878962167e806fc4ccb8a05a12b3a1a6989fa0c25,https://cdnjs.cloudflare.com/ajax/libs/moment.js/2.30.1/locale/ar-dz.min.js
470948b2b32e157b4c11ce072e58a3325802c2d3d52d8a6848b7bca750a380ba,https://cdnjs.cloudflare.com/ajax/libs/dayjs/1.11.18/locale/x-pseudo.js
47098c61f977c6b0d12d4fdc73b3eeb029279368f7a50b8121eb31b212197eef,https://cdnjs.cloudflare.com/ajax/libs/popper.js/2.11.8/umd/enums.js
470e6634aaf4ce736ad23f117676813d6f163e1f3b0c2e7ed0ba6be45713cf66,https://cdnjs.cloudflare.com/ajax/libs/dayjs/1.11.18/locale/en-tt.js
47345b6f32e979d05dbf1fff348b5f574a961537647edd8fc4a17b0293cb92f7,https://cdnjs.cloudflare.com/ajax/libs/cheerio/1.1.2/dist/browser/api/extract.min.js
47345b6f32e979d05dbf1fff348b5f574a961537647edd8fc4a17b0293cb92f7,https://cdnjs.cloudflare.com/ajax/libs/cheerio/1.1.2/dist/esm/api/extract.min.js
47359aae9bbd74b9155af24afddeeb248c2bea9e7ad8e8e5c24e36098d65d463,https://cdnjs.cloudflare.com/ajax/libs/dayjs/1.11.18/plugin/updateLocale.min.js
474da0e6bc3d690226cf36bf250f09114f68415b03656cc7a02bf1426ec0296c,https://cdnjs.cloudflare.com/ajax/libs/date-fns/4.1.0/locale/gu/cdn.js
47933880a9ae2c21896314d83b864eda21d9c40e858398049178bd57f6b2d413,https://cdnjs.cloudflare.com/ajax/libs/popper.js/2.11.8/esm/utils/userAgent.js
47c349d898950b445f3f54473e8aefd6e9b7a01d49d05fc0b74292f8167238d8,https://cdnjs.cloudflare.com/ajax/libs/dayjs/1.11.18/plugin/toArray.min.js
47d21013ed89a79e00fd25b4b6d589e8530685d55da3d21c855fb9208a3efeb7,https://cdnjs.cloudflare.com/ajax/libs/dayjs/1.11.18/locale/nb.min.js
47e23f3454369faf960b7b7e4532d0fe9e3102c43e311378a59c5eb138d239d5,https://cdnjs.cloudflare.com/ajax/libs/dayjs/1.11.18/plugin/devHelper.js
48181960ebddb6b9ff04914a9d00f2cebe56c6acd71731b71b1374224e92476d,https://cdnjs.cloudflare.com/ajax/libs/dayjs/1.11.18/locale/tr.js
482f9289851cc5add17895787d427259acf8d9467db37000d383021aa097a1e3,https://cdnjs.cloudflare.com/ajax/libs/moment.js/2.30.1/locale/hi.js
483317f31643c368fe782245be9c3c3cd20c0dbbaaeb17baadcea804ed0e4d62,https://cdnjs.cloudflare.com/ajax/libs/styled-components/6.1.19/styled-components.js
4844d982a423d205714a5c9dd0dc064f5c43c48bab298bba2e7da19d9be7734b,https://cdnjs.cloudflare.com/ajax/libs/dayjs/1.11.18/locale/ar-sa.js
488ee9be4172452530912cd7949b2d6bf8d41f59386dff450342b13189a1956c,https://cdnjs.cloudflare.com/ajax/libs/prism/9000.0.1/plugins/wpd/prism-wpd.min.js
48aa37dd993523cd290d3b63b88dc6ce505993357718113d9c91e00060327fd2,https://cdnjs.cloudflare.com/ajax/libs/dayjs/1.11.18/locale/bn.min.js
48cda8293a9b9c7ce2b8c1a04d10f3e891f2156c0fce930a51fcd03724a57d43,https://cdnjs.cloudflare.com/ajax/libs/dayjs/1.11.18/locale/mk.js
48f2e783cd2daa0a0c1b1db474c9742aed1c841fa3d7b472bbe92987bd75a745,https://cdnjs.cloudflare.com/ajax/libs/sinon.js/21.0.0/sinon.js
48f9ba72447cc8cf7be8092b7ccd27bbf7e146ad43230d1525404152a379a1ac,https://cdnjs.cloudflare.com/ajax/libs/date-fns/4.1.0/locale/ar-DZ/cdn.js
4913900a380ed33b662fc5299fda05cfba74367870ba23f3d9db5dfd0775c876,https://cdnjs.cloudflare.com/ajax/libs/moment.js/2.30.1/locale/ar-sa.js
49481eaa850b6bf72bf2104352520ea71460b5193c60793edaa442c70d004b01,https://cdnjs.cloudflare.com/ajax/libs/dayjs/1.11.18/locale/bn.js
4954a56f7e7602a11a119115d8bd2b4b8f16f9da832dfab4f56368e8470b7fc0,https://cdnjs.cloudflare.com/ajax/libs/date-fns/4.1.0/locale/is/cdn.min.js
49ada4fd419ebadc7cc933d96e892b1f751534f2fde555d6f1b7ea23c2ef4804,https://cdnjs.cloudflare.com/ajax/libs/date-fns/4.1.0/locale/mn/cdn.js
4a165b93d4e30b2f81e6089534799470c0cbbee6c2ee36c97213ef7f2b7ada21,https://cdnjs.cloudflare.com/ajax/libs/prism/9000.0.1/plugins/show-language/prism-show-language.css
4a1e7e88be4b1a02bfa942dd0d989d53d633ad125a212a6fb871434c4e2eec97,https://cdnjs.cloudflare.com/ajax/libs/prism/9000.0.1/components/prism-cpp.min.js
4a47407d6e87dbe00499b68d2dbea01c8f396f6d09b7a33a3952fd9b3f727a61,https://cdnjs.cloudflare.com/ajax/libs/date-fns/4.1.0/locale/ka/cdn.js
4a6a64d35376d87a17a769a6f6b2a72c1322eed7241010acf18c4013a662b722,https://cdnjs.cloudflare.com/ajax/libs/crypto-js/4.2.0/sha224.min.js
4a958856cb46b4dc36334b5e8e3ce780ac45f413aa597d8fdd042a0feb38b7b5,https://cdnjs.cloudflare.com/ajax/libs/dayjs/1.11.18/locale/mi.min.js
4aa0fb4199a5a287a433aaa7410354cb4f5fa7eb15ea80ebcba67dbb02bda1e5,https://cdnjs.cloudflare.com/ajax/libs/moment.js/2.30.1/locale/nb.js
4ae88cfb3309c26335bad849edb58e61f6e11ad560b531797b6c2d5a7b5d7270,https://cdnjs.cloudflare.com/ajax/libs/pdf.js/5.4.149/pdf_viewer.min.css
4af37cc6b498a4c3418f0b5d90efe5354422b3d158681454dc2eedee31ce1469,https://cdnjs.cloudflare.com/ajax/libs/moment.js/2.30.1/locale/hr.js
4ba62f8728c1a9ef5d149f4ad0a34266dc463552c84bd40c1cab34f8c00a9339,https://cdnjs.cloudflare.com/ajax/libs/moment.js/2.30.1/locale/id.min.js
4bb96d9d53f380ac801819411b8c10868ac9a984de863e56402ac00c2289b9f1,https://cdnjs.cloudflare.com/ajax/libs/json5/2.2.3/index.min.js
4ca3a45346846f7ae258725985596972dff818b6eeb406f1c8851f17783d9a08,https://cdnjs.cloudflare.com/ajax/libs/popper.js/2.11.8/esm/utils/rectToClientRect.js
4cb3b96d7c22b17c7410a0192dd7d6e274e27029ea2bfe267eae41508892dce4,https://cdnjs.cloudflare.com/ajax/libs/moment.js/2.30.1/locale/en-au.js
4cbb01943efd227b24c8ec293e03648f3589733cfb51140222d1a3484a24e3ae,https://cdnjs.cloudflare.com/ajax/libs/moment.js/2.30.1/locale/bn-bd.min.js
4cdf71cef3c12528cd7163f6955d55aa77c260a440a3fcb93b77e3a9c4ab1650,https://cdnjs.cloudflare.com/ajax/libs/request/2.88.2/lib/hawk.js
4cecd2a1083225f5675bb50ba3f43f92f828fc04b84fcdd9d40f758269381bd8,https://cdnjs.cloudflare.com/ajax/libs/cheerio/1.1.2/dist/commonjs/api/attributes.js
4d147fb2da3f1a3dad3c3eb04e8ce8c710208a71379fa7d9b2ebeb3c49fd42ed,https://cdnjs.cloudflare.com/ajax/libs/dayjs/1.11.18/locale/fr-ca.js
4d23b66370e1ee899e7c5c3d7ba161458da6e59ac1f05a4a2b9b59b7fb9ebab3,https://cdnjs.cloudflare.com/ajax/libs/dayjs/1.11.18/locale/pa-in.min.js
4d85d4e3a8aa326363be22aa6f2f343571a0969f951ba269d6c89376d52fac16,https://cdnjs.cloudflare.com/ajax/libs/dayjs/1.11.18/locale/lo.js
4d9538125cafe50af6cb9c0d7e75a6fcd14b4fa69d1f98c1f1eef727d7edfaa2,https://cdnjs.cloudflare.com/ajax/libs/dayjs/1.11.18/locale/bo.js
4dd0f1692347e70d4257c7e87500f560d6f092a0b36d15ef44cab4e588ecee6e,https://cdnjs.cloudflare.com/ajax/libs/popper.js/2.11.8/esm/dom-utils/isTableElement.min.js
4df74a01d575a4c5a6e22ea2a5a305400f8c63df20f5b3f2e25e068608990b8f,https://cdnjs.cloudflare.com/ajax/libs/immer/10.1.3/immer.legacy-esm.js
4e05ea67b25c4fd74b46c520573cb723b17292678f56cc4fbc4c85f0f324eab7,https://cdnjs.cloudflare.com/ajax/libs/request/2.88.2/lib/multipart.min.js
4e1fb5828d882456912e121823f2c49484815e036cd78e3abc73b7becb4e82ce,https://cdnjs.cloudflare.com/ajax/libs/isomorphic-fetch/3.0.0/fetch-npm-browserify.js
4e7617ed42c4cd4e2264f84fd8273e840cdd4859054b86cac6a31fd3f1a6ff8c,https://cdnjs.cloudflare.com/ajax/libs/dayjs/1.11.18/locale/rw.js
4e883d40b753248ae2ede48811a2a78d4013a8dbfe7e178a1bfd4e8241856455,https://cdnjs.cloudflare.com/ajax/libs/dayjs/1.11.18/plugin/minMax.js
4f563373ba4af442e1b425b7b7dd1030ed84b9babe9821949922d9677bf14701,https://cdnjs.cloudflare.com/ajax/libs/crypto-js/4.2.0/mode-ecb.js
4f69426c62c0cb2538cbb9bb8b928c79b5cacf7d1f438f8a9c4e48809b56e9a3,https://cdnjs.cloudflare.com/ajax/libs/crypto-js/4.2.0/enc-base64url.min.js
4fa7f2eabb5cbdeb10c3aa899a8337a04bf2880ffec075883a5d09ee4666c4f2,https://cdnjs.cloudflare.com/ajax/libs/prism/9000.0.1/components/prism-scala.js
4fb9de0ba12deacbe17680fb1c774f55332a32039c2d6a37cb62562f88b22e67,https://cdnjs.cloudflare.com/ajax/libs/crypto-js/4.2.0/format-hex.min.js
505d5f829022bb7b4f24dfee0aa1141cd7bba67afe411d1240335f820960b5c3,https://cdnjs.cloudflare.com/ajax/libs/KaTeX/0.16.9/katex.min.css
509a1b5b1f3402b81e28510e46145618373a9cba61c94c119d5e9242a86261e1,https://cdnjs.cloudflare.com/ajax/libs/jspdf/3.0.3/jspdf.umd.min.js
50ac8a0bc1aeb6f8d0ab6b93883492601cc07ee5197eee7507e4fa868635fbc6,https://cdnjs.cloudflare.com/ajax/libs/prism/9000.0.1/components/prism-smarty.min.js
50b3ede3f3afe4156f7244de7bc998c7773209475207a7bcd64932a03972d9b3,https://cdnjs.cloudflare.com/ajax/libs/dayjs/1.11.18/plugin/isTomorrow.js
50bdf14d72229372cf3751195e80f3659d4bf94eadc4a059452afcee969f8a19,https://cdnjs.cloudflare.com/ajax/libs/preact/10.27.2/preact.umd.min.js
50ceffaf2fc194baacb8f47ddfec2e00e6e56c2652cca75d84cc27df884aa2a7,https://cdnjs.cloudflare.com/ajax/libs/tailwindcss/4.1.13/plugin.min.js
50f1b86132ea1a7acda9b48b69016c7623660efad2c79b554bd30c78286f3bf5,https://cdnjs.cloudflare.com/ajax/libs/request/2.88.2/lib/helpers.js
511026dcf380c93a5c53c00275bda222331616e4da8b8fdf09d5dd7aa18dde1f,https://cdnjs.cloudflare.com/ajax/libs/q.js/1.5.1/q.min.js
511d18f18cd8bbac90882f3b13d195409644da61951db435b46668714b324e88,https://cdnjs.cloudflare.com/ajax/libs/moment.js/2.30.1/locale/et.min.js
512a10b888a60646c8925a6b945a0e2ee973578acf1deae5119c7b60fccd3b8d,https://cdnjs.cloudflare.com/ajax/libs/date-fns/4.1.0/locale/id/cdn.min.js
5132124393b5e683974341923e887800a250e69ec0a6a8dbc4d0924b4e6e59fc,https://cdnjs.cloudflare.com/ajax/libs/prism/9000.0.1/themes/prism-twilight.css
5155f3aa5fe43b18c7b06cf02ff6e9d6c157d7da822c658fbd8e2f0edceef161,https://cdnjs.cloudflare.com/ajax/libs/moment.js/2.30.1/locale/gu.js
5166a1fbafe5b0fa487d0db761ef06483b784ed83ac5ed60b5a764f53919eab5,https://cdnjs.cloudflare.com/ajax/libs/prism/9000.0.1/plugins/line-numbers/prism-line-numbers.css
516c5fea5c82bdf1fb5c472b9aafdca9cda6dc806b2c12ce9d62c2e0fc348104,https://cdnjs.cloudflare.com/ajax/libs/luxon/3.7.2/luxon.min.js
518b41023df84831572bf2cdb3ddabac1479b36383121373cfcf7ab7a75e2d5a,https://cdnjs.cloudflare.com/ajax/libs/styled-components/6.1.19/styled-components.esm.min.js
518c3c1b849d41be9ef9673726ac3c71290096a727ff29c9edfb0f7489e3253f,https://cdnjs.cloudflare.com/ajax/libs/moment.js/2.30.1/locale/hu.js
51e13883b0771f5592bdb7f2c61f3e09da7445494cddcf26c8c50c2c592ce814,https://cdnjs.cloudflare.com/ajax/libs/date-fns/4.1.0/locale/fr/cdn.js
51f06f1e0b9c6bd04c996c399f746aa1f294dc401a5d72c421bd4ace1be27774,https://cdnjs.cloudflare.com/ajax/libs/dayjs/1.11.18/locale/ar.min.js
51f74e490b196f265772b28f34868cc5f962f7d37bb655520cc133c4d40f753f,https://cdnjs.cloudflare.com/ajax/libs/date-fns/4.1.0/locale/en-US/cdn.min.js
520bef37cbc19203b496e3d2525dacf13225392611a061405f88e50889bd01d7,https://cdnjs.cloudflare.com/ajax/libs/jquery/3.7.1/jquery.slim.js
522682022079cf724fc03316d1e8e313331aeb454f969b9bca3f284f40362a88,https://cdnjs.cloudflare.com/ajax/libs/cheerio/1.1.2/dist/commonjs/api/extract.js
5252fcbe17be54e28bdf394e4157f34a1415fceda9b3cf47d43882a38219d36f,https://cdnjs.cloudflare.com/ajax/libs/react-is/19.1.1/cjs/react-is.production.min.js
5263958960b60aa39de13920e7e18d2284450659841e904bda475e0557afbbd3,https://cdnjs.cloudflare.com/ajax/libs/jose/6.1.0/jwt/sign.js
527582d7d413a6c1c01081a871f6d3a61c7d1b3a067d8b6415c2cb7cdcf82025,https://cdnjs.cloudflare.com/ajax/libs/date-fns/4.1.0/locale/pt-BR/cdn.min.js
52a90015bcd96704d5194dc4b369c05ed1f4fa3b68f1280726629d29a8f06851,https://cdnjs.cloudflare.com/ajax/libs/popper.js/2.11.8/esm/index.js
52ce78fab4860d24ef22128a52ce24ca01368a9034457a565a1d3fccbab0ddbb,https://cdnjs.cloudflare.com/ajax/libs/KaTeX/0.16.9/contrib/copy-tex.min.js
52e13589bb56e143502b56010b80bfa5db962ca5ae8ecdcc648462a5fd8ab667,https://cdnjs.cloudflare.com/ajax/libs/moment.js/2.30.1/locale/en-ie.min.js
530f4a8ff1d5fc3985b1f4498b3025a7d82527d84b37d6e3696823a268948d30,https://cdnjs.cloudflare.com/ajax/libs/dayjs/1.11.18/plugin/buddhistEra.min.js
53138532aad7c571af10cf6b17a678552e9a9e7ef5014d250f97af8dc61ae6e1,https://cdnjs.cloudflare.com/ajax/libs/moment.js/2.30.1/locale/zh-cn.js
531ad5b3c79e50b94cfd4430b97a6eb2ab7c9c99b7f6acc3aa8fd51b9646f810,https://cdnjs.cloudflare.com/ajax/libs/date-fns/4.1.0/locale/cs/cdn.js
53218025a43649159f828c3ce7c7ef8dd8917d7b213e73a0e1f5c3d67296e0b1,https://cdnjs.cloudflare.com/ajax/libs/react-dom/19.1.1/cjs/react-dom-server.node.production.min.js
53300359677c2112612ea36269d2923393f8979e4b715dda4f6f99d8947464ec,https://cdnjs.cloudflare.com/ajax/libs/dayjs/1.11.18/locale/en.min.js
5342b8677daaf8ef30dae4d13962da86e942d92586e88d72b59162aac6bc04ad,https://cdnjs.cloudflare.com/ajax/libs/moment.js/2.30.1/locale/lv.min.js
537ba68afbc86b5c9fdd13ac6cb233b0be4196edca5883bb2aabe58b4bbd74e2,https://cdnjs.cloudflare.com/ajax/libs/cheerio/1.1.2/dist/browser/slim.min.js
537ba68afbc86b5c9fdd13ac6cb233b0be4196edca5883bb2aabe58b4bbd74e2,https://cdnjs.cloudflare.com/ajax/libs/cheerio/1.1.2/dist/esm/slim.min.js
5399e41a6b45eb33d487a1af6215276db8228c2e53d0cb690ace394075e0ce37,https://cdnjs.cloudflare.com/ajax/libs/dayjs/1.11.18/locale/gl.js
539cdafb02e7517727f86f034bd5b9bc36b123c1b4950d99147ca37f5bcd2b92,https://cdnjs.cloudflare.com/ajax/libs/dayjs/1.11.18/locale/br.js
53bbbdf2f5ae24e19c22899887ce76bcc5883cab52990b6da1a7a0cf73c59f04,https://cdnjs.cloudflare.com/ajax/libs/moment.js/2.30.1/locale/eo.min.js
53e3bc9d41c34550a478925cf71a36bf0bd27bc914078c6fa9e25869e0cfb82d,https://cdnjs.cloudflare.com/ajax/libs/prism/9000.0.1/components/prism-gherkin.js
53e8eb5ad5f4ec0c6667dd8a5352a28458374a202b036974827e96155cddfca7,https://cdnjs.cloudflare.com/ajax/libs/vue/3.5.22/vue.cjs.js
53fdc5f23d96f57db1e2a2152fc156949b37fccb5d3d9a39e035e919233798cb,https://cdnjs.cloudflare.com/ajax/libs/request/2.88.2/lib/oauth.js
542c8e37fad15d9554af99069aaff24655ddcf075e199f9968350ebc678830f3,https://cdnjs.cloudflare.com/ajax/libs/moment.js/2.30.1/locale/pt-br.min.js
542ddc722d9711595c11d57caa9424beca928b3553747a51e3f1c57c2c08ec16,https://cdnjs.cloudflare.com/ajax/libs/crypto-js/4.2.0/sha224.js
5435a1265dacc269403f275095e24a63ff3b8bb0f95908f7a2a987fbe2ab9e43,https://cdnjs.cloudflare.com/ajax/libs/moment.js/2.30.1/locale/pl.js
544467d53f5bae175207b1a5f0af46daaa101c52b84dc0292404c515a53ac185,https://cdnjs.cloudflare.com/ajax/libs/dayjs/1.11.18/locale/en-ie.min.js
544efeb6ff34d822ba91408b0dad68b4a11ed77913e1d237afae9e9e4868c8a0,https://cdnjs.cloudflare.com/ajax/libs/react-dom/19.1.1/cjs/react-dom-server.node.development.js
547a24150d1270d26f7afba4a046023744e71d31c84bc41ec6dbc033440a23b3,https://cdnjs.cloudflare.com/ajax/libs/jose/6.1.0/lib/base64.js
548c82e5dd67e633118bb226d4656f809b3a87a0a3884da9abec989f85709809,https://cdnjs.cloudflare.com/ajax/libs/jose/6.1.0/lib/key_to_jwk.js
54977086cbdd7327433d30609e7214cae8c2d74be7976023b4856ad5e9341712,https://cdnjs.cloudflare.com/ajax/libs/date-fns/4.1.0/locale/af/cdn.min.js
54a7831bf498d66d1fd512bd7cbd1a2c411fcef1654582f04e303b81abd32c9a,https://cdnjs.cloudflare.com/ajax/libs/prism/9000.0.1/components/prism-haml.min.js
54c867fcb8466aedcea4fb204ce9c01f1809084b116a53aa5dbcf7c8286e5068,https://cdnjs.cloudflare.com/ajax/libs/jose/6.1.0/lib/aesgcmkw.js
54e93988dc75f8791304d01ae4d688d7be317666db7b80f7730b1ff72d6870da,https://cdnjs.cloudflare.com/ajax/libs/date-fns/4.1.0/locale/th/cdn.min.js
551130c265cec8e5280b37abf3ba49ab851ed43ac9871481a1f9fbd8673160b0,https://cdnjs.cloudflare.com/ajax/libs/dayjs/1.11.18/locale/en-tt.min.js
5564284a5af01cc76f2cfa4e32631ffd58368c167ecac60664b351f895732d19,https://cdnjs.cloudflare.com/ajax/libs/tailwindcss/4.1.13/plugin.js
557e0303149c64ed140d71b96843a8f1ceae5f440b986ee8070b811a02e8003b,https://cdnjs.cloudflare.com/ajax/libs/crypto-js/4.2.0/hmac-sha3.min.js
559f1339fa908a3bf357a12f3b6976031040df7604f497c587211eb111b41b70,https://cdnjs.cloudflare.com/ajax/libs/dayjs/1.11.18/locale/be.js
55c2cad0c6b4e3c092120df843da085be1be998b4a3184f079810e9aec773f8a,https://cdnjs.cloudflare.com/ajax/libs/request/2.88.2/lib/cookies.min.js
55c4a0b85c542379fdb693da5bbd9dfb02d07f1ae0ed4236ea6b88d61506b521,https://cdnjs.cloudflare.com/ajax/libs/protobufjs/7.5.4/minimal/protobuf.min.js
55cf4d79d6b088228f9917fda5f664b78b1a8719516add1c10d4dc65618a7484,https://cdnjs.cloudflare.com/ajax/libs/prism/9000.0.1/components/prism-twig.js
56087f3d01e49111fbcc4ff3805a6ae7a8752075d8174d2a5ab293823b959eab,https://cdnjs.cloudflare.com/ajax/libs/date-fns/4.1.0/locale/ht/cdn.min.js
5634c98659ee9aa615087b8559bb5612d0300472ee3bf67d1137017bbd6458fd,https://cdnjs.cloudflare.com/ajax/libs/dayjs/1.11.18/locale/bm.js
565e490b90d3ecf1b98638dad0cd4d2b58f586c79b69237ccfd16c23646ac538,https://cdnjs.cloudflare.com/ajax/libs/dayjs/1.11.18/locale/sl.js
568b48aab0d3c9595c0da291a579af34d6e35e1b155bdd49a8ae3decc2af15da,https://cdnjs.cloudflare.com/ajax/libs/dayjs/1.11.18/locale/en-gb.js
56d75284819d71e6edb376c124293bc97e204125fe221c7597d81a8a33bc4b41,https://cdnjs.cloudflare.com/ajax/libs/cheerio/1.1.2/dist/browser/api/attributes.js
56d75284819d71e6edb376c124293bc97e204125fe221c7597d81a8a33bc4b41,https://cdnjs.cloudflare.com/ajax/libs/cheerio/1.1.2/dist/esm/api/attributes.js
56dd4a4caed37f41cd51ef2c732b25388a19d7f34d835acf340f66600c4c2ef4,https://cdnjs.cloudflare.com/ajax/libs/jose/6.1.0/jwe/compact/encrypt.js
56fd282bd15c83b052a63eaa8100281c5ba5a092f74146f4caf8fccedef10ded,https://cdnjs.cloudflare.com/ajax/libs/dayjs/1.11.18/plugin/badMutable.js
571eca05c055a26c729f757f83b9f849968ae0dc0ba9870e5be9526019c53a33,https://cdnjs.cloudflare.com/ajax/libs/crypto-js/4.2.0/rc4.js
5786c80450e4a357318384dd0f79bdbab0807eaa0e25f41f49f0e5408d017372,https://cdnjs.cloudflare.com/ajax/libs/crypto-js/4.2.0/lib-typedarrays.min.js
578d820d7a4399b6b07f04770084f4de7f96bd1944e6394fb4735d917bc854b2,https://cdnjs.cloudflare.com/ajax/libs/date-fns/4.1.0/fp/cdn.js
579ce91c91747e5cbcd464022df83502beb1c0389722d381defd3e4dc57e7685,https://cdnjs.cloudflare.com/ajax/libs/date-fns/4.1.0/locale/cs/cdn.min.js
581fe5f58bcd2a61f2716f54634c387e1cba4e75770480f9aff33b328c973645,https://cdnjs.cloudflare.com/ajax/libs/moment.js/2.30.1/locale/ky.min.js
582cc085dd8fea044917d1efde838e77e845262fd025bbfe0339f808607c81f6,https://cdnjs.cloudflare.com/ajax/libs/js-cookie/3.0.5/js.cookie.min.js
582e62bec2f76665e8328fcfbfec6f45810467820c3b1e866708f2153effef96,https://cdnjs.cloudflare.com/ajax/libs/react-select/5.10.2/Select-8685a2b1.cjs.prod.js
58346eb1da97294c17b563362e0759fa9cea189782de0c17c5396c0486e568b2,https://cdnjs.cloudflare.com/ajax/libs/dayjs/1.11.18/locale/tk.js
58527f128a4922129d02ba8830358c634b40e4ab7d926fe75e54002c86398e81,https://cdnjs.cloudflare.com/ajax/libs/preact/10.27.2/hooks.module.min.js
585e38688ec7da5f9146026a9cbf624e0ea2abb5f741385eda0c0aa02ef44255,https://cdnjs.cloudflare.com/ajax/libs/crypto-js/4.2.0/md5.min.js
586bd2488d4a77593a39af53fc846d149c7b34275211cf0c59e81f57a5610d00,https://cdnjs.cloudflare.com/ajax/libs/dayjs/1.11.18/locale/az.js
58748be14f634f6a1d58a88013be8a536dcbdd3fd0532cd3554b5a964754a60d,https://cdnjs.cloudflare.com/ajax/libs/dayjs/1.11.18/locale/eo.js
58b66021c6fc2777c3f70096fc774ced21325331591dcb0619f4972fb2dccdf8,https://cdnjs.cloudflare.com/ajax/libs/popper.js/2.11.8/esm/dom-utils/getParentNode.js
58de2ad653876b1eb27ceaffb0037ddb0e4fb7917e111fa7a88ef8ab01fd041d,https://cdnjs.cloudflare.com/ajax/libs/moment.js/2.30.1/locale/ug-cn.js
58de6c57e7d87ec42ea2d04e51198ccc90aa790b923ce704c93682c4191d8f67,https://cdnjs.cloudflare.com/ajax/libs/dayjs/1.11.18/locale/pt.min.js
58fc2469df9fbdc4217db17b6f2a2993fc6861aae11697b04f1d608b8496d9c9,https://cdnjs.cloudflare.com/ajax/libs/cheerio/1.1.2/dist/browser/cheerio.js
58fc2469df9fbdc4217db17b6f2a2993fc6861aae11697b04f1d608b8496d9c9,https://cdnjs.cloudflare.com/ajax/libs/cheerio/1.1.2/dist/esm/cheerio.js
593391a73ae927223cdc601b6a1e1562b6c561b6aeb24d8cf6ae70a34b9f96d3,https://cdnjs.cloudflare.com/ajax/libs/dayjs/1.11.18/locale/nn.js
5945c13469f3dd56c4de81bf9e7863e3bb1069de1b505d5fbb0d052960ba3d19,https://cdnjs.cloudflare.com/ajax/libs/date-fns/4.1.0/locale/lv/cdn.js
59b2240235eec11316144fae2ad875b45961541b0331519a7d8366199e5b09f2,https://cdnjs.cloudflare.com/ajax/libs/date-fns/4.1.0/locale/fy/cdn.min.js
59b4253d14ac439cdc7894ecf9b2675cb464fc6d3093ce0000eec6a04d81c2e5,https://cdnjs.cloudflare.com/ajax/libs/popper.js/2.11.8/esm/dom-utils/getLayoutRect.min.js
59c252182a500bd9453f21391bb8c448ac7dd23512502ae1b56e61943f52812d,https://cdnjs.cloudflare.com/ajax/libs/vue/3.5.22/vue.runtime.global.prod.js
59c5acfba5605fa641721bf16123300164ccc043f4bad6009aa8d880b159124a,https://cdnjs.cloudflare.com/ajax/libs/moment.js/2.30.1/locale/fr-ca.js
5a21e7f4dae4df73c18bfd8e1ad5cf23f6a123cead69c7d76caf378a6195a849,https://cdnjs.cloudflare.com/ajax/libs/dayjs/1.11.18/locale/ar-ma.js
5a8d9ff98ae6bfcc86f949f1a12e920afec7c0e9de80ee3f448cfba765c4b075,https://cdnjs.cloudflare.com/ajax/libs/tailwindcss/4.1.13/default-theme.js
5aa07938b622e27c399d52db135917e7ead944dad5ca26146ecee8f7556e07d3,https://cdnjs.cloudflare.com/ajax/libs/nanoid/5.1.6/index.browser.min.js
5b3eef58af8f051a73350fb530ccd1826e6a21ea840a60d5a9b81acb6d3823a0,https://cdnjs.cloudflare.com/ajax/libs/moment.js/2.30.1/moment.min.js
5b48a23b98780b52215b603e2a7d799e41f6d8027c5d7bc473e35d49e387f4c9,https://cdnjs.cloudflare.com/ajax/libs/dayjs/1.11.18/locale/sw.min.js
5b94d9a47ab2956dbb71a0a77583a0b4cfa948b58c333e9caaab40a70a96171e,https://cdnjs.cloudflare.com/ajax/libs/styled-components/6.1.19/styled-components.browser.cjs.min.js
5b9b92a4af569e143761511dbad7b41f23477dc58848f3c4bd8d9f1039ad3a17,https://cdnjs.cloudflare.com/ajax/libs/jose/6.1.0/jwe/compact/decrypt.js
5ba548ba7844a1c5c4a7f003337237f940b5e8aa67254fb90e1a05a66f2b43ac,https://cdnjs.cloudflare.com/ajax/libs/moment.js/2.30.1/locale/pa-in.js
5bdf69efed939065f281e2e691c48b20a3a087f28e744e8203bc973a4ebb214d,https://cdnjs.cloudflare.com/ajax/libs/preact/10.27.2/compat.module.js
5c27e3643cb70c2fe4162ee58ecfdd2245f2a21f96dc08efd73466937b0e81c6,https://cdnjs.cloudflare.com/ajax/libs/aws-sdk/2.1692.0/aws-sdk.min.js
5c48d61e2a6f762397a95071f23265d1ba7be330af25feac1d8181e1f5e57658,https://cdnjs.cloudflare.com/ajax/libs/jose/6.1.0/lib/invalid_key_input.js
5c6bbf807b47bcba319ec296c519eac87b48407cb111f8e100acd03037085abf,https://cdnjs.cloudflare.com/ajax/libs/react-transition-group/4.4.5/react-transition-group.js
5c823192829ac689f2939a91657372f277b50ddd3d350b6a296b1c914608efc3,https://cdnjs.cloudflare.com/ajax/libs/date-fns/4.1.0/locale/zh-CN/cdn.min.js
5c973d45e87f6d9916e7397f26a624062aef81d38d2813dba809418238fcf684,https://cdnjs.cloudflare.com/ajax/libs/popper.js/2.11.8/esm/modifiers/index.js
5ce87bf23dee496c2dcb0187a0eefff40c43714e1368586ad5edd62614061e88,https://cdnjs.cloudflare.com/ajax/libs/popper.js/2.11.8/esm/createPopper.min.js
5d08d7e953df5a07d6eb37a69b4c900b6bf08b8539bca51e8a143675e6f0ad75,https://cdnjs.cloudflare.com/ajax/libs/dayjs/1.11.18/locale/en-ie.js
5d27b84713281b7214a10a255287323e154ced7f1aaca4194e986666523cf6cb,https://cdnjs.cloudflare.com/ajax/libs/prism/9000.0.1/plugins/autolinker/prism-autolinker.css
5d27b84713281b7214a10a255287323e154ced7f1aaca4194e986666523cf6cb,https://cdnjs.cloudflare.com/ajax/libs/prism/9000.0.1/plugins/ie8/prism-ie8.css
5d3ceefd3ccc270f0ca43b092d506df76df71fe57e236aacabd61a58227dac28,https://cdnjs.cloudflare.com/ajax/libs/KaTeX/0.16.9/contrib/render-a11y-string.js
5d9fef9a61c330c89d0294d955c47117d165e88a44acfdb2165a2ef5c728837e,https://cdnjs.cloudflare.com/ajax/libs/dayjs/1.11.18/locale/es-us.min.js
5da186bf6594b96c187c641359037480e6f7034763491458afbed847871d50f3,https://cdnjs.cloudflare.com/ajax/libs/popper.js/2.11.8/umd/popper-base.min.js
5dd3625ea7fc6c00559d575988c0f8d8d3a78ddb36c7544929181ea037a3748a,https://cdnjs.cloudflare.com/ajax/libs/popper.js/2.11.8/esm/dom-utils/getNodeName.js
5ddda6459e634887e64fa2aea76a9bb6f1936ba0532492fb9a656025f897bf6c,https://cdnjs.cloudflare.com/ajax/libs/prism/9000.0.1/plugins/file-highlight/prism-file-highlight.js
5e0a9fcb3671381dacd0aba9409a9ebb754198b5523cf69f639fad55c0ba9960,https://cdnjs.cloudflare.com/ajax/libs/popper.js/2.11.8/esm/utils/detectOverflow.min.js
5e2f2ed47ffe1589b84c46da64dcb8af173bc308858a9c2cf4ec169f11ee4477,https://cdnjs.cloudflare.com/ajax/libs/dayjs/1.11.18/locale/lo.min.js
5e30cdf50fbdb0dd670cbb756602605be3a2368f3aeae6525cd9ee00f2fbbd15,https://cdnjs.cloudflare.com/ajax/libs/jose/6.1.0/lib/crypto_key.js
5e43c11981a69e2df3fc319676c8383d110b344087207c827294528eb0a65699,https://cdnjs.cloudflare.com/ajax/libs/jose/6.1.0/lib/jwt_claims_set.js
5ea2fb5c877c63f4b756ad03b4ef28cb35e64310015bbc827c237c429fd7c21d,https://cdnjs.cloudflare.com/ajax/libs/vue/3.5.22/vue.esm-browser.prod.min.js
5ec72a901698839e363629f6caa064f71473e63c5c85640dcb950f23c095a8a7,https://cdnjs.cloudflare.com/ajax/libs/react-select/5.10.2/useCreatable-92373e48.cjs.prod.min.js
5f0cc8cc3c764e924a2877f32dcd93709756d0b6c26d2471bfd911ce6f8e81c2,https://cdnjs.cloudflare.com/ajax/libs/xlsx/0.18.5/cpexcel.js
5f1addaf2e9f5922aed63d802f2b8afe01c543ed81a7be99ad1e9fdd05c8e3b6,https://cdnjs.cloudflare.com/ajax/libs/es6-promise/4.2.8/es6-promise.auto.min.js
5f3108172b89a1ea9ced2aa60bb05faa473039084b2e36c249649987b9357771,https://cdnjs.cloudflare.com/ajax/libs/react-select/5.10.2/index-665c4ed8.cjs.prod.min.js
5f336a1817dbdb483e197ba4f4fca6c55d3ec524f03c11aeea26ad1a1c5da9e7,https://cdnjs.cloudflare.com/ajax/libs/date-fns/4.1.0/locale/en-AU/cdn.min.js
5f59300a1de23d12731d46697d97f9e3765e57dc22732f15e806d3c10138a393,https://cdnjs.cloudflare.com/ajax/libs/react-select/5.10.2/index-665c4ed8.cjs.prod.js
5f5aca7d3de8e04003df2338c929f45404944ee455818b6b653fa23a58719cb5,https://cdnjs.cloudflare.com/ajax/libs/jose/6.1.0/key/generate_key_pair.js
5f7c5c28dd0b0e0a314a1e03b3ef207d80daee412a7e33346106b4a29d794bab,https://cdnjs.cloudflare.com/ajax/libs/dayjs/1.11.18/plugin/negativeYear.min.js
5f8493e3bcf0ff83d1fae233c6b42fa6f19ed846ec510698399993240aa78ccb,https://cdnjs.cloudflare.com/ajax/libs/date-fns/4.1.0/locale/eu/cdn.js
5f8b02d87028a3f689b8d9303a828e7ce2c16d47e10ca2cb7775d21c5741aecf,https://cdnjs.cloudflare.com/ajax/libs/js-cookie/3.0.5/js.cookie.js
5f9c68733a23473edfacdfc4f6cce59e081b835c3c896a514e495b3661fe03b0,https://cdnjs.cloudflare.com/ajax/libs/react-dom/19.1.1/cjs/react-dom-profiling.development.js
5fc11e4df085cdfc6293a31be2087a9290b4d731eaafaeb3f10898e81fa7548d,https://cdnjs.cloudflare.com/ajax/libs/Chart.js/4.5.0/chart.js
60a3ee6002775fa385d56c18f0d85b8a9dc7250fd3fa4794a57c5eb917cb59cb,https://cdnjs.cloudflare.com/ajax/libs/jose/6.1.0/lib/sign.js
60aa08598d5608e71da291e3f2803216e95a8734fbc90395dc428aa4a6a650f1,https://cdnjs.cloudflare.com/ajax/libs/crypto-js/4.2.0/sha3.min.js
60e3cf606e370e78f9463b242ab766bbb6b4d8d12e37c4ee23024b12b217a5ce,https://cdnjs.cloudflare.com/ajax/libs/moment.js/2.30.1/locale/es-us.min.js
61624445037288177b54eb2f91979b06af05bf608e33b6ff4b8e1b7ffe4d09aa,https://cdnjs.cloudflare.com/ajax/libs/react-dom/19.1.1/cjs/react-dom.react-server.development.js
61a07bfa459b82fc4ebc4cb4f7287e05ab03418b14b9646c8396cfd9f138a5f3,https://cdnjs.cloudflare.com/ajax/libs/date-fns/4.1.0/locale/id/cdn.js
61ba0df005b05991361d040d8ff670e1aadfd0ce7aeebd1fdb0725957a8957de,https://cdnjs.cloudflare.com/ajax/libs/three.js/0.180.0/three.core.min.js
61c06058c35b4aa22e70887e2d796e76c53fcec3b4e5c96c38637e4ad2326abb,https://cdnjs.cloudflare.com/ajax/libs/react-dropzone/14.3.8/index.min.js
61eb8f5f669cdee42eb1922bfb67e8d4457341c950057aa5b76d003a687e087b,https://cdnjs.cloudflare.com/ajax/libs/moment.js/2.30.1/locale/sl.min.js
62290be32156783082b33df401d82defd7d2ba1ff5b31a1c9a39c33fc9c541f8,https://cdnjs.cloudflare.com/ajax/libs/crypto-js/4.2.0/pad-iso97971.min.js
626b21c6862b0ea410ce82a70432ace5e56ec415c9a2b0dbb6c908b34ea3e51f,https://cdnjs.cloudflare.com/ajax/libs/moment.js/2.30.1/locale/sr-cyrl.min.js
6290e2290dac851c52b743077a0b8e09f48539e5eaeb4dde4e4152896be49382,https://cdnjs.cloudflare.com/ajax/libs/jsdiff/8.0.2/diff.js
62ad8c7a7a3bcc080e1c47dcb2148636358bbfd53854484347ad981341b3131b,https://cdnjs.cloudflare.com/ajax/libs/date-fns/4.1.0/locale/af/cdn.js
62c1466725d04a9e8ec2fd7ddb1ca89a15b91b1ff280c4c1163b625b3585bede,https://cdnjs.cloudflare.com/ajax/libs/popper.js/2.11.8/esm/utils/userAgent.min.js
62cbfb2a9766e1ce92097277208d124aec73311e0ccba5d86f396da611bbfc89,https://cdnjs.cloudflare.com/ajax/libs/prism/9000.0.1/plugins/show-language/prism-show-language.min.js
62df2477e348b8be0da8efa95c2e5f93f7538e6f2aa3be75c667c71c54025aef,https://cdnjs.cloudflare.com/ajax/libs/dayjs/1.11.18/locale/cs.min.js
62f7e0c38526cf3505ebb2f01d1786dcad0df61cbae68d1258fc8d77f225aefc,https://cdnjs.cloudflare.com/ajax/libs/pako/2.1.0/pako_inflate.js
62fb1b36d24050120cadf807b975ffe9d7986aeb41a0f4ac218c3ad23a1c9b1a,https://cdnjs.cloudflare.com/ajax/libs/moment.js/2.30.1/locale/zh-tw.js
63005eb8c0f1220c6529d6b3b511a3e8152196e1d10e6868f1badb9a702ae3cd,https://cdnjs.cloudflare.com/ajax/libs/dayjs/1.11.18/locale/ar-ly.min.js
6311bd085b19434d282ead35f0b055e53b05f43d6087db6b9181209b821b14ec,https://cdnjs.cloudflare.com/ajax/libs/popper.js/2.11.8/esm/utils/expandToHashMap.js
63211eb921a269e83ed10ac34329a4ba87ffa97dfd1f95933af4a9b80b3a0f73,https://cdnjs.cloudflare.com/ajax/libs/prism/9000.0.1/plugins/line-highlight/prism-line-highlight.js
6338de573601e330030918569b8d2f80f98a57754e748a03ff56e3672fa25be7,https://cdnjs.cloudflare.com/ajax/libs/moment.js/2.30.1/locale/fo.js
63434ce3722e02ed9937660e3cef8274ed750e403bed0796807dfc3d1c3fabfb,https://cdnjs.cloudflare.com/ajax/libs/popper.js/2.11.8/umd/popper.js
63638d1e0086675a81dae7a05ecbae948056388621ab9643d3fd77fca3fdac75,https://cdnjs.cloudflare.com/ajax/libs/prism/9000.0.1/plugins/show-invisibles/prism-show-invisibles.min.css
63a8e41144448c1e328c0fd5b50b7cd25e092b70fafa19600edfd4c18bbd83bd,https://cdnjs.cloudflare.com/ajax/libs/date-fns/4.1.0/locale/cdn.js
63bf9cddbc2376bd7d22aa4cca13d0da42067bdfe0885e83562199c1a9fdef54,https://cdnjs.cloudflare.com/ajax/libs/dayjs/1.11.18/locale/nn.min.js
63c1c84f5bca45ef2f5858c40ee8bb5b821ee47fec143032a628309481352b47,https://cdnjs.cloudflare.com/ajax/libs/dayjs/1.11.18/plugin/badMutable.min.js
643743ca5cfcd983f8aa14b90c9a4a38902049eddc5b6e59697236ce9f43396f,https://cdnjs.cloudflare.com/ajax/libs/prism/9000.0.1/plugins/autolinker/prism-autolinker.min.css
643743ca5cfcd983f8aa14b90c9a4a38902049eddc5b6e59697236ce9f43396f,https://cdnjs.cloudflare.com/ajax/libs/prism/9000.0.1/plugins/ie8/prism-ie8.min.css
646567cdbd1183a1fb1f19c7364e35d54193b63f6d9f0ac9f321db5e38fbb249,https://cdnjs.cloudflare.com/ajax/libs/crypto-js/4.2.0/sha512.min.js
64ef526913b286ab2ff57fc140214259b7bd2995e17f1494abf8ebcf96bc6f29,https://cdnjs.cloudflare.com/ajax/libs/prism/9000.0.1/components/prism-stylus.js
652caf25aa96d78eb21b93bbfd396b1385bc0ff22db3b1d74a0667f15dfc8510,https://cdnjs.cloudflare.com/ajax/libs/react/19.1.1/cjs/react-jsx-runtime.react-server.development.js
653132b672cc4622e1637e4b55a76d57a25413cda75ee042ca16e6857cee99e5,https://cdnjs.cloudflare.com/ajax/libs/dayjs/1.11.18/locale/th.min.js
653aed43f3cc4c90a50ac0dda1e5b3468e54eccee7506163454c66f780408639,https://cdnjs.cloudflare.com/ajax/libs/moment.js/2.30.1/locale/ru.js
65511bd83e0c1ef38a9cb076f6527c38c9322d5c9725a302f176b89251080f45,https://cdnjs.cloudflare.com/ajax/libs/react-dom/19.1.1/cjs/react-dom-server.browser.development.min.js
65545c6dba8bb24fa530555944a79f9e26c9ed1a172404d9df281b7bc2d14992,https://cdnjs.cloudflare.com/ajax/libs/date-fns/4.1.0/locale/en-ZA/cdn.min.js
655ab40d5c641c67f51e3e1505f2fcd87560e023ed3a3b8dd9174950e251d593,https://cdnjs.cloudflare.com/ajax/libs/bowser/2.12.1/es5.js
65934bb1e3450e39a77e677b4a748423bade0d812b570d232e9aff67d6a66c78,https://cdnjs.cloudflare.com/ajax/libs/dayjs/1.11.18/locale/pl.min.js
66007f84c945a3475100a3024d5fa3d430d6e11e64de81849e50ea73e3f390be,https://cdnjs.cloudflare.com/ajax/libs/moment.js/2.30.1/locale/nn.js
665b39c296ff01d4d511d2c50b4207e26ef0b96043032f4f396b8bd24386855e,https://cdnjs.cloudflare.com/ajax/libs/popper.js/2.11.8/cjs/popper-base.min.js
66fc62dc04eda581dc0bc0388eba596784f082581464fa1fe7e4a76fbad7abc0,https://cdnjs.cloudflare.com/ajax/libs/date-fns/4.1.0/locale/it/cdn.min.js
6716e1fbf6d0c0f086b71e077f2b4fe59a0bbd89e8b1248440d71e24a4df78f3,https://cdnjs.cloudflare.com/ajax/libs/moment.js/2.30.1/locale/fr.min.js
67518ae41cbc4a03d2f02798ab1588453911e8e2c37d2ea430e57c4f98cbde44,https://cdnjs.cloudflare.com/ajax/libs/jsonwebtoken/9.0.2/lib/asymmetricKeyDetailsSupported.min.js
677ce8543c2e2ebbd678f5fafd7b5aada2a057cc2aed1f432ee810e93112ade3,https://cdnjs.cloudflare.com/ajax/libs/crypto-js/4.2.0/evpkdf.min.js
67b544385dc9da065b79b73ee876af0b66a04fd8d78acef0d7bd90b079182fe6,https://cdnjs.cloudflare.com/ajax/libs/date-fns/4.1.0/locale/fr-CA/cdn.js
6852734eab18b39c34599fe1e08c721d3c167d2d0db8efd8439889eefdf2ca0f,https://cdnjs.cloudflare.com/ajax/libs/moment.js/2.30.1/locale/ur.min.js
6862ad0573d9e0dc7df96f7c9ce6efe9094e4fc42d2e4277f6a85d32f29de398,https://cdnjs.cloudflare.com/ajax/libs/prism/9000.0.1/components/prism-matlab.js
68aeb964e08bb17e178106c4bce85898477764696640faec5576192ab5e68b7e,https://cdnjs.cloudflare.com/ajax/libs/dayjs/1.11.18/plugin/isLeapYear.min.js
68db6d4dc39b6544d8f6f77daf843ec9d6ae13cf22af7e5bfdbaf48ff5e1862c,https://cdnjs.cloudflare.com/ajax/libs/moment.js/2.30.1/locale/si.min.js
69112488ba4e007c1a11e19fdfe258138c403102be30298e4fecf6c3ace95c70,https://cdnjs.cloudflare.com/ajax/libs/dayjs/1.11.18/locale/kn.min.js
69211c203e815dc01aee627d49f5b74bc20b32ddd60d6f4559f7ffc05ca4e9ad,https://cdnjs.cloudflare.com/ajax/libs/date-fns/4.1.0/locale/hy/cdn.min.js
693710fb9d15d6183c8230ab42b76b995dd39df555a29fe380a08a7a6f92f816,https://cdnjs.cloudflare.com/ajax/libs/protobufjs/7.5.4/protobuf.min.js
6943c853ee0ad65ad2e3e38baecc90dc8088071f10406ee8a5ad995d7cf5f6e6,https://cdnjs.cloudflare.com/ajax/libs/moment.js/2.30.1/locale/is.js
698d06becb39f1c8fe874aed6f15839afb2fd580790446a37d20055179f31b6f,https://cdnjs.cloudflare.com/ajax/libs/jose/6.1.0/jwe/general/decrypt.js
69ad644b0ab4b3c39486a909655430e53a3436ef05b207b127e74da669d97325,https://cdnjs.cloudflare.com/ajax/libs/moment.js/2.30.1/moment-with-locales.min.js
69d51f7c8a8d45f78d248d915d29d3049b57db0537c1ea51741927ca4e8c9bbd,https://cdnjs.cloudflare.com/ajax/libs/cheerio/1.1.2/dist/browser/load.min.js
69d51f7c8a8d45f78d248d915d29d3049b57db0537c1ea51741927ca4e8c9bbd,https://cdnjs.cloudflare.com/ajax/libs/cheerio/1.1.2/dist/esm/load.min.js
69df2418cc958e871f48a2c927193da3fe981953675cbde664e1c8024ddcb89c,https://cdnjs.cloudflare.com/ajax/libs/prism/9000.0.1/components/prism-matlab.min.js
69dfba66308cb9e46bec657b1f6e1dc19c1b06bbf00b8b7ad15c5ee687792589,https://cdnjs.cloudflare.com/ajax/libs/prism/9000.0.1/components/prism-scss.min.js
6a43b3c58e62d623fd0a65f97c1db6b6fec8baa41dce267bbd979f41e43607f4,https://cdnjs.cloudflare.com/ajax/libs/react-is/19.1.1/cjs/react-is.development.js
6a7a3c47d3440c5e6ed2ac2722626973d62b89cf5418de913e44ecfb79b21225,https://cdnjs.cloudflare.com/ajax/libs/prism/9000.0.1/components/prism-r.js
6a8588daa3f7cd2d9c2d95f0d28c04376e0fef8d911dec850de5e471015d8cd5,https://cdnjs.cloudflare.com/ajax/libs/popper.js/2.11.8/esm/dom-utils/getNodeName.min.js
6a8d1da1c51902ce09d2cf5bb40da13de08c748ffdd2db00e0d50728c7f1d5a3,https://cdnjs.cloudflare.com/ajax/libs/moment.js/2.30.1/locale/x-pseudo.js
6ab0350f09e7f78f96424a2cf3ef1597837bb28f11d58ff5370c2bb7502b4346,https://cdnjs.cloudflare.com/ajax/libs/react-dom/19.1.1/cjs/react-dom-client.production.min.js
6ac16023b412b61c5ab1bf909e1298a36e5f61b4ceb638bd3174428ceff0c835,https://cdnjs.cloudflare.com/ajax/libs/dayjs/1.11.18/plugin/minMax.min.js
6af1d3643bd218941f30da0f6ba7bd64d4c2d0c49336876308af3af0387b0440,https://cdnjs.cloudflare.com/ajax/libs/moment.js/2.30.1/locale/mt.js
6afd8299936559e41911f8658abad05510c59470cfabd4913d335450a53e5da8,https://cdnjs.cloudflare.com/ajax/libs/pako/2.1.0/pako_deflate.es5.js
6aff115490b07a4f7623cb46509e4ccc8b09c97aadff8de11188a06066870310,https://cdnjs.cloudflare.com/ajax/libs/vue/3.5.22/vue.runtime.esm-browser.min.js
6b1d41fb525eb9898c19b374bf5277891c232e35fc2be129e3eb9b6d1e60a64f,https://cdnjs.cloudflare.com/ajax/libs/dayjs/1.11.18/locale/ko.js
6b1d71c3c0f627aca04d9f9eb06d0a5f86246c8eb2dbd582d91d3ee6c2363bab,https://cdnjs.cloudflare.com/ajax/libs/date-fns/4.1.0/locale/sv/cdn.js
6b2c603b15305380f7dfff78703d7049643b9a6c6d48e0de5bbef046241cf90f,https://cdnjs.cloudflare.com/ajax/libs/cheerio/1.1.2/dist/browser/api/manipulation.min.js
6b2c603b15305380f7dfff78703d7049643b9a6c6d48e0de5bbef046241cf90f,https://cdnjs.cloudflare.com/ajax/libs/cheerio/1.1.2/dist/esm/api/manipulation.min.js
6b6301d42544281a07e51e517a1acd2e498e6289b29e74817433a86751761f71,https://cdnjs.cloudflare.com/ajax/libs/moment.js/2.30.1/locale/ms.js
6bb3b09cc35762c59092c17e2b4d7fc8d1ebdab5dff23e298f2fd5f607c5ad7f,https://cdnjs.cloudflare.com/ajax/libs/popper.js/2.11.8/esm/modifiers/popperOffsets.js
6bf205447c4bb96e30d2802575dc9e6accf2568b34a2ed922f2613dd4e3af7bf,https://cdnjs.cloudflare.com/ajax/libs/jose/6.1.0/lib/check_key_type.js
6bf54c8f559f1baa288be406715a10efa7cdd1bde90a85a4ebfa3f5aed2addb4,https://cdnjs.cloudflare.com/ajax/libs/moment.js/2.30.1/locale/fr-ch.min.js
6c272034fbf328bec2f89ce8593be85ab9b54625af19f95db0fc9c3ecc2fa967,https://cdnjs.cloudflare.com/ajax/libs/prism/9000.0.1/components/prism-autohotkey.min.js
6c2b59ac5e27099986b28d32e425ed3d65a4621c1c6512d03d40b336c6e88a2d,https://cdnjs.cloudflare.com/ajax/libs/crypto-js/4.2.0/hmac-sha512.js
6c3811233a378ba547a893250f051cbbf8359a7c42a12e81d6c356df6ebd9096,https://cdnjs.cloudflare.com/ajax/libs/date-fns/4.1.0/cdn.min.js
6c5714c86accd80da626929187755a3760ea174918500b7c9c9e714e64f5f30d,https://cdnjs.cloudflare.com/ajax/libs/date-fns/4.1.0/locale/bg/cdn.min.js
6c615a16309bee54974f2af82459a0a1bb2fa3c18b7fc367af957ab825082ce7,https://cdnjs.cloudflare.com/ajax/libs/history/5.3.0/history.development.min.js
6c62e3d58fd23d98baf67f4d6e3c40d91ab4a17b0d4fdd61ffd9565c274b1be1,https://cdnjs.cloudflare.com/ajax/libs/moment.js/2.30.1/locale/ug-cn.min.js
6c8c05b78361bba2152b8bd959c314bc5ba7dde66e68bb5ed8c9f111a31e975e,https://cdnjs.cloudflare.com/ajax/libs/pako/2.1.0/pako.es5.js
6cc49c4d244d65f0d3cccaa52745e45f7a366a1ceda45726552fc9063f8cdc38,https://cdnjs.cloudflare.com/ajax/libs/react-dom/19.1.1/cjs/react-dom-test-utils.production.min.js
6cce0ed35c694730c32188da84280d78b2afd7715a93c01a56ed425dfd0d49b5,https://cdnjs.cloudflare.com/ajax/libs/dayjs/1.11.18/locale/si.js
6ce03f8cfdd19be06e1e9ecda86b75789c5207b81b27fe2e7f7b269796439ce3,https://cdnjs.cloudflare.com/ajax/libs/date-fns/4.1.0/locale/fi/cdn.js
6d10614b494320d1dd278b26c1707aa1f8191ef39875984cf1d51bac7cbfd9e9,https://cdnjs.cloudflare.com/ajax/libs/popper.js/2.11.8/esm/modifiers/eventListeners.js
6dd52634e58e62664ebfa9f8758443543451102258c73b4cdf525d37f6847df0,https://cdnjs.cloudflare.com/ajax/libs/popper.js/2.11.8/esm/dom-utils/getNodeScroll.min.js
6df0535d4b76b49f1057fbdd19b5570d8e4ebabaad0070b5f9e401211c7127ad,https://cdnjs.cloudflare.com/ajax/libs/react-select/5.10.2/react-select.cjs.default.min.js
6e0962882e32ce4fae958fc71146560aadd747a631b2b64345d0817a6369ee07,https://cdnjs.cloudflare.com/ajax/libs/moment.js/2.30.1/locale/it-ch.min.js
6e1a34370719c1b3f6a203289dc8b1cc288a97f18ab048dcf25ce7dc2a56b0f9,https://cdnjs.cloudflare.com/ajax/libs/dayjs/1.11.18/locale/el.js
6e1fe90688a686dcd6baadc5a3bdc7aa741f8a01c147381af515a2ccca05f2fc,https://cdnjs.cloudflare.com/ajax/libs/socket.io/4.8.1/socket.io.esm.min.js
6e4b9d073caca3d8574534b44983d0dfb86a0f09654105c663ab6def37d8f9e7,https://cdnjs.cloudflare.com/ajax/libs/prism/9000.0.1/components/prism-aspnet.js
6e94abf306be95faa94ecd2fa790106eb70c476359de34e43e9df3703e6686fd,https://cdnjs.cloudflare.com/ajax/libs/validator/13.15.15/validator.min.js
6e99821f8204c5f611b56077e3fce056a1562d22bc341a1f4af01afe7e527d83,https://cdnjs.cloudflare.com/ajax/libs/decimal.js/10.6.0/decimal.js
6e99824040b6fe242f7c0dc892b880da15c1b62332805e1d590ee809d70090a9,https://cdnjs.cloudflare.com/ajax/libs/popper.js/2.11.8/esm/modifiers/offset.js
6ee08cd3d69b181cb735011acd0a0d57b6a4a071baf8ecbbbb9aa18cf1e4d6ac,https://cdnjs.cloudflare.com/ajax/libs/crypto-js/4.2.0/sha3.js
6eee294996582bad0005f45ba351dab5b29905d42313201496c56b400d8ccbee,https://cdnjs.cloudflare.com/ajax/libs/popper.js/2.11.8/esm/modifiers/applyStyles.min.js
6f4dc8c434a0a505a9f31f348bea11917b819704d199c47c75695827c13c896e,https://cdnjs.cloudflare.com/ajax/libs/popper.js/2.11.8/esm/dom-utils/getHTMLElementScroll.js
6f567cead784eb6decd8974536597ec17a0adffefb124f26d202267f68ceb9ad,https://cdnjs.cloudflare.com/ajax/libs/crypto-js/4.2.0/pad-pkcs7.min.js
6f64246151ea972e362913a8d856c53fed86172f53a0dcd5119b2dea47c44a64,https://cdnjs.cloudflare.com/ajax/libs/popper.js/2.11.8/esm/utils/getMainAxisFromPlacement.min.js
6f73014c2b3f3b802ed296e4e9cd72e197857d0b511360970c5e4db0c80d83f7,https://cdnjs.cloudflare.com/ajax/libs/jose/6.1.0/index.bundle.min.js
6f9ca609c4af60f2a03033e72dec5714f4f8e7b240381934040f547a0282463f,https://cdnjs.cloudflare.com/ajax/libs/dayjs/1.11.18/plugin/advancedFormat.js
6f9fb81837bfc0e8c23a9560903bfb2881c07d979d8513709b3238fdc07fd629,https://cdnjs.cloudflare.com/ajax/libs/request/2.88.2/lib/querystring.min.js
6fc6933aaf701fe1bd095ad70ef334d514f28b9de68ffdf3864c79daa19b3cb4,https://cdnjs.cloudflare.com/ajax/libs/dayjs/1.11.18/locale/te.min.js
6fe5001f13323b291c21115bd1f2d247d124e4df5f1182f6ad57fde27d7bd0e8,https://cdnjs.cloudflare.com/ajax/libs/dayjs/1.11.18/locale/zh-hk.min.js
707617feaac7459e5d5c39ff3ea4a5e5da0cf398384902c1cd5975cbd1a113cd,https://cdnjs.cloudflare.com/ajax/libs/moment.js/2.30.1/locale/jv.js
7092336c1f5ce35750ad55bd1db1f8dfa85565ea49b0dc3eac35cb349db8d148,https://cdnjs.cloudflare.com/ajax/libs/cheerio/1.1.2/dist/commonjs/load.js
70b5458f21c6e56fe0c7d6a763ea1c8b2c6cabf6f35199a71f59e93f0d351c9d,https://cdnjs.cloudflare.com/ajax/libs/date-fns/4.1.0/locale/be-tarask/cdn.min.js
70b9b0924876d4a4c9e9c64f6797cb422f422662819ee6edf2138e2dc028d6d1,https://cdnjs.cloudflare.com/ajax/libs/react-select/5.10.2/react-select.cjs.dev.js
7120d4265bb364f256122b926ddaa2f9b11b1a0c0fc1f94550b20cb88a0fe907,https://cdnjs.cloudflare.com/ajax/libs/prism/9000.0.1/components/prism-php.min.js
713dbf0bbe4fefbe92369a874672a6d94b30183f8be472fe3508e660e742e3ad,https://cdnjs.cloudflare.com/ajax/libs/dayjs/1.11.18/locale/ga.min.js
7193070cfccb8f43549e8947983c3ef79a8f5f332d8b95213ea38632cbee5e77,https://cdnjs.cloudflare.com/ajax/libs/moment.js/2.30.1/locale/en-nz.js
71973a211d1a9bd3500977e90dbf34f00620638183db307e8107c3265cd9da06,https://cdnjs.cloudflare.com/ajax/libs/popper.js/2.11.8/esm/utils/within.js
72127fc0ab4d7b9fa0c614fb5177cdc3fdc2ab10db7b48d641f5d09699b22bb3,https://cdnjs.cloudflare.com/ajax/libs/moment.js/2.30.1/locale/en-sg.min.js
7259ac7ff4efeb468e978553351fabe17fb5df9c83cdfe7544feb4e38bbd8f73,https://cdnjs.cloudflare.com/ajax/libs/moment.js/2.30.1/locale/gom-deva.min.js
727c7a4ce74f8258c9552ed7395877f114eac2af2e8e55fea673b1029dd1ba0e,https://cdnjs.cloudflare.com/ajax/libs/prism/9000.0.1/plugins/line-highlight/prism-line-highlight.min.css
728ef03c0b043054dc0d190937baaa86cfa50696ce72d04fe6bb48a40f3ab566,https://cdnjs.cloudflare.com/ajax/libs/moment.js/2.30.1/locale/ar-ps.js
7291d7731fba3fb5228d8f89576828c76a8c3546af7c7c0a90d9fa68be0d6bab,https://cdnjs.cloudflare.com/ajax/libs/dayjs/1.11.18/locale/dv.js
72adcb23bdcdbd327b3a37ea3e6874da74ed8d2cff12c9b745fcf70e462ea04a,https://cdnjs.cloudflare.com/ajax/libs/moment.js/2.30.1/locale/ss.min.js
72e3ea13a8eaabcea89c63b6b9933d58eb1c5e76741dae02ef22110acf4840ea,https://cdnjs.cloudflare.com/ajax/libs/moment.js/2.30.1/locale/tzl.min.js
732006b66fa8282a27e1bc01d7ef7da55acc1f45d664b51b6f141a923002f67c,https://cdnjs.cloudflare.com/ajax/libs/date-fns/4.1.0/locale/el/cdn.min.js
733c358f7c15fbdbf79cad40255a6c0f3ca19a37687aa4ecb3a73ae844f2c3ab,https://cdnjs.cloudflare.com/ajax/libs/styled-components/6.1.19/styled-components.esm.js
73985c53580f7a5712b3369f8c24cfe67b6620b06a62457fec663ef0e26052dd,https://cdnjs.cloudflare.com/ajax/libs/date-fns/4.1.0/locale/ckb/cdn.min.js
73bcd92b89c5d51cb089bab31b8ab190bf7101616ae121c5aaa3f10ed34d5893,https://cdnjs.cloudflare.com/ajax/libs/jose/6.1.0/lib/buffer_utils.js
73c9a8d242612d4cc757fa8f0bf71c12abc4cabe96af3fbb52b3ed231e13abcf,https://cdnjs.cloudflare.com/ajax/libs/moment.js/2.30.1/locale/ku-kmr.min.js
73f00cd4dfe7377472b1b338286211439e32e3ffcb45cdddc86de3fd92038ee4,https://cdnjs.cloudflare.com/ajax/libs/dayjs/1.11.18/locale/ml.min.js
741281cb88ec133479eaaad2b8c590cc543af4af4d3d9a3241be5d99d13a034f,https://cdnjs.cloudflare.com/ajax/libs/reselect/5.1.1/reselect.legacy-esm.js
742d2f4c3ea8b47c5a5d3d8dea6fcf79e062ada7ab61412745e9ba002bb8eb6f,https://cdnjs.cloudflare.com/ajax/libs/prism/9000.0.1/components/prism-perl.min.js
7455525993fe5988810e65915d9370336b63450479eb3099216b45a1abdba98c,https://cdnjs.cloudflare.com/ajax/libs/dayjs/1.11.18/locale/se.min.js
7457087d542b320b9e94e3426ce72738bbccdbbb6fd7723ed2eb97deebb156eb,https://cdnjs.cloudflare.com/ajax/libs/crypto-js/4.2.0/rc4.min.js
74b3f8baa7b206ec62875e5a4a3fdee7cc862e20ed41264238c5180d7e66d765,https://cdnjs.cloudflare.com/ajax/libs/popper.js/2.11.8/esm/popper-lite.js
74dca5d0469d38074f350c48b1b82d696c4de1c2c4b33ab7c69e7670b0509de6,https://cdnjs.cloudflare.com/ajax/libs/dayjs/1.11.18/locale/ja.min.js
74f28cf256f165feb2e70d5f4088ce69254d002b33f5c45024b209fbd522e386,https://cdnjs.cloudflare.com/ajax/libs/dayjs/1.11.18/locale/ro.js
74f8519105dcd69d00523539a50b342932b63de0b4f86f7d36fe11043dde541f,https://cdnjs.cloudflare.com/ajax/libs/popper.js/2.11.8/esm/utils/math.js
75567727701b77289d89366b940be21c183e6ea6bb7c29b491f437e209b1dfa3,https://cdnjs.cloudflare.com/ajax/libs/react-select/5.10.2/react-select.cjs.prod.js
75a92045d8db31e6b76f90e43293ce21028390b9af77645081c946a773928359,https://cdnjs.cloudflare.com/ajax/libs/dayjs/1.11.18/locale/fr-ch.min.js
75b4105c96ec450a48aabdb2c3312fef9409bff8b48f8db5472e9c6eb3d67c73,https://cdnjs.cloudflare.com/ajax/libs/popper.js/2.11.8/esm/utils/getFreshSideObject.js
7646618202758944de4f4aa30468ac860e78918d437f3cfd2d96522c7f49675d,https://cdnjs.cloudflare.com/ajax/libs/popper.js/2.11.8/esm/dom-utils/getDocumentElement.min.js
7685c076b71fd8e36c2cb84c645bb3a75d84566f26c3682a2792f0113b4d9b16,https://cdnjs.cloudflare.com/ajax/libs/moment.js/2.30.1/locale/sk.js
769a555de553babc35a3338f344dd7aa16260c93cea2c7db290707c90484e7cc,https://cdnjs.cloudflare.com/ajax/libs/crypto-js/4.2.0/crypto-js.min.js
76a26146580122f106508e66d178c25c589e7f1a7ecfc096f9a9bd7c8a8cae09,https://cdnjs.cloudflare.com/ajax/libs/bluebird/3.7.2/bluebird.core.js
76e817dd31a61d800e398489a059e3c13b834346242dc4667cabccfae7663e08,https://cdnjs.cloudflare.com/ajax/libs/cheerio/1.1.2/dist/commonjs/api/manipulation.min.js
76fd5b819f1259d6d60e28e642fa85f92a22e643e8b49d7bda5dda3b2307a272,https://cdnjs.cloudflare.com/ajax/libs/dayjs/1.11.18/locale/en-au.min.js
7703096becb5df186966857571882ebfc7fe498dc05c4299314a1c1da1351dc7,https://cdnjs.cloudflare.com/ajax/libs/dayjs/1.11.18/locale/sd.js
7741322b6f931f34f9f3444639302280b9ca39f1390b8d9c13b080461025a2ce,https://cdnjs.cloudflare.com/ajax/libs/prism/9000.0.1/components/prism-php-extras.js
7746c87d752a58d3482228ba0ab2993d38817cab7c0c0771cc4042ee0a060b5f,https://cdnjs.cloudflare.com/ajax/libs/cheerio/1.1.2/dist/commonjs/api/css.js
77e47ddc5b3af990445375441fbbbfab3f9bd368823ca10f98b2448117f6f8c5,https://cdnjs.cloudflare.com/ajax/libs/KaTeX/0.16.9/contrib/mathtex-script-type.min.js
780f79ee8e7ce0b36ea61c2e6e82dcf759c7cd99171b3f8f8b19547aa405b826,https://cdnjs.cloudflare.com/ajax/libs/dayjs/1.11.18/locale/zh-tw.js
7831b100dcfa88d3ff9d1136f1fe233b3f0ca46af818aa58a2e23f815468aca2,https://cdnjs.cloudflare.com/ajax/libs/prism/9000.0.1/components/prism-twig.min.js
788bd58e6b7d6b3d2bdb243d84e016e8af4275b7ff1526956d849bad3dcfe320,https://cdnjs.cloudflare.com/ajax/libs/react-select/5.10.2/Select-1b9abbe3.cjs.dev.min.js
78a85aca2f0b110c29e0d2b137e09f0a1fb7a8e554b499f740d6744dc8962cfe,https://cdnjs.cloudflare.com/ajax/libs/jquery/3.7.1/jquery.js
78d737f5e77f6ff00b89100652fdf01d439dd39246091e95e8cd730f1997c8b5,https://cdnjs.cloudflare.com/ajax/libs/date-fns/4.1.0/locale/ar-SA/cdn.js
78e11e59173f67eb390ff6b6ac4791a558084aa33efe3eed747c21c9a4b386c2,https://cdnjs.cloudflare.com/ajax/libs/cheerio/1.1.2/dist/browser/slim.js
78e11e59173f67eb390ff6b6ac4791a558084aa33efe3eed747c21c9a4b386c2,https://cdnjs.cloudflare.com/ajax/libs/cheerio/1.1.2/dist/esm/slim.js
79077bba7611a04ca0f960a926d3d445324bef4294824cd9a2e548898de0f8f9,https://cdnjs.cloudflare.com/ajax/libs/prism/9000.0.1/components/prism-actionscript.js
7909cef0eb3080599c24794c079e05ba07af565f198450df0ad411c85be45030,https://cdnjs.cloudflare.com/ajax/libs/moment.js/2.30.1/locale/tzm-latn.js
7915e857beb4f772ad66a4add1eb6c4e2794ee98644f618bfae143b5c5807a37,https://cdnjs.cloudflare.com/ajax/libs/moment.js/2.30.1/locale/lt.js
79223c98339a4db60505294f4db0035702ff731b8f8d3c445613aa4c833c53b9,https://cdnjs.cloudflare.com/ajax/libs/date-fns/4.1.0/locale/vi/cdn.js
79612d98db01edc0bf298aa6d76d12be478fd75bb0345af22e405eae1efc9d23,https://cdnjs.cloudflare.com/ajax/libs/prism/9000.0.1/components/prism-groovy.js
796a6a847836449f9e2c5b6466b9e2d388a124dd34501d854e9760892be57556,https://cdnjs.cloudflare.com/ajax/libs/popper.js/2.11.8/esm/dom-utils/getHTMLElementScroll.min.js
7975337a92bf72bb691df572421785d1dddea6d4ab6488444b7f8504f5c5532f,https://cdnjs.cloudflare.com/ajax/libs/moment.js/2.30.1/locale/jv.min.js
79db0b0cd841cca1e730fc17141e48c7d4175edc733cb54f03ed6de0093fed33,https://cdnjs.cloudflare.com/ajax/libs/dayjs/1.11.18/plugin/calendar.js
7a1b8279eeafbecdfef917a33e6d15e0f9d407d2e92452c79a7f1d42b12df787,https://cdnjs.cloudflare.com/ajax/libs/dayjs/1.11.18/locale/de-at.min.js
7a5f479d9272b115b84696927fdc4779a80ae4cdef008019f6763afaa5c8a1a8,https://cdnjs.cloudflare.com/ajax/libs/jose/6.1.0/lib/rsaes.js
7acd891dcef46b03538291b113756ff7051df19a0812bb15d26b35d929f40e95,https://cdnjs.cloudflare.com/ajax/libs/dayjs/1.11.18/plugin/isMoment.js
7ae8fa77a54c404572cba7065e14fe599a3d8cc0b68d34d649d8acc776e4e096,https://cdnjs.cloudflare.com/ajax/libs/react/19.1.1/cjs/react-compiler-runtime.development.js
7af204d7bf58dc45b8e1da828858bac160052d3dda7699f90faf6e022d3084ef,https://cdnjs.cloudflare.com/ajax/libs/date-fns/4.1.0/locale/ja/cdn.js
7b101d32d1dbbf05bbf8312ce7aecc5fae45ab56894137d110fe69c3c816f806,https://cdnjs.cloudflare.com/ajax/libs/prism/9000.0.1/themes/prism.min.css
7b2e1cea02fda77d2d30a3c676a3fad4d008f62b7ae4adc77563e94b6e74c3d3,https://cdnjs.cloudflare.com/ajax/libs/bluebird/3.7.2/bluebird.core.min.js
7b3855ff08cd6ccecfd1939280487130b6729f8282c87888a209ab74f2271356,https://cdnjs.cloudflare.com/ajax/libs/popper.js/2.11.8/esm/utils/orderModifiers.min.js
7b6cc4b7021f3dba0c88b788425f2fd96020fb02b9be0e6701ebe5dcb3b9dbc1,https://cdnjs.cloudflare.com/ajax/libs/prism/9000.0.1/components/prism-eiffel.js
7b8ef6def93b427cde71dcfb7f4009fbe572a6dad5047b5dbe6c879856ed0e9c,https://cdnjs.cloudflare.com/ajax/libs/cheerio/1.1.2/dist/commonjs/static.js
7c1aad37f12d11b640d5a8db5e8a106fb77c2b6a43ec6b035226849708821da9,https://cdnjs.cloudflare.com/ajax/libs/sinon.js/21.0.0/sinon.min.js
7d02bdac0a3f016bd0ee058ea7dd47e08cfa8cbf9dd5235db9abf78a5473137b,https://cdnjs.cloudflare.com/ajax/libs/jsonwebtoken/9.0.2/lib/TokenExpiredError.min.js
7d3ce60c9d485406627730a0c5603296d32f7024bf64fddeb25963559e4f19c1,https://cdnjs.cloudflare.com/ajax/libs/dayjs/1.11.18/locale/ar-iq.min.js
7d50646dd12a54eb223aec86479720b77f27a1a2998e1779009bccf7ff8c6b1d,https://cdnjs.cloudflare.com/ajax/libs/react-select/5.10.2/react-select.cjs.min.js
7d5954f8aca77d76cc2c4a444d42e94a78cd77da805760983df4b2eee4dcb515,https://cdnjs.cloudflare.com/ajax/libs/nanoid/5.1.6/nanoid.min.js
7d5b74b0fe508e0578e2bdaeab52083cd0c0059fa4a00d33f0bb5eb82400ea41,https://cdnjs.cloudflare.com/ajax/libs/tailwindcss/4.1.13/colors.js
7d643de7b5db80625c0bbbc142b9ef7ea1ffb8ed05ef1644dfaafd1345d5a9a8,https://cdnjs.cloudflare.com/ajax/libs/react/19.1.1/cjs/react.react-server.development.min.js
7d67ac198fbddb50ae75a2c892988e204cd68f926fb97a8b6787c8156b3159b1,https://cdnjs.cloudflare.com/ajax/libs/dayjs/1.11.18/locale/si.min.js
7d950bc42f262159a2786eea30d1153a3d0bca9aab9acdbcc1a981a8d2854ef7,https://cdnjs.cloudflare.com/ajax/libs/crypto-js/4.2.0/pad-ansix923.js
7dc0a51c32dae143f2eade235145dfd6a7756388c0f0bf409fa373dd6c233629,https://cdnjs.cloudflare.com/ajax/libs/moment.js/2.30.1/moment.js
7de6a6041ebd1a43ecd79b59708795ac273930bb36265b41fff832d781e7bb27,https://cdnjs.cloudflare.com/ajax/libs/crypto-js/4.2.0/index.js
7e01072e6f1f2e646506a083ccc500ed19c5a657a5a6645b3fafeccdf3ce9c0a,https://cdnjs.cloudflare.com/ajax/libs/dayjs/1.11.18/plugin/utc.js
7e040dd5a3691f8c29bd63ccf1182c0acbdcec0c72232e51b44e214d002361da,https://cdnjs.cloudflare.com/ajax/libs/react-select/5.10.2/useAsync-be659a57.cjs.prod.min.js
7e3befd5795fbdca49203900c8b976fc98cc7a1b4220033c3d48e8f009de7f9c,https://cdnjs.cloudflare.com/ajax/libs/redux-thunk/3.1.0/redux-thunk.legacy-esm.min.js
7e49da68588e250dbb8bba190d2caa8ab3787cc0284bda1d8b2f805c4df742c9,https://cdnjs.cloudflare.com/ajax/libs/exceljs/4.4.0/exceljs.min.js
7e7de14d16fc9c308c53d4303309e4f924116d470ffec8e91436064382df95ca,https://cdnjs.cloudflare.com/ajax/libs/jsonwebtoken/9.0.2/lib/NotBeforeError.js
7e9833b6d737bc8a77f6f2ecf45b730e81db5f10f7db6b70cc303ff84c5366b8,https://cdnjs.cloudflare.com/ajax/libs/date-fns/4.1.0/locale/ar-MA/cdn.min.js
7ea744972b3a30c12f827414f00a30d5e8b4d367d4bbf2916884ebc56c4b313d,https://cdnjs.cloudflare.com/ajax/libs/date-fns/4.1.0/locale/de-AT/cdn.min.js
7efa816584bfda503cc208ba8b74643921a443d48fc32b82fb843b510132f329,https://cdnjs.cloudflare.com/ajax/libs/bowser/2.12.1/bundled.js
7f06acb563554367a2271cec437c2ac481161f1ddbef88848e0704ac6c01c4d4,https://cdnjs.cloudflare.com/ajax/libs/moment.js/2.30.1/locale/tlh.min.js
7f637a5b444a27f4c6d66bd5be1bb0582691a449f0d3f15223d2463f9ceccf3a,https://cdnjs.cloudflare.com/ajax/libs/immer/10.1.3/cjs/index.js
7f7239bab7f506a4206ebb23ee739d7fc8e8636d8313ddde4ac322527274b448,https://cdnjs.cloudflare.com/ajax/libs/jose/6.1.0/jwks/local.js
7f8646944a6bb41d6a001ddf2f4bf538d4df8c550d0ae8915f5d7b6a88a74f09,https://cdnjs.cloudflare.com/ajax/libs/prism/9000.0.1/components/prism-rust.js
7fed822330de27244fcce1261c761a1837b12991f16a03b1bcb09fee709e44cb,https://cdnjs.cloudflare.com/ajax/libs/dayjs/1.11.18/plugin/relativeTime.min.js
801fab32c822c62047efa2efba212f04809c3ba2cfc9fc24de64077d1bd166ad,https://cdnjs.cloudflare.com/ajax/libs/moment.js/2.30.1/locale/cs.min.js
802c917bfcfc638605f3a6e4916e110126e3592385cd8ca49e09d35e0051e6ec,https://cdnjs.cloudflare.com/ajax/libs/dayjs/1.11.18/locale/km.js
804bbd6c30dc3b74de711a44f9019db06210323a0db31e53ce730feab5ea6275,https://cdnjs.cloudflare.com/ajax/libs/moment.js/2.30.1/locale/ne.js
80563d7fc125972e6312bf37b4c7f45a2856da6eb5d9b1816288e9d54406dcb5,https://cdnjs.cloudflare.com/ajax/libs/prism/9000.0.1/plugins/line-numbers/prism-line-numbers.min.js
806d1c5479fa6c835ca580f95d671e79f43d5a8ec74e5cd4c1d3b924a9a61303,https://cdnjs.cloudflare.com/ajax/libs/dayjs/1.11.18/locale/mt.min.js
807530f678aa50c6dcfe4c26dae7d2c49dbee40ef5209ad73cd609e07644a4d6,https://cdnjs.cloudflare.com/ajax/libs/moment.js/2.30.1/locale/cy.min.js
80824410ee8a4a7f2c76e3c07cf3d3e220e8700f74d02f49f1706fe253d63c26,https://cdnjs.cloudflare.com/ajax/libs/popper.js/2.11.8/esm/utils/getAltAxis.min.js
811564d386a2814a6bd095fd3415e1f42eb756159b2438ed0dc614a1455318ba,https://cdnjs.cloudflare.com/ajax/libs/dayjs/1.11.18/locale/hr.min.js
815349e49660ed022e56b1656e174913d35a2978d1321056a9c86f61fd7c1a68,https://cdnjs.cloudflare.com/ajax/libs/moment.js/2.30.1/locale/es-mx.min.js
816c9c27f4237f1fa595c5be0a60b7e5c58ec0336d5a908e03f73fd8596e1caf,https://cdnjs.cloudflare.com/ajax/libs/moment.js/2.30.1/locale/ku.js
8175de848a4f0540efce92a36bdb1c78bce3971cc09d86d3b0989e52b72b1ec1,https://cdnjs.cloudflare.com/ajax/libs/prism/9000.0.1/components/prism-core.js
817bd19ffba8a71482507e3b422027d32ae324ea4acd509e5248ac6c3539bcab,https://cdnjs.cloudflare.com/ajax/libs/prism/9000.0.1/components/prism-css-extras.min.js
81828addb8f48d031b25ea0a134bc0e8b86e83a0041107808cd61390e9f86c75,https://cdnjs.cloudflare.com/ajax/libs/react-select/5.10.2/useCreatable-55029b87.cjs.dev.min.js
81b23a731b8c1951f40c2d50051e0d93bd6c9098758e8aac76a35f5a613b05e8,https://cdnjs.cloudflare.com/ajax/libs/luxon/3.7.2/cjs-browser/luxon.js
81b65edfae15bad1eaedf902bc72d4d641c1827ef0fafda250ed32f120e2c057,https://cdnjs.cloudflare.com/ajax/libs/react-dom/19.1.1/cjs/react-dom-server.browser.production.min.js
81c2e91ab7e1ebe015089a3ea91684d79f3515eea219c04092108c058374e6ba,https://cdnjs.cloudflare.com/ajax/libs/cheerio/1.1.2/dist/commonjs/utils.min.js
81f086921926792a82d554cfd4d12257a3add6ab3d1860ea9d66fa1b468e9558,https://cdnjs.cloudflare.com/ajax/libs/prism/9000.0.1/plugins/show-language/prism-show-language.js
821fc2969277b5bc7814965e0ac07f815aafb3880d8bca31bcb53ce5d875edd3,https://cdnjs.cloudflare.com/ajax/libs/react/19.1.1/cjs/react-compiler-runtime.profiling.js
8228d0178c90fbdb4d12a2a98ac79478ff73266a4efddc1cad24c6d2f1f9b278,https://cdnjs.cloudflare.com/ajax/libs/date-fns/4.1.0/locale/nl-BE/cdn.min.js
823d3e21f85f9d3801f7004cc5cde82d5f45d98e977979322543a65908411e4c,https://cdnjs.cloudflare.com/ajax/libs/moment.js/2.30.1/locale/eo.js
825e6fad55094c13118d2cada0b6c5945a97ea9b647686c2b00dc6980bea4608,https://cdnjs.cloudflare.com/ajax/libs/moment.js/2.30.1/locale/gl.js
8261615577ea882b8c2d8caa9bb4e211c34f993e109acfbfb6690d0a3bab1928,https://cdnjs.cloudflare.com/ajax/libs/ramda/0.31.3/ramda.js
829eb5f739b25f31ee3512506280b2ca76405af05f62864538ab1f41abb6b302,https://cdnjs.cloudflare.com/ajax/libs/dayjs/1.11.18/plugin/objectSupport.min.js
82d32e9e10fc77e90e5eb78e333515135e52fd087c592c48f5a1d2aea4453ed9,https://cdnjs.cloudflare.com/ajax/libs/xlsx/0.18.5/xlsx.core.min.js
82eb7d3dc0a281b803279d35ec18ae4c379ab03286d0f187ca9b4da446b88642,https://cdnjs.cloudflare.com/ajax/libs/react-dom/19.1.1/cjs/react-dom.development.js
8330e0a8fb56d881a707df99123ac7aa28c429861ab08fde08e6739724fcd038,https://cdnjs.cloudflare.com/ajax/libs/date-fns/4.1.0/locale/uk/cdn.js
8379f0a148243b57c824ca0a3dc3a516ebcde186ec0ce33b2515aab9a2c8d7be,https://cdnjs.cloudflare.com/ajax/libs/dayjs/1.11.18/locale/rn.min.js
83816083bbc34d49c33c41f66c63f428d1d07b69e171942101bdfea293a244f8,https://cdnjs.cloudflare.com/ajax/libs/moment.js/2.30.1/locale/nb.min.js
839ed4738d7ca9ddd637ead0ff20744b7d0f4603c19e04c06d9782df31b7350e,https://cdnjs.cloudflare.com/ajax/libs/handlebars.js/4.7.8/handlebars.amd.min.js
83c284d16d40e861cd01c28683acf77475813993b2a17201f17127e238e5bcd6,https://cdnjs.cloudflare.com/ajax/libs/moment.js/2.30.1/locale/lo.js
83d01b94a6e3a0c6e1528ff9f0c81fa5e3ae2599742c5fee3cab150d4c174505,https://cdnjs.cloudflare.com/ajax/libs/vue/3.5.22/vue.runtime.esm-bundler.js
83e8319b5c6646ae0879c491ba3bf678ac940a8fe2d5be6446758d7126d810ed,https://cdnjs.cloudflare.com/ajax/libs/dayjs/1.11.18/plugin/localizedFormat.js
841d4ce27a29a408815e95c4698f6b8ed31282d66d8ae6469dde5af980cbce63,https://cdnjs.cloudflare.com/ajax/libs/moment.js/2.30.1/locale/en-il.js
84b69d1625474179d55622a8333c3aac376dd8bc77de7b06c21695762cb69cab,https://cdnjs.cloudflare.com/ajax/libs/crypto-js/4.2.0/enc-base64.js
84dcf03c829c4cde15316db65f2431a5f903e7eb3c19b6ab555afac33e86d363,https://cdnjs.cloudflare.com/ajax/libs/KaTeX/0.16.9/katex.css
84e04fbe5b291603a5f350da0c34372e07dd66e2f32273b07e7df8057dba681b,https://cdnjs.cloudflare.com/ajax/libs/co/4.1.0/index.min.js
850a9eb44ac3a9a1010ff92d3b11db8ace4a2ca1325f90566f3123142b17f257,https://cdnjs.cloudflare.com/ajax/libs/dayjs/1.11.18/locale/es-pr.js
852b3ee5d533465c5789f852b6de2fb7b52317a308422eb69fb2ca0ab98adde3,https://cdnjs.cloudflare.com/ajax/libs/dayjs/1.11.18/locale/is.min.js
8562045977f6ddba5a441b98601f9a46065caee9e0ca4cab1b6089fda75b92d8,https://cdnjs.cloudflare.com/ajax/libs/moment.js/2.30.1/locale/en-sg.js
85d6895239162632ce3158c5c74f3a48ea20f37991cf2397a96198515b79cc79,https://cdnjs.cloudflare.com/ajax/libs/moment.js/2.30.1/locale/my.min.js
85e76daaa213d889ee0f8c58624607c1e63152be912926039e706a714be7d372,https://cdnjs.cloudflare.com/ajax/libs/react-dom/19.1.1/cjs/react-dom-profiling.profiling.min.js
8602963110105f2807f419b185705ce9cc0517d6d3a3e32019188fa9225b0d81,https://cdnjs.cloudflare.com/ajax/libs/popper.js/2.11.8/cjs/popper.min.js
86927236acdd9a85467e1961d59b3aebb3b4721da91d3bd3f52851884a451178,https://cdnjs.cloudflare.com/ajax/libs/date-fns/4.1.0/locale/be/cdn.min.js
86b1399f564bcc92032e04c981be81bf0fe001e5a6028d33e6daaf6dd0fbb682,https://cdnjs.cloudflare.com/ajax/libs/prism/9000.0.1/components/prism-wiki.js
86b1e823e04cd96cdae4bbdc053cd7135f98b58c17e026d646a8ffe0b8479529,https://cdnjs.cloudflare.com/ajax/libs/dayjs/1.11.18/locale/sl.min.js
870ad973bafe13e605f5de18197dca39fdb8cccce9d0735a6cbc8e637f198576,https://cdnjs.cloudflare.com/ajax/libs/vue/3.5.22/vue.runtime.esm-browser.js
87296cd8b904b633d89b0a72b779aaf04e8d625fd8ed772e3227046b3a3acf80,https://cdnjs.cloudflare.com/ajax/libs/moment.js/2.30.1/locale/bn-bd.js
87322e8250567858a4d64618998a4346f97a5eb5812bcd9776f2acf6f03dffe0,https://cdnjs.cloudflare.com/ajax/libs/jose/6.1.0/lib/encrypt.js
8747798ddd53f467bebd7101bcd053b3f12ef028b3e6c012aede147732c8a9c6,https://cdnjs.cloudflare.com/ajax/libs/crypto-js/4.2.0/enc-base64url.js
874ca3806f556c5809842613ba410c965111ea9441fb949a32abe2a7c3bf7f8a,https://cdnjs.cloudflare.com/ajax/libs/moment.js/2.30.1/locale/zh-mo.js
8750e74e4593ac0a83d2d6a009aec3f39852b0c5435f918de5ad21b0955ad0e3,https://cdnjs.cloudflare.com/ajax/libs/moment.js/2.30.1/locale/da.min.js
87633ebcf0ee1c5280380adfa1a704769aa4b314f050c77183db6e21078669fc,https://cdnjs.cloudflare.com/ajax/libs/dayjs/1.11.18/locale/ne.min.js
877dacf83b86235653955b788f6dc9bd628f3e26a36fd3a327116bfa55aec7fd,https://cdnjs.cloudflare.com/ajax/libs/cheerio/1.1.2/dist/browser/api/manipulation.js
877dacf83b86235653955b788f6dc9bd628f3e26a36fd3a327116bfa55aec7fd,https://cdnjs.cloudflare.com/ajax/libs/cheerio/1.1.2/dist/esm/api/manipulation.js
8799144f34d858f03e4d2edddd2c8b7320db28dd0538f5cc2c4fc3f1ed57b895,https://cdnjs.cloudflare.com/ajax/libs/cheerio/1.1.2/dist/browser/parsers/parse5-adapter.min.js
8799144f34d858f03e4d2edddd2c8b7320db28dd0538f5cc2c4fc3f1ed57b895,https://cdnjs.cloudflare.com/ajax/libs/cheerio/1.1.2/dist/esm/parsers/parse5-adapter.min.js
87aa5221c72e2049dcb33a69e8bcfe5c248cfb77fe37e23697fbd7cb68eec087,https://cdnjs.cloudflare.com/ajax/libs/date-fns/4.1.0/locale/it/cdn.js
87f11514532376d17e36c70b482a534cac2c2e8f2aef52abb79a2f704a6892a6,https://cdnjs.cloudflare.com/ajax/libs/dayjs/1.11.18/locale/dv.min.js
87f7eb73450ef493946a80fb3f661a552fd4769a3bf4d68f112ee275c086be99,https://cdnjs.cloudflare.com/ajax/libs/dayjs/1.11.18/locale/en-sg.min.js
880970c081707360e64f34cea25ff91892f5bc95675b0776925b9709dd8a68bb,https://cdnjs.cloudflare.com/ajax/libs/axe-core/4.10.3/axe.min.js
884482e1ccb2494d90ffe8c45f7ca333e35b95c9101f48ed638b929be816bba1,https://cdnjs.cloudflare.com/ajax/libs/react/19.1.1/cjs/react.production.min.js
8890ec954757ea8e4801f49958afb76e2b8837c47fec5b16598fc20cbd49c220,https://cdnjs.cloudflare.com/ajax/libs/web-vitals/5.1.0/web-vitals.iife.js
88d20a278cf15aff9a7389672f79c8e89fb51ca2c0438d1c208a852db1c65600,https://cdnjs.cloudflare.com/ajax/libs/three.js/0.180.0/three.webgpu.nodes.js
890efd708aa3e8ec3860804d44fc410b7d3a1cff14daa474373f75b638008a0c,https://cdnjs.cloudflare.com/ajax/libs/dayjs/1.11.18/locale/ku.min.js
891e90544d1061ea578b51173a2dc4638c0e9af95cc2986f1f89ad5008e301e7,https://cdnjs.cloudflare.com/ajax/libs/moment.js/2.30.1/locale/da.js
892e1d689f390b554a4952ca239ef7e75652a154018b44d7702dcf36e5dd7c1d,https://cdnjs.cloudflare.com/ajax/libs/pako/2.1.0/pako_deflate.es5.min.js
892feeccff0cf42ff8ea418f87acc9e384a95984accb057deed8a8e18bdc3f7b,https://cdnjs.cloudflare.com/ajax/libs/moment.js/2.30.1/locale/de-ch.min.js
8930eaa2ceda94991009e2f7f8fb7172f2c1196ce1d184a19a00266849492b51,https://cdnjs.cloudflare.com/ajax/libs/cheerio/1.1.2/dist/browser/api/attributes.min.js
8930eaa2ceda94991009e2f7f8fb7172f2c1196ce1d184a19a00266849492b51,https://cdnjs.cloudflare.com/ajax/libs/cheerio/1.1.2/dist/esm/api/attributes.min.js
89604fb14e9aaac34c26ab76989ce4b33a5291a86c0646d83a2bc545d43f7ac7,https://cdnjs.cloudflare.com/ajax/libs/prism/9000.0.1/components/prism-wiki.min.js
898036238a79e90728cf82166999569fc6e99a6c7e9283c611c78d9a8a0e61cd,https://cdnjs.cloudflare.com/ajax/libs/popper.js/2.11.8/esm/dom-utils/getBoundingClientRect.js
89b487a0b4f395b516c70e484eabb60e0c67012a38493d0e8fb2de4e0510d497,https://cdnjs.cloudflare.com/ajax/libs/date-fns/4.1.0/locale/pl/cdn.min.js
89b52c145ff351cf451fbd690da506ee7c5c4cfd8922c44b206c9c063d3bfb38,https://cdnjs.cloudflare.com/ajax/libs/dayjs/1.11.18/locale/lt.min.js
89cca1be3926c8d89b6f827d70970bb3bc94ae47943342ca8949992faf8d2b60,https://cdnjs.cloudflare.com/ajax/libs/crypto-js/4.2.0/pbkdf2.js
89dcdf4b519a8269cdcea976b22b79fb6d59382a79c567b751ea66f3eac76c70,https://cdnjs.cloudflare.com/ajax/libs/moment.js/2.30.1/locale/en-in.js
89e4c2f2d351ad7e2fefec9332778b16cd4a31858ded9ad6fece12fd9db94ac2,https://cdnjs.cloudflare.com/ajax/libs/moment.js/2.30.1/locale/pt.js
8a520555c6890cb63245ba37a863f6c4f7d4dda34e38bafac92e6c0f6cf46d02,https://cdnjs.cloudflare.com/ajax/libs/dayjs/1.11.18/plugin/toObject.js
8a8b165be42795d9e945e7494f38ea353ee2f7eee7eab123073f3a42ce755687,https://cdnjs.cloudflare.com/ajax/libs/moment.js/2.30.1/locale/pt-br.js
8a8cb7b82b50320f73db75b08199f1e75f60914432b54e2866c7ae051f3b55c2,https://cdnjs.cloudflare.com/ajax/libs/prism/9000.0.1/components/prism-dart.js
8abba44e69a93d716f0b146b10f2d545eb762a464d6abae7486e8aaa78a63229,https://cdnjs.cloudflare.com/ajax/libs/dayjs/1.11.18/plugin/pluralGetSet.js
8acc64ac5b45300ed34cb85e6c2173362ed14029ab20ffee1ad4e0aec3605ae9,https://cdnjs.cloudflare.com/ajax/libs/dayjs/1.11.18/locale/ur.js
8ad76e9da78a392a5c3127f3cd46d30b86dadb2579151af2c94fe8a35dc51052,https://cdnjs.cloudflare.com/ajax/libs/vue/3.5.22/vue.runtime.esm-browser.prod.min.js
8add87cb60d62ceeca63981bb4426b1fffb4fef65303f31b688eb1f1c425274f,https://cdnjs.cloudflare.com/ajax/libs/request/2.88.2/index.js
8b1383bdc341efed031bc5633dfa435e783600a893f8775d36069959931fb7ca,https://cdnjs.cloudflare.com/ajax/libs/react/19.1.1/cjs/react-jsx-runtime.production.min.js
8b1383bdc341efed031bc5633dfa435e783600a893f8775d36069959931fb7ca,https://cdnjs.cloudflare.com/ajax/libs/react/19.1.1/cjs/react-jsx-runtime.profiling.min.js
8b316fa071e1fb0e4eb30ae1783c3a16a5d67ca0736192bedda6b5c03310cb7d,https://cdnjs.cloudflare.com/ajax/libs/react-dom/19.1.1/cjs/react-dom-server.edge.production.js
8b7ea43d0f43abef96454e0ce9fbe3e51377bc5611958822a97bd115cea244cf,https://cdnjs.cloudflare.com/ajax/libs/react-dom/19.1.1/cjs/react-dom-server-legacy.node.development.min.js
8bd42b445166b4b5b7f0f78f92c19efdb67d273e1954a0db064c0955151e8d8e,https://cdnjs.cloudflare.com/ajax/libs/moment.js/2.30.1/locale/ro.min.js
8bdd66b9f3bf30af13b2ff87dcf50641c055796460754d2287afc7524988b9b7,https://cdnjs.cloudflare.com/ajax/libs/popper.js/2.11.8/esm/dom-utils/getWindowScrollBarX.min.js
8bf874dfbd1a47f7689b24ea6c5cbffe96ecdc4c134cdad4e2a91c16865295e5,https://cdnjs.cloudflare.com/ajax/libs/moment.js/2.30.1/locale/ru.min.js
8c371d3249f6bddfb53613c9a64da357b11a4639a928f7292a09166fbd451b17,https://cdnjs.cloudflare.com/ajax/libs/prism/9000.0.1/components/prism-swift.min.js
8c7e44dc2d49b20fd78a44827fa962a28a5e22e0adfe036aa0fdcfc7adb89984,https://cdnjs.cloudflare.com/ajax/libs/crypto-js/4.2.0/enc-utf8.js
8c96a957b79f2773b2392237eb28f601e0e56c9ce87715baa6462c915a221e4d,https://cdnjs.cloudflare.com/ajax/libs/moment.js/2.30.1/locale/ar-ma.min.js
8c9858acf8291b329a7bcd5d912e2902a3465e1fb07d27e0b7ed707ae7af555f,https://cdnjs.cloudflare.com/ajax/libs/date-fns/4.1.0/locale/sk/cdn.js
8ca9addb5927c1f4cb8421704449774a4fa60e777093a3ea747d2afb282ad8ea,https://cdnjs.cloudflare.com/ajax/libs/dayjs/1.11.18/locale/sr-cyrl.js
8cf64ad531db8862f711506b67ce5b0dcd7a2181a547c400a1e9fab749e6b90c,https://cdnjs.cloudflare.com/ajax/libs/react-select/5.10.2/react-select.cjs.prod.min.js
8d1898ad195a174950dc950eedc9637eddb0197f90f4bcc0d08c976171a7a17d,https://cdnjs.cloudflare.com/ajax/libs/i18next/25.5.2/i18next.min.js
8d196a6d6f89bea465b60aff6c1a9f15df5ea0e1a605dcf42bfeb22d74e5df2c,https://cdnjs.cloudflare.com/ajax/libs/prism/9000.0.1/themes/prism-coy.css
8d224646d3a5f834861c98eb46b8b0003092b1a063f9f19fda46d94f0a4fe4e6,https://cdnjs.cloudflare.com/ajax/libs/dayjs/1.11.18/plugin/isSameOrBefore.js
8d27f3256b5fd63e3b835e2d3f2073ac19240a7d6e36eed0748426706607aaf2,https://cdnjs.cloudflare.com/ajax/libs/prism/9000.0.1/components/prism-powershell.min.js
8d2bcdd54f604b2ed626124e0848b8366f14bb34e6bb8395738df2665c9d6b7f,https://cdnjs.cloudflare.com/ajax/libs/jsonwebtoken/9.0.2/lib/validateAsymmetricKey.min.js
8d8de06235e08f38ddc855070ef8cb86d7c69a67b3a5278f8cbf2af64b55122d,https://cdnjs.cloudflare.com/ajax/libs/crypto-js/4.2.0/tripledes.js
8d902216aef6840bb9951117bdd3aa6331078e68ee04987aa1d59c73b5ff3066,https://cdnjs.cloudflare.com/ajax/libs/crypto-js/4.2.0/sha384.js
8dabee43536cca3f186b8d256459a16165450bebac803e21b6f065c9211d27ad,https://cdnjs.cloudflare.com/ajax/libs/qs/6.14.0/qs.js
8db3c1ada098852ff60731fba2621d3642762976859fd32e095c336dd126e447,https://cdnjs.cloudflare.com/ajax/libs/jose/6.1.0/jws/flattened/sign.js
8e1b4a6e0fd64380555d81be9c4675168afa62127c5c508ab67f45bc9fc5773f,https://cdnjs.cloudflare.com/ajax/libs/dayjs/1.11.18/plugin/isoWeeksInYear.js
8e1ea2045dc21f99344aa26e1daf415476ad38493c10bd2ebad1b860856aa167,https://cdnjs.cloudflare.com/ajax/libs/react-redux/9.2.0/react-redux.legacy-esm.js
8e7582efb99ff00bb7aeb6de0bfa65792592a5b4e81ae6caa7bf8cd8cb3180de,https://cdnjs.cloudflare.com/ajax/libs/moment.js/2.30.1/locale/si.js
8ee10cd3e6dd60fd0d3d5d95a55ecc68aaecc6178e074da3a583449ec8165dcf,https://cdnjs.cloudflare.com/ajax/libs/date-fns/4.1.0/fp/cdn.min.js
8ef2db5a595cfc152650ad19b7735d69cbae70ef60ee612840e9ceecf5671822,https://cdnjs.cloudflare.com/ajax/libs/date-fns/4.1.0/locale/az/cdn.js
8f705a6c86b815e41bc91e48b0038e03c6422f707e8f4c9060810e670ab8122b,https://cdnjs.cloudflare.com/ajax/libs/dayjs/1.11.18/locale/tzm-latn.js
8f7d64a42aadbfd6425d99eb3c8403d57e9d3b642a2828458f76345a5614fb97,https://cdnjs.cloudflare.com/ajax/libs/cheerio/1.1.2/dist/browser/api/extract.js
8f7d64a42aadbfd6425d99eb3c8403d57e9d3b642a2828458f76345a5614fb97,https://cdnjs.cloudflare.com/ajax/libs/cheerio/1.1.2/dist/esm/api/extract.js
8f9e64b5e6ee219e10c3fbcba7ccd66ad401846b7ac498889b15d1041095da83,https://cdnjs.cloudflare.com/ajax/libs/dayjs/1.11.18/plugin/isTomorrow.min.js
8fbabf110ebe5e20724900990f0bb73dcca1c62a92782586686018e7a8234345,https://cdnjs.cloudflare.com/ajax/libs/cheerio/1.1.2/dist/browser/parsers/parse5-adapter.js
8fbabf110ebe5e20724900990f0bb73dcca1c62a92782586686018e7a8234345,https://cdnjs.cloudflare.com/ajax/libs/cheerio/1.1.2/dist/esm/parsers/parse5-adapter.js
90184ede782ffb1021583397e16507f73960cd93d2bde80b7b42d111f616b84f,https://cdnjs.cloudflare.com/ajax/libs/popper.js/2.11.8/esm/utils/orderModifiers.js
90441cdf16c770891f40c523c18faa65d53afdafcf43216cb60b2835f8aca917,https://cdnjs.cloudflare.com/ajax/libs/popper.js/2.11.8/esm/utils/getAltAxis.js
90b1d04869a3ab9b9f97c4187a75789ac64d9e197536c835897c2daa342ef11f,https://cdnjs.cloudflare.com/ajax/libs/popper.js/2.11.8/esm/dom-utils/getDocumentElement.js
9117b792a4ed3ddb4b328f3d19d2d1337293973d7a1a1c8f2187ebc0f51bc989,https://cdnjs.cloudflare.com/ajax/libs/dayjs/1.11.18/locale/pt.js
9132fbf475d87d2b7d0682556285c51df333de07cade99ee67a6848ed667f122,https://cdnjs.cloudflare.com/ajax/libs/dayjs/1.11.18/locale/sk.min.js
91350c703ea591d00da1f834c03151d7b6c92ad22f62249285572b2fcce9fb10,https://cdnjs.cloudflare.com/ajax/libs/dayjs/1.11.18/plugin/isSameOrBefore.min.js
9145e37c366abf8cbac46a191488649f8e5801ddb142cf4197f2645600345cf1,https://cdnjs.cloudflare.com/ajax/libs/moment.js/2.30.1/locale/bo.min.js
91ab20128af635f1c2f357639cdb896fa215ad5e7585c75e2d42af5f5b746f43,https://cdnjs.cloudflare.com/ajax/libs/moment.js/2.30.1/locale/tk.min.js
91de1771bf292651e4f3c97acc1c6272811b08f3b2781945f286f4e68d14fd15,https://cdnjs.cloudflare.com/ajax/libs/dayjs/1.11.18/locale/fy.min.js
91de71b873aaa7ea4b929b3bce50989f8ae2596d2dfdf07465e031e1f259d621,https://cdnjs.cloudflare.com/ajax/libs/dayjs/1.11.18/locale/et.min.js
9233d3f56b8cfdef977941f56b31c8ddd5312dc20b00dc70a4ab48ded231bb30,https://cdnjs.cloudflare.com/ajax/libs/moment.js/2.30.1/locale/fi.min.js
92355bb6c965d154f0a1baa20063f2867d5277e8de4846253f0524a4712952e7,https://cdnjs.cloudflare.com/ajax/libs/date-fns/4.1.0/locale/sq/cdn.js
9244b2bc2cc0a7033044eb74eef63536493fc457182f5b051f9b6cd0f675b1fe,https://cdnjs.cloudflare.com/ajax/libs/three.js/0.180.0/three.webgpu.nodes.min.js
924a152b5dd45f26d5c7a95cbe5ea26a8a03d1924d10f4df6738dfe005a30def,https://cdnjs.cloudflare.com/ajax/libs/dayjs/1.11.18/locale/my.js
9261efb3407e3a9096e4654750d8eff6b3a663422f48845c7fbcc65034c340cf,https://cdnjs.cloudflare.com/ajax/libs/jquery/3.7.1/jquery.slim.min.js
92732cb26a774bc3e049c7e212d8ef1425413d63522ccca1fb1b0696854da4ad,https://cdnjs.cloudflare.com/ajax/libs/moment.js/2.30.1/locale/my.js
92791ed9bf33eb2836b2522f9dde5303221bd4ff08f30218be0167b8dfb6f3a3,https://cdnjs.cloudflare.com/ajax/libs/prism/9000.0.1/components/prism-yaml.js
9295b344df14b5395a612fed63350619d029e91cc2e80e9a2a5f920e38b88972,https://cdnjs.cloudflare.com/ajax/libs/preact/10.27.2/hooks.module.js
92aab82d84673b820426c2ea6dd224682128bc188dc18af359af8e74046d199e,https://cdnjs.cloudflare.com/ajax/libs/prettier/3.6.2/standalone.min.js
92b2247f490e9d71874a2e68b48b9964257c96a1cff0e9785eef07ca0e429697,https://cdnjs.cloudflare.com/ajax/libs/popper.js/2.11.8/esm/modifiers/offset.min.js
92dfadfb06400959e834cade5dd88fddcce645c0a36ab28972ef2ae8a89b7df9,https://cdnjs.cloudflare.com/ajax/libs/tailwindcss/4.1.13/lib.js
92ef8aae9ca870847d6fe80b1a5015af17bd7ce593a914e40d84999c75f34589,https://cdnjs.cloudflare.com/ajax/libs/moment.js/2.30.1/locale/bg.min.js
93363ef6e6b3bb49ab11828d8a17ceb5bb57b5bde997b0823fdece59c4c7f0a4,https://cdnjs.cloudflare.com/ajax/libs/moment.js/2.30.1/locale/zh-mo.min.js
93494b918b2eb79cd1be66145a41137ac0d65739ed6cb9e04f82bf1d7cdc7019,https://cdnjs.cloudflare.com/ajax/libs/crypto-js/4.2.0/hmac-sha384.js
935c81a36fb830db1b080681497606a40a62434633ea92293df8310a6c75697f,https://cdnjs.cloudflare.com/ajax/libs/moment.js/2.30.1/locale/es.min.js
936b00264d1c7a877e7b9fb8af2bd55a0c3a1dce48ffccacfc6240baafafb7fe,https://cdnjs.cloudflare.com/ajax/libs/preact/10.27.2/hooks.js
93a955846c6772db3d1b36375bba47e7761f7070b61e1c0e8f433a27cae1bd98,https://cdnjs.cloudflare.com/ajax/libs/prism/9000.0.1/components/prism-bash.min.js
93b540d4f1bc21d5668854475e8efd2d6fcaa2f596704752a586ce07d471d475,https://cdnjs.cloudflare.com/ajax/libs/moment.js/2.30.1/locale/he.js
93e9ea15b7405c0cccb50e3d6267e2802128fb61a38ee268569b76301d3074ac,https://cdnjs.cloudflare.com/ajax/libs/dayjs/1.11.18/locale/ja.js
93ec274a2c63f8a15b8c6ec2aae87b0cdc99d9ddacd731f83947253f7d85bf3b,https://cdnjs.cloudflare.com/ajax/libs/dayjs/1.11.18/plugin/quarterOfYear.min.js
941398406af40791c5b21944e3d56cb7302408b3236c3174513aa2a0350650c8,https://cdnjs.cloudflare.com/ajax/libs/popper.js/2.11.8/esm/dom-utils/getClippingRect.min.js
9422db2bf639f1e9f9bb32a30b38a029195464fb132ae8b249d6d1bd7389f0ae,https://cdnjs.cloudflare.com/ajax/libs/protobufjs/7.5.4/light/protobuf.min.js
9429785d1e7f805d46640c4155957fd0f286144dec05cea09f6f2eaa646adb21,https://cdnjs.cloudflare.com/ajax/libs/pako/2.1.0/pako_deflate.min.js
9461fb308c4b68dc57eacc3c350fc46d556723d3e79309d24d267403103bb13d,https://cdnjs.cloudflare.com/ajax/libs/prism/9000.0.1/components/prism-dart.min.js
9489a87bfb592913396f5b5102ba9414aadafe51a2287aeac1f085095a979124,https://cdnjs.cloudflare.com/ajax/libs/prism/9000.0.1/components/prism-handlebars.min.js
94a1563faab9fe61f359a515042f56e2672886200e084de98bbd98769f71ba69,https://cdnjs.cloudflare.com/ajax/libs/moment.js/2.30.1/locale/dv.js
94a48cac314f9e5672a8371948e018921c6eb39b191eb07824fec3f442d001ef,https://cdnjs.cloudflare.com/ajax/libs/popper.js/2.11.8/esm/utils/math.min.js
954516f9f25b4f5d6be0b92a78af57f4952fda13d1ed72f1247cc313d5e34161,https://cdnjs.cloudflare.com/ajax/libs/bowser/2.12.1/es5.min.js
957a0e06c48d75bc6c0f1eb4337617dabd551a8d860afa0dc323cc64f3db220e,https://cdnjs.cloudflare.com/ajax/libs/crypto-js/4.2.0/rabbit.min.js
959b52498e30dbc111320f0344943813173045ad6459ffadf6e1395a09ac9c84,https://cdnjs.cloudflare.com/ajax/libs/moment.js/2.30.1/locale/en-nz.min.js
95b44d890d8310edc29c77ac7e08a4198a911d5b255c30bad32d2a419eb140d1,https://cdnjs.cloudflare.com/ajax/libs/date-fns/4.1.0/locale/en-US/cdn.js
95c974679dba419b7d835fa51340c430bd0066bdc38a7a139caa575b67389d7e,https://cdnjs.cloudflare.com/ajax/libs/moment.js/2.30.1/locale/et.js
9609481aa437379b76df93838cd43066db8972ba2f2efb93ed47a54e5c56a4b4,https://cdnjs.cloudflare.com/ajax/libs/handlebars.js/4.7.8/handlebars.js
963af89f139c7219081cff53885f61d951dee0a13aad3e220105afcbd596564f,https://cdnjs.cloudflare.com/ajax/libs/popper.js/2.11.8/esm/dom-utils/instanceOf.min.js
964826c519a202aefc88aff3dcfd9cdec7f173e77047476b9c4a47c5768baffb,https://cdnjs.cloudflare.com/ajax/libs/dayjs/1.11.18/locale/am.min.js
9651faea492603781c7bc8849e7bff2a7eaab3f38ddda5a1c8b07e0556e22522,https://cdnjs.cloudflare.com/ajax/libs/react-dom/19.1.1/cjs/react-dom-server.bun.production.min.js
9670e2244dd63556408fc20671fd763fb91be52041eee92934710e75e2b3b7fa,https://cdnjs.cloudflare.com/ajax/libs/moment.js/2.30.1/locale/it-ch.js
9673f6d7a10086cda8228f1c080ec032e8f34e3a3de2f1413582e0a6cc6f2128,https://cdnjs.cloudflare.com/ajax/libs/moment.js/2.30.1/locale/kn.js
969b6ec87a18b6b0a59553444b81e3ebe1b611923d0aa4a352422dcb59292a9f,https://cdnjs.cloudflare.com/ajax/libs/react-is/19.1.1/cjs/react-is.production.js
96dde380f1841584cc7e4dbf5e2ea2855e44627f70ba5618dfdb89c160e8131c,https://cdnjs.cloudflare.com/ajax/libs/dayjs/1.11.18/locale/ar.js
96eb2fb79e7ae583b91843070f77b667ccf9a1a29bb69f21a1f877be2002ab00,https://cdnjs.cloudflare.com/ajax/libs/react/19.1.1/cjs/react-jsx-dev-runtime.react-server.development.min.js
96eb2fb79e7ae583b91843070f77b667ccf9a1a29bb69f21a1f877be2002ab00,https://cdnjs.cloudflare.com/ajax/libs/react/19.1.1/cjs/react-jsx-runtime.react-server.development.min.js
970012c382cb9d0ca6334cd8359c20169bb0c3ed1d07ae35f74a512f45080da0,https://cdnjs.cloudflare.com/ajax/libs/popper.js/2.11.8/esm/dom-utils/getWindow.min.js
9720de4592dd94861f2fabb51110533fe44620f517e50448dd828a7f2eef7009,https://cdnjs.cloudflare.com/ajax/libs/moment.js/2.30.1/locale/ja.js
972e5a5387dde3b6d85ab77337d59ebafca988bf220145caa4b27dc742134dc5,https://cdnjs.cloudflare.com/ajax/libs/pixelmatch/7.1.0/index.js
973b5497f8a186f2d031147c1a06b574f0c6018340b54bf16de2401ebb1eec42,https://cdnjs.cloudflare.com/ajax/libs/date-fns/4.1.0/locale/az/cdn.min.js
9744827f9a38e4bcf42b95466cb61051b2bcc3cc4cc9722931f4595f59842d6f,https://cdnjs.cloudflare.com/ajax/libs/crypto-js/4.2.0/pad-zeropadding.min.js
9768db56c17c9e3cd236c686283fb0910a0009659c42b5a5784e5418be4b5959,https://cdnjs.cloudflare.com/ajax/libs/cheerio/1.1.2/dist/commonjs/cheerio.min.js
97811d3be2661c3557eee0d7677cbf41ad9532eae1b4d38cb9c9e1241aed7c85,https://cdnjs.cloudflare.com/ajax/libs/dayjs/1.11.18/locale/zh.js
97c2074a7998ff0f96ac4f54f9dac8e9d23de971fc7cac01852b9aed1b2602ab,https://cdnjs.cloudflare.com/ajax/libs/request/2.88.2/lib/auth.min.js
97c66a5ac8b337c27f4e2856ad4724b6934fa75f0324f35fe6834c91820903f3,https://cdnjs.cloudflare.com/ajax/libs/prism/9000.0.1/components/prism-applescript.min.js
97dc78ada28b2e4c0898e6f1d1085d4a3f4fa74d510a49c1fe94eab5fb8fa99c,https://cdnjs.cloudflare.com/ajax/libs/dayjs/1.11.18/locale/ht.min.js
980e5169552fea14cc2afad099f461cfc0046d90aaaf5a7a68d590217beb455c,https://cdnjs.cloudflare.com/ajax/libs/dayjs/1.11.18/locale/kn.js
9819b83080b190e2bdf2bd98e2763a29fcd5af9fffbd62fe660500f0a3b37fb1,https://cdnjs.cloudflare.com/ajax/libs/cheerio/1.1.2/dist/browser/options.js
9819b83080b190e2bdf2bd98e2763a29fcd5af9fffbd62fe660500f0a3b37fb1,https://cdnjs.cloudflare.com/ajax/libs/cheerio/1.1.2/dist/esm/options.js
98276de203ec661effd9191ff7164c7d261b0664b6f50528179266e63f21f924,https://cdnjs.cloudflare.com/ajax/libs/superagent/10.2.3/superagent.min.js
985df5b94790d6e91b22c813a60d165ac2beda6846f86f50c84f0ca947a06662,https://cdnjs.cloudflare.com/ajax/libs/date-fns/4.1.0/locale/en-AU/cdn.js
986ca486a1c9e58e9d8fc38d1db4e652e14c751ba1a6a15fd81439d261efe2b0,https://cdnjs.cloudflare.com/ajax/libs/crypto-js/4.2.0/sha512.js
988c2dafcb305a7c6182c7627b325f9c50e5664afa6fddfc259cc4c53b2144da,https://cdnjs.cloudflare.com/ajax/libs/prism/9000.0.1/components/prism-sql.js
990677ebe2b1743fb574594d35839a86b4e81df39ab4f2d0aee8f1081becb682,https://cdnjs.cloudflare.com/ajax/libs/dayjs/1.11.18/locale/cs.js
9911634c353a7ce63a81139f914552fc80a499029a803ced8b32b6af88c53bf4,https://cdnjs.cloudflare.com/ajax/libs/moment.js/2.30.1/locale/th.js
9937b6f6e7f852fd180a75d02f223298a4541a8cec415d0cadad5dfde7d40929,https://cdnjs.cloudflare.com/ajax/libs/dayjs/1.11.18/plugin/isoWeek.js
994a645e643afd1b56abce28f144b16d93693e85845c73edb692cc8e9ce404d9,https://cdnjs.cloudflare.com/ajax/libs/cheerio/1.1.2/dist/commonjs/api/forms.min.js
9960f4a0ccaed4dccf9495881696e9c554666a1180bafcaddb35aa6cae83ef1b,https://cdnjs.cloudflare.com/ajax/libs/cheerio/1.1.2/dist/commonjs/parse.min.js
99a3070b335a00b5918a189aed054a406a55a7ac6478ead3cdda568b5f4e9bbc,https://cdnjs.cloudflare.com/ajax/libs/popper.js/2.11.8/esm/modifiers/applyStyles.js
99a3be5c34b02ddd2c3779ed69f9a154733432a0ee9fe1893ee26c181a02ef6a,https://cdnjs.cloudflare.com/ajax/libs/dayjs/1.11.18/locale/fr-ca.min.js
99c55c91b8f2c2f8c4422ac938dd2c5c801a44a2151fb674a2449e50af2dc68c,https://cdnjs.cloudflare.com/ajax/libs/dayjs/1.11.18/plugin/arraySupport.min.js
99cb4f3ed57ce6f5b5aa892c0708a5646c647e2c4df6b940df4b1fc0ade55096,https://cdnjs.cloudflare.com/ajax/libs/decimal.js/10.6.0/decimal.min.js
99dac7fbf9ae7752d6e832284290a3aa527e0fbcb1dc5d2fd301a80be8531b20,https://cdnjs.cloudflare.com/ajax/libs/less.js/4.4.1/less.min.js
9a08a61d529e0d430fe230fb93a48ade4e6befd80d652aab808dd4de5aeeca36,https://cdnjs.cloudflare.com/ajax/libs/moment.js/2.30.1/locale/br.min.js
9a32fe79963cba8bde72afebc913705add3a86d66d553df523fc6014662f8631,https://cdnjs.cloudflare.com/ajax/libs/prism/9000.0.1/components/prism-swift.js
9a3c909e8c3b6604bfd7a48a3c7e61504292744d894bce1266b44691b857c1bc,https://cdnjs.cloudflare.com/ajax/libs/crypto-js/4.2.0/pad-pkcs7.js
9a971684019952062f6924df8daaa1dc29d20e83048bb24ce9736f21ba60a40f,https://cdnjs.cloudflare.com/ajax/libs/html2canvas/1.4.1/html2canvas.esm.min.js
9a98460960abd8cccf7f15b1a026e7bbf599eff38577c31b8125064c99e4be7b,https://cdnjs.cloudflare.com/ajax/libs/vue/3.5.22/vue.runtime.global.prod.min.js
9ab451fff6eb9596d42b578b3f6de9e50b31ace50455e308f24eb53cd45f8b1f,https://cdnjs.cloudflare.com/ajax/libs/prism/9000.0.1/components/prism-go.min.js
9ae5de6e5545d5495a584a4c62435dd57465d3a1491bbc4ee594078c2138a11e,https://cdnjs.cloudflare.com/ajax/libs/date-fns/4.1.0/locale/es/cdn.min.js
9aeaf25ce3c591525c24ed5816686e2b25d89860d3d93615c62bc6d0c0a04738,https://cdnjs.cloudflare.com/ajax/libs/dayjs/1.11.18/plugin/relativeTime.js
9b138a2ac1b52b614b0f42111b05b9075760fb0f1846aa91c73e7a9f253c5c2e,https://cdnjs.cloudflare.com/ajax/libs/styled-components/6.1.19/styled-components.browser.esm.min.js
9b352b37e1047bc64e79f3a18570fd5684cbf93943bfe1c6cf508dd04ffb8e36,https://cdnjs.cloudflare.com/ajax/libs/prism/9000.0.1/components/prism-css-extras.js
9bc7510252521d0c039eaef225c4840b1a0444cef63203fe95cbc1c83b313013,https://cdnjs.cloudflare.com/ajax/libs/dayjs/1.11.18/locale/kk.min.js
9be2ef93ce4ea20f25bf34fd9bb50a328ea4a10690baf5bd2a3b97a060e5ac74,https://cdnjs.cloudflare.com/ajax/libs/date-fns/4.1.0/locale/cdn.min.js
9c08d49149ab343b8a4dff9e2b0bce6232560288b7413e5eee2f5aaf764f3826,https://cdnjs.cloudflare.com/ajax/libs/prism/9000.0.1/components/prism-actionscript.min.js
9c3806a69da67df5455c9004b0f220565f261bc982802a1484bcf899af9defa4,https://cdnjs.cloudflare.com/ajax/libs/cheerio/1.1.2/dist/browser/api/traversing.min.js
9c3806a69da67df5455c9004b0f220565f261bc982802a1484bcf899af9defa4,https://cdnjs.cloudflare.com/ajax/libs/cheerio/1.1.2/dist/esm/api/traversing.min.js
9caaa0e0d73d60a2fb0c7ee8871587968630c9cfa535c20b9ea35fe4b287f0bf,https://cdnjs.cloudflare.com/ajax/libs/crypto-js/4.2.0/aes.min.js
9cb08a32eeef27d4fa1395fe97381a9ee8839a055ada56ae46eb707ea4114b92,https://cdnjs.cloudflare.com/ajax/libs/dayjs/1.11.18/locale/bo.min.js
9cb8dacfc086c2966c9ec4ba54f4a2dc43b7cbe2b33cec1a2743d886c7fb47a7,https://cdnjs.cloudflare.com/ajax/libs/KaTeX/0.16.9/contrib/auto-render.min.js
9cc10b934f2442463e91dab6c02d276cd2d89b156d2378cc265d9af54187e072,https://cdnjs.cloudflare.com/ajax/libs/vue/3.5.22/vue.esm-bundler.js
9cc67dce66cf3f0f9a57ce732af6878cc23fedcf256fd5302c6cf57df87eac3a,https://cdnjs.cloudflare.com/ajax/libs/moment.js/2.30.1/locale/mi.js
9cd30c21e4430f16e3dabc83c7d45af54a238cabbdf2201a1233bf04424ec169,https://cdnjs.cloudflare.com/ajax/libs/popper.js/2.11.8/esm/dom-utils/isScrollParent.js
9cf578ba210b62c81e8a82fca2033220186a48733db731e888542bc70c855a60,https://cdnjs.cloudflare.com/ajax/libs/date-fns/4.1.0/locale/el/cdn.js
9cfdb93f38afcf2d076abecd66d32bfd3383cdf1967654ebc26a26605daf4173,https://cdnjs.cloudflare.com/ajax/libs/dayjs/1.11.18/dayjs.min.js
9d0964236c8c30b42cca22efd6c52080ab491e31ecdb250bb37fcec9e7299c7e,https://cdnjs.cloudflare.com/ajax/libs/popper.js/2.11.8/esm/utils/getOppositeVariationPlacement.min.js
9d28f417f539b6672f27ce55ae1544655d8ed30a00677ca08295bfbbf6c03903,https://cdnjs.cloudflare.com/ajax/libs/react-dom/19.1.1/cjs/react-dom.react-server.development.min.js
9d7d061c245349d6897732c90ad57841c9132b9b556be07a24dc76ff17cf75a0,https://cdnjs.cloudflare.com/ajax/libs/moment.js/2.30.1/locale/sq.js
9dbb3d95e4b5b82e5f31b0c023abec9a2b327834624841c23e8f069a14c32b24,https://cdnjs.cloudflare.com/ajax/libs/moment.js/2.30.1/locale/ku-kmr.js
9dcfb113119b138f6730ed78b377705d1636329734c1ef66c21b0434d06d1752,https://cdnjs.cloudflare.com/ajax/libs/dayjs/1.11.18/locale/eo.min.js
9def49a134279771fceeb08a1b3e45d686d9e6d3ed3778036cc66e847f46f87f,https://cdnjs.cloudflare.com/ajax/libs/popper.js/2.11.8/esm/popper-base.js
9e209a5f9e21517964c6b751bb75f012ec86703d00ec177bd7dc357bf1b4c4d6,https://cdnjs.cloudflare.com/ajax/libs/dayjs/1.11.18/locale/hi.js
9e26fe0fd0ce553e2554afa2bd95c0b328ef3cb72c8b5640edeab6bd351ce7bc,https://cdnjs.cloudflare.com/ajax/libs/dayjs/1.11.18/plugin/advancedFormat.min.js
9e3c28e2947165ae37ff01314d750b4da987dcee2c14e4338a0b38c68fb6997c,https://cdnjs.cloudflare.com/ajax/libs/dayjs/1.11.18/locale/ht.js
9e3f4c96ba23a9165efe797e3cf5bcc3e0dbc66579481a19193a8f7fb3fc959c,https://cdnjs.cloudflare.com/ajax/libs/date-fns/4.1.0/locale/hy/cdn.js
9e57e016a3b1614feb9f7db07ca47368aba4b34f51f1c856e4255acddd5ef436,https://cdnjs.cloudflare.com/ajax/libs/dayjs/1.11.18/plugin/isYesterday.min.js
9e599b04da4e0922a1a2f8a5f2bccdebb5801d233f2080d3da74967e93d1b0ec,https://cdnjs.cloudflare.com/ajax/libs/dayjs/1.11.18/locale/ru.min.js
9e5a538972a02d1f89f01d843f234ef65343c10b166941528987c49cac83ba9d,https://cdnjs.cloudflare.com/ajax/libs/prism/9000.0.1/components/prism-typescript.min.js
9e67161f61922a475b142b2e18cb4470ed7860ef61bc6e7a41f327f7a59be96f,https://cdnjs.cloudflare.com/ajax/libs/crypto-js/4.2.0/mode-ctr.js
9e6d9e2d9fc3a8f321816e9d2b974c9048644875e902a31400700bdfe6ae0a0e,https://cdnjs.cloudflare.com/ajax/libs/cheerio/1.1.2/dist/browser/load-parse.js
9e6d9e2d9fc3a8f321816e9d2b974c9048644875e902a31400700bdfe6ae0a0e,https://cdnjs.cloudflare.com/ajax/libs/cheerio/1.1.2/dist/esm/load-parse.js
9e7a7a41fc5aa02d88b3042f6ed824ab0175ec21edb0af3e15a1f3fd9a2ae489,https://cdnjs.cloudflare.com/ajax/libs/dayjs/1.11.18/locale/en-nz.js
9ea2ddc77d7eb39e791381acbba9c10b1a23c25a8049be35285f23dd819a9b08,https://cdnjs.cloudflare.com/ajax/libs/dayjs/1.11.18/locale/ka.min.js
9ec94d6d954066eb2b4a25ef91a6c0775605e17eda9b13c25dd39a323f3bcd0e,https://cdnjs.cloudflare.com/ajax/libs/prism/9000.0.1/plugins/wpd/prism-wpd.css
9ec9d2c99c3f38a659f82732a704e1a4735b61bb92901278e21be5d28444784e,https://cdnjs.cloudflare.com/ajax/libs/date-fns/4.1.0/locale/fr/cdn.min.js
9ef4760630a7dea14fbb889f5058f8cad6625e9f5ac2f9944bc93dc07c58e0ee,https://cdnjs.cloudflare.com/ajax/libs/popper.js/2.11.8/esm/dom-utils/getParentNode.min.js
9efb93d1e54f1d8e06096229252a888613b3c55f3dd826e9ee98b82a723263ae,https://cdnjs.cloudflare.com/ajax/libs/moment.js/2.30.1/locale/ta.min.js
9f09c6bd7a657db26d80770e41676b3c3950657caa31fdd4edb74e5a19c6291d,https://cdnjs.cloudflare.com/ajax/libs/date-fns/4.1.0/locale/uz/cdn.min.js
9f22344f9ff69b1cf5546c975fd8847884bb032216d15054ea267cb964a09b08,https://cdnjs.cloudflare.com/ajax/libs/moment.js/2.30.1/locale/uz.js
9f3500bf40f819cca11ca851f93fe4dda5b9703cf2e2374a56a20d3c8f24cc1b,https://cdnjs.cloudflare.com/ajax/libs/prism/9000.0.1/components/prism-scheme.min.js
9f364cd6428f6cca276352efa8a99b0e9c756bf94db59b4471d6c368a3bac2ae,https://cdnjs.cloudflare.com/ajax/libs/KaTeX/0.16.9/contrib/mathtex-script-type.js
9f42975430301fd7d3d672036a4213f2b160fc4002f952223ad4ab72efea7a3a,https://cdnjs.cloudflare.com/ajax/libs/async/3.2.6/async.js
9f69684cb6e2c7b59607b3f8cdeedd2fc9f4d6d7e98a1b096187f6c3f66d0547,https://cdnjs.cloudflare.com/ajax/libs/jose/6.1.0/lib/asn1.js
9f7e8d8220b3f7e7324ef196b9e7beab6f11999ebaf06ea50da2cf1647b72613,https://cdnjs.cloudflare.com/ajax/libs/popper.js/2.11.8/esm/utils/getVariation.js
9f82e30c5bc7f0d5908089be85046cf5f6b08c358b5b149d9b1ac3ee2f868b2a,https://cdnjs.cloudflare.com/ajax/libs/date-fns/4.1.0/locale/fr-CH/cdn.min.js
9fc85b9f9b990ad88cd76206169380bc00f6cf3a6a613b0e770e40dc45274328,https://cdnjs.cloudflare.com/ajax/libs/jose/6.1.0/lib/is_disjoint.js
9ffb3e547f52519d33b04b627fafd3b292db3e70d2208bec84f9a046900ed4ee,https://cdnjs.cloudflare.com/ajax/libs/date-fns/4.1.0/locale/gl/cdn.js
a04027f5d8d04561c4b0b070c87b2ca98673914ada35343eb9eceed02cc0a5b5,https://cdnjs.cloudflare.com/ajax/libs/dayjs/1.11.18/locale/de.min.js
a05faf87a41a51a461c9365b171061f11d1ea1ebffa558973674c06c65db91f3,https://cdnjs.cloudflare.com/ajax/libs/dayjs/1.11.18/locale/tet.min.js
a07d59a01435ac2ab1350f7bacc21b8f5bab6219fba8f5e751a0e360610b96f0,https://cdnjs.cloudflare.com/ajax/libs/KaTeX/0.16.9/contrib/mhchem.js
a080edbb637840ba2000bc5ef036d7bd1eb816339477ab7f6a5ab0bf819f01f8,https://cdnjs.cloudflare.com/ajax/libs/popper.js/2.11.8/esm/dom-utils/getClippingRect.js
a103cf4fb4772293f8f9765c0ed9e0c18e9326991799a8beed1f27997f3acfde,https://cdnjs.cloudflare.com/ajax/libs/mocha/11.7.2/mocha.min.css
a10511240bd2ce9a2b27b56d59cef06d90e45f8e8a2b993294dceb34e64c15a2,https://cdnjs.cloudflare.com/ajax/libs/dayjs/1.11.18/locale/af.min.js
a10b5c13478f60b1a5e5d644d683103a5d4373df2ebda149b251ac2d2da51bdf,https://cdnjs.cloudflare.com/ajax/libs/prism/9000.0.1/components/prism-cpp.js
a1316ded7951625841ba9f81890315465ef798ce6864079670c6c6e2f774677f,https://cdnjs.cloudflare.com/ajax/libs/KaTeX/0.16.9/contrib/auto-render.js
a1399feee5a89618d0f58335083dbd3b396d8f388f98950636459763d5767515,https://cdnjs.cloudflare.com/ajax/libs/dayjs/1.11.18/locale/bs.js
a13c17179516fd0aa69d5d7822a78b14c02b6997a5f0990b572e82437fab2bc2,https://cdnjs.cloudflare.com/ajax/libs/date-fns/4.1.0/locale/km/cdn.min.js
a14deb4e18b486660c952754b3bead26db515c6ac067667f4221cf10817a0e88,https://cdnjs.cloudflare.com/ajax/libs/react-dom/19.1.1/cjs/react-dom-server.edge.development.js
a16df8fea167347a4b301ba46c2857408caf1815af091cd5a183a05f65ced4d1,https://cdnjs.cloudflare.com/ajax/libs/date-fns/4.1.0/locale/en-IE/cdn.min.js
a1711ade322ac4055538ff294b1e0cb9333200b866264790ae25ce480e9aa439,https://cdnjs.cloudflare.com/ajax/libs/dayjs/1.11.18/locale/bm.min.js
a1ad1b3e844785d50522e91f60993d360ec6221011c2593bb06f8727cdd6fcbf,https://cdnjs.cloudflare.com/ajax/libs/dayjs/1.11.18/locale/fr.js
a1c1814392ea630694b81991824971c92569c298470be13ca3785b74aec67655,https://cdnjs.cloudflare.com/ajax/libs/dayjs/1.11.18/locale/lv.js
a1cefabf06ec626adcb92731537e1e04fd09a7908e22551bab50540106dc950d,https://cdnjs.cloudflare.com/ajax/libs/preact/10.27.2/preact.module.js
a1d16d15d1f9d8df20d467dcc10a798ee5986b4dc8f143ff3319581b70d691ad,https://cdnjs.cloudflare.com/ajax/libs/date-fns/4.1.0/locale/fa-IR/cdn.js
a1d29019dcff0ce2a11cdf97018c20e99fbcb739163c059ad8bf2408f77d3161,https://cdnjs.cloudflare.com/ajax/libs/moment.js/2.30.1/locale/es-do.js
a1f26d2f16c45d49e45fe0f70e5b2abda605ceb80749f6b6d8e4263e9900fa61,https://cdnjs.cloudflare.com/ajax/libs/moment.js/2.30.1/locale/en-ca.min.js
a233573f641cc9c93c87b555fc5564c2e5ebb97e251338e971ba76e74d512646,https://cdnjs.cloudflare.com/ajax/libs/moment.js/2.30.1/locale/es-mx.js
a272d4e7f80c0d878d6113a69e51f311521329512236532c6ac0a0438868a140,https://cdnjs.cloudflare.com/ajax/libs/acorn-walk/8.3.4/walk.min.js
a2a58c8452449f97d36bcaeca39a02b14815958668e8f34a1da640f422b9bb97,https://cdnjs.cloudflare.com/ajax/libs/immer/10.1.3/cjs/immer.cjs.production.min.js
a2e945f0e34b6c2663e6ccc571a4bdc7a1981d0af43ec29970eb441c811a23ac,https://cdnjs.cloudflare.com/ajax/libs/preact/10.27.2/preact.js
a2ff916e3355f6e2a6881b0f7b6e7f933070c6192fcefe8435a460a3bf2d39f0,https://cdnjs.cloudflare.com/ajax/libs/prism/9000.0.1/components/prism-core.min.js
a30f779d6d43a88b304bee2daf805a02ec4e542375653c5ebd3807f5ad1e47ac,https://cdnjs.cloudflare.com/ajax/libs/prism/9000.0.1/themes/prism-dark.min.css
a3626b78fe53d7d32fbcaeaeb92750db305e84e2ccb84e61d735ac7a4dc7345c,https://cdnjs.cloudflare.com/ajax/libs/crypto-js/4.2.0/mode-cfb.js
a3ea7b9864f006837f75b433b532613c6152680f2eff86beca283928fea46e47,https://cdnjs.cloudflare.com/ajax/libs/prism/9000.0.1/components/prism-css.min.js
a43f974ec15f638e67cec9d73cb33c339ce7cb35bb7041b478a930197977a890,https://cdnjs.cloudflare.com/ajax/libs/moment.js/2.30.1/locale/bn.js
a45aad7c8f1943171157efd884ab5fe76312c560f6df81011ac82eb05743b206,https://cdnjs.cloudflare.com/ajax/libs/popper.js/2.11.8/esm/utils/getFreshSideObject.min.js
a46e315358ab0254fc0c72483b87aa752a3fc0e492b3e263c7965badd4d7b6c6,https://cdnjs.cloudflare.com/ajax/libs/prism/9000.0.1/components/prism-pascal.min.js
a497c10832b7a3cbbf913c3281c15265e6c9eddd77d3b25f4a2215c444a69238,https://cdnjs.cloudflare.com/ajax/libs/dayjs/1.11.18/locale/da.js
a4ac690aa6b0366edd642455ab687f895545dd354d8f3d5c060b73f4ff34e285,https://cdnjs.cloudflare.com/ajax/libs/moment.js/2.30.1/locale/gl.min.js
a4bcbc39a9532d8ecef1c8082cb8ff4861a1eb8809681a17b947e0b66b8932d8,https://cdnjs.cloudflare.com/ajax/libs/cheerio/1.1.2/dist/commonjs/api/attributes.min.js
a509b94b180384c0fe66abb435883ed029e482d39e2e3ca759e23cb9dde48219,https://cdnjs.cloudflare.com/ajax/libs/cheerio/1.1.2/dist/commonjs/index.min.js
a50f021dc11eeb56734b4bacecc28112598f9a93f4c1a079cd2bd29960ba3b58,https://cdnjs.cloudflare.com/ajax/libs/xlsx/0.18.5/xlsx.zahl.min.js
a51a9331132aefaabba819c4399d4b6a666e4c071b832b9a44f6aeae8daf02ae,https://cdnjs.cloudflare.com/ajax/libs/isomorphic-fetch/3.0.0/fetch-npm-browserify.min.js
a54873086cb65d44f078e5a97573667f6c2d02d9ee2c6a23e499d36800d4e7c0,https://cdnjs.cloudflare.com/ajax/libs/react-select/5.10.2/Select-8685a2b1.cjs.prod.min.js
a5875f287e6cc6dea0ab64024db32783229a7db55f74deccf6566973bbd76ec9,https://cdnjs.cloudflare.com/ajax/libs/crypto-js/4.2.0/lib-typedarrays.js
a5ad46c4cca39cd21f1732ed2bd8c83813da711cb7331ed46e5a44ce7d658376,https://cdnjs.cloudflare.com/ajax/libs/prism/9000.0.1/plugins/highlight-keywords/prism-highlight-keywords.min.js
a66b2d9bbb379ab66728adf75a96d0fa2caf870d58f111417f34872bb932a2d3,https://cdnjs.cloudflare.com/ajax/libs/cheerio/1.1.2/dist/browser/options.min.js
a66b2d9bbb379ab66728adf75a96d0fa2caf870d58f111417f34872bb932a2d3,https://cdnjs.cloudflare.com/ajax/libs/cheerio/1.1.2/dist/esm/options.min.js
a691b913756753dd769c1559b8efbd3d8157feb4c9368d2cb4b79eba67441841,https://cdnjs.cloudflare.com/ajax/libs/react-dom/19.1.1/cjs/react-dom-test-utils.development.js
a7114d08423143e9c1d7f43b74d22083f01d926b0b256ee5c377fc9026601f3e,https://cdnjs.cloudflare.com/ajax/libs/date-fns/4.1.0/locale/lb/cdn.min.js
a722d1f1486b807b34076ec3277ea3a65f21837db2d9f76eb5daa7de312479a6,https://cdnjs.cloudflare.com/ajax/libs/crypto-js/4.2.0/pad-nopadding.js
a732be1215af43c449744697ca3bdcd3b90700d3a27ab0f22edde7383ff7a731,https://cdnjs.cloudflare.com/ajax/libs/tinycolor/1.6.0/tinycolor.min.js
a73fa8b59dd099d28a7824980577379437273f6ef35a90409cf36492bc2b3600,https://cdnjs.cloudflare.com/ajax/libs/moment.js/2.30.1/locale/el.js
a746f80ebe9a1f522ea874a709d98acbf951c68efc996ffbb468052dcb496701,https://cdnjs.cloudflare.com/ajax/libs/moment.js/2.30.1/locale/kn.min.js
a7b37bf23052eb5924d99f60cce1759d40af854beb2de4dd08d65ab7e828eaa1,https://cdnjs.cloudflare.com/ajax/libs/es6-promise/4.2.8/es6-promise.js
a7c1c330ac45e6b83e8624f22b23b5a0e38543843628a77fcd0b6f836fd730b8,https://cdnjs.cloudflare.com/ajax/libs/cheerio/1.1.2/dist/commonjs/utils.js
a7d865ef3b9b9d1c456836962982dafd78fedcf90b25edb6796f8106f52c46f5,https://cdnjs.cloudflare.com/ajax/libs/dayjs/1.11.18/locale/es.min.js
a8286f22f2647936d5e66d02d0aac197eb0e89c68892580493cda5c290d29191,https://cdnjs.cloudflare.com/ajax/libs/dayjs/1.11.18/plugin/timezone.js
a8446000999cf88295627b15d8a4e03c69c12bd1f32a147458341f5d1a9ee30b,https://cdnjs.cloudflare.com/ajax/libs/date-fns/4.1.0/locale/en-IN/cdn.js
a8873a6b64aac490de4f5ca6ae9b237baf2a3eb0aacf7dc6b4a31d34a2365ac4,https://cdnjs.cloudflare.com/ajax/libs/marked/16.3.0/lib/marked.umd.js
a88f4c2eda6a4aabd73da10990c153adf5c035e810989650f549b07cc8bb1484,https://cdnjs.cloudflare.com/ajax/libs/date-fns/4.1.0/locale/eo/cdn.js
a8c45a856855fc8b4c457e13244ba3fe5f7a4c9d553de21d36b349f8af7cd716,https://cdnjs.cloudflare.com/ajax/libs/date-fns/4.1.0/locale/hu/cdn.min.js
a9048ac365d82700905fb78cc4ce4070d90fe226a936de72ad0519ec06d7e5de,https://cdnjs.cloudflare.com/ajax/libs/date-fns/4.1.0/locale/en-NZ/cdn.js
a92cea7fdea56f5458d5fe14560e2c275e10396643e28f676eb88fe9710e82a5,https://cdnjs.cloudflare.com/ajax/libs/prism/9000.0.1/components/prism-java.js
a939a35ad29e3fbec86d2fea7c8d4b578a4fa49c99edf11d505088a1e2a8ef47,https://cdnjs.cloudflare.com/ajax/libs/moment.js/2.30.1/locale/tlh.js
a94403df794eb64170a40f9670d0bc9d89d32d6f638aec999100230e23c9b8c7,https://cdnjs.cloudflare.com/ajax/libs/moment.js/2.30.1/locale/gu.min.js
a97a1b561329f448a14da1f0c1f77e7e5ff62d0581f6c8bc5fa3d5a2610b8d28,https://cdnjs.cloudflare.com/ajax/libs/popper.js/2.11.8/esm/popper-lite.min.js
a9899d556c805da74d7d795e04d9397fba00c5b18013548fb5f8d977bc852a60,https://cdnjs.cloudflare.com/ajax/libs/popper.js/2.11.8/esm/dom-utils/getCompositeRect.js
a9a84ff099cd03e64da2f980556d492f891c906fadccba8c9334c728a96d3637,https://cdnjs.cloudflare.com/ajax/libs/dayjs/1.11.18/locale/ml.js
a9e5a7fef6d240418275945bcd7b8351fe56957741b9402506ba66f51b3ad38a,https://cdnjs.cloudflare.com/ajax/libs/cheerio/1.1.2/dist/commonjs/load.min.js
aa3120523f1d98dab187e385c154ad020736bd1a1d7e8e3bace2554b7d28f3ca,https://cdnjs.cloudflare.com/ajax/libs/moment.js/2.30.1/locale/hu.min.js
aa4282e1a9c1b60cde51b620319edce240a495fd397abaabe5fd510a089ca287,https://cdnjs.cloudflare.com/ajax/libs/prism/9000.0.1/components/prism-haskell.min.js
aa5ad5b7ea2676e7e3eb3f84a93941eef1a47a2ac5621e4c8ef929efc7cc4d38,https://cdnjs.cloudflare.com/ajax/libs/dayjs/1.11.18/locale/cv.js
aa5ce3d7b296793af5743836266b41c225f53ed3622fb93547b370876bfd6863,https://cdnjs.cloudflare.com/ajax/libs/jsonwebtoken/9.0.2/lib/asymmetricKeyDetailsSupported.js
aad4bd68914bb35904a669b1d5f9b410dd5620bb833ee9408e15e1bc8a1a0146,https://cdnjs.cloudflare.com/ajax/libs/dayjs/1.11.18/plugin/devHelper.min.js
aad8f23e00d08a74a943112883d300ef6fba4a58c4efb2ec2f2069780df23031,https://cdnjs.cloudflare.com/ajax/libs/dayjs/1.11.18/locale/ss.min.js
aae460b3f08f3f8b1cb229ee226fb084540fec04b6ddc8fc01463068ebf4b7de,https://cdnjs.cloudflare.com/ajax/libs/jsonwebtoken/9.0.2/index.js
aaf90d89058f2ac31a00ae50cca6430c58a18bc3a3d1df434c05e3b0d03dcc69,https://cdnjs.cloudflare.com/ajax/libs/crypto-js/4.2.0/hmac-sha1.min.js
ab2ef5bd32ee1200413323b88146c241c51669548f444198974c8855ad002e50,https://cdnjs.cloudflare.com/ajax/libs/crypto-js/4.2.0/hmac-ripemd160.min.js
ab694dfdd8a60f5d94f302e1bc7142f665a98b7a2a677d4cf9ebd4b683f1cd8d,https://cdnjs.cloudflare.com/ajax/libs/jsonwebtoken/9.0.2/lib/psSupported.min.js
ab9fca426dfed73ff712f9de216bbd5055dd42d8a566f20f701bdc202d69344c,https://cdnjs.cloudflare.com/ajax/libs/prism/9000.0.1/components/prism-javascript.min.js
abc324c3b60ccb3f4df102e6149662a4b87aa793becb4d70dc6b2efecf72b198,https://cdnjs.cloudflare.com/ajax/libs/popper.js/2.11.8/esm/dom-utils/getBoundingClientRect.min.js
ac0de30250d6ae30a9c230efaace353a0914a461ac86e5e8c7c27b4ab37bd560,https://cdnjs.cloudflare.com/ajax/libs/dayjs/1.11.18/plugin/quarterOfYear.js
ac2c7cd43ce90d006c12e2ace3e0af98a1bd538162c661e4199b50edcf508d92,https://cdnjs.cloudflare.com/ajax/libs/three.js/0.180.0/three.tsl.js
ac88afc6272d79d79e3bd109a974aed2c8ad55c8431c1f1ddec9bc760bd5be23,https://cdnjs.cloudflare.com/ajax/libs/react-redux/9.2.0/cjs/index.min.js
acc7e41455a80765b5fd9c7ee1b8078a6d160bbbca455aeae854de65c947d59e,https://cdnjs.cloudflare.com/ajax/libs/jszip/3.10.1/jszip.min.js
ad0cfee5f6c37159ba66d93159a3276c146e98e820afdb28423021f92abee34d,https://cdnjs.cloudflare.com/ajax/libs/immutable/5.1.3/immutable.js
ad4316f6d10dbc60cd6c65aeb9c6f2eb7c812c6c1d3274e88bf6af8b26b40ebd,https://cdnjs.cloudflare.com/ajax/libs/mocha/11.7.2/mocha.min.js
ad7dab155f26043546c51ebbf7e47eb3e0d1630055eec58831d938dbc82c98ba,https://cdnjs.cloudflare.com/ajax/libs/jose/6.1.0/index.bundle.js
ad897ded6818cf73c6ae360bc3506badf3fee81397be0ff6626099d676f66ca5,https://cdnjs.cloudflare.com/ajax/libs/dayjs/1.11.18/locale/tr.min.js
ad8cceed6eb713b65c45460deec18657a0eab3785662dd40a5755ae700197cc7,https://cdnjs.cloudflare.com/ajax/libs/dayjs/1.11.18/locale/ur.min.js
add125e9dcf4c815a51c3513e06d497631b7d382ddd24cab24d7a0f750956110,https://cdnjs.cloudflare.com/ajax/libs/dayjs/1.11.18/locale/br.min.js
adf95d148b2c43360941b2df4f0562ad9185d3b85e3f73790abe4693f14cc62c,https://cdnjs.cloudflare.com/ajax/libs/nanoid/5.1.6/index.min.js
ae275c595d47d80052c85de8025eea5b9f8e14405d24134cf4509ae8a8b86d7d,https://cdnjs.cloudflare.com/ajax/libs/react-select/5.10.2/react-select.cjs.default.js
ae28a7c4d994a1d4059f2dc1e6385182f3d5aab262d637a6bdfc80f3e3f5471e,https://cdnjs.cloudflare.com/ajax/libs/moment.js/2.30.1/locale/ar-ma.js
ae6937526f54c08cac2b4733008b0cfecd12f6900e17e7960ffa8d344da83586,https://cdnjs.cloudflare.com/ajax/libs/cheerio/1.1.2/dist/browser/load.js
ae6937526f54c08cac2b4733008b0cfecd12f6900e17e7960ffa8d344da83586,https://cdnjs.cloudflare.com/ajax/libs/cheerio/1.1.2/dist/esm/load.js
aeae5c435951f98f297bda6e0c5736542839d7622d74e59961d80246a3e536bb,https://cdnjs.cloudflare.com/ajax/libs/date-fns/4.1.0/locale/cy/cdn.js
aeedb3939fc0dea75ea15ecd7178961aa1ab39f623f40e3c940b051430f4e6a8,https://cdnjs.cloudflare.com/ajax/libs/react-select/5.10.2/index-42b266b1.cjs.dev.min.js
aefd832ac5e6554c32bbb4bb16272f75645042864477aa8c0a8e45222492b042,https://cdnjs.cloudflare.com/ajax/libs/handlebars.js/4.7.8/handlebars.amd.js
af1066eecfd56dc03c59b3db61b2ebebc8b7f755ad9d4523376788e904f30d85,https://cdnjs.cloudflare.com/ajax/libs/dayjs/1.11.18/locale/sr.js
af2c0b45347049efcd475a47c15bd448fc714482d34b2caf7e3c912bef3ecf43,https://cdnjs.cloudflare.com/ajax/libs/request/2.88.2/lib/multipart.js
af862a3b7d2371f060ab1cf911f5e72c6d82e0a438302fa0ee427bcf188d7be9,https://cdnjs.cloudflare.com/ajax/libs/popper.js/2.11.8/cjs/popper-lite.min.js
af8ae523c18de6190ae3ef0c09cbf22f7b8e389acde6129bd7cf856fa126a3ed,https://cdnjs.cloudflare.com/ajax/libs/crypto-js/4.2.0/sha1.min.js
af8e9b47287764c196c7efa19bf1a5e48e97627bc4ff61ee8d87e745cc9c82dc,https://cdnjs.cloudflare.com/ajax/libs/jose/6.1.0/lib/decrypt_key_management.js
affc2e0df7e8928b52c2a3078cf2b31541bc39d764ddfbbd5047bb70b3d2147f,https://cdnjs.cloudflare.com/ajax/libs/jsonwebtoken/9.0.2/lib/rsaPssKeyDetailsSupported.js
b0227c1d23cf00bcc19f2959f4c6900a2e10d72bee97560544c74dad50cabcbc,https://cdnjs.cloudflare.com/ajax/libs/popper.js/2.11.8/umd/popper-base.js
b039e32bfb7164dadd84a6973b30200dc07e1b58e1f21c546378fca6920a1f94,https://cdnjs.cloudflare.com/ajax/libs/exceljs/4.4.0/exceljs.bare.min.js
b05a499d157d46655488c00cc5b3c850c34ce2952869f638d7551559fd9cea65,https://cdnjs.cloudflare.com/ajax/libs/preact/10.27.2/preact.min.js
b0e735814f8dcfecd6cdb8a7ce95a297a7e1e5f2727a29e6f5901801d52fa0c5,https://cdnjs.cloudflare.com/ajax/libs/socket.io/4.8.1/socket.io.min.js
b10538e2f1a695b9ee72b6684d2931b0ba4ae04dc310411296593cadb21adbe2,https://cdnjs.cloudflare.com/ajax/libs/dayjs/1.11.18/locale/vi.js
b12d3b2c0a373a6f38ab934db1844c85370a92f00f9c8b8da0500c1ce6d51ee8,https://cdnjs.cloudflare.com/ajax/libs/nanoid/5.1.6/url-alphabet/index.min.js
b163490489d6f500971920b190c350a38cafc67ef7eaeb44d5822f80719c59d3,https://cdnjs.cloudflare.com/ajax/libs/moment.js/2.30.1/locale/en-gb.min.js
b164c50c12f63c7b0ea0c961a2320ae77d848fdb65fd97f9daced48380a66539,https://cdnjs.cloudflare.com/ajax/libs/dayjs/1.11.18/locale/fo.js
b1667efa154faf9176175e55f83d2f5547f0fe2b9dca2e1319d8cd4703c9dcea,https://cdnjs.cloudflare.com/ajax/libs/dayjs/1.11.18/locale/ms-my.min.js
b168463498af8dd2dabb67ac873ecb6fc692a195f84fbe40096b287648f9c424,https://cdnjs.cloudflare.com/ajax/libs/dayjs/1.11.18/locale/mr.js
b1954131c10429f17c2233fe1cfbe5320314cadb9b843154f5b31c893b94e558,https://cdnjs.cloudflare.com/ajax/libs/moment.js/2.30.1/locale/yo.min.js
b199a58d0fbbdc519a072eb9b140a2ca3d4775ea1b054a0c0e5aeed86603c941,https://cdnjs.cloudflare.com/ajax/libs/dayjs/1.11.18/plugin/customParseFormat.js
b1b0c61fb9dc2811ff8e566322d6843456f0ba548d11af615776e036d1e7531e,https://cdnjs.cloudflare.com/ajax/libs/xlsx/0.18.5/xlsx.zahl.js
b1c2297329c87ba1823ff922bf83a3c5c3fb85633680ff3443056ec0205715a7,https://cdnjs.cloudflare.com/ajax/libs/dayjs/1.11.18/locale/fr.min.js
b1c7570326da7c4114df158b6c5f4f9d4bbbdf5cc6bdc4c7605510fde808ee0f,https://cdnjs.cloudflare.com/ajax/libs/moment.js/2.30.1/locale/ar-ly.min.js
b1c91f4020e2982ba27ea4e116bbdda54ba4aa3384aaab424a281ec63c5a014f,https://cdnjs.cloudflare.com/ajax/libs/crypto-js/4.2.0/mode-cfb.min.js
b1e59b099dd5922d904cdff9bf0e7961905038a13d3a751ce71374a2dc6013be,https://cdnjs.cloudflare.com/ajax/libs/dayjs/1.11.18/locale/nb.js
b1f4c93bb282ece643c99a98c26b84bcc01328719829525fc9acc083af0fac63,https://cdnjs.cloudflare.com/ajax/libs/jsonwebtoken/9.0.2/index.min.js
b259e05746affd63339992a811faeb401c3f52b5007ad46f29e63d3b6a5d94d6,https://cdnjs.cloudflare.com/ajax/libs/dayjs/1.11.18/locale/te.js
b26e875f0fd94e379996f23ccd99fc500268c739dd9c462aa794234001e30a91,https://cdnjs.cloudflare.com/ajax/libs/redux/5.0.1/redux.legacy-esm.js
b2d016601c04f5fb7192a7d94cc2f64a340c9e7753c1d3141f1835f6a82eb2ef,https://cdnjs.cloudflare.com/ajax/libs/tailwindcss/4.1.13/lib.min.js
b2e252a646c9de830abe4e612d67d3d1a4d51e83650c8a10f515c0efd67e59eb,https://cdnjs.cloudflare.com/ajax/libs/dayjs/1.11.18/locale/ky.js
b32f50aa3d147ba5441d7728a45bce592125fd0a97117ca4b93b32c6393d847d,https://cdnjs.cloudflare.com/ajax/libs/moment.js/2.30.1/locale/fr-ch.js
b342f6ada9382b731992820c3c20ccceb0f1916de48a666de4e4647fb55a4479,https://cdnjs.cloudflare.com/ajax/libs/prism/9000.0.1/themes/prism-okaidia.min.css
b34bec42e01f4d3bd9437b05330a286b3e71c5b4a31fe64191c5e90ac2afa0a2,https://cdnjs.cloudflare.com/ajax/libs/moment.js/2.30.1/locale/af.min.js
b39cf8dca2624102b932af960066f7716ce79cdf25014ae0abbffe73f6bf9a2c,https://cdnjs.cloudflare.com/ajax/libs/date-fns/4.1.0/locale/se/cdn.js
b3a5edb1bba464ae02f3e3b5e83ae2f986245e376b099250f518414090fa1c41,https://cdnjs.cloudflare.com/ajax/libs/dayjs/1.11.18/locale/yo.min.js
b3c0d9e2c09b1c62925cb0f0055e5f354f360345ac5ffbf8b8367585e4e271b4,https://cdnjs.cloudflare.com/ajax/libs/preact/10.27.2/preact.min.umd.js
b3c3d71abc98200d579cbbef89d470a6cbb272c4faa71e31232a68ef6451edd4,https://cdnjs.cloudflare.com/ajax/libs/moment.js/2.30.1/locale/de-ch.js
b41651d6ca5486880cc390a91eaa04a511dd51dfd3773b7d0e7c21bbf10846fa,https://cdnjs.cloudflare.com/ajax/libs/dayjs/1.11.18/locale/ms.min.js
b42d9ab70da856b96e240e3d010b08f4284113cf568b1b2a2aa1f251977eeb37,https://cdnjs.cloudflare.com/ajax/libs/react-dom/19.1.1/cjs/react-dom-client.production.js
b4426a483f0c65dcafe0148b88fe40a73af8ea247ecfb7f9cda3ffc72dfcc774,https://cdnjs.cloudflare.com/ajax/libs/dayjs/1.11.18/locale/bs.min.js
b48f0496c07714f229d9281ada329381242e895ab3316556d372c9a6568b1a88,https://cdnjs.cloudflare.com/ajax/libs/tinycolor/1.6.0/tinycolor.js
b48fb13b07aa2f2738f34f91537caaab024a61215d9a1bea9f93632cfdebac28,https://cdnjs.cloudflare.com/ajax/libs/request/2.88.2/index.min.js
b49077bf4bf5e8f2cbb2de0e2d48c4d941a3feba2bc7c629abd51fe2ac8bdb2f,https://cdnjs.cloudflare.com/ajax/libs/crypto-js/4.2.0/mode-ofb.js
b4bcc8bcb1e54e9b009979e82f3a613a8975fafc342e615ca8da00e835eabcd3,https://cdnjs.cloudflare.com/ajax/libs/moment.js/2.30.1/locale/sr.min.js
b4cacf90a3a3cc339e6515ffb7fa5b03daf56350e1e23fe0b35d4ee2c4210969,https://cdnjs.cloudflare.com/ajax/libs/dayjs/1.11.18/locale/id.js
b4efa0ab17ceeaee6c479b7e5b8aa9c0fc52907c0538fe0e5acefa70be447941,https://cdnjs.cloudflare.com/ajax/libs/date-fns/4.1.0/locale/ar-DZ/cdn.min.js
b50887f1e97ef971bfed6badf17d3c8f5c11d8ac0bbc4ff8adca70c72c071e12,https://cdnjs.cloudflare.com/ajax/libs/dayjs/1.11.18/plugin/duration.min.js
b536db38da34da4f926771802c27bdec9da878599a9eae84d64b0bbab7d590b5,https://cdnjs.cloudflare.com/ajax/libs/prism/9000.0.1/components/prism-php.js
b54442897d24afb7519957b2842b62f808b6309d5eda7fea177e3246545f96d9,https://cdnjs.cloudflare.com/ajax/libs/jspdf/3.0.3/jspdf.es.js
b54584f0b0b20136da0ad875055e4280d15e66430f46732aa3d68be772e8c42c,https://cdnjs.cloudflare.com/ajax/libs/dayjs/1.11.18/locale/sq.min.js
b55189c1b2794af8bf071a13ae3b7e78721befe2d3f448f1c02c0ccb6a7d0f37,https://cdnjs.cloudflare.com/ajax/libs/moment.js/2.30.1/locale/cv.min.js
b555e6fec6fba79f6769356873591964f6ce766f9733072964a3775eb251d7fe,https://cdnjs.cloudflare.com/ajax/libs/popper.js/2.11.8/esm/dom-utils/getNodeScroll.js
b56a74adb5db69160d8e8dcae260df51b6711014ca4437cd44c0517edccc71d9,https://cdnjs.cloudflare.com/ajax/libs/react/19.1.1/cjs/react.react-server.development.js
b58e6fad98a2e0349a4a9e6891183caf5d759a55cb7f64680d58c62e2b88ce7c,https://cdnjs.cloudflare.com/ajax/libs/date-fns/4.1.0/locale/be/cdn.js
b5d40ce62ab63a52b7dd9362e2a51c2b01e6861c428fd8e11b00483970151ad7,https://cdnjs.cloudflare.com/ajax/libs/date-fns/4.1.0/locale/hr/cdn.min.js
b5de0a3fec53b8d4609710b810aae655c31706f2cc5ed4378bb068cbb86abf4f,https://cdnjs.cloudflare.com/ajax/libs/jose/6.1.0/key/import.js
b5e1af340cb1567a9c805ac1917c0ab1cb362bfecaea0d64d6edf809c0cbc634,https://cdnjs.cloudflare.com/ajax/libs/jose/6.1.0/jwt/verify.js
b6ae2a92ca8fb8f99f42f40ecf4544467719a6feefe7489740747ab97da37a2d,https://cdnjs.cloudflare.com/ajax/libs/dayjs/1.11.18/plugin/bigIntSupport.js
b6d74ca4bde3fddb71bf1b74d49129e16cfea09f4fdfb049c1fc33dfadac5d07,https://cdnjs.cloudflare.com/ajax/libs/moment.js/2.30.1/locale/vi.min.js
b72c8afb2d2b4f61c83c5414674b7a4fdade95d5e158f21519f32a60a0fb937e,https://cdnjs.cloudflare.com/ajax/libs/popper.js/2.11.8/esm/dom-utils/getScrollParent.js
b75e7c27864234a2ff32dec936de673fef64b9b89848888b823dc2ee87e96db9,https://cdnjs.cloudflare.com/ajax/libs/dayjs/1.11.18/locale/jv.js
b75ecf1be87feb39edfee96e22cdc36f7e84c1a1a4b24b109739df29a804d6b5,https://cdnjs.cloudflare.com/ajax/libs/react-dom/19.1.1/cjs/react-dom-server.edge.production.min.js
b7929ad4d5323b8244f85d79bba0b3d1495e66f79a2f0023be7f4de5ba4fbac8,https://cdnjs.cloudflare.com/ajax/libs/Chart.js/4.5.0/chart.umd.js
b7c068c7cb5e1b4fdae7cac76a0cd5dd3ea58daee244336cc85603ffb70c9416,https://cdnjs.cloudflare.com/ajax/libs/dayjs/1.11.18/locale/ar-tn.min.js
b7fcc2b2e4b977d765d6e98b7bf6a83cb8b30a4b4592584323175e86d2b56402,https://cdnjs.cloudflare.com/ajax/libs/nanoid/5.1.6/index.js
b826b9b4dd50278a0929286411d9e5af29a58094b8505be10afb51189025283e,https://cdnjs.cloudflare.com/ajax/libs/vue/3.5.22/vue.runtime.esm-bundler.min.js
b82c677b1f4372ab454eab3c77ca7e322317842b274a00e1727afa7f6334faf5,https://cdnjs.cloudflare.com/ajax/libs/nanoid/5.1.6/non-secure/index.js
b83cd6b669b52bf5c137cd4db0a437771a74285de3cfb5cf3bc1775800345a18,https://cdnjs.cloudflare.com/ajax/libs/async/3.2.6/async.min.js
b85336e411057443f79cba5aa6bd601104caf9cc980081fd131e32a9e4cfcffb,https://cdnjs.cloudflare.com/ajax/libs/date-fns/4.1.0/locale/de/cdn.js
b8668f7b46f92804b104d989153329047d73682988a8181eb80c31a5bf6df8cc,https://cdnjs.cloudflare.com/ajax/libs/prism/9000.0.1/components/prism-http.min.js
b87766e94bff34c8aa91a9a85f4015abcc74429e417bcd6ce5bb95b6ed0719ea,https://cdnjs.cloudflare.com/ajax/libs/dayjs/1.11.18/locale/bi.js
b8af56d0b1202699e5f31d6a1526d826f9dfbc1b29a74bd730ec7ac423be54db,https://cdnjs.cloudflare.com/ajax/libs/prism/9000.0.1/components/prism-apacheconf.js
b914dbd96829fd69171efe61e2b45f20525c859839d3521b1cfd78ccaaaa9d8a,https://cdnjs.cloudflare.com/ajax/libs/dayjs/1.11.18/locale/gom-latn.js
b99d79c797549a1ab957bb75abfc12cc95ec74b429ea63eeba14abf2fcd138f7,https://cdnjs.cloudflare.com/ajax/libs/jose/6.1.0/lib/private_symbols.js
b9a23bd71ffcffe1c83228df9b08bfc53302df6e2c6a0961d1c9a0e6aedca5e5,https://cdnjs.cloudflare.com/ajax/libs/dayjs/1.11.18/locale/en-in.min.js
b9ab3a93a832f25991a0e2236c13c6b5365e08e0f5c51d59a207ebc355e0877c,https://cdnjs.cloudflare.com/ajax/libs/prism/9000.0.1/plugins/wpd/prism-wpd.js
b9c47661895df0b7b3be20922fcddad246d309966699a271fae3f39ed9e49213,https://cdnjs.cloudflare.com/ajax/libs/crypto-js/4.2.0/sha384.min.js
b9c85a6afb3117e9dedb54a6ccc3617c35231e707de4a388844b895631d022d7,https://cdnjs.cloudflare.com/ajax/libs/jose/6.1.0/lib/check_cek_length.js
b9e71187aa69cc825439ff966a4d94bbf73984f3ebb7503ab93280fe9d41d085,https://cdnjs.cloudflare.com/ajax/libs/popper.js/2.11.8/esm/dom-utils/getScrollParent.min.js
b9f7803407d5baeb0e7f5b5dccada3d711d2fae07a6f2c1976b7196cba73e3dc,https://cdnjs.cloudflare.com/ajax/libs/moment.js/2.30.1/locale/tet.js
b9fd81c9c814974368fba889096e6106574f2c7fc5298f862652a9c827e0a833,https://cdnjs.cloudflare.com/ajax/libs/prism/9000.0.1/plugins/show-language/prism-show-language.min.css
b9fe9e7bcf3c7b0fe95970a9c482c1054606e859d6b0510feebd5dfe4b9b4947,https://cdnjs.cloudflare.com/ajax/libs/dayjs/1.11.18/locale/tet.js
ba03343557e7e14d156fa22ad51b800b858bd9075f58921c856387de0f1ba48b,https://cdnjs.cloudflare.com/ajax/libs/dayjs/1.11.18/locale/ug-cn.js
ba5ac1133bbd1db3ebc297f04657b256294771f1688a42588abebdef172f5c70,https://cdnjs.cloudflare.com/ajax/libs/jsonwebtoken/9.0.2/lib/TokenExpiredError.js
ba629a75227532e5c660df05cdd166a0880dfc4609b249fb4c97409e9b57fc84,https://cdnjs.cloudflare.com/ajax/libs/prism/9000.0.1/plugins/line-numbers/prism-line-numbers.min.css
ba68d41342d3f3e1fe19f4bfe3a95380bf46cf27abc31d3c363600c0eab9fdcc,https://cdnjs.cloudflare.com/ajax/libs/date-fns/4.1.0/locale/mt/cdn.min.js
ba70f21ca5f09b5360c395ec01aa14c3d3de40f0b6f4eac73f77269bec858e12,https://cdnjs.cloudflare.com/ajax/libs/prettier/3.6.2/standalone.js
ba8b19e102eadba414bcae331d0969c07b526e448c0dc6ef878b0b17466d7a29,https://cdnjs.cloudflare.com/ajax/libs/classnames/2.5.2/dedupe.min.js
ba9b367119971ed746925a600256d342eb4cc3f2389de013f61e36ff1f3594a5,https://cdnjs.cloudflare.com/ajax/libs/react/19.1.1/cjs/react-jsx-dev-runtime.production.js
bb1c046d988cb0116c13d346fd48e78906d4309794e745b60b67b11f887f3b06,https://cdnjs.cloudflare.com/ajax/libs/react/19.1.1/cjs/react-jsx-dev-runtime.production.min.js
bb1c046d988cb0116c13d346fd48e78906d4309794e745b60b67b11f887f3b06,https://cdnjs.cloudflare.com/ajax/libs/react/19.1.1/cjs/react-jsx-dev-runtime.profiling.min.js
bb1e4cc2b49a3e7e4386c330c8f09205c9ca17a57b45f9a9e7b9ae886ffa9641,https://cdnjs.cloudflare.com/ajax/libs/popper.js/2.11.8/esm/modifiers/flip.min.js
bb398b68cb1fb435f97693ecf8b004b76fdf7706c9795138b4e3d9bd16fb7433,https://cdnjs.cloudflare.com/ajax/libs/dayjs/1.11.18/locale/tk.min.js
bb41597bb596d58398470ea6b54d55949d8e6535078d6f75cdf3a7c1019d636a,https://cdnjs.cloudflare.com/ajax/libs/jose/6.1.0/lib/epoch.js
bb8221049f083eb37c28b1b9e835b34116d43ba4534aebf4a26a8ac6cec36f87,https://cdnjs.cloudflare.com/ajax/libs/date-fns/4.1.0/locale/ja-Hira/cdn.js
bba9f6cd567a06618bad2ed49bad732f7b7a5b41928ffde5c763df7452896f6c,https://cdnjs.cloudflare.com/ajax/libs/moment.js/2.30.1/locale/ar-kw.min.js
bbc932e69fec06f8f91d53e6bb32925df65a5816d4a2406cf97ed4545efd0cb6,https://cdnjs.cloudflare.com/ajax/libs/popper.js/2.11.8/esm/modifiers/flip.js
bbd8d2c4a3eb5e652d548a706bd62dbd839c3f283509b6b7ffbe319ecfb31606,https://cdnjs.cloudflare.com/ajax/libs/date-fns/4.1.0/locale/sk/cdn.min.js
bbe533d11848d6f42e71c9d51351c76459d99265ac4b269c038827aa0aa40407,https://cdnjs.cloudflare.com/ajax/libs/cheerio/1.1.2/dist/browser/load-parse.min.js
bbe533d11848d6f42e71c9d51351c76459d99265ac4b269c038827aa0aa40407,https://cdnjs.cloudflare.com/ajax/libs/cheerio/1.1.2/dist/esm/load-parse.min.js
bbf2dad58b0294b32ef352437172ea63c157012a2eff9482d7df7cc4d7952fc8,https://cdnjs.cloudflare.com/ajax/libs/react-select/5.10.2/useCreatable-92373e48.cjs.prod.js
bbfcc962e8e2d7e08a38946f0a4ce59d5a1fd33f0b0973997e92ca0a1e75bd2b,https://cdnjs.cloudflare.com/ajax/libs/crypto-js/4.2.0/pad-nopadding.min.js
bbffb625ddf3c74455853be683d959b567c140ed030de9510838e1a3ac8beadd,https://cdnjs.cloudflare.com/ajax/libs/moment.js/2.30.1/locale/gom-latn.min.js
bc63c36741416fb55fbbe3c7c4a78b5e056d9b902a471bb16b6f5672fbbacbf8,https://cdnjs.cloudflare.com/ajax/libs/crypto-js/4.2.0/hmac-sha3.js
bc9abb5f6eb4f5f1c37441be6cf70831c109cc7f15afbded253498961446803c,https://cdnjs.cloudflare.com/ajax/libs/date-fns/4.1.0/locale/nb/cdn.js
bce55ad3cfe1e6b2551493065ef1cf5c3fb2bd6a22a3a8b4486d21a4c04f718e,https://cdnjs.cloudflare.com/ajax/libs/date-fns/4.1.0/locale/eu/cdn.min.js
bce9feab9e1bb2371ce5f942113942b13ed2d1886a0672b299b40df6f3b87427,https://cdnjs.cloudflare.com/ajax/libs/preact/10.27.2/preact.min.umd.min.js
bd1d389a503881081db1052745e71870ee46a1595ab4fc6748e188497f665a52,https://cdnjs.cloudflare.com/ajax/libs/dayjs/1.11.18/locale/mi.js
bd3ab491877cf6737dea460739d06e99f1e26b69645b452aa94c3d704125a0e9,https://cdnjs.cloudflare.com/ajax/libs/dayjs/1.11.18/locale/nl.js
bd5da4364c94b11a9e56f0d0388439082ef6d3b29c15255ac17bad40abe0c248,https://cdnjs.cloudflare.com/ajax/libs/bluebird/3.7.2/bluebird.min.js
bd64edb5380dec937c2cef01426dfc4be3520d0610b2baa1ae1152f540cb5362,https://cdnjs.cloudflare.com/ajax/libs/dayjs/1.11.18/locale/da.min.js
bd862504c8207f0b212ef00e79049947a2a19e15529b7e48882fe8160bddd852,https://cdnjs.cloudflare.com/ajax/libs/date-fns/4.1.0/locale/ko/cdn.js
bdad8e52d9c2c719b0d2c59e9ea60955c01ceabfda660adbb3eb6b6d4a4710d9,https://cdnjs.cloudflare.com/ajax/libs/dayjs/1.11.18/plugin/isYesterday.js
bdbc628c0366f21860896344595956c46414515078de5113ed5f73449fff3ca5,https://cdnjs.cloudflare.com/ajax/libs/moment.js/2.30.1/locale/it.min.js
bdea078cafbc11586fea33bb4957b096069969dabeab4ea24805a91b8f660ced,https://cdnjs.cloudflare.com/ajax/libs/cheerio/1.1.2/dist/browser/parse.min.js
bdea078cafbc11586fea33bb4957b096069969dabeab4ea24805a91b8f660ced,https://cdnjs.cloudflare.com/ajax/libs/cheerio/1.1.2/dist/esm/parse.min.js
bdf03db84171e486bae1edc99093abc8c810a94674fe296f6f08544be9e589e4,https://cdnjs.cloudflare.com/ajax/libs/dayjs/1.11.18/locale/zh-hk.js
be01b4bd2b5d4d273bff0f3ebbc15856498d08764305da72c40f0e1004f716ae,https://cdnjs.cloudflare.com/ajax/libs/prism/9000.0.1/components/prism-csharp.js
be20862b878298feceff434513d5c29b9414c6bfa64e82316a1c23f200079c04,https://cdnjs.cloudflare.com/ajax/libs/vue/3.5.22/vue.esm-browser.min.js
be258895f285644a843ba08b5456ebcef93696d289676b39ffba56f036b2f2df,https://cdnjs.cloudflare.com/ajax/libs/dayjs/1.11.18/locale/nl.min.js
be2a17e2067550bde82d95254aee252a74d49506477c20d53a8b4480de2d81ea,https://cdnjs.cloudflare.com/ajax/libs/jose/6.1.0/lib/digest.js
be873dc1bf7f904882536355a91601f422282ae3888a4a1b780a49fafb4397a5,https://cdnjs.cloudflare.com/ajax/libs/date-fns/4.1.0/locale/en-CA/cdn.min.js
beada7732e6a765b0e601f0359a1e0b6b8f58eecfaa689f8c83bd75ccb58289c,https://cdnjs.cloudflare.com/ajax/libs/popper.js/2.11.8/cjs/enums.js
bed166f523f936471613bf44d1a6fd90a6cb59810df9d0d2e20e0509dd28d0e6,https://cdnjs.cloudflare.com/ajax/libs/moment.js/2.30.1/locale/tet.min.js
beeadb8d4043458482a8432dd227af926d1baf378ffbcd63888e91ec0ca8535d,https://cdnjs.cloudflare.com/ajax/libs/axe-core/4.10.3/axe.js
bef6894d7a557aad573f2419819acab5b19eebceda3f414d37a8f4ed62c36750,https://cdnjs.cloudflare.com/ajax/libs/react-dom/19.1.1/cjs/react-dom-client.development.min.js
bf30aae6d16362d1ca3c3cae04a5932f5e2c28e9904f0f451de212d36f3acdf3,https://cdnjs.cloudflare.com/ajax/libs/popper.js/2.11.8/umd/enums.min.js
bf3159523d076c354390154f9493cd769cb50887b7c720c38785404710ae10c1,https://cdnjs.cloudflare.com/ajax/libs/dayjs/1.11.18/locale/lb.min.js
bf3e539e7037c17311c7ab9bfa43e5015b577625dbed6df1dff7a5b4991f52c1,https://cdnjs.cloudflare.com/ajax/libs/prism/9000.0.1/components/prism-rip.js
bf496cbff82197aa040a216790c1e306876d508e27260bc0d7d855a78a5add39,https://cdnjs.cloudflare.com/ajax/libs/reselect/5.1.1/reselect.legacy-esm.min.js
bf4d5d0d45cb268a03053101633e2259dd2e165052787d3dba8cb57e44df1d20,https://cdnjs.cloudflare.com/ajax/libs/prism/9000.0.1/components/prism-java.min.js
bf809c34743279ff36a03b8ac4196697e777055f22295c587ff89ae5799b773c,https://cdnjs.cloudflare.com/ajax/libs/moment.js/2.30.1/locale/nl.min.js
bf8374840088264cb8b56c4abbe74694d63777c7dba5153c0b855855027c21b8,https://cdnjs.cloudflare.com/ajax/libs/Chart.js/4.5.0/chart.min.js
bf8d568637469b907da6e11959d43a190f383201c8d5376b0469ae0d1928255f,https://cdnjs.cloudflare.com/ajax/libs/date-fns/4.1.0/locale/mt/cdn.js
bfb38da76ad2dadb466741f6ae786ea33f6a5a8bd7a1b78892a3132cd5562842,https://cdnjs.cloudflare.com/ajax/libs/prism/9000.0.1/components/prism-smalltalk.js
bfeaaabc3a27d846963b9a9c5b055b03287930ddf454303f92bcf1c6e8fdc42b,https://cdnjs.cloudflare.com/ajax/libs/popper.js/2.11.8/esm/utils/getBasePlacement.min.js
c00a13e44f552e96970abf6699cba3d135128bd38fa981be22cf86f3c66a440f,https://cdnjs.cloudflare.com/ajax/libs/prism/9000.0.1/plugins/line-highlight/prism-line-highlight.min.js
c029e7d645165a2e0e323289d17fd3ee2f9f637b0c635353781f07d3819b6295,https://cdnjs.cloudflare.com/ajax/libs/jsonwebtoken/9.0.2/lib/rsaPssKeyDetailsSupported.min.js
c0b2521fab1fc640a159b381468affa594cc3814ed8d65ff2282685b56fb7636,https://cdnjs.cloudflare.com/ajax/libs/dayjs/1.11.18/locale/uz.min.js
c0ebdaf768658af9913a1eeddd202411f000fe0c95ba58c31a6a0d576c7da689,https://cdnjs.cloudflare.com/ajax/libs/date-fns/4.1.0/locale/ca/cdn.js
c1431c5b4584d177563f942c858ec797ed127272a4bf0dd4756bf212e82a7db1,https://cdnjs.cloudflare.com/ajax/libs/date-fns/4.1.0/locale/ja-Hira/cdn.min.js
c15dcff094566d7119b447bc7484a93e09256b8309282b0d629d756de87fa948,https://cdnjs.cloudflare.com/ajax/libs/classnames/2.5.2/index.js
c1609d1c3a4ca7ae55919992575e7fd14115532ceb32a9199b13878cca1a5790,https://cdnjs.cloudflare.com/ajax/libs/nanoid/5.1.6/url-alphabet/index.js
c1d3d35cd11dad9e5e28f9076a699f5608d541bfcdf04e711ff946939bd51f24,https://cdnjs.cloudflare.com/ajax/libs/preact/10.27.2/preact.min.module.min.js
c1eff565bb0c36ce9e740965d68d49184f453e5b83ab4da79b5c72a55315b991,https://cdnjs.cloudflare.com/ajax/libs/jose/6.1.0/lib/is_key_like.js
c1f41c60d640ed81e8a6de058acc668fab2971b00451401a1c181f45cb13bd39,https://cdnjs.cloudflare.com/ajax/libs/jose/6.1.0/lib/pbes2kw.js
c212f4b505a86352aed62b24a8f16f999f821ecbe6456c7f3c8a04bc87968782,https://cdnjs.cloudflare.com/ajax/libs/popper.js/2.11.8/umd/popper.min.js
c24f867cb1f3f761a3141e330d1c7b7a886e82e405365834376aa67588d0d4bf,https://cdnjs.cloudflare.com/ajax/libs/moment.js/2.30.1/locale/lo.min.js
c27c488feb26e572f19baf570005efa61ec5e86ae1a698b88cf39d7d151b5565,https://cdnjs.cloudflare.com/ajax/libs/prism/9000.0.1/components/prism-markup.js
c29fe9883b3c46319af3b99ff01eda0a26aa1ccdfd67afc6eae226611ee67e4b,https://cdnjs.cloudflare.com/ajax/libs/tailwindcss/4.1.13/colors.min.js
c2a0121123419a0788e7a3e0adde79f9f9dc9d455c918abbfe6f74651b4be054,https://cdnjs.cloudflare.com/ajax/libs/preact/10.27.2/hooks.umd.js
c2bc1d528ccef787b9157262b0f9f15581050d1149181cd9c9fde2c7b4be993c,https://cdnjs.cloudflare.com/ajax/libs/bignumber.js/9.3.1/bignumber.min.js
c3140127dd572acd866efa06e63c5c27f79daa5879e4c39af5c91644f8574751,https://cdnjs.cloudflare.com/ajax/libs/react/19.1.1/cjs/react.development.js
c33ae59d9a05aca0dbe86d74bff25eb44d04ee97b738034fcb72a21b73ec1cf1,https://cdnjs.cloudflare.com/ajax/libs/moment.js/2.30.1/locale/fy.js
c3483fb8a38d666abe61e3fd5d0a9dff4b5a4ba258cf827fdfdf047117ac82eb,https://cdnjs.cloudflare.com/ajax/libs/popper.js/2.11.8/cjs/popper.js
c350423d56ffb9476d61c6b736bd450f66087bedb02ec258a771d9e0ddb12c5f,https://cdnjs.cloudflare.com/ajax/libs/react-dom/19.1.1/cjs/react-dom-server.bun.development.js
c35339900b45fa701c390c924009a95270b4b4d91b427e40984f117c2f7ec67d,https://cdnjs.cloudflare.com/ajax/libs/crypto-js/4.2.0/enc-utf16.js
c35681067dc8cbcf331a17a13d75beedde0f351a65e80a144ea570e7e787ce16,https://cdnjs.cloudflare.com/ajax/libs/dayjs/1.11.18/locale/en-gb.min.js
c38140b5408a91d9632765d23f4368f0cc98dfb6aafb0fcce452b6b4bfa93efd,https://cdnjs.cloudflare.com/ajax/libs/moment.js/2.30.1/locale/mk.js
c38a3ad93ae1e186e8863820ce52e69f3ed08bb5964bd3429b582f6093ee656b,https://cdnjs.cloudflare.com/ajax/libs/bowser/2.12.1/bundled.min.js
c3b0b8b257996d79b5e362d2aee2411ff74fd23e984e9900f5ba005ea4753d64,https://cdnjs.cloudflare.com/ajax/libs/html2canvas/1.4.1/html2canvas.esm.js
c3b6a4ccc3a736640fe035bc791807c223e1c137f297c01c3aeef58e0cefe401,https://cdnjs.cloudflare.com/ajax/libs/date-fns/4.1.0/locale/ar-MA/cdn.js
c3e73c56b2351e2bb14fd79bca54c6af4048202e77ce6da529785a85edb65ba1,https://cdnjs.cloudflare.com/ajax/libs/dayjs/1.11.18/plugin/weekYear.js
c3f094c550436757e955bc1e2619fa5624ae8f22f41a7587b95af1d14175800a,https://cdnjs.cloudflare.com/ajax/libs/json5/2.2.3/index.js
c45482510ee812324edfaf994c4522e6341bf33b1197a267d767cb22eb60e968,https://cdnjs.cloudflare.com/ajax/libs/prism/9000.0.1/components/prism-fortran.js
c482510732e1510c65229e3b251efd2eaa9de6a0622c2d87f3074dfc29b53d3a,https://cdnjs.cloudflare.com/ajax/libs/moment.js/2.30.1/locale/me.js
c49fb06b5c666c1bb48454a3743b4a21aff63ce6f571b03a529112b5da982f40,https://cdnjs.cloudflare.com/ajax/libs/dayjs/1.11.18/locale/th.js
c4b1bc089da7bdcca7029c07048144ec49784a106b67a1e161321468a0596993,https://cdnjs.cloudflare.com/ajax/libs/cheerio/1.1.2/dist/browser/utils.js
c4b1bc089da7bdcca7029c07048144ec49784a106b67a1e161321468a0596993,https://cdnjs.cloudflare.com/ajax/libs/cheerio/1.1.2/dist/esm/utils.js
c4f1db5a7db8fdc142158e13687c24a4376cbd8eafdbc5b924da0f5b048aacf9,https://cdnjs.cloudflare.com/ajax/libs/preact/10.27.2/preact.umd.js
c506149738f7ecb55503027cb8c70c5f186203c9e471c267c9c1e3da51400512,https://cdnjs.cloudflare.com/ajax/libs/crypto-js/4.2.0/mode-ctr.min.js
c54130dcd19ae2c7f8c4b4a69cb2038a65d363899cddf7ebaae0102bfc8fe086,https://cdnjs.cloudflare.com/ajax/libs/crypto-js/4.2.0/x64-core.js
c54d7286e4a0a52530538bd22385d60e5603a9d327fa321f11bc5a7cb090fc36,https://cdnjs.cloudflare.com/ajax/libs/es6-promise/4.2.8/es6-promise.min.js
c555c7fb47e4ab1aec08e9206109ca85fd05070eab85b095a68bc55b9e3886a1,https://cdnjs.cloudflare.com/ajax/libs/crypto-js/4.2.0/enc-base64.min.js
c56f744270c8cd4d733575757eaf48de91edfa04d0f5e01ef5043bf9848263b3,https://cdnjs.cloudflare.com/ajax/libs/react/19.1.1/cjs/react-jsx-dev-runtime.react-server.production.js
c59e2f2d09098829d00f5dab85e6ec623f6aa9e70285ec2aac12030a014e4161,https://cdnjs.cloudflare.com/ajax/libs/moment.js/2.30.1/locale/af.js
c5ad321a79cf3e266edc8f1946d20804670c3389459b6618ee153944d2afb19b,https://cdnjs.cloudflare.com/ajax/libs/dayjs/1.11.18/locale/am.js
c5c562283381de46b56107ed19e2a344c57a0c3ac115afc9d375aa1dcfa9be1c,https://cdnjs.cloudflare.com/ajax/libs/popper.js/2.11.8/esm/utils/mergeByName.js
c5d88f971ffa882a3efef3b22d698d889a56df269014dd25a701b6df2b3d4a3d,https://cdnjs.cloudflare.com/ajax/libs/dayjs/1.11.18/locale/gd.min.js
c5db03ae438e4c55a6edfa004540aaf1def14fe0968f9ed3e03fe7dd7c3faf03,https://cdnjs.cloudflare.com/ajax/libs/moment.js/2.30.1/locale/vi.js
c5ffac8fb7deb86ff2920f6a4f123f9053ced09c81f6e784bf3b60b63ac49b96,https://cdnjs.cloudflare.com/ajax/libs/dayjs/1.11.18/plugin/weekday.js
c60fc5d52b02fa027ae1e56b3ece0bd2b32f46481abc9f1063c9e0c6d1c526ed,https://cdnjs.cloudflare.com/ajax/libs/dayjs/1.11.18/locale/ky.min.js
c6223ed0cd418ad429db3b3085b010459eb7148ea3cdb3111a43b1681731f0bc,https://cdnjs.cloudflare.com/ajax/libs/moment.js/2.30.1/locale/pl.min.js
c6819a456e63aa984d92bceb992162a945aa5f0d2953bf3f531fed273a78ce02,https://cdnjs.cloudflare.com/ajax/libs/dayjs/1.11.18/locale/el.min.js
c6b225365368fc052bd96ebfae1363324ea526e59f15a60e201e1257c3adc12f,https://cdnjs.cloudflare.com/ajax/libs/three.js/0.180.0/three.webgpu.js
c6d78ab54623001a3bb2a6ae4942cd4af04ceb44bb8ef4df23317ee6373d2794,https://cdnjs.cloudflare.com/ajax/libs/cheerio/1.1.2/dist/browser/index.js
c6d7de0d1f5544a1d3bb64c7eb27481b30316766f1214fbb5b1c6be358a4b921,https://cdnjs.cloudflare.com/ajax/libs/moment.js/2.30.1/locale/zh-hk.js
c738b0020702aa631abd8de23a902a3079d99d3060e44166955cb51f570881c4,https://cdnjs.cloudflare.com/ajax/libs/js-yaml/4.1.0/js-yaml.js
c7c3da9b18bd788f3037edfac9767fd0688f117d72f3550cd9774b4eca1446a9,https://cdnjs.cloudflare.com/ajax/libs/prism/9000.0.1/components/prism-handlebars.js
c7c41353f4cc9c0eb3c8d8a0702eb322d97f8348c668fa421c43000e556c61bc,https://cdnjs.cloudflare.com/ajax/libs/date-fns/4.1.0/locale/ar-TN/cdn.min.js
c7dad9931250921c24508ba9949abb818745b38891da44693359249b11ed143d,https://cdnjs.cloudflare.com/ajax/libs/crypto-js/4.2.0/enc-hex.js
c7e401628caf87c924e8d726d13b02056e6f558389bb5e052ff00e7351afb779,https://cdnjs.cloudflare.com/ajax/libs/prism/9000.0.1/components/prism-haml.js
c80d5f94e7c921631aaf5f9e614847371269114412ad72c8ef62ddffe7bb7e9a,https://cdnjs.cloudflare.com/ajax/libs/dayjs/1.11.18/locale/ar-ma.min.js
c80f5a4b9e297ad3410cce24e4837abaa7f655cf7520e68b9c6f5b0e2cced8f9,https://cdnjs.cloudflare.com/ajax/libs/date-fns/4.1.0/locale/pt/cdn.js
c8211c69345d2e9949dc7a8ac969380497aa0600a5a8ac6a459c8cd02dd9cb8a,https://cdnjs.cloudflare.com/ajax/libs/three.js/0.180.0/three.module.js
c8320bdecab7ffa4eafde3858efb7baae9bd1394a4f9bdd14156ce48b2267d31,https://cdnjs.cloudflare.com/ajax/libs/dayjs/1.11.18/locale/ar-ly.js
c889e222c37d8d1d9e55b6c30fbe80d5128c7b9b2bc053f769fcf8ea0c5e6111,https://cdnjs.cloudflare.com/ajax/libs/dayjs/1.11.18/locale/es-mx.min.js
c89f8f08ae06990edbc0763cd46853d16c70eaf513de8592b1ffb74a2ad2f7da,https://cdnjs.cloudflare.com/ajax/libs/crypto-js/4.2.0/hmac.js
c89fc485a14cb20c0576ff20bc3d157e1296f2b2ddfa8035f71e8b58f61a29a4,https://cdnjs.cloudflare.com/ajax/libs/moment.js/2.30.1/locale/ur.js
c89fe850b7e66b6e1a10496321ea9d778a64512960d01dccf49ff0fd5d256b20,https://cdnjs.cloudflare.com/ajax/libs/react/19.1.1/cjs/react-jsx-dev-runtime.profiling.js
c8c55f0091419e7ad8d15f79cd75a4bf2ec9549c374cbf48e7b957dfc12cab42,https://cdnjs.cloudflare.com/ajax/libs/dayjs/1.11.18/locale/eu.js
c91f06af87280eddf044feb95142aa66d242f2f10e078eca04451bb55d27ebf6,https://cdnjs.cloudflare.com/ajax/libs/date-fns/4.1.0/locale/pl/cdn.js
c9506197caf809a075b6dee1da0d36fb19da7158ffe8a88e7b0c96c5d8623c99,https://cdnjs.cloudflare.com/ajax/libs/xlsx/0.18.5/xlsx.full.min.js
c9c619b8bb8efe1b2f4d5f061561e14cdd2b9464c4cace1b645578b6d688f03b,https://cdnjs.cloudflare.com/ajax/libs/dayjs/1.11.18/locale/af.js
c9d97ef39e3ac6a9c425a260e7238e1bfd3403fd5d2a902ceaa85fa37d24dd22,https://cdnjs.cloudflare.com/ajax/libs/dayjs/1.11.18/locale/tl-ph.min.js
ca7191efa634b9848459f40d494eaeabecb25fe8087529353f51ca2e9c3b2fec,https://cdnjs.cloudflare.com/ajax/libs/styled-components/6.1.19/styled-components.cjs.js
caa6b3cafb8d463c7cb0b47783b84d7f7637f685b8d33d1224548f7f9a124cd5,https://cdnjs.cloudflare.com/ajax/libs/moment.js/2.30.1/locale/gom-latn.js
cabef68a59a6e5e0e8bed5c3c240ab57ff2f382658f09bf61fc1afbdefdac517,https://cdnjs.cloudflare.com/ajax/libs/cheerio/1.1.2/dist/commonjs/api/manipulation.js
cae43e24d638d9f230831f59ce5ef9a56a508c99105e644b56941d55a2f35bfc,https://cdnjs.cloudflare.com/ajax/libs/date-fns/4.1.0/locale/oc/cdn.js
cb034725d4c3da0717fd38bb856b19e3fa21c91a7bc6f988eb9c962bd60d0b29,https://cdnjs.cloudflare.com/ajax/libs/moment.js/2.30.1/locale/tr.min.js
cb034b7173cdf66b4d2fb47e51811911a97c5c1b66a2886a86e11d4ec8fa899b,https://cdnjs.cloudflare.com/ajax/libs/prism/9000.0.1/components/prism-coffeescript.js
cb14f3ec2cb6ea7cb6e25f614c46d5b29552e5f94a0b630bb5799748f4e9220a,https://cdnjs.cloudflare.com/ajax/libs/dayjs/1.11.18/locale/bn-bd.js
cb420ca67d8965e2e0d099748ed4a13497fef6d9e434a038beb1b0e78c86ea9d,https://cdnjs.cloudflare.com/ajax/libs/dayjs/1.11.18/locale/fa.min.js
cb79eca9f0fb403c014685109e33d0275a72f278835dc49c1735486d4d37edbe,https://cdnjs.cloudflare.com/ajax/libs/dayjs/1.11.18/locale/sd.min.js
cbbbc33cd7db4cd533ac5f9d2516bd956282c218009d6f1f5ce30f39c04149dc,https://cdnjs.cloudflare.com/ajax/libs/dayjs/1.11.18/locale/cv.min.js
cbc402a69fc6bf55ceb36b7162026d0bc1f48fdb4110b54b1acbddad283b6a15,https://cdnjs.cloudflare.com/ajax/libs/jose/6.1.0/lib/verify.js
cbc5e69ee595864591f6e8948d1f5f2931f89ec0fe60615adbb1c31fbfd1f86d,https://cdnjs.cloudflare.com/ajax/libs/moment.js/2.30.1/locale/ja.min.js
cbe99a4c20897bd7fdce78cd148d2746bdaa11f82690aef18f8f7dd504c4e9fd,https://cdnjs.cloudflare.com/ajax/libs/prism/9000.0.1/plugins/autolinker/prism-autolinker.js
cbfddbe7fb5a05ed6cd03751352ba5e801b214c1366a1a0d9578a874ef20e2ab,https://cdnjs.cloudflare.com/ajax/libs/react-select/5.10.2/index-42b266b1.cjs.dev.js
cc1398f7166845b04d26bb2b0985aa59b09f1c97de97b4a9ac520aa1cbfd7ffc,https://cdnjs.cloudflare.com/ajax/libs/date-fns/4.1.0/locale/hr/cdn.js
cc167f4f881b2a942e6d2e56722aa49b3fc7e3be13b848bfe92196ca6febb505,https://cdnjs.cloudflare.com/ajax/libs/dayjs/1.11.18/locale/tzl.js
cc1974b3384a5b8fc11380a5824a842f9af826a7a5109ca350074316c2b23b94,https://cdnjs.cloudflare.com/ajax/libs/dayjs/1.11.18/locale/es-do.js
cc3bdd4ea4c9b9fc311f18f7905f1701b7eb959013b3b25632814d1fa8f00df7,https://cdnjs.cloudflare.com/ajax/libs/pixelmatch/7.1.0/index.min.js
cc4874a6fd87ea8b2734d22035bf04042151296d2667f001555cb89cbc6c21a5,https://cdnjs.cloudflare.com/ajax/libs/prism/9000.0.1/components/prism-sas.min.js
cc85b44e45b64e45496fb8296165eab98a156d8475db384b14f320fa0a7df649,https://cdnjs.cloudflare.com/ajax/libs/prism/9000.0.1/components/prism-perl.js
cc9474d291ba1204a7afe25ad2278b592d930be7df85df36d0766823eb77698f,https://cdnjs.cloudflare.com/ajax/libs/jose/6.1.0/lib/check_iv_length.js
cc950e79619da08680f828be76f473e063b3eef7e49fe51d52a523514eaef682,https://cdnjs.cloudflare.com/ajax/libs/react-dom/19.1.1/cjs/react-dom-server.bun.production.js
ccc0682f464816b121a0aaecde7616820dc8831fe2ddc0e1d4638a53c6659c2d,https://cdnjs.cloudflare.com/ajax/libs/moment.js/2.30.1/locale/tzm-latn.min.js
cd2f0e4892870da95e450659662a0dcbc77755b00194447a8d930bde7c4a2e0f,https://cdnjs.cloudflare.com/ajax/libs/date-fns/4.1.0/locale/mk/cdn.js
cdaab53eae6074747c526e9d0f4b023a5d2526ae75560288707309c102a0e9a1,https://cdnjs.cloudflare.com/ajax/libs/popper.js/2.11.8/esm/modifiers/preventOverflow.min.js
ce491c4b5a76249aac62cf4cb97a4ae056107d2d57f3110d0613e3d4558835c6,https://cdnjs.cloudflare.com/ajax/libs/moment.js/2.30.1/locale/ga.min.js
ce5a3880685615f2cc431fd9be5f511469a80424118ee7866af6ed75c3fc626f,https://cdnjs.cloudflare.com/ajax/libs/jose/6.1.0/lib/encrypt_key_management.js
ce6ef7f2d39d8112dcf6dfc316e2501b108b6b6fb1289f3d2349389c2ffd9051,https://cdnjs.cloudflare.com/ajax/libs/popper.js/2.11.8/esm/modifiers/hide.min.js
ce8971b01a0699cb93addffddfcdd53e450dd87068fc566875c1a32a41e5a955,https://cdnjs.cloudflare.com/ajax/libs/jose/6.1.0/jwe/flattened/encrypt.js
cecd52da4e3f3a7a69d4cde1692c90d000a3726772f8e00a9c232faf4d6ff985,https://cdnjs.cloudflare.com/ajax/libs/moment.js/2.30.1/locale/lb.js
ceff70e230ae69c7741d4926ecd2b0e26c8d6947d0a9676057bbbce1d4dc2140,https://cdnjs.cloudflare.com/ajax/libs/prism/9000.0.1/components/prism-markup.min.js
cf0b090b794a45d05aeaef013680552472bec4c7d82e7a3874f272e9dc4d67e7,https://cdnjs.cloudflare.com/ajax/libs/dayjs/1.11.18/locale/fi.js
cf2280bdf18614b14108ec3b8e1c2c00dc0c87efb3e72ecae6937c129608d0db,https://cdnjs.cloudflare.com/ajax/libs/cheerio/1.1.2/dist/browser/static.min.js
cf2280bdf18614b14108ec3b8e1c2c00dc0c87efb3e72ecae6937c129608d0db,https://cdnjs.cloudflare.com/ajax/libs/cheerio/1.1.2/dist/esm/static.min.js
cf3928705cd3051cb8fb88da14811aee4ac4320e4eb4caa5193996019d7cf008,https://cdnjs.cloudflare.com/ajax/libs/react-dom/19.1.1/cjs/react-dom-server-legacy.browser.production.js
cf3cdb4d1e7ea156e2b8fef8cc186db0c4d7121763c7791b44983cfdfc80d6d9,https://cdnjs.cloudflare.com/ajax/libs/date-fns/4.1.0/locale/sr-Latn/cdn.min.js
cf48ff058b509a52fa89094d669f517ad88e72df57397a39ebf873af9e66fbd1,https://cdnjs.cloudflare.com/ajax/libs/cheerio/1.1.2/dist/commonjs/load-parse.min.js
cf83c50064ffaf0191e18752f1d5b53924017b4a006cde2efcc8ab922f239208,https://cdnjs.cloudflare.com/ajax/libs/moment.js/2.30.1/locale/he.min.js
cf9afefa87b216dd4d8be00524f8904bba1147fbb90273e5e6a7b2824b52e56f,https://cdnjs.cloudflare.com/ajax/libs/crypto-js/4.2.0/rabbit-legacy.js
cfab6ba4dcb8aa11fbf75190aa9795f49ebccd5d130124f727e2ca7cccd778e4,https://cdnjs.cloudflare.com/ajax/libs/moment.js/2.30.1/locale/lt.min.js
cfd227e5970d70b8ec93924992a7c89e797b2e02d1ee435c08fb7eff3acc9a2a,https://cdnjs.cloudflare.com/ajax/libs/prism/9000.0.1/components/prism-groovy.min.js
cfe027ddbd73c55a71332d68c2e67e47679ed1fb820cfd20b47758b3e644ee3f,https://cdnjs.cloudflare.com/ajax/libs/prism/9000.0.1/components/prism-aspnet.min.js
cfe050ffd9cd04791b30010c65ce97db022678ca8446a2c000c72e4af1b96cd0,https://cdnjs.cloudflare.com/ajax/libs/popper.js/2.11.8/esm/utils/getOppositeVariationPlacement.js
d02f41d388599f1e8e1ed0d69bc35d8adaf7257cd9086f796c94fd3a0fa22fc5,https://cdnjs.cloudflare.com/ajax/libs/jspdf/3.0.3/jspdf.es.min.js
d0bf4e6faf52f23ca3d19766385d919d16df53bcb1ae1d36caa45557a22b7363,https://cdnjs.cloudflare.com/ajax/libs/date-fns/4.1.0/locale/da/cdn.min.js
d13a1316a03fe9871feeda32f521ab71275fd3ad4be5e363655401d504ccacaa,https://cdnjs.cloudflare.com/ajax/libs/date-fns/4.1.0/locale/pt/cdn.min.js
d16d28b0de3d7151e0356429832d668efc515849f256bf3c41ed20baf1dadb77,https://cdnjs.cloudflare.com/ajax/libs/popper.js/2.11.8/esm/dom-utils/instanceOf.js
d17f66fe9cf08d17c56ffbd27bac2caae7544379b1f6581e5d2774a42a907ff1,https://cdnjs.cloudflare.com/ajax/libs/prism/9000.0.1/themes/prism-tomorrow.min.css
d1b6db8523ad28948c14f2ad77fe93bf25e325c56cc7d1f4179879b29e9828a7,https://cdnjs.cloudflare.com/ajax/libs/dayjs/1.11.18/locale/es.js
d1c58ddf75df61254077ee3a66564b8e9070c26b5f69a2eb6ff65ea7fb536827,https://cdnjs.cloudflare.com/ajax/libs/popper.js/2.11.8/esm/dom-utils/getWindowScrollBarX.js
d1d1db961361e4a6c6d86f25c996bda43e3951affe63b157298b9487acd4c1bd,https://cdnjs.cloudflare.com/ajax/libs/prism/9000.0.1/components/prism-stylus.min.js
d1da99ed9d68cf5ec7d80d80b0ba7660bcd023296b98422e44b69ce29afc98b0,https://cdnjs.cloudflare.com/ajax/libs/three.js/0.180.0/three.tsl.min.js
d214bcfbf9c40bdf33d6af6b06d27b95bfaf9cc8f1ea0d78ab374c88b8586f8a,https://cdnjs.cloudflare.com/ajax/libs/popper.js/2.11.8/esm/dom-utils/getViewportRect.js
d24638f9ae121542659bea4b82c92e4460c1dff5bfe07dea3a08a473616bd1f3,https://cdnjs.cloudflare.com/ajax/libs/less.js/4.4.1/less.js
d24cac0d0069d89c48b4c8cee34cddcb7e39892c91f07b884574fe0cafb66ef7,https://cdnjs.cloudflare.com/ajax/libs/moment.js/2.30.1/locale/fil.js
d25071dc74993279244965e8f068cea17d96eda768c4672b9aa79f973059f0bd,https://cdnjs.cloudflare.com/ajax/libs/prism/9000.0.1/components/prism-python.min.js
d28534ab90c76162c274e984cd59eb8f09f6c9d840ad7400847346c408605c82,https://cdnjs.cloudflare.com/ajax/libs/vue/3.5.22/vue.global.prod.min.js
d2cb1abd3dc64746c5c8c90c54917834072f4749a76ee050058bc66304df744c,https://cdnjs.cloudflare.com/ajax/libs/immutable/5.1.3/immutable.min.js
d2d5fb5b6c0d837b2d20885c60f54002f7fd0f9cbe8e0b41d5a1e74fce2b7744,https://cdnjs.cloudflare.com/ajax/libs/react-redux/9.2.0/cjs/index.js
d3072014eb4186d02e335c511b3cc6e163a5cfebaa8c4ae13634af24887078e6,https://cdnjs.cloudflare.com/ajax/libs/crypto-js/4.2.0/hmac-md5.js
d345bf2120ce26d583e4e96e20c14fd911d8a6e688a667ec207f1cc3d250c8fd,https://cdnjs.cloudflare.com/ajax/libs/moment.js/2.30.1/locale/es-do.min.js
d346ccc5064e7bf38fa576f8576555f692f1f2c9fa292f1b6dd4670c39bf95b1,https://cdnjs.cloudflare.com/ajax/libs/dayjs/1.11.18/locale/de-at.js
d3695304e8e7a001cc6e1b84d4b58abd429dd7e3f09514c260bcd3122a3aa685,https://cdnjs.cloudflare.com/ajax/libs/crypto-js/4.2.0/pad-iso10126.js
d3ab7d49b3d849b3e766e84f3a3f22846bef58d24398c1e3ff4ec97e83d07461,https://cdnjs.cloudflare.com/ajax/libs/react-dom/19.1.1/cjs/react-dom.react-server.production.js
d3b4fefb7783b407cbf0f4da6407596233354fca4f898e4216f048d9a9397953,https://cdnjs.cloudflare.com/ajax/libs/moment.js/2.30.1/locale/sd.min.js
d3b60adfa030575b8dc502b6c675d3071239090bc025730e9826e37c77f36c03,https://cdnjs.cloudflare.com/ajax/libs/date-fns/4.1.0/locale/te/cdn.js
d3c35f2c47610c7c921268cb98cf398599068d24d51e7a89167707130c85ad59,https://cdnjs.cloudflare.com/ajax/libs/moment.js/2.30.1/locale/ky.js
d409edd382b80527a38152f3ab9f0ab7d26600f75e128b6d5fd3306e8af8f8ea,https://cdnjs.cloudflare.com/ajax/libs/request/2.88.2/lib/hawk.min.js
d411b3c09b7cde8ea7bc7de05662255a4d19aab600c414cff4f31b8c087b6fcb,https://cdnjs.cloudflare.com/ajax/libs/date-fns/4.1.0/locale/zh-HK/cdn.min.js
d41ce0bee80299c8330fc080936da31afa5f307dfe4912bc8a6c68f9f566d344,https://cdnjs.cloudflare.com/ajax/libs/react-dom/19.1.1/cjs/react-dom-test-utils.production.js
d4337fc3e18b11881eef61c92a71eb23ff5faf7a068eca525f37dad4db00a3a7,https://cdnjs.cloudflare.com/ajax/libs/pako/2.1.0/pako_inflate.es5.js
d45ac595a918393ae8f76838688fcd569c917b945e9c53861ec4a1f11f20aed2,https://cdnjs.cloudflare.com/ajax/libs/moment.js/2.30.1/locale/ml.js
d4704c92458b4b3bc23ffd7395a2a5809a1211e6d0d4ad898798c42924ee5e8e,https://cdnjs.cloudflare.com/ajax/libs/dayjs/1.11.18/locale/ar-dz.js
d49b0390cae06c6439cf3cf61047fa9e1ae02efa3c05fa265d876b94a0505770,https://cdnjs.cloudflare.com/ajax/libs/moment.js/2.30.1/locale/ar.js
d49c402f4ed7a573703a51ed1aaa79309f0b5f39d7f6ef1206356ef215a9bbc1,https://cdnjs.cloudflare.com/ajax/libs/date-fns/4.1.0/locale/en-GB/cdn.min.js
d4a087a7a097c50f00f529c26997bc42a5f2f9fe1528026a504fee2498784b46,https://cdnjs.cloudflare.com/ajax/libs/date-fns/4.1.0/locale/bn/cdn.min.js
d4cef7a0108ff568497a52625f84678e94873f5c4a7a6adfe45d0ed9f401a654,https://cdnjs.cloudflare.com/ajax/libs/dayjs/1.11.18/locale/tzm.js
d4d31d8385100b6fec50d926e3fb9a77f02da76b9afe9ed8519092d91c8ef1a9,https://cdnjs.cloudflare.com/ajax/libs/moment.js/2.30.1/locale/fa.min.js
d4f80008f01a0f22be00e1b1b953f3e93d9674cce80e1783b19e6ac88feaee40,https://cdnjs.cloudflare.com/ajax/libs/dayjs/1.11.18/locale/bn-bd.min.js
d51022d9a253e09b260c464d123ca81033510679dffbe5179e7a1bf9aad89229,https://cdnjs.cloudflare.com/ajax/libs/date-fns/4.1.0/locale/es/cdn.js
d58d784675bd393e189bcf9ac3fa60c784d24b38387a7da259fd309d8712189d,https://cdnjs.cloudflare.com/ajax/libs/date-fns/4.1.0/locale/en-ZA/cdn.js
d5b1565c2aa6b1eac9583ff373ce26c5e5ad7035554577e57fb64a8e25a9fb7a,https://cdnjs.cloudflare.com/ajax/libs/moment.js/2.30.1/locale/oc-lnc.js
d5ea4e89386e8b251cc64c59d538d6cc6c523cb577d7d8f9b42856055cce5402,https://cdnjs.cloudflare.com/ajax/libs/dayjs/1.11.18/locale/me.min.js
d6056ac79071a9f60793825357dac3ecf35c43acf10e02a65f1892f1fd9cc0c1,https://cdnjs.cloudflare.com/ajax/libs/moment.js/2.30.1/locale/sw.js
d60d34fca715d40bdd40ffaedc8cf7b3fb25e7e522f04a6aae90c59cb1f272d3,https://cdnjs.cloudflare.com/ajax/libs/dayjs/1.11.18/locale/is.js
d614967c9b2228986fb82435c847a36d377c96ba994115eb4a90ca0f48bb382f,https://cdnjs.cloudflare.com/ajax/libs/react-is/19.1.1/cjs/react-is.development.min.js
d622725c450ed06a8a16b37cee4adf4adaeea9d6ee36c8f6ee1d454288dd96ed,https://cdnjs.cloudflare.com/ajax/libs/dayjs/1.11.18/plugin/utc.min.js
d64e6d0dcf7ab696e6565090ad070909c2adc32cb17f908e46f21959779e3c0f,https://cdnjs.cloudflare.com/ajax/libs/prism/9000.0.1/components/prism-rip.min.js
d650d60697d7de41dab8cc487e0f83cdbd593251099ad99d2f450fab31f73d61,https://cdnjs.cloudflare.com/ajax/libs/date-fns/4.1.0/locale/nn/cdn.min.js
d6bb48feacbd63fd455becce7a5528877242f70e73ba1f7838c186ed8f35fd3c,https://cdnjs.cloudflare.com/ajax/libs/crypto-js/4.2.0/aes.js
d6e1f3e382a790dd2c430c2083672281a661f4deafc4810b5fa226d421b417a6,https://cdnjs.cloudflare.com/ajax/libs/cheerio/1.1.2/dist/esm/index.min.js
d6e9f5c9ee32ba79f3e54cf7df92e5219b00ed9c65d48e1e0e0c39c36dea4981,https://cdnjs.cloudflare.com/ajax/libs/prism/9000.0.1/components/prism-clike.js
d703bacc9513feec4396989859526cbc085f4f1b5e7e081e95825d1304afd3b0,https://cdnjs.cloudflare.com/ajax/libs/KaTeX/0.16.9/contrib/copy-tex.js
d72d5568927cd64eb60a85c13b93a5b9fb3b8d1740d7a02fdfd294af8e15b482,https://cdnjs.cloudflare.com/ajax/libs/jose/6.1.0/lib/is_object.js
d73ec7a41c2e4f67de33a593f801d0f97d584d72f318568dff875d763b32dc79,https://cdnjs.cloudflare.com/ajax/libs/prism/9000.0.1/components/prism-erlang.min.js
d7508e492e66dfd8a8a6b2ef5309624dbd8889ee7c74f8bdaf64177ead978000,https://cdnjs.cloudflare.com/ajax/libs/crypto-js/4.2.0/enc-utf8.min.js
d760a15817731a1cd23f43928065e083ebcb075d1086f0cc1fd40c6d358096c7,https://cdnjs.cloudflare.com/ajax/libs/date-fns/4.1.0/locale/bs/cdn.js
d77201b33ce02edb0c687337ae063bf66e8c3b5bfc371d0509db953b4e1c6e29,https://cdnjs.cloudflare.com/ajax/libs/prism/9000.0.1/components/prism-markdown.js
d7a831214698c7ab6d53b039a32ef6ff14319db599bfa2c604b0a41e049bd8ad,https://cdnjs.cloudflare.com/ajax/libs/react-dom/19.1.1/cjs/react-dom-server.node.production.js
d7c80be8ba1c16e126e94fd7d1ba7acafb29d3dd0a511c59d99f6fd37480a5e1,https://cdnjs.cloudflare.com/ajax/libs/popper.js/2.11.8/esm/dom-utils/getViewportRect.min.js
d80655b604558af2855f5b67b21b28ec5770985b67fde59e94e1168e5f4795c8,https://cdnjs.cloudflare.com/ajax/libs/moment.js/2.30.1/locale/yo.js
d8074f23cbd27aa6c2f231b8bdad34bbd8d49c7e47ffa0d7cd07a2c4d1d3c798,https://cdnjs.cloudflare.com/ajax/libs/crypto-js/4.2.0/sha256.js
d8648b6be377995172770b276ff70be51a737c0e64a18dee36801a9ca44c2a09,https://cdnjs.cloudflare.com/ajax/libs/dayjs/1.11.18/locale/he.min.js
d87b4eb850bc7742c104557450d0a70d18a48a917335221af08d23850667523e,https://cdnjs.cloudflare.com/ajax/libs/moment.js/2.30.1/locale/fr.js
d8c95f333cde243cf6648e05429b453904a217a465167ff75de4ec6dd10bfaaf,https://cdnjs.cloudflare.com/ajax/libs/date-fns/4.1.0/locale/se/cdn.min.js
d93b074de4a1f0b5b7de810b1b4a7d180c6af6011b1f31a4455ca34e3411947b,https://cdnjs.cloudflare.com/ajax/libs/dayjs/1.11.18/locale/zh-cn.js
d972007ff7e48f44329fbd13b2f2aec70ec17086d10b4d34e0e7dbbe1cfecd52,https://cdnjs.cloudflare.com/ajax/libs/react-dom/19.1.1/cjs/react-dom-server-legacy.node.development.js
d99e781985e817da7c6af30d957c45419b1a7e176bf52160424ebbbf970df906,https://cdnjs.cloudflare.com/ajax/libs/crypto-js/4.2.0/pad-zeropadding.js
d9ef29f9d76a8fc49ea17fbd31996f48642f91b9108d61c9e526bb35359730f8,https://cdnjs.cloudflare.com/ajax/libs/jose/6.1.0/lib/jwk_to_key.js
da7d135e2b845e662cdebd38fcbee3020fa23f8f98c63826c70feb0f09be2286,https://cdnjs.cloudflare.com/ajax/libs/dayjs/1.11.18/plugin/isBetween.min.js
da8c5eca0bfb47dc264b210bf898ff8fef6978a50f2156c07953f0f60b06ac84,https://cdnjs.cloudflare.com/ajax/libs/popper.js/2.11.8/esm/utils/getOppositePlacement.js
daadd0b2ed26097a529ccad26de3b13c39c2582b5e2635610bc6422328526587,https://cdnjs.cloudflare.com/ajax/libs/moment.js/2.30.1/locale/bs.js
dac04760d7e7e3cead606a76e238a8b1c358b73d614aea3714d0c7bcde07a546,https://cdnjs.cloudflare.com/ajax/libs/moment.js/2.30.1/locale/nl.js
dae37a0dabdc20ef4d6e376eae4dd100c7276c8d660a6064cb8215065ab17cfa,https://cdnjs.cloudflare.com/ajax/libs/crypto-js/4.2.0/hmac-md5.min.js
dae9b22e355579e4cd66b9586766ca83f6df9a40421c8e41249a63c686813864,https://cdnjs.cloudflare.com/ajax/libs/recharts/3.2.1/Recharts.js
dae9c178e86e09240e58721cdb46a81ac96ae1dc6a870d1b1bb9ffaee3c6d3fe,https://cdnjs.cloudflare.com/ajax/libs/vue/3.5.22/vue.global.prod.js
daf993577450babfdfd86ff503b2add6ca1519420943c53a69e249c6068dab4f,https://cdnjs.cloudflare.com/ajax/libs/dayjs/1.11.18/locale/ru.js
db512ff7f913f75903949b47be18ec0e02bec5324d826eac0ae93ca9ca671d70,https://cdnjs.cloudflare.com/ajax/libs/dayjs/1.11.18/locale/ne.js
db703faf0cf02e432503e9037c1637dc3c4cb4dc1156151547e0879d345e3b2e,https://cdnjs.cloudflare.com/ajax/libs/date-fns/4.1.0/locale/tr/cdn.js
db7284cae968813b965f10bcbc74bfc833b54c3ccce37a99c674e00e4a6d71e7,https://cdnjs.cloudflare.com/ajax/libs/UAParser.js/1.0.37/ua-parser.min.js
db7884b4efed9372efac6fda021309a4a4c441148ddeaac3ab5f034c3aebeb2d,https://cdnjs.cloudflare.com/ajax/libs/pako/2.1.0/pako.es5.min.js
dbf83d196ab69149d5f056a2b44e06441626f1e5d3c3aa1a300e64dc5150565f,https://cdnjs.cloudflare.com/ajax/libs/moment.js/2.30.1/locale/bo.js
dbfa3c8b17ec4a43b65f63bace2e8411ade4ebfcd9dcc6371aa2f0153f285cdf,https://cdnjs.cloudflare.com/ajax/libs/aws-sdk/2.1692.0/aws-sdk.js
dc02f5633e137bce388d06f90072a0228d3123dcb6f44df8d8be8f12101dfb8e,https://cdnjs.cloudflare.com/ajax/libs/date-fns/4.1.0/locale/ar/cdn.min.js
dc128954b59f55709d9a04d25313b9ed05b18317ff902c5ddd5570b4405fc43e,https://cdnjs.cloudflare.com/ajax/libs/date-fns/4.1.0/locale/gl/cdn.min.js
dc67fd132427ad96c9666c844b39565413c40ddb1f2d063c53512fbf6d387dfd,https://cdnjs.cloudflare.com/ajax/libs/forge/1.3.1/forge.min.js
dc84b296ec3e884de093158f760fd9d45b6c7abe58b5381557f4e138f46a58ae,https://cdnjs.cloudflare.com/ajax/libs/KaTeX/0.16.9/katex.min.js
dc8a5f9b7167dec929955d2428da0cd1bfb341e8d7b30ab4604d4bad1038b831,https://cdnjs.cloudflare.com/ajax/libs/prism/9000.0.1/components/prism-less.min.js
dc8d2c6aba6b67d07a399fd42fe352baf497855b409bf668ad2218817bde2373,https://cdnjs.cloudflare.com/ajax/libs/moment.js/2.30.1/locale/zh-tw.min.js
dc93dba650db41783f8a3faba6ba17ad82cb0eb1b6fa84df406f71d520d84b42,https://cdnjs.cloudflare.com/ajax/libs/crypto-js/4.2.0/rabbit.js
dcd95cad0c94368fa882d7c20c614597584f30ad3fcc5804d3a44729417fee3d,https://cdnjs.cloudflare.com/ajax/libs/react-dom/19.1.1/cjs/react-dom-server-legacy.node.production.min.js
dce696d0842412093ec68ceef095d0db470a358628dbc352867bf535ef3edfb6,https://cdnjs.cloudflare.com/ajax/libs/crypto-js/4.2.0/blowfish.js
dcf303cabaab863a0bbcb8e2eecdd63d3a53abbd8e5b403ae8beff60dd5c688b,https://cdnjs.cloudflare.com/ajax/libs/date-fns/4.1.0/locale/en-IE/cdn.js
dd168295ca5f750baf11781001d1fc191ad9d75e491cd34cd0868d65bf669698,https://cdnjs.cloudflare.com/ajax/libs/crypto-js/4.2.0/pad-iso10126.min.js
dd4cceb26a315ea07ea845944245efc1844ac8fab5d93fcf4d64bb9af790a5ac,https://cdnjs.cloudflare.com/ajax/libs/dayjs/1.11.18/plugin/updateLocale.js
dd5044d9ff856cafdc8820b1de2953ca399c76c37b04c98d2f6d70b3ad433fec,https://cdnjs.cloudflare.com/ajax/libs/dayjs/1.11.18/plugin/dayOfYear.min.js
dd5cbd0d94086f081eb17159bf14fa4a52f2e56d4cd6293382c40d164129f15c,https://cdnjs.cloudflare.com/ajax/libs/dayjs/1.11.18/locale/lb.js
dd74256a8fb8cbd4156a633f9278081665ac8df714bd022819508624969035ac,https://cdnjs.cloudflare.com/ajax/libs/dayjs/1.11.18/locale/en-il.js
dd9bc80b0628048d1567c8971fafbb276159b5e230fb948708e6eb85ca40fa6c,https://cdnjs.cloudflare.com/ajax/libs/dayjs/1.11.18/locale/tl-ph.js
ddce80a8fa9ee373897d2b7180c2d69a126ba2052c9811014e383249532ea2c8,https://cdnjs.cloudflare.com/ajax/libs/dayjs/1.11.18/locale/vi.min.js
de05c8825233a47df0bae42a92c150725792b97a5ec122964aa75b921fdbdcf5,https://cdnjs.cloudflare.com/ajax/libs/dayjs/1.11.18/locale/it.min.js
de2e97e0519e5345135a20876b14c0bb3bf54127c81cb9d22bbc025703e4918f,https://cdnjs.cloudflare.com/ajax/libs/react-dom/19.1.1/cjs/react-dom-server.bun.development.min.js
de9a224871889515b045290e23fc5c75769446f87a2b950109ef4071159aa577,https://cdnjs.cloudflare.com/ajax/libs/dayjs/1.11.18/locale/gd.js
de9d26adcc6e6b63bfd755c17a8600fc53576d705f27a515dd5e6975ab4f57ad,https://cdnjs.cloudflare.com/ajax/libs/q.js/1.5.1/q.js
ded5adf6aaa7ed4b544ecb2467b1369938a157c6c9ef2edf2eac39ff092b56a7,https://cdnjs.cloudflare.com/ajax/libs/moment.js/2.30.1/locale/uk.js
dee32fb13c4d34227a464fa30ecb14bece6f643bbd2709c04274c3769286b419,https://cdnjs.cloudflare.com/ajax/libs/cheerio/1.1.2/dist/commonjs/slim.min.js
def38160741cbf3169a800394148fe5ef89db95bd9445c1d5a93fdaf91d8889f,https://cdnjs.cloudflare.com/ajax/libs/dayjs/1.11.18/locale/en.js
df6241e222d34b15ea23b68bda3f47892e5775983765164cb46e2d0705abf487,https://cdnjs.cloudflare.com/ajax/libs/date-fns/4.1.0/locale/lv/cdn.min.js
df9daefa66ef9d323e9c06299672015b941e9a107793f16c0f468e1c62614c4b,https://cdnjs.cloudflare.com/ajax/libs/moment.js/2.30.1/locale/hr.min.js
dfc153ab0ef9d96bc90f2d6a0cb65ed088e19aabcc45b952bb3d74b6aa00c711,https://cdnjs.cloudflare.com/ajax/libs/jose/6.1.0/jws/compact/verify.js
e024797b7ca8bed91cab95b2a61044f1cb9e7a8654795ba6ee2cad51cae23e0a,https://cdnjs.cloudflare.com/ajax/libs/history/5.3.0/history.production.min.js
e05e67bfb005096609d502296aaf3336412d7c0c1cb8383bfa07d082264ae8a8,https://cdnjs.cloudflare.com/ajax/libs/date-fns/4.1.0/locale/sr/cdn.min.js
e0fe1c0cbde776a8a2a2613c8a415debd268683b76e667dc0e5ed62e5533d67e,https://cdnjs.cloudflare.com/ajax/libs/prism/9000.0.1/components/prism-ruby.min.js
e104acb7379b834bd9249e3cfcb2196acbf90a22bb10947feb2a1fbe30ded105,https://cdnjs.cloudflare.com/ajax/libs/crypto-js/4.2.0/hmac-sha1.js
e10eb9c1c4382447d2ca2ec35d36409d78284dd5fbd58b0d36245845a167a647,https://cdnjs.cloudflare.com/ajax/libs/date-fns/4.1.0/locale/tr/cdn.min.js
e133713f57ac8cc55737cd3232d2425baed1e58d45b6fea3c0ca45898480474a,https://cdnjs.cloudflare.com/ajax/libs/date-fns/4.1.0/locale/vi/cdn.min.js
e14f1eb02e5b6b085c5c3162c1eb734714d43ecf8b2c02450081391134feb21c,https://cdnjs.cloudflare.com/ajax/libs/date-fns/4.1.0/locale/kn/cdn.js
e177f1986759a4eb809e78d3a01bdd79c8a043e3f07222eabc61de39c80b268c,https://cdnjs.cloudflare.com/ajax/libs/dayjs/1.11.18/locale/sk.js
e18364e86c12986aa566eb0cf475586e0b1da47d006b82a78a4c0af952dde29a,https://cdnjs.cloudflare.com/ajax/libs/popper.js/2.11.8/cjs/enums.min.js
e19c50f3f29deef007458eb24927a8e614039d39cbf792a9caae5cc30705652e,https://cdnjs.cloudflare.com/ajax/libs/dayjs/1.11.18/plugin/localeData.min.js
e1dae628fc22841a69882458d2e5e3f483638cb50763471dba54ea20aa7410b3,https://cdnjs.cloudflare.com/ajax/libs/react-select/5.10.2/react-select.cjs.js
e1e3a5a23057b769d683f85fb3c2709917e0d5697f86674cd297754e61523ab3,https://cdnjs.cloudflare.com/ajax/libs/date-fns/4.1.0/locale/lb/cdn.js
e1f86a0d437d5e2488307d0b4a7fa142d80688f2a11b0acdca8474a33457c801,https://cdnjs.cloudflare.com/ajax/libs/moment.js/2.30.1/locale/tzl.js
e1ffeb9c4a1f1143b5133be83815a0a7ba5a457472a7c9444b093511d0bc904a,https://cdnjs.cloudflare.com/ajax/libs/dayjs/1.11.18/locale/ta.min.js
e202b1a8063b5f19b2daca2d280813408b1c8bbe727368d01351dd58b07ea632,https://cdnjs.cloudflare.com/ajax/libs/dayjs/1.11.18/locale/ga.js
e2290de8562f4219eba2a423b966f589beae176d9b991f4e43a5ebdf620a704d,https://cdnjs.cloudflare.com/ajax/libs/react-dom/19.1.1/cjs/react-dom.react-server.production.min.js
e285f166cd0e8287ae605a19bb83f251f3ba16c33e5260dcc2bb6dc9b37019c4,https://cdnjs.cloudflare.com/ajax/libs/big.js/7.0.1/big.js
e2b5ee6bccd38fd6d8a2428546b83c5f2426d84b152ef82be8055556e3b40eb6,https://cdnjs.cloudflare.com/ajax/libs/three.js/0.180.0/three.module.min.js
e2bd6fc3388689ac0503c4e46544b1a1425182dc7b447e174b2882b99f81f042,https://cdnjs.cloudflare.com/ajax/libs/prism/9000.0.1/components/prism-ruby.js
e2cb919327920f5a7cee7a86ee6692298b60424f78688bba8032c9c1946b3cf3,https://cdnjs.cloudflare.com/ajax/libs/dayjs/1.11.18/plugin/arraySupport.js
e2d13dcd867a5b1640a49ef87581bcaada599a5911e28350705891ef139a58bf,https://cdnjs.cloudflare.com/ajax/libs/prism/9000.0.1/components/prism-apacheconf.min.js
e2e1be5c22d3f15b0b89e676d3eede94644529996d9898a6b1587c9908a78506,https://cdnjs.cloudflare.com/ajax/libs/jszip/3.10.1/jszip.js
e324f1791432534af3ada36c185637db02eaf3d3ed8f88ddf143538dc484cc3a,https://cdnjs.cloudflare.com/ajax/libs/moment.js/2.30.1/locale/tl-ph.js
e367bd535452e21e61e02e6886d6f1b836c9596f649101d6573b3254c6f30f79,https://cdnjs.cloudflare.com/ajax/libs/forge/1.3.1/prime.worker.min.js
e37d3322a4e276eff725fd67e6ce3408eb3faa588c55d0b8225781a282b70176,https://cdnjs.cloudflare.com/ajax/libs/dayjs/1.11.18/locale/id.min.js
e3b0c44298fc1c149afbf4c8996fb92427ae41e4649b934ca495991b7852b855,https://cdnjs.cloudflare.com/ajax/libs/cheerio/1.1.2/dist/browser/types.min.js
e3b0c44298fc1c149afbf4c8996fb92427ae41e4649b934ca495991b7852b855,https://cdnjs.cloudflare.com/ajax/libs/cheerio/1.1.2/dist/esm/types.min.js
e3b0c44298fc1c149afbf4c8996fb92427ae41e4649b934ca495991b7852b855,https://cdnjs.cloudflare.com/ajax/libs/popper.js/2.11.8/esm/types.js
e3b0c44298fc1c149afbf4c8996fb92427ae41e4649b934ca495991b7852b855,https://cdnjs.cloudflare.com/ajax/libs/popper.js/2.11.8/esm/types.min.js
e3c8f46f5a741598157ba051a9a0c043bcdc879c1867d3268e4058d4fae5fe3e,https://cdnjs.cloudflare.com/ajax/libs/pako/2.1.0/pako.js
e40174dd9043b8a03533e8ff6949ae71258d5396ecb9dd8cfe21fc160a9a4fd4,https://cdnjs.cloudflare.com/ajax/libs/date-fns/4.1.0/locale/ro/cdn.min.js
e455eef4669e44bebc6257ac736dc6c3c58826b68b75bbc79f4d062cfef072f5,https://cdnjs.cloudflare.com/ajax/libs/moment.js/2.30.1/locale/mt.min.js
e477157162c586a32843fc16742e3352051104c091127ad2c7332c0777332274,https://cdnjs.cloudflare.com/ajax/libs/request/2.88.2/lib/tunnel.min.js
e4a1559931271de761b2ba159d79ab46349eb505eca20c09539ac1c454f49ad1,https://cdnjs.cloudflare.com/ajax/libs/prism/9000.0.1/components/prism-less.js
e4aaad0453d4d4142fe3046bc46b4420fcbebf2005deace29bd36eed8da2d25f,https://cdnjs.cloudflare.com/ajax/libs/crypto-js/4.2.0/format-openssl.min.js
e4f68dbe7147bdc76d7614102eb525f9a5d8dacc690dd661091412b0c9505cb1,https://cdnjs.cloudflare.com/ajax/libs/moment.js/2.30.1/locale/lv.js
e50e1c6cf2fd1d9bf16bf034599152176f8bfa21faaae65dbfefb6099d9f38e0,https://cdnjs.cloudflare.com/ajax/libs/date-fns/4.1.0/locale/ar/cdn.js
e512c346a22a1e11bdebe29b0777494051cf7f9983095cf7ca5660b42f6bec01,https://cdnjs.cloudflare.com/ajax/libs/react-dom/19.1.1/cjs/react-dom.production.min.js
e567c2321364b5a0d944416b2d926b5b0674775bbcd6690b17e0f1d249db5a25,https://cdnjs.cloudflare.com/ajax/libs/jose/6.1.0/util/errors.js
e5951cf093f05d0469a91509bedf07f817bd716cd187fdbe86785f55a0afaaad,https://cdnjs.cloudflare.com/ajax/libs/popper.js/2.11.8/esm/dom-utils/isLayoutViewport.min.js
e5b0c74e6d97517dad8b4f5311affaf6376cd59d2564ba661accfd9ca5fea85d,https://cdnjs.cloudflare.com/ajax/libs/preact/10.27.2/preact.module.min.js
e5eea602da99a00d0ca4ae8d5948a3ff24a9f737a3d0179cebb5845dad2c17b7,https://cdnjs.cloudflare.com/ajax/libs/popper.js/2.11.8/esm/dom-utils/getComputedStyle.js
e5f1f6b3e82228a89873cc7b941b2465185e839c0692860f83e3e63e53f94c2b,https://cdnjs.cloudflare.com/ajax/libs/typescript/5.9.2/typescript.js
e5f27127927a41eb82e45491e52bd6a529d3db5e6cd519c48f7473268909f6c3,https://cdnjs.cloudflare.com/ajax/libs/moment.js/2.30.1/locale/sd.js
e600fe9cc9e2112f620c740f956360adb61035735aa5c567796945ba9de0a8d4,https://cdnjs.cloudflare.com/ajax/libs/react/19.1.1/cjs/react-jsx-dev-runtime.development.min.js
e62567ebcb6434f8652b1867386d7324c06d1f226fe9fad0517e658503ab496a,https://cdnjs.cloudflare.com/ajax/libs/moment.js/2.30.1/locale/sr-cyrl.js
e639649167819527c9e0cd4e60bb1786a0ce75360f6e32c389a99ad0fa465922,https://cdnjs.cloudflare.com/ajax/libs/prism/9000.0.1/components/prism-jade.js
e63f1133686563b89dac56fa7398e550997253b1412fd6b635a259e57c90db17,https://cdnjs.cloudflare.com/ajax/libs/popper.js/2.11.8/esm/dom-utils/getWindowScroll.min.js
e661f5bb73374d851772343efdc9bd513b4b1626a2ce033484cc2e72709fec1d,https://cdnjs.cloudflare.com/ajax/libs/date-fns/4.1.0/locale/uz-Cyrl/cdn.min.js
e6632a4dc48d68fde0a5e62dd4d29fd28517339897ca69ec97bd1d1631fc68a6,https://cdnjs.cloudflare.com/ajax/libs/moment.js/2.30.1/locale/be.js
e66ff4ff4d39525675c2c77536f32500736980f350b4d4c79d0ecbeacdfdd26a,https://cdnjs.cloudflare.com/ajax/libs/preact/10.27.2/compat.module.min.js
e6a2e35b45fd6a1e7bb4dacab93f4189152c9523f4bdf045ed8ce3d7707dc06c,https://cdnjs.cloudflare.com/ajax/libs/dayjs/1.11.18/locale/az.min.js
e6a887900c5ae147f35046915db6a62e200bcffbdcbb9ab0ff0fa94ef850c2c5,https://cdnjs.cloudflare.com/ajax/libs/dayjs/1.11.18/locale/ka.js
e6ad0247b362ad80797c2139d2854a43cfa88956fb58e6e9d4675711e071c366,https://cdnjs.cloudflare.com/ajax/libs/moment.js/2.30.1/locale/bn.min.js
e6e1912261fc327c4c242a1795e506f48cbfef9f4f92476dd6ed1b6c81d77188,https://cdnjs.cloudflare.com/ajax/libs/date-fns/4.1.0/locale/da/cdn.js
e6e4969acf1dbe9848b625eb858fc9323d7e5cfa846b7a41967eec0f32c47ade,https://cdnjs.cloudflare.com/ajax/libs/date-fns/4.1.0/locale/sl/cdn.min.js
e6f3a2e2e3ca86953e2c06ca562607a95d2b5129e751e5e0905270f3e56a1f52,https://cdnjs.cloudflare.com/ajax/libs/moment.js/2.30.1/locale/tzm.js
e70412e654982644359da6712aca8aa462470328d6111c57e527b87fd846c064,https://cdnjs.cloudflare.com/ajax/libs/jose/6.1.0/jws/flattened/verify.js
e7958d3325b6c25489e52c446818681adb76354fa0cfb26fe32d960ca07671fb,https://cdnjs.cloudflare.com/ajax/libs/dayjs/1.11.18/locale/ca.js
e7b046cf3eb0965bbc247425afc6739f184e430af1de0b02fa2d87f222a4c177,https://cdnjs.cloudflare.com/ajax/libs/handlebars.js/4.7.8/handlebars.runtime.js
e81d659d93b10cf12b7c431ac4bfbd685ee0307f1a9667a8b1d21cf704621e77,https://cdnjs.cloudflare.com/ajax/libs/popper.js/2.11.8/esm/dom-utils/listScrollParents.min.js
e8244c13b5b90f67c0ccf9b5326c5bbe5566adb32cfc5771a1424e280d872409,https://cdnjs.cloudflare.com/ajax/libs/request/2.88.2/request.min.js
e828dc473a56ec76587ac222d942c78b4cae8edfcea27a5e0de46ede0869986c,https://cdnjs.cloudflare.com/ajax/libs/react-dom/19.1.1/cjs/react-dom.development.min.js
e8375c7420c6227e1b44a368a135aa40df5d39ffe1c6bd1052b890bd543e1e1e,https://cdnjs.cloudflare.com/ajax/libs/jose/6.1.0/lib/cek.js
e83b89340dd666ead6b0ecbc21cfd6ea61275a351aaee5be5a842466a3a45f93,https://cdnjs.cloudflare.com/ajax/libs/dayjs/1.11.18/locale/es-us.js
e846e52851536028e5a207ace1e1d4fcaac031181a5886913e32639e70c80dde,https://cdnjs.cloudflare.com/ajax/libs/crypto-js/4.2.0/hmac-sha384.min.js
e87e550794322e574a1fda0c1549a3c70dae5a93d9113417a429016838eab8cb,https://cdnjs.cloudflare.com/ajax/libs/html2canvas/1.4.1/html2canvas.min.js
e886c4813ca217e592f397eae0ae6accfafd5af612214eabbff358748421d4de,https://cdnjs.cloudflare.com/ajax/libs/date-fns/4.1.0/locale/en-GB/cdn.js
e8970dcceb72c77f5ffb784414355ac4982cce1a3620bc43e16bc94c71b22531,https://cdnjs.cloudflare.com/ajax/libs/protobufjs/7.5.4/minimal/protobuf.js
e898d4caf3a3480fff30f04af2fa433163cdd2f98ece6c5833c7b74fbdb4fdc9,https://cdnjs.cloudflare.com/ajax/libs/moment.js/2.30.1/locale/sk.min.js
e899b6a49df9dae2166d32c4b2822ecff73662231f2b6970018ec632918b1c0a,https://cdnjs.cloudflare.com/ajax/libs/dayjs/1.11.18/locale/sv.js
e8ab8f4554055f92be78eb29e7df40cdda1126a8480a73bfc439ddc9a9d3bf16,https://cdnjs.cloudflare.com/ajax/libs/prism/9000.0.1/components/prism-jsx.js
e8ac4001655eabb63ffbac6b497cfb9a0aaa1fa5979f571016f16d0278285ef9,https://cdnjs.cloudflare.com/ajax/libs/jose/6.1.0/jws/general/sign.js
e8ad011af75d4c006e4db3dea1c99a8f976715b6d8ca6e1e0ee4c655c0ae7670,https://cdnjs.cloudflare.com/ajax/libs/dayjs/1.11.18/locale/en-nz.min.js
e8af125b0bdb3c15ff5ef2eb171bfe698507a026a9cab54bedb0770cdca34fb2,https://cdnjs.cloudflare.com/ajax/libs/moment.js/2.30.1/locale/tr.js
e8b052fb2f810ac0a1a45d6f8006bfc9d9954125b0c372ae86e422d10489ab03,https://cdnjs.cloudflare.com/ajax/libs/date-fns/4.1.0/locale/bg/cdn.js
e8b129ccb84fdfbf3865fff51833a28d975c139f0eaa79236ebe43435edb8cd9,https://cdnjs.cloudflare.com/ajax/libs/crypto-js/4.2.0/hmac-sha512.min.js
e8be6bd0f000bb09d2891943e94be438d0c36ebbc7f5e04f0909cdb297b5169b,https://cdnjs.cloudflare.com/ajax/libs/dayjs/1.11.18/locale/fy.js
e8d739a12fd57bef08fa52f3aea476122bf84c619681fb04606d60bd18c9e404,https://cdnjs.cloudflare.com/ajax/libs/cheerio/1.1.2/dist/browser/api/traversing.js
e8d739a12fd57bef08fa52f3aea476122bf84c619681fb04606d60bd18c9e404,https://cdnjs.cloudflare.com/ajax/libs/cheerio/1.1.2/dist/esm/api/traversing.js
e8d8d2b1010ca12a30020f1a4e99035f009d40ab51e51a1f5bac9106ba1ad3ec,https://cdnjs.cloudflare.com/ajax/libs/request/2.88.2/lib/cookies.js
e910c9b383935ab59c323e3ecb7cad87fce067c99d3f8a1d61ccd990a86dd54d,https://cdnjs.cloudflare.com/ajax/libs/prism/9000.0.1/components/prism-rest.min.js
e911f6b4642d409c4d589e65ca9f6f0321d561f077f11987ab33f69bbedd50c1,https://cdnjs.cloudflare.com/ajax/libs/moment.js/2.30.1/locale/uk.min.js
e9c45807e1413d22caccb7efad7fc2b425e69fa1e0a24ac38dbbd95e66936bd6,https://cdnjs.cloudflare.com/ajax/libs/dayjs/1.11.18/locale/oc-lnc.min.js
e9cd32d5a89327c360746cd6dc7fee4a70bd05d324e687f63e3c41152dc148de,https://cdnjs.cloudflare.com/ajax/libs/moment.js/2.30.1/locale/dv.min.js
e9e6ccd9ebbd03838486f4284a57e68b76627284b0bdd2ee3af86077612a7662,https://cdnjs.cloudflare.com/ajax/libs/prism/9000.0.1/components/prism-latex.min.js
ea00e89568435f7d08025a3de4d1ccefc18e43131a15b266ea52da4eec29b084,https://cdnjs.cloudflare.com/ajax/libs/cheerio/1.1.2/dist/commonjs/parse.js
ea1f4cfe179e12292841f53731ba3dbc879c27ec3c7df72a94d7df3d7e00736a,https://cdnjs.cloudflare.com/ajax/libs/dayjs/1.11.18/locale/x-pseudo.min.js
ea358e1da2ee1641e0a40dc1500c9c3e1b8d8ea3eca2372096502033fe45ee32,https://cdnjs.cloudflare.com/ajax/libs/prism/9000.0.1/components/prism-eiffel.min.js
ea4258756c61d24721cf9ed1fa4d990cd3f0aed9bc6f708253cd2dc98fcc95b0,https://cdnjs.cloudflare.com/ajax/libs/prism/9000.0.1/components/prism-git.js
ea62a3160d1fba682e65499f0707a8999539552fb84586ff396c27690e580b58,https://cdnjs.cloudflare.com/ajax/libs/prism/9000.0.1/plugins/show-invisibles/prism-show-invisibles.css
eadff2db03689113a1da374e966fb5d0d1a7f3562a386b026f448039e3439d22,https://cdnjs.cloudflare.com/ajax/libs/dayjs/1.11.18/locale/mr.min.js
eae2873b7508c7226ab32b301e82ee9bed5f4edfb26a48b463a2dca4a24bdac9,https://cdnjs.cloudflare.com/ajax/libs/recharts/3.2.1/Recharts.min.js
eb077d2417f61d3e6d9264c317cabc4ea35769ed6b0ab533067292a550784c20,https://cdnjs.cloudflare.com/ajax/libs/three.js/0.180.0/three.core.js
eb27642729a930dc334c7392e6cdea8f302accbdf39f995b3665e474bf024dfb,https://cdnjs.cloudflare.com/ajax/libs/moment.js/2.30.1/locale/fr-ca.min.js
eb427c773d3abec43bdb9195124c40f7a6b26868d6e4c99366409485dd6cc16c,https://cdnjs.cloudflare.com/ajax/libs/date-fns/4.1.0/locale/kk/cdn.js
eb6bc46bac0a0779f04d2a948d77fb904caaf3dde4bfccbc3804569a1d701949,https://cdnjs.cloudflare.com/ajax/libs/dayjs/1.11.18/locale/de-ch.js
ebb5f078c9594262c5853942312e6c62189b18d47d52d3ca32fc9d691cc61a15,https://cdnjs.cloudflare.com/ajax/libs/xlsx/0.18.5/cpexcel.min.js
ebc875ad230159fd6d1cc407b27ce4c1b19ba80c6c87fda72bdbd1636f75c200,https://cdnjs.cloudflare.com/ajax/libs/jose/6.1.0/jwe/general/encrypt.js
ebcd2afd129890e49aa91cbd6718916ceb743122a4d264c681a533d8066de673,https://cdnjs.cloudflare.com/ajax/libs/moment.js/2.30.1/locale/ar-kw.js
ebd229e85d8084206668484e0dd6faeb04c9b7755e62a3c90a485563c7e1e848,https://cdnjs.cloudflare.com/ajax/libs/cheerio/1.1.2/dist/browser/api/forms.js
ebd229e85d8084206668484e0dd6faeb04c9b7755e62a3c90a485563c7e1e848,https://cdnjs.cloudflare.com/ajax/libs/cheerio/1.1.2/dist/esm/api/forms.js
ebf293febba4685e87cfb802190a1f844528bc36775c32ff7ab31cdde24e2311,https://cdnjs.cloudflare.com/ajax/libs/date-fns/4.1.0/locale/zh-TW/cdn.js
ebffacfe32f6a39351ebc9f20f9f90ee91046db29a1f36f8fd2eecb294b90bf7,https://cdnjs.cloudflare.com/ajax/libs/prism/9000.0.1/components/prism-objectivec.js
ec162f652f24c009252cb617e36b153b902d30d43244fd9b14150428419e5a1f,https://cdnjs.cloudflare.com/ajax/libs/moment.js/2.30.1/locale/pt.min.js
ec4f67ae45b6c9ccc1a2b6d0d69419600e81792bf8aa93ea419d6adce98deb37,https://cdnjs.cloudflare.com/ajax/libs/dayjs/1.11.18/plugin/isSameOrAfter.js
ec7434d62d81b6d1caee20a09af77ae82c461b0c18c66952fd1ad6e2f36719c6,https://cdnjs.cloudflare.com/ajax/libs/nanoid/5.1.6/non-secure/index.min.js
ec768fe5472ed9b93d760cbb20e3a287e84015f217091ff70335c7de3c216ddc,https://cdnjs.cloudflare.com/ajax/libs/react-dom/19.1.1/cjs/react-dom-server-legacy.browser.production.min.js
ecbc07cdb215cf9996405fa56ef306761ec6a9383e19a53c2b45d6a1c5c4dc68,https://cdnjs.cloudflare.com/ajax/libs/moment.js/2.30.1/locale/eu.js
ece26cb774db7f014d780db67dc5727c324846be8104fcb0103796cfd420b080,https://cdnjs.cloudflare.com/ajax/libs/date-fns/4.1.0/locale/ms/cdn.min.js
ed29a2d823a692d57781255d064d7d53f72e04d0c81a3cd07333c6e0f719d096,https://cdnjs.cloudflare.com/ajax/libs/request/2.88.2/lib/helpers.min.js
ed3918ef50fdc2b47cd9de33844679845e0ee904e459095d170eac54acc65983,https://cdnjs.cloudflare.com/ajax/libs/date-fns/4.1.0/locale/kn/cdn.min.js
ed402d59a7029653fd9633881fd7a4e17c65ce994f831d92153c412285992611,https://cdnjs.cloudflare.com/ajax/libs/prism/9000.0.1/components/prism-nasm.min.js
ed43f738462a3ce5f277d8626dad1a0210464e38331064b3b43e1083b1ffd494,https://cdnjs.cloudflare.com/ajax/libs/cheerio/1.1.2/dist/commonjs/index.js
edb58cae9cfa2d70939dcd905ea369f96f481ff0df6177aa931e5cf25f7fbf17,https://cdnjs.cloudflare.com/ajax/libs/prism/9000.0.1/components/prism-clike.min.js
edb76bc3a3d7fcb3939e8d61fca79294d711b48108c5cfbf589f2d40f5972af8,https://cdnjs.cloudflare.com/ajax/libs/web-vitals/5.1.0/web-vitals.attribution.js
edbb1138ec9bd850e056dfa74ece7052f12852db5a6009868ebc2117f32313f0,https://cdnjs.cloudflare.com/ajax/libs/moment.js/2.30.1/locale/en-au.min.js
ede13715143b60e3d24d15b3bc9477ea9e606c8d6fe32d423e01dd7e9b056568,https://cdnjs.cloudflare.com/ajax/libs/redux/5.0.1/redux.legacy-esm.min.js
ede2693a4a6a5126b9d35669062b358ecab6ae7b9b86a1cf302feb45a8514907,https://cdnjs.cloudflare.com/ajax/libs/pako/2.1.0/pako.min.js
edec38275cf34e82e1350b9a45a65bda3711940d2690f000c607da90c0514236,https://cdnjs.cloudflare.com/ajax/libs/cheerio/1.1.2/dist/browser/utils.min.js
edec38275cf34e82e1350b9a45a65bda3711940d2690f000c607da90c0514236,https://cdnjs.cloudflare.com/ajax/libs/cheerio/1.1.2/dist/esm/utils.min.js
edefd5b653583c0800bd5a1f08571fc1496ead27c77c3f37015bd070ce2ab5bc,https://cdnjs.cloudflare.com/ajax/libs/cheerio/1.1.2/dist/commonjs/slim.js
ee02257ffbaf0a9b481c7039b0f3bb20c360c9674fe4be8b38ae709b2ea59bbe,https://cdnjs.cloudflare.com/ajax/libs/crypto-js/4.2.0/crypto-js.js
ee025613bc2e4672ea90ea2f1338696d3e1442a1c80aedebe4536bdbfc63c0a0,https://cdnjs.cloudflare.com/ajax/libs/date-fns/4.1.0/locale/zh-HK/cdn.js
ee40b626ea4d326a1c201b5e832e54ef144340b0bf2da26b2c8a081b18a5622a,https://cdnjs.cloudflare.com/ajax/libs/popper.js/2.11.8/esm/dom-utils/getOffsetParent.js
ee4d20b372d6fa2f59bd3db3be03cca8334e1c62e48aec0b62a9b3e89fea3167,https://cdnjs.cloudflare.com/ajax/libs/popper.js/2.11.8/esm/utils/mergePaddingObject.js
ee4fb0d40ec1d122dbf099aa6dfd4c98eb086ea7e2d4d5cdc0a69aff2d75177f,https://cdnjs.cloudflare.com/ajax/libs/crypto-js/4.2.0/enc-utf16.min.js
ee8c0b69a868e8d046104e37e3bb0635a560c248d70f622c52c36651142fdc32,https://cdnjs.cloudflare.com/ajax/libs/jsonwebtoken/9.0.2/lib/timespan.min.js
ee8c45c905910542a704a416440ec3ddc8940f76304bf70b444dff79c233babb,https://cdnjs.cloudflare.com/ajax/libs/crypto-js/4.2.0/hmac.min.js
eee8436de1ca63d2a27912adea64fd0481addb7c09225999adb1493058ea3b72,https://cdnjs.cloudflare.com/ajax/libs/crypto-js/4.2.0/ripemd160.min.js
eeed702f932e7ef4930a7ea41cdd8b3109a2738dc47c10ff781e89f3fd7a6cd0,https://cdnjs.cloudflare.com/ajax/libs/dayjs/1.11.18/plugin/weekday.min.js
eef4c8ae06312418f696f6d98394bdf4e6edd00add9f62e89b547e27f1e326de,https://cdnjs.cloudflare.com/ajax/libs/date-fns/4.1.0/locale/ht/cdn.js
ef12506e12f3e0cf5892a5327b4a02c67297b3b54ddda8b8ae12a5b72df0fb3a,https://cdnjs.cloudflare.com/ajax/libs/jose/6.1.0/lib/normalize_key.js
ef916c2b2be1945226eb1c7d9b13250e070337ffc04a714a9a49ad2b7a142c5d,https://cdnjs.cloudflare.com/ajax/libs/dayjs/1.11.18/locale/nl-be.js
efa1d779f65671809a63f900479c69bed19c262f2fe7936076793bd13deda080,https://cdnjs.cloudflare.com/ajax/libs/moment.js/2.30.1/locale/gd.js
efb8976b994144ffe643122f0b021e7999bb80736e17160f8b4417bf04b9b7fc,https://cdnjs.cloudflare.com/ajax/libs/pako/2.1.0/pako_inflate.es5.min.js
efc953cd0b5ec5fa0f88fd6fbf725ef318c3e937eab8824e5970af1299f291ff,https://cdnjs.cloudflare.com/ajax/libs/prism/9000.0.1/components/prism-scala.min.js
f004c539cd889799f31377ae2cf1d918c786b5bd18a52e0e5cae166aedbccafd,https://cdnjs.cloudflare.com/ajax/libs/react-dom/19.1.1/cjs/react-dom-client.development.js
f01bf152067b14e702420df5175ebd5068ce03024332a555e8aa6b0962000bcf,https://cdnjs.cloudflare.com/ajax/libs/protobufjs/7.5.4/light/protobuf.js
f01d1f7befb989ab98374721e21e764dfaa04d0f9133113dd0ec6a04a62dc87f,https://cdnjs.cloudflare.com/ajax/libs/jose/6.1.0/lib/aeskw.js
f023c0f154c91269f0130adfdd92c818e8df41c6d9713488a0b776abc9eb416d,https://cdnjs.cloudflare.com/ajax/libs/prism/9000.0.1/components/prism-erlang.js
f02c3346e2c261919fdb339c70710cbfca33e0d1d2ec37df3946aeba20b5c639,https://cdnjs.cloudflare.com/ajax/libs/popper.js/2.11.8/esm/utils/within.min.js
f037eeeb90cb461226e89653b2ee55dbacca96dfc991c75095edcacd3e6df96d,https://cdnjs.cloudflare.com/ajax/libs/date-fns/4.1.0/locale/en-CA/cdn.js
f0397f10859337ed8a2c9656abc9252671723dd918628dc1ba3610546394ef8f,https://cdnjs.cloudflare.com/ajax/libs/vue/3.5.22/vue.cjs.prod.js
f0524c2523ebbf63d3d51cee565acad8d8b62a7ae0c517e116786d76ed6f40ad,https://cdnjs.cloudflare.com/ajax/libs/socket.io/4.8.1/socket.io.msgpack.min.js
f0554b3acbe15aa933b3e6811264a3cce3d83ec7915cd6eb4453317ba3b76283,https://cdnjs.cloudflare.com/ajax/libs/dayjs/1.11.18/locale/ar-kw.js
f05be0362a7ffdf6b876730dc0df2b1db87682d05fc69842b3f8ac212dceb181,https://cdnjs.cloudflare.com/ajax/libs/prism/9000.0.1/components/prism-typescript.js
f069e535938b77a9eb0770cedf0b883f207189c077dd97fe9fd5f60148c0475c,https://cdnjs.cloudflare.com/ajax/libs/crypto-js/4.2.0/pbkdf2.min.js
f0bd3bf9d167cf7a0d9cd1656cdf71f113c96c365f78ea1ec749ceb0a488f146,https://cdnjs.cloudflare.com/ajax/libs/dayjs/1.11.18/locale/hu.js
f0c3b7f330c5a1443a5ed95e2c843c393ac4034cb76415b9a4ed738c08f82eeb,https://cdnjs.cloudflare.com/ajax/libs/react-dom/19.1.1/cjs/react-dom-server.browser.production.js
f0ca03df194b8c3d6017ff455db6a0ef98857905663fa311a6cded788b15340b,https://cdnjs.cloudflare.com/ajax/libs/KaTeX/0.16.9/contrib/mhchem.min.js
f0e4239fedabcb22505d1ab7e36df982a90cbdf8f51171b8d58e7838c1d32031,https://cdnjs.cloudflare.com/ajax/libs/crypto-js/4.2.0/cipher-core.min.js
f0e72ffd346d2b052fe0369cfe1c819af30086f3f773fd86e501ba6fa54f94d5,https://cdnjs.cloudflare.com/ajax/libs/dayjs/1.11.18/plugin/isToday.js
f0ed7ca45d2dadc96dfb3725c848a0f8ea0b2703c1b8c3ebed213a3311d12191,https://cdnjs.cloudflare.com/ajax/libs/moment.js/2.30.1/locale/uz.min.js
f0f260f4f817445c92afd964074cb0f5572e5ee579679ccedc62c25d0a564681,https://cdnjs.cloudflare.com/ajax/libs/date-fns/4.1.0/locale/ru/cdn.min.js
f0f8af4e76bf81a61470c298f95bd51a0997a52bf4bd31df951905e7e44256b7,https://cdnjs.cloudflare.com/ajax/libs/jose/6.1.0/jwk/embedded.js
f0fd733ff299a0ec5073b6016d940c918073542c1e3b83e816abae842170d91b,https://cdnjs.cloudflare.com/ajax/libs/cheerio/1.1.2/dist/commonjs/cheerio.js
f15f592b5d7d5bbbd061c5ad31d4c45f462ad43acad74808c6a7105b108ec0eb,https://cdnjs.cloudflare.com/ajax/libs/moment.js/2.30.1/locale/ko.js
f18c6b28c02401507005d7b1a4392606f9ef55efe574a3f1ca7f32219969f308,https://cdnjs.cloudflare.com/ajax/libs/jose/6.1.0/lib/validate_algorithms.js
f197e7e9a71b966eab8fc36faae381154149b8bf0ce31f8c2ce394c1ace77420,https://cdnjs.cloudflare.com/ajax/libs/immer/10.1.3/cjs/immer.cjs.development.min.js
f19921ed612f2e43b285d9abaedc04a6e838e7bd8b36f0fb12caa54f74f03e3f,https://cdnjs.cloudflare.com/ajax/libs/dayjs/1.11.18/locale/zh-tw.min.js
f1bbf76b2483926863a16b38e2ca6ea990fad0cc6173e0b7b97b7bba2bcf0e2c,https://cdnjs.cloudflare.com/ajax/libs/prism/9000.0.1/components/prism-scss.js
f1cece227f4f738e5c9697839e4b534cc8ce56135a670d3aac44d0418b3e9658,https://cdnjs.cloudflare.com/ajax/libs/jspdf/3.0.3/polyfills.umd.js
f1dfbe4ca6bdc0f8eac639eea8652654a073433018be9bfd1cc55e75574b78f0,https://cdnjs.cloudflare.com/ajax/libs/vue/3.5.22/vue.esm-browser.prod.js
f1e2323f141be9d9379c612eeabd7f282f052e60116547395780b032a6f0770d,https://cdnjs.cloudflare.com/ajax/libs/react/19.1.1/cjs/react.production.js
f2094bbf6141b359722c4fe454eb6c4b0f0e42cc10cc7af921fc158fceb86539,https://cdnjs.cloudflare.com/ajax/libs/d3/7.9.0/d3.min.js
f212b4837394c2ccbd902a28cd8055b9caccfe97b3c5083b8b99a4f439e329c2,https://cdnjs.cloudflare.com/ajax/libs/popper.js/2.11.8/esm/dom-utils/contains.min.js
f2425009863188076a71713a9b99a19f57779a39247ec31eb140dcfcea77b14f,https://cdnjs.cloudflare.com/ajax/libs/vue/3.5.22/vue.runtime.global.min.js
f2619982ce710e53d72132b497267fdba714cb5d21776a5f2179db8b8d4710fe,https://cdnjs.cloudflare.com/ajax/libs/moment.js/2.30.1/locale/tzm.min.js
f2a21a30fd7a444a7e8f1e96c0279a4661de8c302c7033a768a7a9eeb2287800,https://cdnjs.cloudflare.com/ajax/libs/crypto-js/4.2.0/rabbit-legacy.min.js
f2dd804d5b369ecf581433c557df8fc645ac6198200250e7a9c114d66563b5da,https://cdnjs.cloudflare.com/ajax/libs/date-fns/4.1.0/locale/sl/cdn.js
f3266b0647e0688fc6e9a6bcd05493de411385c7f33fcdb2c2bffe0aecadc19b,https://cdnjs.cloudflare.com/ajax/libs/immer/10.1.3/cjs/immer.cjs.production.js
f37cd8307a0a68bdb3221f57e9518ec1090e7fefac8137301365fbf8cbcd5ef0,https://cdnjs.cloudflare.com/ajax/libs/moment.js/2.30.1/locale/ar-sa.min.js
f37f113994ba9441d3554c25b6d9d74fcafe550ea96511a84f16da669d49f34f,https://cdnjs.cloudflare.com/ajax/libs/immer/10.1.3/cjs/index.min.js
f38d382851134399b2f1c6ddd72efd90076f6152971406102a4286d3991cbf56,https://cdnjs.cloudflare.com/ajax/libs/jspdf/3.0.3/polyfills.umd.min.js
f3fd49207357b065d087074fc2f98702340c9356c9dc2c3e0b2013005013174c,https://cdnjs.cloudflare.com/ajax/libs/dayjs/1.11.18/plugin/localizedFormat.min.js
f40554247a23aecb4e84a5cb266c5012de03802ef4b6c0eed4d3367e9d6431e4,https://cdnjs.cloudflare.com/ajax/libs/jose/6.1.0/lib/validate_crit.js
f40b3f852bafcd4b16e6ee36a5ffad58d0e88878e84fe1b0e0a81caaf495c0a2,https://cdnjs.cloudflare.com/ajax/libs/dayjs/1.11.18/locale/sw.js
f41b18f833fb3ea62c0a71afdb55c3520719224deb3840ac917685df5ec9b182,https://cdnjs.cloudflare.com/ajax/libs/prism/9000.0.1/components/prism-r.min.js
f43840fd7aac805c7a1d6067478e55aa463ccc9c5909331f5aa6b8431ceb6d3c,https://cdnjs.cloudflare.com/ajax/libs/dayjs/1.11.18/plugin/calendar.min.js
f486d915b62d304ca3fa903d91eeee0a170ae06b8881fec4f4ddf66f69d025ad,https://cdnjs.cloudflare.com/ajax/libs/date-fns/4.1.0/locale/km/cdn.js
f496288d41fa7477de4e5dda3b56362196e678444678bd8fb1d032a83e6d31f1,https://cdnjs.cloudflare.com/ajax/libs/date-fns/4.1.0/locale/zh-CN/cdn.js
f4d342a944e1b9fc4661a56ada32bb2b881b26e6f741142ec75c6e62a53b4fb5,https://cdnjs.cloudflare.com/ajax/libs/preact/10.27.2/compat.min.js
f518694f8588dacc9acf35452bbeb18f98174bc2e3eb1bf1181b7fbb4a0f0295,https://cdnjs.cloudflare.com/ajax/libs/react-dom/19.1.1/cjs/react-dom.production.js
f519e733247116f090fa5e989ce8d7e56cd41fd0127a70cda57eac73cfb9d3aa,https://cdnjs.cloudflare.com/ajax/libs/moment.js/2.30.1/locale/ar-ps.min.js
f5523ea0221656f73d9da1f0f1b65687d4f2b07015154b38fa011e6575b68fbc,https://cdnjs.cloudflare.com/ajax/libs/moment.js/2.30.1/locale/kk.min.js
f55947f3daa3bae53209d4b885c195c157f595c225e508a6b382598d9452d6e2,https://cdnjs.cloudflare.com/ajax/libs/cytoscape/3.33.1/cytoscape.min.js
f569df7cdc8fdb801f94f824cae0084958f7c55ace29b8af86ff86779e7751d5,https://cdnjs.cloudflare.com/ajax/libs/moment.js/2.30.1/locale/fil.min.js
f57e28c0c896d056f00280eb0694cb85ad5cfd1e94fecf3f3ca40f64c64dc642,https://cdnjs.cloudflare.com/ajax/libs/jsonwebtoken/9.0.2/lib/JsonWebTokenError.min.js
f5895005185df6509351da3b60b2efd81f5736d063cf3ac69f13d84d0415110b,https://cdnjs.cloudflare.com/ajax/libs/popper.js/2.11.8/esm/dom-utils/getComputedStyle.min.js
f607e69bcdad404b78d9d4b233218231cd2dfbb280f57f8c99bb0af33e9bc495,https://cdnjs.cloudflare.com/ajax/libs/dayjs/1.11.18/locale/bg.js
f61d2b282575feb69ec95106cee2b0a0baa3c64ede08f08d8369ca1a530e15a8,https://cdnjs.cloudflare.com/ajax/libs/xlsx/0.18.5/xlsx.extendscript.min.js
f6347f442281844a205245620f9e469f52cacb7dd41640ef67d32a94f2c583d0,https://cdnjs.cloudflare.com/ajax/libs/moment.js/2.30.1/locale/mr.js
f63f2d73ee396279a4d9cadf18a9a8208ee888b7dcad9627cbf3151ba74cb71d,https://cdnjs.cloudflare.com/ajax/libs/dayjs/1.11.18/locale/gl.min.js
f642805f2d1dc0e49e7413d6e5b64c1615326dfb3485123a88aead0f7191d99b,https://cdnjs.cloudflare.com/ajax/libs/popper.js/2.11.8/esm/utils/debounce.min.js
f65d67d76549859efcb5695c4190d68c5cbb322920346a8912786386425d9a14,https://cdnjs.cloudflare.com/ajax/libs/cheerio/1.1.2/dist/browser/api/css.min.js
f65d67d76549859efcb5695c4190d68c5cbb322920346a8912786386425d9a14,https://cdnjs.cloudflare.com/ajax/libs/cheerio/1.1.2/dist/esm/api/css.min.js
f66bcaadde14018ffb3bce26ea8ffc3ce36cc65c4c1e9ef9ed6cb321b7ae9481,https://cdnjs.cloudflare.com/ajax/libs/moment.js/2.30.1/locale/ro.js
f68ea29c9db3908fce2c0c602c04016dbacc364acbc8711133cc8e10b9260f79,https://cdnjs.cloudflare.com/ajax/libs/jsonwebtoken/9.0.2/lib/NotBeforeError.min.js
f69800ff6922ba9a967d7247e587f0ec9048ef5674523e17a428df43419f1f0f,https://cdnjs.cloudflare.com/ajax/libs/popper.js/2.11.8/esm/dom-utils/getWindowScroll.js
f6a508c998751bb2313fde554915c7821f0f952cdc5656a0f66499a57385b7e5,https://cdnjs.cloudflare.com/ajax/libs/crypto-js/4.2.0/index.min.js
f6b23045ce8e59d38d3182aac89a7e782e87f5eac54e5b0bd971c4fbccfe01c6,https://cdnjs.cloudflare.com/ajax/libs/prism/9000.0.1/components/prism-php-extras.min.js
f6cce34d12ff721e59af39cf43eb274104292d287827a02efad537dcdc7f28a6,https://cdnjs.cloudflare.com/ajax/libs/prism/9000.0.1/components/prism-pascal.js
f6cea1202c13d573a08b7c69163b920ba1eebb03415ae71d8cfa9588bfb0de30,https://cdnjs.cloudflare.com/ajax/libs/jose/6.1.0/jws/general/verify.js
f6d24b8f98916c15bf65605e39183e5a86a257ea77ba72fdb72670494c7422a9,https://cdnjs.cloudflare.com/ajax/libs/moment.js/2.30.1/locale/sv.js
f6d5c433518a9d66a802a261fd45f745172e5eae7718644df0d2c7e526825b44,https://cdnjs.cloudflare.com/ajax/libs/dayjs/1.11.18/locale/fr-ch.js
f6f4a25ea35dbaa69df33582520e04df7f3a6dafaa34108af1e2303309971626,https://cdnjs.cloudflare.com/ajax/libs/moment.js/2.30.1/locale/x-pseudo.min.js
f72ba48f1051c597dde94bc02ba981e6edf1f46d7d018a3dcc664da8a622387e,https://cdnjs.cloudflare.com/ajax/libs/prism/9000.0.1/plugins/autolinker/prism-autolinker.min.js
f76828cfd806ddb1c8d6d8fa9ded38f14a71602e39ac8caf27065b8d2411a955,https://cdnjs.cloudflare.com/ajax/libs/dayjs/1.11.18/locale/it.js
f7a6319d7eb1c07c7192ce48cfc72128e56f098d429bd0a82fc6b6965509ef4f,https://cdnjs.cloudflare.com/ajax/libs/vue/3.5.22/vue.runtime.global.js
f7d518f5c043cd008514b4fd8c665a9d2fa5686bd36c6e7d44d78187c0438700,https://cdnjs.cloudflare.com/ajax/libs/react/19.1.1/cjs/react-compiler-runtime.production.js
f7f64156e3c4fae8f96a77d13630aab4a795685df5c083f6a342cc26403388e7,https://cdnjs.cloudflare.com/ajax/libs/dayjs/1.11.18/locale/tzm.min.js
f7f7179b8bea5b6ef4f0891f23b563db8aa530376795cd99ef84942cfc62d328,https://cdnjs.cloudflare.com/ajax/libs/crypto-js/4.2.0/pad-iso97971.js
f808b712c48a4be626914ef4be740b71ab40e1b36607c248625f3a6d695893cc,https://cdnjs.cloudflare.com/ajax/libs/dayjs/1.11.18/locale/km.min.js
f808c66a1bc9f4c5f746bda79c812b04a00aec1f0edf75738ac99b9a477ccdc8,https://cdnjs.cloudflare.com/ajax/libs/date-fns/4.1.0/locale/ar-SA/cdn.min.js
f80ef8f6b710f4710bdcbdaf533383180aea362d67a2aaf04ef65419511ceeb6,https://cdnjs.cloudflare.com/ajax/libs/dayjs/1.11.18/locale/ar-dz.min.js
f813e5f83b5be6b7ea3cac9fde64c29951120ccebe846a7aedd0e87879fb4ff0,https://cdnjs.cloudflare.com/ajax/libs/cheerio/1.1.2/dist/commonjs/types.min.js
f8386645e17fb18b1093873a955e207ba0c15fa28a290391e487b185c4e76c2d,https://cdnjs.cloudflare.com/ajax/libs/date-fns/4.1.0/locale/ar-EG/cdn.min.js
f861d18f94d3345498a2e8219be865ff27bc49f623cbafac4624180f4cb4baa2,https://cdnjs.cloudflare.com/ajax/libs/react-dom/19.1.1/cjs/react-dom-server.browser.development.js
f86550b27d4fc91a0768dd2c62fa4a1515b44641e6177cfde9ab2022a61a8c3d,https://cdnjs.cloudflare.com/ajax/libs/date-fns/4.1.0/locale/mk/cdn.min.js
f88946cee2a99ae0b1f2fffea3b1445cfe9a268d3d476493a14caff31d6016a6,https://cdnjs.cloudflare.com/ajax/libs/date-fns/4.1.0/locale/mn/cdn.min.js
f8d5aabfbb8ca73a0522875da97f079a159c3bf2937c4e5ac7aab31de6a38c72,https://cdnjs.cloudflare.com/ajax/libs/moment.js/2.30.1/locale/zh-hk.min.js
f9179087b598b680418500309cfb249d82d1bc7a8b25cb7e6660bc9cb9c85f84,https://cdnjs.cloudflare.com/ajax/libs/date-fns/4.1.0/locale/be-tarask/cdn.js
f93d89011137d5d00a9e9674f19e3f24f0347c8504c84f37f18396306e1b8c53,https://cdnjs.cloudflare.com/ajax/libs/moment.js/2.30.1/locale/mn.min.js
f94c18b964616df2848735fb3a26bf0c04e19744090a887c2793370666aa7c3b,https://cdnjs.cloudflare.com/ajax/libs/mocha/11.7.2/mocha.css
f951e5ce02a24ae19732c1ccd2ef77b6c965fc65f988f42361667b1d94e2f960,https://cdnjs.cloudflare.com/ajax/libs/dayjs/1.11.18/plugin/isMoment.min.js
f9806347fd14cd0c5040a8306f3fa8e1c7f37ee0499b60dd79773791f02adef0,https://cdnjs.cloudflare.com/ajax/libs/acorn-walk/8.3.4/walk.js
f9939ec81f7feaec3131624f824e6417ab944c06029d977ae7a818feb6ec6f27,https://cdnjs.cloudflare.com/ajax/libs/popper.js/2.11.8/esm/createPopper.js
f99e50683a7c223ddbe6cf397708fac2d3a653c7d68a3e8e7ec278caf2c09ce5,https://cdnjs.cloudflare.com/ajax/libs/cheerio/1.1.2/dist/commonjs/options.js
f9ceeafdee53bfbf4d4787f53cfe8b9084ca325f96af7e5d84c7c55dfe72d9d8,https://cdnjs.cloudflare.com/ajax/libs/moment.js/2.30.1/locale/de-at.min.js
f9f3f0c1caca10b0740176be0fb90126a9f64197a3bafd8ff91d6c9978501e04,https://cdnjs.cloudflare.com/ajax/libs/moment.js/2.30.1/locale/ms-my.min.js
fa01db296dfa5585bff7b097187ef65fcb017d636ab9900799eb53e0acee0b85,https://cdnjs.cloudflare.com/ajax/libs/jsonwebtoken/9.0.2/verify.js
fa0e0261924e89f0a2bc6482321cff942a636c1d191ec8a7d0f8846f12362b75,https://cdnjs.cloudflare.com/ajax/libs/prism/9000.0.1/components/prism-lolcode.min.js
fa226c8e1e3556993260e6a5c1fe94e225da59b3418a06811fdc51d308f8bb43,https://cdnjs.cloudflare.com/ajax/libs/pako/2.1.0/pako_inflate.min.js
fa3de8510895129cfcdbd37cfcce16b5f88e225565517d944f414d7cdd9687b0,https://cdnjs.cloudflare.com/ajax/libs/react/19.1.1/cjs/react-jsx-runtime.development.js
fa4e44c6c914d71a4890ece1f75bed9c805a649a854a81c6a217fe5e427aff17,https://cdnjs.cloudflare.com/ajax/libs/mustache.js/4.2.0/mustache.min.js
fa5ac9a016093500edd94250552b57973fef8c1e98193e86f0e98c0b52827e3b,https://cdnjs.cloudflare.com/ajax/libs/prism/9000.0.1/components/prism-gherkin.min.js
fa77f6b23884ace43199d189a596c8cd436ab20b2b6966599dd9fd589e51548f,https://cdnjs.cloudflare.com/ajax/libs/moment.js/2.30.1/locale/ms-my.js
fa79f7931473e5a244719fff9c7d7c1d2ccca2c7417a47d7bb29c020aafacf30,https://cdnjs.cloudflare.com/ajax/libs/dayjs/1.11.18/plugin/negativeYear.js
fa89d30b7e8acfd6a0200ac3e3eab645dfb0969806d16282fe5325e4897801d2,https://cdnjs.cloudflare.com/ajax/libs/i18next/25.5.2/i18next.js
fad8745ef0cec2e9f29b28351d8930689f2419c4a39262f54fa1713301f215de,https://cdnjs.cloudflare.com/ajax/libs/popper.js/2.11.8/esm/modifiers/arrow.js
faf527df7eee6195b39aac346c231ef9f406862a1c1be10df9e7d9fc889e12e5,https://cdnjs.cloudflare.com/ajax/libs/cheerio/1.1.2/dist/commonjs/api/forms.js
fb37c348ede96e332fccbd6471fa5f248a3aeed1a045c08db3b50b10c9873eb3,https://cdnjs.cloudflare.com/ajax/libs/preact/10.27.2/hooks.umd.min.js
fb698db11b951aabbee98af1ce6ffca295fa04d547acf9d3a5c7d292041b0c5c,https://cdnjs.cloudflare.com/ajax/libs/moment.js/2.30.1/locale/sv.min.js
fb6a0f2609f6662ff4fb4d60a9ed632c3bace783a60974dc20dbb65770afbbc8,https://cdnjs.cloudflare.com/ajax/libs/react-transition-group/4.4.5/react-transition-group.min.js
fb78edeb7fa8a6188af3e66c47004e2b98a79bda3a4fcb9faf92a6461a3b905c,https://cdnjs.cloudflare.com/ajax/libs/prism/9000.0.1/components/prism-applescript.js
fb7e9b4b213b2b7294fd5236bb4878b62e688292cf2c07745f0c7ff00762833f,https://cdnjs.cloudflare.com/ajax/libs/dayjs/1.11.18/plugin/weekOfYear.js
fb836dd2b61e16cbb772ad0de6febaedbbf7345f32efe0b1f7dbab63369e9e1c,https://cdnjs.cloudflare.com/ajax/libs/vue/3.5.22/vue.esm-browser.js
fbb985d22fdf157f3c163a75cc8b472fe83d38a882372487a1e45b439bc9560f,https://cdnjs.cloudflare.com/ajax/libs/moment.js/2.30.1/locale/en-il.min.js
fc05c7095e8bc8acbc1755aaee41178d4d9bc53cb440f6e4afd670a40235857f,https://cdnjs.cloudflare.com/ajax/libs/jose/6.1.0/jwe/flattened/decrypt.js
fc660648662e5ac37b337d16dfcc48393b5a0fbceacb14fa6bebda76eec7d60f,https://cdnjs.cloudflare.com/ajax/libs/cheerio/1.1.2/dist/browser/index.min.js
fc6654229cf3f6e6bb2aeb5b70dc4e6adf7f307575af9d15b7a31aab897a9988,https://cdnjs.cloudflare.com/ajax/libs/moment.js/2.30.1/locale/tk.js
fc6d5d441553b23b5ebc3c79896499a093a3285f1e6134a680b8899b5cca4c86,https://cdnjs.cloudflare.com/ajax/libs/moment.js/2.30.1/locale/ga.js
fc9a93dd241f6b045cbff0481cf4e1901becd0e12fb45166a8f17f95823f0b1a,https://cdnjs.cloudflare.com/ajax/libs/jquery/3.7.1/jquery.min.js
fca2d5560acb8de760ebc94679ff210056722af8193871e75176a61a977ac30f,https://cdnjs.cloudflare.com/ajax/libs/crypto-js/4.2.0/sha1.js
fcabc8c84e75bd15eb218842cc4584b975530e517b3a60c6da7a7b65320292a4,https://cdnjs.cloudflare.com/ajax/libs/react/19.1.1/cjs/react-compiler-runtime.production.min.js
fcabc8c84e75bd15eb218842cc4584b975530e517b3a60c6da7a7b65320292a4,https://cdnjs.cloudflare.com/ajax/libs/react/19.1.1/cjs/react-compiler-runtime.profiling.min.js
fcd6166981435cc01bdfd2fb8f9e2773acfb144ab8c47e0c71473d9bdee755b0,https://cdnjs.cloudflare.com/ajax/libs/crypto-js/4.2.0/mode-ctr-gladman.js
fcec28aed943d38d78032c66eba232baddb77b60efe08e514dca80812063039e,https://cdnjs.cloudflare.com/ajax/libs/date-fns/4.1.0/locale/sr-Latn/cdn.js
fd37a8624597c5431a01ae5fe67f20d5e4e5c363ac9ac6d82da0a2885c170fb6,https://cdnjs.cloudflare.com/ajax/libs/prism/9000.0.1/components/prism-nasm.js
fd83804cc95c776d5460550ff52ed17f1cf1f6463e02224c772e95060b1e45ee,https://cdnjs.cloudflare.com/ajax/libs/dayjs/1.11.18/locale/sr-cyrl.min.js
fd8e4e42c7392715338630566b0fa802ae32881b59e7e2a125b1bf5af4451665,https://cdnjs.cloudflare.com/ajax/libs/prism/9000.0.1/components/prism-c.js
fd90b83693a92f476378c83f696ec597b72410f70d9811c215c65a87b452a06a,https://cdnjs.cloudflare.com/ajax/libs/moment.js/2.30.1/locale/hi.min.js
fda0dc90f12b1db8ea0c792c2a2cd18657a8f555b6d8b5d1d415b6122cdf6ad5,https://cdnjs.cloudflare.com/ajax/libs/date-fns/4.1.0/locale/ru/cdn.js
fda9ab9d4c8d70d4c5e54a119aefc34caa2447a9d00ab41dd4daff9437a380ad,https://cdnjs.cloudflare.com/ajax/libs/prism/9000.0.1/components/prism-fsharp.min.js
fdb08546776ec6228b03e8d02b40d4ab3255bae5f401adba7ff5dad927ac5c9c,https://cdnjs.cloudflare.com/ajax/libs/acorn/8.15.0/acorn.js
fdb8a12d4dd7214ae05d7aa4f153eb8a1686fc5b16b3c15903216c2ef5778076,https://cdnjs.cloudflare.com/ajax/libs/prism/9000.0.1/components/prism-jsx.min.js
fdcb08f1b8c09bd76b047f90904114129bcc5f1fcc08a897ec297300df9f4016,https://cdnjs.cloudflare.com/ajax/libs/dayjs/1.11.18/locale/mn.min.js
fdf8cb41cc4c645e798a13c26469d524b4cf418b4d49d237c10aed6b1f541c78,https://cdnjs.cloudflare.com/ajax/libs/react/19.1.1/cjs/react.react-server.production.min.js
fe004deb8ee328131762f95614b62ae70bc1f91f5ea9d31e621edd1371886993,https://cdnjs.cloudflare.com/ajax/libs/popper.js/2.11.8/esm/utils/getVariation.min.js
fe0b236b19abf68032446b695cc9435fe77f3de373ea4ec11d66933a11f7e67b,https://cdnjs.cloudflare.com/ajax/libs/request/2.88.2/lib/har.js
fe144565804557ca5f159e4f98f20d89a1243452fee8d5f0b89c2f963e0482a5,https://cdnjs.cloudflare.com/ajax/libs/prism/9000.0.1/components/prism-c.min.js
fe19dcc22695007cccbd794f859676e9d25356d48be2fe1a158650405a34e81f,https://cdnjs.cloudflare.com/ajax/libs/marked/16.3.0/lib/marked.umd.min.js
fe563cdd2c31c9134af5528834125aaadd9a100c8d8c2a7dd344a1e50b85e9a9,https://cdnjs.cloudflare.com/ajax/libs/moment.js/2.30.1/locale/eu.min.js
fe5774e4d8b81be61a8e088f81badc0162068a4c32865e4ad633b8c87e7f19b1,https://cdnjs.cloudflare.com/ajax/libs/prism/9000.0.1/plugins/ie8/prism-ie8.js
fe6751abb24df5f7f5a46c3ba0f83b3ff83512451419f6607a3bd81d00987782,https://cdnjs.cloudflare.com/ajax/libs/date-fns/4.1.0/locale/gd/cdn.min.js
fe685708738b876c2e06637caa0e4bb989e948e61bffd4689b1ab46762ffed2e,https://cdnjs.cloudflare.com/ajax/libs/prism/9000.0.1/components/prism-nsis.min.js
fe7f2bd9960526c0c5d8ccd01464747a15c9884bf3cc7a7fa8a5bbca1988c361,https://cdnjs.cloudflare.com/ajax/libs/fuse.js/7.1.0/fuse.basic.js
fea0f9f886c2cbbf8ebb9867c9375340e8de4594d15fea63b6e2c34a29a7d6a9,https://cdnjs.cloudflare.com/ajax/libs/preact/10.27.2/compat.umd.min.js
feaa780a74238395ad2247c56c07c8fd0cc83f8b36adc9da16540768fb1d7272,https://cdnjs.cloudflare.com/ajax/libs/dayjs/1.11.18/locale/eu.min.js
ff2dc3f235ca775506026287041f5de56d2c9e4b7fe30ce43b4222a606984d59,https://cdnjs.cloudflare.com/ajax/libs/cheerio/1.1.2/dist/commonjs/options.min.js
ff2e8352962c2d13d114356c863701f2473651f6491639e1826ab417d0377f90,https://cdnjs.cloudflare.com/ajax/libs/moment.js/2.30.1/locale/sl.js
ff322c0caf88fcccb03c196d4b4faa6e367494a2b53fca612d64aea6076734df,https://cdnjs.cloudflare.com/ajax/libs/prism/9000.0.1/plugins/line-numbers/prism-line-numbers.js
ff5ebf00d100f610caa956ea22c45584e34067f762c2e9811326d5903ccd819c,https://cdnjs.cloudflare.com/ajax/libs/moment.js/2.30.1/locale/gom-deva.js
ff67ae317e639b85d625c555caaed84dabe2083fc9e1dad66ae67345157cc0a1,https://cdnjs.cloudflare.com/ajax/libs/moment.js/2.30.1/locale/fy.min.js
ffce8dc6b782620c6238a5b2280c5a98f6bef8c77fa80e581fac8cce0f08effe,https://cdnjs.cloudflare.com/ajax/libs/crypto-js/4.2.0/md5.js
ffd3d7eb16c537f3f7c74fb8ffed7d955dc8303b1a011f79951fda64a7555886,https://cdnjs.cloudflare.com/ajax/libs/dayjs/1.11.18/locale/ar-tn.js
fff0c0fbfb7c7caae9a0b4c6866550ead213c3e18ff516c5208578b68d40408d,https://cdnjs.cloudflare.com/ajax/libs/dayjs/1.11.18/locale/zh-cn.min.js
ffffe512340e2af53afbb23f13ea6ac3cf61ea1c054ce1a837237443cdebb5f1,https://cdnjs.cloudflare.com/ajax/libs/dayjs/1.11.18/locale/be.min.js
