sha256,url
003e66d57aab065710954956a3ed038370b1cf420ab1994740b254bdfe4818fd,https://www.youtube.com/s/player/8c57fc20/player_ias.vflset/en_US/captions.js
003e66d57aab065710954956a3ed038370b1cf420ab1994740b254bdfe4818fd,https://www.youtube.com/s/player/51e03cf0/player_ias.vflset/en_US/captions.js
00f47f5bcaa08a1f242be6f6fbb776df9b82afc93861be138b5d0343bc23a7a1,https://www.youtube.com/s/player/ed93444a/player_ias.vflset/en_US/captions.js
00f47f5bcaa08a1f242be6f6fbb776df9b82afc93861be138b5d0343bc23a7a1,https://www.youtube.com/s/player/777857f0/player_ias.vflset/en_US/captions.js
00f47f5bcaa08a1f242be6f6fbb776df9b82afc93861be138b5d0343bc23a7a1,https://www.youtube.com/s/player/0e56f409/player_ias.vflset/en_US/captions.js
01b2c48ffcb9b37d78e594043f8e3e600510f3827aa9082d762260dff8a90b81,https://www.youtube.com/s/player/1fc62019/player_ias.vflset/en_US/base.js
01ea7fe6bf142e0561da8a9ea539b21ec62b2efdbd692909d86aa7ae334060e7,https://www.youtube.com/s/player/7929661f/player_ias.vflset/en_US/base.js
01ed7b6d598f2a212db5ef522658e61a4568c688671abfed40f46efb1cfea5f1,https://www.youtube.com/s/player/0675bd00/player_ias.vflset/en_US/captions.js
01ed7b6d598f2a212db5ef522658e61a4568c688671abfed40f46efb1cfea5f1,https://www.youtube.com/s/player/3510b6ff/player_ias.vflset/en_US/captions.js
02e02fbbc9c201214a339a09fc333497e33754b9071ecc033092ac1228c59a1c,https://www.youtube.com/s/player/3e133d8d/player_ias.vflset/en_US/base.js
035ba0d35092ec4528f2907aae1112c10531ac3ab4d13761534da2ebdfe7b28d,https://www.youtube.com/s/player/fd1b5dc8/player_ias.vflset/en_US/base.js
0374d2be61258da46d7211701d7f4e2e76ca551dae7a66ee214e263e987f00dc,https://www.youtube.com/s/player/b3613e85/player_ias.vflset/en_US/base.js
03a260815cdf5c5f847236522ef17ad5675c096a41d98ee66b1ef878326064db,https://www.youtube.com/s/player/50cc0679/player_ias.vflset/en_US/base.js
0411085cafb90d679e25b0a71b58d9bdc8102d6e0266be4f79656b4d3cf7f1e7,https://www.youtube.com/s/player/a57ec7c6/player_ias.vflset/en_US/base.js
04c8f32ab2ea59bedc39b22ef4d680978f171842bb505c9174ef5f174717c31a,https://www.youtube.com/s/player/fa26f70e/player_ias.vflset/en_US/base.js
04db4acdaa2dfe2a2ce5aed9edbe19ad070c22dd1bf7a56247c60285a4b29f01,https://www.youtube.com/s/player/89e685a2/player_ias.vflset/en_US/captions.js
05f1153280ed82c11c6c7e6474f69194f0956f4a34fc532a6411a50a324abf5d,https://www.youtube.com/s/player/4eecba16/player_ias.vflset/en_US/base.js
06329316bc34fe539e7afbed70f36f8d110ed8f0c3fce7e6d92174c670f36c62,https://www.youtube.com/s/player/f57a8142/player_ias.vflset/en_US/base.js
0672ffefcc4b92982b120ea6f05df38c9224203d900554e484b7ae76d4174948,https://www.youtube.com/s/player/8c57fc20/player_ias.vflset/en_US/base.js
06964fc80f4e0fadc529bf9eb897e3d13565d32407133925068c48ad027e540b,https://www.youtube.com/s/player/f00d1fdd/player_ias.vflset/en_US/base.js
06d33b2bc2ec618de4e2679fad997a1f57f1b889b1212ebfa394d42805bae301,https://www.youtube.com/s/player/f104ea90/player_ias.vflset/en_US/captions.js
077407914764f6c533b1391691eeb51fd8d23c515b4a790e12fdf4533c0ea05b,https://www.youtube.com/s/player/1703d336/player_ias.vflset/en_US/captions.js
077cb733bd15ca0bd3588e16b92cf20062317c6cec946146529abb0c646de1dc,https://www.youtube.com/s/player/5af2a490/player_ias.vflset/en_US/captions.js
07daa896799c7411646f30f9f974979ab20f9d4da2393eaf7eb2f10022ed516e,https://www.youtube.com/s/player/e7573094/player_ias.vflset/en_US/captions.js
0887f2de7869c5230873caa188ed475c05fffaa976a8ae8a2c6541b112686020,https://www.youtube.com/s/player/bda6277d/player_ias.vflset/en_US/base.js
08ea0720ba51224860efef5d08af9d36318a72d185df007afeec81e2622126a0,https://www.youtube.com/s/player/96225f5f/player_ias.vflset/en_US/base.js
0911d847fc971f0a3bf2df8d70fdc79e8868979b76fea0442aba5a5576595b9f,https://www.youtube.com/s/player/2a850cbf/player_ias.vflset/en_US/base.js
091f5cde02871f99f67f21c0e8368cf7a9971c000ea6a3557ae4a472469f05af,https://www.youtube.com/s/player/0006d355/player_ias.vflset/en_US/base.js
0988516440bd970f366e04e49e577581b120e6b18e9188d64611c0ecc3f58c3f,https://www.youtube.com/s/player/5d93cfdb/player_ias.vflset/en_US/captions.js
0a22388ac5cfabcf9cbc2b0e38a327efb69e8c13e0bf7bcccfe6f53dadf9a0b7,https://www.youtube.com/s/player/d759498c/player_ias.vflset/en_US/base.js
0a9e588b146a6a5a718c4c8ac71c866246df2ebc7a069cf1305886780f8dff7b,https://www.youtube.com/s/player/7f3b257d/player_ias.vflset/en_US/base.js
0b16715b64ac96189f823d1eb4b30c19ce0629151fd16891a132687fb091f5a2,https://www.youtube.com/s/player/c816c7d8/player_ias.vflset/en_US/base.js
0b2ceeb4f11160b6c478ce671b8d49848094272df335b9eb625ed9bb6077583b,https://www.youtube.com/s/player/9f4cc5e4/player_ias.vflset/en_US/captions.js
0b2ceeb4f11160b6c478ce671b8d49848094272df335b9eb625ed9bb6077583b,https://www.youtube.com/s/player/c34f8c34/player_ias.vflset/en_US/captions.js
0bd45ca92d3dfb6aeba448c3cd06b24008462b42cbd6c471f1b11e24106ed52d,https://www.youtube.com/s/player/23ba8f45/player_ias.vflset/en_US/base.js
0be368fb9e59cc34337c4f046d31c00b3241f84f653f885bb643ac2ef3305482,https://www.youtube.com/s/player/8d89ad35/player_ias.vflset/en_US/base.js
0bea0e1e1f68eecf2f6db97c3ef90e7af84bc7cb51886813091c79048d7b9913,https://www.youtube.com/s/player/207c58dc/player_ias.vflset/en_US/base.js
0c255a8b674998c23c6957ef9855a8058da4b903e9eb5cf7046234a36a7fb92c,https://www.youtube.com/s/player/eace5bba/player_ias.vflset/en_US/base.js
0c9879e00a8fede4e63998ef7257f59ce9f4dcea2fe671f2b82d1fe2893825df,https://www.youtube.com/s/player/ca8b6ef4/player_ias.vflset/en_US/base.js
0cc4c5969cfd47a97738520d7d41807520587895debd96b53696b12fde6b5d16,https://www.youtube.com/s/player/ea7a7460/player_ias.vflset/en_US/captions.js
0cec3b4001a1ae253c1ec9050ca7c239b9010a4ea7d5fe6f9c9ca05c060740e0,https://www.youtube.com/s/player/cd78997d/player_ias.vflset/en_US/base.js
0d1072cc0c113df207454ae713e802ee399761c2f2f2c7f6a710b5a01e7a525e,https://www.youtube.com/s/player/bb52fe90/player_ias.vflset/en_US/base.js
0d76ca253f42f56623e98e9bc7343c8e55b7e0b571cf3a1707ba16c4880923db,https://www.youtube.com/s/player/c34f8c34/player_ias.vflset/en_US/base.js
0d994eb0e617b6087b915cb1bdc2bb56f40826f1b3d182277c0915aedec24671,https://www.youtube.com/s/player/a180bc4c/www-player.css
0d994eb0e617b6087b915cb1bdc2bb56f40826f1b3d182277c0915aedec24671,https://www.youtube-nocookie.com/s/player/a180bc4c/www-player.css
0d994eb0e617b6087b915cb1bdc2bb56f40826f1b3d182277c0915aedec24671,https://www.youtube.com/s/player/4b9ae131/www-player.css
0d994eb0e617b6087b915cb1bdc2bb56f40826f1b3d182277c0915aedec24671,https://www.youtube-nocookie.com/s/player/4b9ae131/www-player.css
0d994eb0e617b6087b915cb1bdc2bb56f40826f1b3d182277c0915aedec24671,https://www.youtube.com/s/player/1d014d3f/www-player.css
0d994eb0e617b6087b915cb1bdc2bb56f40826f1b3d182277c0915aedec24671,https://www.youtube-nocookie.com/s/player/1d014d3f/www-player.css
0d994eb0e617b6087b915cb1bdc2bb56f40826f1b3d182277c0915aedec24671,https://www.youtube.com/s/player/be00faec/www-player.css
0d994eb0e617b6087b915cb1bdc2bb56f40826f1b3d182277c0915aedec24671,https://www.youtube-nocookie.com/s/player/be00faec/www-player.css
0d994eb0e617b6087b915cb1bdc2bb56f40826f1b3d182277c0915aedec24671,https://www.youtube.com/s/player/b443d9d5/www-player.css
0d994eb0e617b6087b915cb1bdc2bb56f40826f1b3d182277c0915aedec24671,https://www.youtube-nocookie.com/s/player/b443d9d5/www-player.css
0d994eb0e617b6087b915cb1bdc2bb56f40826f1b3d182277c0915aedec24671,https://www.youtube.com/s/player/c4507267/www-player.css
0d994eb0e617b6087b915cb1bdc2bb56f40826f1b3d182277c0915aedec24671,https://www.youtube-nocookie.com/s/player/c4507267/www-player.css
0d994eb0e617b6087b915cb1bdc2bb56f40826f1b3d182277c0915aedec24671,https://www.youtube.com/s/player/3f925417/www-player.css
0d994eb0e617b6087b915cb1bdc2bb56f40826f1b3d182277c0915aedec24671,https://www.youtube-nocookie.com/s/player/3f925417/www-player.css
0d994eb0e617b6087b915cb1bdc2bb56f40826f1b3d182277c0915aedec24671,https://www.youtube.com/s/player/a5ff8620/www-player.css
0d994eb0e617b6087b915cb1bdc2bb56f40826f1b3d182277c0915aedec24671,https://www.youtube-nocookie.com/s/player/a5ff8620/www-player.css
0d994eb0e617b6087b915cb1bdc2bb56f40826f1b3d182277c0915aedec24671,https://www.youtube.com/s/player/55b1ff8b/www-player.css
0d994eb0e617b6087b915cb1bdc2bb56f40826f1b3d182277c0915aedec24671,https://www.youtube-nocookie.com/s/player/55b1ff8b/www-player.css
0d994eb0e617b6087b915cb1bdc2bb56f40826f1b3d182277c0915aedec24671,https://www.youtube.com/s/player/6f3fcd4c/www-player.css
0d994eb0e617b6087b915cb1bdc2bb56f40826f1b3d182277c0915aedec24671,https://www.youtube-nocookie.com/s/player/6f3fcd4c/www-player.css
0d994eb0e617b6087b915cb1bdc2bb56f40826f1b3d182277c0915aedec24671,https://www.youtube.com/s/player/d11f06d8/www-player.css
0d994eb0e617b6087b915cb1bdc2bb56f40826f1b3d182277c0915aedec24671,https://www.youtube-nocookie.com/s/player/d11f06d8/www-player.css
0d994eb0e617b6087b915cb1bdc2bb56f40826f1b3d182277c0915aedec24671,https://www.youtube.com/s/player/3db16eda/www-player.css
0d994eb0e617b6087b915cb1bdc2bb56f40826f1b3d182277c0915aedec24671,https://www.youtube-nocookie.com/s/player/3db16eda/www-player.css
0d994eb0e617b6087b915cb1bdc2bb56f40826f1b3d182277c0915aedec24671,https://www.youtube.com/s/player/669cd14f/www-player.css
0d994eb0e617b6087b915cb1bdc2bb56f40826f1b3d182277c0915aedec24671,https://www.youtube-nocookie.com/s/player/669cd14f/www-player.css
0d994eb0e617b6087b915cb1bdc2bb56f40826f1b3d182277c0915aedec24671,https://www.youtube.com/s/player/35df120f/www-player.css
0d994eb0e617b6087b915cb1bdc2bb56f40826f1b3d182277c0915aedec24671,https://www.youtube-nocookie.com/s/player/35df120f/www-player.css
0d994eb0e617b6087b915cb1bdc2bb56f40826f1b3d182277c0915aedec24671,https://www.youtube.com/s/player/56af1322/www-player.css
0d994eb0e617b6087b915cb1bdc2bb56f40826f1b3d182277c0915aedec24671,https://www.youtube-nocookie.com/s/player/56af1322/www-player.css
0d994eb0e617b6087b915cb1bdc2bb56f40826f1b3d182277c0915aedec24671,https://www.youtube.com/s/player/f00d1fdd/www-player.css
0d994eb0e617b6087b915cb1bdc2bb56f40826f1b3d182277c0915aedec24671,https://www.youtube-nocookie.com/s/player/f00d1fdd/www-player.css
0d994eb0e617b6087b915cb1bdc2bb56f40826f1b3d182277c0915aedec24671,https://www.youtube.com/s/player/2d01abf7/www-player.css
0d994eb0e617b6087b915cb1bdc2bb56f40826f1b3d182277c0915aedec24671,https://www.youtube-nocookie.com/s/player/2d01abf7/www-player.css
0d994eb0e617b6087b915cb1bdc2bb56f40826f1b3d182277c0915aedec24671,https://www.youtube.com/s/player/82e5a015/www-player.css
0d994eb0e617b6087b915cb1bdc2bb56f40826f1b3d182277c0915aedec24671,https://www.youtube-nocookie.com/s/player/82e5a015/www-player.css
0d994eb0e617b6087b915cb1bdc2bb56f40826f1b3d182277c0915aedec24671,https://www.youtube.com/s/player/ec6f9bb5/www-player.css
0d994eb0e617b6087b915cb1bdc2bb56f40826f1b3d182277c0915aedec24671,https://www.youtube-nocookie.com/s/player/ec6f9bb5/www-player.css
0d994eb0e617b6087b915cb1bdc2bb56f40826f1b3d182277c0915aedec24671,https://www.youtube.com/s/player/be5a4839/www-player.css
0d994eb0e617b6087b915cb1bdc2bb56f40826f1b3d182277c0915aedec24671,https://www.youtube-nocookie.com/s/player/be5a4839/www-player.css
0d994eb0e617b6087b915cb1bdc2bb56f40826f1b3d182277c0915aedec24671,https://www.youtube.com/s/player/9c3bdbc5/www-player.css
0d994eb0e617b6087b915cb1bdc2bb56f40826f1b3d182277c0915aedec24671,https://www.youtube-nocookie.com/s/player/9c3bdbc5/www-player.css
0d994eb0e617b6087b915cb1bdc2bb56f40826f1b3d182277c0915aedec24671,https://www.youtube.com/s/player/25f11721/www-player.css
0d994eb0e617b6087b915cb1bdc2bb56f40826f1b3d182277c0915aedec24671,https://www.youtube-nocookie.com/s/player/25f11721/www-player.css
0d994eb0e617b6087b915cb1bdc2bb56f40826f1b3d182277c0915aedec24671,https://www.youtube.com/s/player/efa2c4f5/www-player.css
0d994eb0e617b6087b915cb1bdc2bb56f40826f1b3d182277c0915aedec24671,https://www.youtube-nocookie.com/s/player/efa2c4f5/www-player.css
0d994eb0e617b6087b915cb1bdc2bb56f40826f1b3d182277c0915aedec24671,https://www.youtube.com/s/player/e0dc87a1/www-player.css
0d994eb0e617b6087b915cb1bdc2bb56f40826f1b3d182277c0915aedec24671,https://www.youtube-nocookie.com/s/player/e0dc87a1/www-player.css
0d994eb0e617b6087b915cb1bdc2bb56f40826f1b3d182277c0915aedec24671,https://www.youtube.com/s/player/551c312f/www-player.css
0d994eb0e617b6087b915cb1bdc2bb56f40826f1b3d182277c0915aedec24671,https://www.youtube-nocookie.com/s/player/551c312f/www-player.css
0d994eb0e617b6087b915cb1bdc2bb56f40826f1b3d182277c0915aedec24671,https://www.youtube.com/s/player/4d9ffdf8/www-player.css
0d994eb0e617b6087b915cb1bdc2bb56f40826f1b3d182277c0915aedec24671,https://www.youtube-nocookie.com/s/player/4d9ffdf8/www-player.css
0d994eb0e617b6087b915cb1bdc2bb56f40826f1b3d182277c0915aedec24671,https://www.youtube.com/s/player/0727df12/www-player.css
0d994eb0e617b6087b915cb1bdc2bb56f40826f1b3d182277c0915aedec24671,https://www.youtube-nocookie.com/s/player/0727df12/www-player.css
0d994eb0e617b6087b915cb1bdc2bb56f40826f1b3d182277c0915aedec24671,https://www.youtube.com/s/player/74be5b62/www-player.css
0d994eb0e617b6087b915cb1bdc2bb56f40826f1b3d182277c0915aedec24671,https://www.youtube-nocookie.com/s/player/74be5b62/www-player.css
0d994eb0e617b6087b915cb1bdc2bb56f40826f1b3d182277c0915aedec24671,https://www.youtube.com/s/player/c5a4a312/www-player.css
0d994eb0e617b6087b915cb1bdc2bb56f40826f1b3d182277c0915aedec24671,https://www.youtube-nocookie.com/s/player/c5a4a312/www-player.css
0d994eb0e617b6087b915cb1bdc2bb56f40826f1b3d182277c0915aedec24671,https://www.youtube.com/s/player/5c692b33/www-player.css
0d994eb0e617b6087b915cb1bdc2bb56f40826f1b3d182277c0915aedec24671,https://www.youtube-nocookie.com/s/player/5c692b33/www-player.css
0d994eb0e617b6087b915cb1bdc2bb56f40826f1b3d182277c0915aedec24671,https://www.youtube.com/s/player/3859fa39/www-player.css
0d994eb0e617b6087b915cb1bdc2bb56f40826f1b3d182277c0915aedec24671,https://www.youtube-nocookie.com/s/player/3859fa39/www-player.css
0d994eb0e617b6087b915cb1bdc2bb56f40826f1b3d182277c0915aedec24671,https://www.youtube.com/s/player/1680feb2/www-player.css
0d994eb0e617b6087b915cb1bdc2bb56f40826f1b3d182277c0915aedec24671,https://www.youtube-nocookie.com/s/player/1680feb2/www-player.css
0d994eb0e617b6087b915cb1bdc2bb56f40826f1b3d182277c0915aedec24671,https://www.youtube.com/s/player/16589d5e/www-player.css
0d994eb0e617b6087b915cb1bdc2bb56f40826f1b3d182277c0915aedec24671,https://www.youtube-nocookie.com/s/player/16589d5e/www-player.css
0d994eb0e617b6087b915cb1bdc2bb56f40826f1b3d182277c0915aedec24671,https://www.youtube.com/s/player/b1ac6210/www-player.css
0d994eb0e617b6087b915cb1bdc2bb56f40826f1b3d182277c0915aedec24671,https://www.youtube-nocookie.com/s/player/b1ac6210/www-player.css
0e0b381efb30929e3ef944b6e657e300fa0518e22cae9e3597448092b99dca1a,https://www.youtube.com/s/player/d95a0e03/player_ias.vflset/en_US/captions.js
0e0b381efb30929e3ef944b6e657e300fa0518e22cae9e3597448092b99dca1a,https://www.youtube.com/s/player/98fb51a3/player_ias.vflset/en_US/captions.js
0e29c58b5710db7ced553482437eab45c4ca9b6ea19dc4a4e8c87b71a2d8bc51,https://www.youtube.com/s/player/2721aa5c/player_ias.vflset/en_US/captions.js
0e29c58b5710db7ced553482437eab45c4ca9b6ea19dc4a4e8c87b71a2d8bc51,https://www.youtube.com/s/player/3544d5aa/player_ias.vflset/en_US/captions.js
0f06514546f3f8ea7418db5a1a3d5418c5297bee86320633848bf00343c051ad,https://www.youtube.com/s/player/c80790c5/www-player.css
0f06514546f3f8ea7418db5a1a3d5418c5297bee86320633848bf00343c051ad,https://www.youtube-nocookie.com/s/player/c80790c5/www-player.css
0f06514546f3f8ea7418db5a1a3d5418c5297bee86320633848bf00343c051ad,https://www.youtube.com/s/player/96225f5f/www-player.css
0f06514546f3f8ea7418db5a1a3d5418c5297bee86320633848bf00343c051ad,https://www.youtube-nocookie.com/s/player/96225f5f/www-player.css
0f06514546f3f8ea7418db5a1a3d5418c5297bee86320633848bf00343c051ad,https://www.youtube.com/s/player/5af2a490/www-player.css
0f06514546f3f8ea7418db5a1a3d5418c5297bee86320633848bf00343c051ad,https://www.youtube-nocookie.com/s/player/5af2a490/www-player.css
0f36cf034379b88ae4becd4476a04bb5a5431e501592b48d618888754cdb09ed,https://www.youtube.com/s/player/e9af09a2/player_ias.vflset/en_US/base.js
0f4a1767369979353fe30214966e282a2c7854ad1b09edac933f9ab099df3c04,https://www.youtube.com/s/player/79fcc67d/player_ias.vflset/en_US/base.js
101cdf7175df7ff3d6621bd637c8e72da0a0ecf4c89297e498ffe4dc27e47e4e,https://www.youtube.com/s/player/bce13099/player_ias.vflset/en_US/captions.js
10694cb32f15139aae7bcd827de5776dce1676e30306e6d3b0736ca6b32a08d3,https://www.youtube.com/s/player/3bf393b6/player_ias.vflset/en_US/base.js
1074e75f7621bc7e5e6c75ffbeea96f6fa9f266029361ba4124dd4d3baa69fef,https://www.youtube.com/s/player/2a850cbf/www-player.css
1074e75f7621bc7e5e6c75ffbeea96f6fa9f266029361ba4124dd4d3baa69fef,https://www.youtube-nocookie.com/s/player/2a850cbf/www-player.css
1074e75f7621bc7e5e6c75ffbeea96f6fa9f266029361ba4124dd4d3baa69fef,https://www.youtube.com/s/player/16886a7c/www-player.css
1074e75f7621bc7e5e6c75ffbeea96f6fa9f266029361ba4124dd4d3baa69fef,https://www.youtube-nocookie.com/s/player/16886a7c/www-player.css
1074e75f7621bc7e5e6c75ffbeea96f6fa9f266029361ba4124dd4d3baa69fef,https://www.youtube.com/s/player/8c20e431/www-player.css
1074e75f7621bc7e5e6c75ffbeea96f6fa9f266029361ba4124dd4d3baa69fef,https://www.youtube-nocookie.com/s/player/8c20e431/www-player.css
1074e75f7621bc7e5e6c75ffbeea96f6fa9f266029361ba4124dd4d3baa69fef,https://www.youtube.com/s/player/e7d74527/www-player.css
1074e75f7621bc7e5e6c75ffbeea96f6fa9f266029361ba4124dd4d3baa69fef,https://www.youtube-nocookie.com/s/player/e7d74527/www-player.css
1074e75f7621bc7e5e6c75ffbeea96f6fa9f266029361ba4124dd4d3baa69fef,https://www.youtube.com/s/player/69e2a55d/www-player.css
1074e75f7621bc7e5e6c75ffbeea96f6fa9f266029361ba4124dd4d3baa69fef,https://www.youtube-nocookie.com/s/player/69e2a55d/www-player.css
1074e75f7621bc7e5e6c75ffbeea96f6fa9f266029361ba4124dd4d3baa69fef,https://www.youtube.com/s/player/bac06df9/www-player.css
1074e75f7621bc7e5e6c75ffbeea96f6fa9f266029361ba4124dd4d3baa69fef,https://www.youtube-nocookie.com/s/player/bac06df9/www-player.css
1074e75f7621bc7e5e6c75ffbeea96f6fa9f266029361ba4124dd4d3baa69fef,https://www.youtube.com/s/player/ea7a7460/www-player.css
1074e75f7621bc7e5e6c75ffbeea96f6fa9f266029361ba4124dd4d3baa69fef,https://www.youtube-nocookie.com/s/player/ea7a7460/www-player.css
1074e75f7621bc7e5e6c75ffbeea96f6fa9f266029361ba4124dd4d3baa69fef,https://www.youtube.com/s/player/fa26f70e/www-player.css
1074e75f7621bc7e5e6c75ffbeea96f6fa9f266029361ba4124dd4d3baa69fef,https://www.youtube-nocookie.com/s/player/fa26f70e/www-player.css
1074e75f7621bc7e5e6c75ffbeea96f6fa9f266029361ba4124dd4d3baa69fef,https://www.youtube.com/s/player/e5ae3fff/www-player.css
1074e75f7621bc7e5e6c75ffbeea96f6fa9f266029361ba4124dd4d3baa69fef,https://www.youtube-nocookie.com/s/player/e5ae3fff/www-player.css
1074e75f7621bc7e5e6c75ffbeea96f6fa9f266029361ba4124dd4d3baa69fef,https://www.youtube.com/s/player/f1ddd097/www-player.css
1074e75f7621bc7e5e6c75ffbeea96f6fa9f266029361ba4124dd4d3baa69fef,https://www.youtube-nocookie.com/s/player/f1ddd097/www-player.css
1074e75f7621bc7e5e6c75ffbeea96f6fa9f266029361ba4124dd4d3baa69fef,https://www.youtube.com/s/player/82ae1e3c/www-player.css
1074e75f7621bc7e5e6c75ffbeea96f6fa9f266029361ba4124dd4d3baa69fef,https://www.youtube-nocookie.com/s/player/82ae1e3c/www-player.css
1074e75f7621bc7e5e6c75ffbeea96f6fa9f266029361ba4124dd4d3baa69fef,https://www.youtube.com/s/player/06459dfc/www-player.css
1074e75f7621bc7e5e6c75ffbeea96f6fa9f266029361ba4124dd4d3baa69fef,https://www.youtube-nocookie.com/s/player/06459dfc/www-player.css
1074e75f7621bc7e5e6c75ffbeea96f6fa9f266029361ba4124dd4d3baa69fef,https://www.youtube.com/s/player/5d6c9da0/www-player.css
1074e75f7621bc7e5e6c75ffbeea96f6fa9f266029361ba4124dd4d3baa69fef,https://www.youtube-nocookie.com/s/player/5d6c9da0/www-player.css
1074e75f7621bc7e5e6c75ffbeea96f6fa9f266029361ba4124dd4d3baa69fef,https://www.youtube.com/s/player/c6e9bca4/www-player.css
1074e75f7621bc7e5e6c75ffbeea96f6fa9f266029361ba4124dd4d3baa69fef,https://www.youtube-nocookie.com/s/player/c6e9bca4/www-player.css
1074e75f7621bc7e5e6c75ffbeea96f6fa9f266029361ba4124dd4d3baa69fef,https://www.youtube.com/s/player/04586e8e/www-player.css
1074e75f7621bc7e5e6c75ffbeea96f6fa9f266029361ba4124dd4d3baa69fef,https://www.youtube-nocookie.com/s/player/04586e8e/www-player.css
1074e75f7621bc7e5e6c75ffbeea96f6fa9f266029361ba4124dd4d3baa69fef,https://www.youtube.com/s/player/0006d355/www-player.css
1074e75f7621bc7e5e6c75ffbeea96f6fa9f266029361ba4124dd4d3baa69fef,https://www.youtube-nocookie.com/s/player/0006d355/www-player.css
1074e75f7621bc7e5e6c75ffbeea96f6fa9f266029361ba4124dd4d3baa69fef,https://www.youtube.com/s/player/658ecde4/www-player.css
1074e75f7621bc7e5e6c75ffbeea96f6fa9f266029361ba4124dd4d3baa69fef,https://www.youtube-nocookie.com/s/player/658ecde4/www-player.css
1074e75f7621bc7e5e6c75ffbeea96f6fa9f266029361ba4124dd4d3baa69fef,https://www.youtube.com/s/player/9d2ef9ef/www-player.css
1074e75f7621bc7e5e6c75ffbeea96f6fa9f266029361ba4124dd4d3baa69fef,https://www.youtube-nocookie.com/s/player/9d2ef9ef/www-player.css
1074e75f7621bc7e5e6c75ffbeea96f6fa9f266029361ba4124dd4d3baa69fef,https://www.youtube.com/s/player/880394d5/www-player.css
1074e75f7621bc7e5e6c75ffbeea96f6fa9f266029361ba4124dd4d3baa69fef,https://www.youtube-nocookie.com/s/player/880394d5/www-player.css
1074e75f7621bc7e5e6c75ffbeea96f6fa9f266029361ba4124dd4d3baa69fef,https://www.youtube.com/s/player/b9313b14/www-player.css
1074e75f7621bc7e5e6c75ffbeea96f6fa9f266029361ba4124dd4d3baa69fef,https://www.youtube-nocookie.com/s/player/b9313b14/www-player.css
1074e75f7621bc7e5e6c75ffbeea96f6fa9f266029361ba4124dd4d3baa69fef,https://www.youtube.com/s/player/08bf6746/www-player.css
1074e75f7621bc7e5e6c75ffbeea96f6fa9f266029361ba4124dd4d3baa69fef,https://www.youtube-nocookie.com/s/player/08bf6746/www-player.css
1074e75f7621bc7e5e6c75ffbeea96f6fa9f266029361ba4124dd4d3baa69fef,https://www.youtube.com/s/player/ef8f93ce/www-player.css
1074e75f7621bc7e5e6c75ffbeea96f6fa9f266029361ba4124dd4d3baa69fef,https://www.youtube-nocookie.com/s/player/ef8f93ce/www-player.css
1074e75f7621bc7e5e6c75ffbeea96f6fa9f266029361ba4124dd4d3baa69fef,https://www.youtube.com/s/player/12472e7f/www-player.css
1074e75f7621bc7e5e6c75ffbeea96f6fa9f266029361ba4124dd4d3baa69fef,https://www.youtube-nocookie.com/s/player/12472e7f/www-player.css
1074e75f7621bc7e5e6c75ffbeea96f6fa9f266029361ba4124dd4d3baa69fef,https://www.youtube.com/s/player/1943d24e/www-player.css
1074e75f7621bc7e5e6c75ffbeea96f6fa9f266029361ba4124dd4d3baa69fef,https://www.youtube-nocookie.com/s/player/1943d24e/www-player.css
1074e75f7621bc7e5e6c75ffbeea96f6fa9f266029361ba4124dd4d3baa69fef,https://www.youtube.com/s/player/2f47d04e/www-player.css
1074e75f7621bc7e5e6c75ffbeea96f6fa9f266029361ba4124dd4d3baa69fef,https://www.youtube-nocookie.com/s/player/2f47d04e/www-player.css
1074e75f7621bc7e5e6c75ffbeea96f6fa9f266029361ba4124dd4d3baa69fef,https://www.youtube.com/s/player/5cabb421/www-player.css
1074e75f7621bc7e5e6c75ffbeea96f6fa9f266029361ba4124dd4d3baa69fef,https://www.youtube-nocookie.com/s/player/5cabb421/www-player.css
1074e75f7621bc7e5e6c75ffbeea96f6fa9f266029361ba4124dd4d3baa69fef,https://www.youtube.com/s/player/9d55332c/www-player.css
1074e75f7621bc7e5e6c75ffbeea96f6fa9f266029361ba4124dd4d3baa69fef,https://www.youtube-nocookie.com/s/player/9d55332c/www-player.css
1074e75f7621bc7e5e6c75ffbeea96f6fa9f266029361ba4124dd4d3baa69fef,https://www.youtube.com/s/player/3b846ccb/www-player.css
1074e75f7621bc7e5e6c75ffbeea96f6fa9f266029361ba4124dd4d3baa69fef,https://www.youtube-nocookie.com/s/player/3b846ccb/www-player.css
1074e75f7621bc7e5e6c75ffbeea96f6fa9f266029361ba4124dd4d3baa69fef,https://www.youtube.com/s/player/7c23feb2/www-player.css
1074e75f7621bc7e5e6c75ffbeea96f6fa9f266029361ba4124dd4d3baa69fef,https://www.youtube-nocookie.com/s/player/7c23feb2/www-player.css
1074e75f7621bc7e5e6c75ffbeea96f6fa9f266029361ba4124dd4d3baa69fef,https://www.youtube.com/s/player/6d92eed5/www-player.css
1074e75f7621bc7e5e6c75ffbeea96f6fa9f266029361ba4124dd4d3baa69fef,https://www.youtube-nocookie.com/s/player/6d92eed5/www-player.css
1074e75f7621bc7e5e6c75ffbeea96f6fa9f266029361ba4124dd4d3baa69fef,https://www.youtube.com/s/player/6e3a87bf/www-player.css
1074e75f7621bc7e5e6c75ffbeea96f6fa9f266029361ba4124dd4d3baa69fef,https://www.youtube-nocookie.com/s/player/6e3a87bf/www-player.css
1074e75f7621bc7e5e6c75ffbeea96f6fa9f266029361ba4124dd4d3baa69fef,https://www.youtube.com/s/player/4f38b487/www-player.css
1074e75f7621bc7e5e6c75ffbeea96f6fa9f266029361ba4124dd4d3baa69fef,https://www.youtube-nocookie.com/s/player/4f38b487/www-player.css
1074e75f7621bc7e5e6c75ffbeea96f6fa9f266029361ba4124dd4d3baa69fef,https://www.youtube.com/s/player/f53077c5/www-player.css
1074e75f7621bc7e5e6c75ffbeea96f6fa9f266029361ba4124dd4d3baa69fef,https://www.youtube-nocookie.com/s/player/f53077c5/www-player.css
1074e75f7621bc7e5e6c75ffbeea96f6fa9f266029361ba4124dd4d3baa69fef,https://www.youtube.com/s/player/1ac41de2/www-player.css
1074e75f7621bc7e5e6c75ffbeea96f6fa9f266029361ba4124dd4d3baa69fef,https://www.youtube-nocookie.com/s/player/1ac41de2/www-player.css
1074e75f7621bc7e5e6c75ffbeea96f6fa9f266029361ba4124dd4d3baa69fef,https://www.youtube.com/s/player/ed1f8bcd/www-player.css
1074e75f7621bc7e5e6c75ffbeea96f6fa9f266029361ba4124dd4d3baa69fef,https://www.youtube-nocookie.com/s/player/ed1f8bcd/www-player.css
1074e75f7621bc7e5e6c75ffbeea96f6fa9f266029361ba4124dd4d3baa69fef,https://www.youtube.com/s/player/8d89ad35/www-player.css
1074e75f7621bc7e5e6c75ffbeea96f6fa9f266029361ba4124dd4d3baa69fef,https://www.youtube-nocookie.com/s/player/8d89ad35/www-player.css
1074e75f7621bc7e5e6c75ffbeea96f6fa9f266029361ba4124dd4d3baa69fef,https://www.youtube.com/s/player/96719157/www-player.css
1074e75f7621bc7e5e6c75ffbeea96f6fa9f266029361ba4124dd4d3baa69fef,https://www.youtube-nocookie.com/s/player/96719157/www-player.css
1074e75f7621bc7e5e6c75ffbeea96f6fa9f266029361ba4124dd4d3baa69fef,https://www.youtube.com/s/player/19b1fd9c/www-player.css
1074e75f7621bc7e5e6c75ffbeea96f6fa9f266029361ba4124dd4d3baa69fef,https://www.youtube-nocookie.com/s/player/19b1fd9c/www-player.css
1074e75f7621bc7e5e6c75ffbeea96f6fa9f266029361ba4124dd4d3baa69fef,https://www.youtube.com/s/player/9c249f6f/www-player.css
1074e75f7621bc7e5e6c75ffbeea96f6fa9f266029361ba4124dd4d3baa69fef,https://www.youtube-nocookie.com/s/player/9c249f6f/www-player.css
1074e75f7621bc7e5e6c75ffbeea96f6fa9f266029361ba4124dd4d3baa69fef,https://www.youtube.com/s/player/84fd6c82/www-player.css
1074e75f7621bc7e5e6c75ffbeea96f6fa9f266029361ba4124dd4d3baa69fef,https://www.youtube-nocookie.com/s/player/84fd6c82/www-player.css
1074e75f7621bc7e5e6c75ffbeea96f6fa9f266029361ba4124dd4d3baa69fef,https://www.youtube.com/s/player/d5f789e7/www-player.css
1074e75f7621bc7e5e6c75ffbeea96f6fa9f266029361ba4124dd4d3baa69fef,https://www.youtube-nocookie.com/s/player/d5f789e7/www-player.css
1074e75f7621bc7e5e6c75ffbeea96f6fa9f266029361ba4124dd4d3baa69fef,https://www.youtube.com/s/player/aa4449ca/www-player.css
1074e75f7621bc7e5e6c75ffbeea96f6fa9f266029361ba4124dd4d3baa69fef,https://www.youtube-nocookie.com/s/player/aa4449ca/www-player.css
1074e75f7621bc7e5e6c75ffbeea96f6fa9f266029361ba4124dd4d3baa69fef,https://www.youtube.com/s/player/4b0dda90/www-player.css
1074e75f7621bc7e5e6c75ffbeea96f6fa9f266029361ba4124dd4d3baa69fef,https://www.youtube-nocookie.com/s/player/4b0dda90/www-player.css
1074e75f7621bc7e5e6c75ffbeea96f6fa9f266029361ba4124dd4d3baa69fef,https://www.youtube.com/s/player/1b71165f/www-player.css
1074e75f7621bc7e5e6c75ffbeea96f6fa9f266029361ba4124dd4d3baa69fef,https://www.youtube-nocookie.com/s/player/1b71165f/www-player.css
1074e75f7621bc7e5e6c75ffbeea96f6fa9f266029361ba4124dd4d3baa69fef,https://www.youtube.com/s/player/033fd556/www-player.css
1074e75f7621bc7e5e6c75ffbeea96f6fa9f266029361ba4124dd4d3baa69fef,https://www.youtube-nocookie.com/s/player/033fd556/www-player.css
1074e75f7621bc7e5e6c75ffbeea96f6fa9f266029361ba4124dd4d3baa69fef,https://www.youtube.com/s/player/3bf393b6/www-player.css
1074e75f7621bc7e5e6c75ffbeea96f6fa9f266029361ba4124dd4d3baa69fef,https://www.youtube-nocookie.com/s/player/3bf393b6/www-player.css
1074e75f7621bc7e5e6c75ffbeea96f6fa9f266029361ba4124dd4d3baa69fef,https://www.youtube.com/s/player/ca8b6ef4/www-player.css
1074e75f7621bc7e5e6c75ffbeea96f6fa9f266029361ba4124dd4d3baa69fef,https://www.youtube-nocookie.com/s/player/ca8b6ef4/www-player.css
1074e75f7621bc7e5e6c75ffbeea96f6fa9f266029361ba4124dd4d3baa69fef,https://www.youtube.com/s/player/5fe6131f/www-player.css
1074e75f7621bc7e5e6c75ffbeea96f6fa9f266029361ba4124dd4d3baa69fef,https://www.youtube-nocookie.com/s/player/5fe6131f/www-player.css
107ef727206713bdfcb17d953f61a1ac8fd0d9466d228348f33acefe880711bb,https://www.youtube.com/s/player/70a17a5c/player_ias.vflset/en_US/base.js
10d2a23e4723d9d962aaf418830ca1dcd8c79069bdbf05c1ab0984b7676c6e22,https://www.youtube.com/s/player/82ae1e3c/player_ias.vflset/en_US/base.js
1107fed5bd17a8d3617a3e95ce7c11d1e77bdce56b578882e9f598e2d0582081,https://www.youtube.com/s/player/e78b6727/player_ias.vflset/en_US/base.js
11aa7946df12674187e45a29c8a083a30cefb5e625985b2405c1d0fb710e56b2,https://www.youtube.com/s/player/d6afc319/www-widgetapi.vflset/www-widgetapi.js
11aa7946df12674187e45a29c8a083a30cefb5e625985b2405c1d0fb710e56b2,https://www.youtube.com/s/player/ed3f6ea5/www-widgetapi.vflset/www-widgetapi.js
11aa7946df12674187e45a29c8a083a30cefb5e625985b2405c1d0fb710e56b2,https://www.youtube.com/s/player/42c5570b/www-widgetapi.vflset/www-widgetapi.js
11aa7946df12674187e45a29c8a083a30cefb5e625985b2405c1d0fb710e56b2,https://www.youtube.com/s/player/fcf70340/www-widgetapi.vflset/www-widgetapi.js
11aa7946df12674187e45a29c8a083a30cefb5e625985b2405c1d0fb710e56b2,https://www.youtube.com/s/player/acf964b9/www-widgetapi.vflset/www-widgetapi.js
11aa7946df12674187e45a29c8a083a30cefb5e625985b2405c1d0fb710e56b2,https://www.youtube.com/s/player/146d3747/www-widgetapi.vflset/www-widgetapi.js
11aa7946df12674187e45a29c8a083a30cefb5e625985b2405c1d0fb710e56b2,https://www.youtube.com/s/player/c1c87fb0/www-widgetapi.vflset/www-widgetapi.js
11aa7946df12674187e45a29c8a083a30cefb5e625985b2405c1d0fb710e56b2,https://www.youtube.com/s/player/627e46f5/www-widgetapi.vflset/www-widgetapi.js
11aa7946df12674187e45a29c8a083a30cefb5e625985b2405c1d0fb710e56b2,https://www.youtube.com/s/player/1c3a131b/www-widgetapi.vflset/www-widgetapi.js
11aa7946df12674187e45a29c8a083a30cefb5e625985b2405c1d0fb710e56b2,https://www.youtube.com/s/player/0e380a3c/www-widgetapi.vflset/www-widgetapi.js
11aa7946df12674187e45a29c8a083a30cefb5e625985b2405c1d0fb710e56b2,https://www.youtube.com/s/player/a0f30157/www-widgetapi.vflset/www-widgetapi.js
11aa7946df12674187e45a29c8a083a30cefb5e625985b2405c1d0fb710e56b2,https://www.youtube.com/s/player/b95b0e7a/www-widgetapi.vflset/www-widgetapi.js
11aa7946df12674187e45a29c8a083a30cefb5e625985b2405c1d0fb710e56b2,https://www.youtube.com/s/player/e78b6727/www-widgetapi.vflset/www-widgetapi.js
11aa7946df12674187e45a29c8a083a30cefb5e625985b2405c1d0fb710e56b2,https://www.youtube.com/s/player/48ba8ecf/www-widgetapi.vflset/www-widgetapi.js
11aa7946df12674187e45a29c8a083a30cefb5e625985b2405c1d0fb710e56b2,https://www.youtube.com/s/player/58b06374/www-widgetapi.vflset/www-widgetapi.js
11aa7946df12674187e45a29c8a083a30cefb5e625985b2405c1d0fb710e56b2,https://www.youtube.com/s/player/cb975c6f/www-widgetapi.vflset/www-widgetapi.js
11aa7946df12674187e45a29c8a083a30cefb5e625985b2405c1d0fb710e56b2,https://www.youtube.com/s/player/b75a8e80/www-widgetapi.vflset/www-widgetapi.js
11aa7946df12674187e45a29c8a083a30cefb5e625985b2405c1d0fb710e56b2,https://www.youtube.com/s/player/0502bc08/www-widgetapi.vflset/www-widgetapi.js
11aa7946df12674187e45a29c8a083a30cefb5e625985b2405c1d0fb710e56b2,https://www.youtube.com/s/player/721caf0b/www-widgetapi.vflset/www-widgetapi.js
11aa7946df12674187e45a29c8a083a30cefb5e625985b2405c1d0fb710e56b2,https://www.youtube.com/s/player/c80790c5/www-widgetapi.vflset/www-widgetapi.js
11aa7946df12674187e45a29c8a083a30cefb5e625985b2405c1d0fb710e56b2,https://www.youtube.com/s/player/96225f5f/www-widgetapi.vflset/www-widgetapi.js
11aa7946df12674187e45a29c8a083a30cefb5e625985b2405c1d0fb710e56b2,https://www.youtube.com/s/player/5af2a490/www-widgetapi.vflset/www-widgetapi.js
11aa7946df12674187e45a29c8a083a30cefb5e625985b2405c1d0fb710e56b2,https://www.youtube.com/s/player/d03787ac/www-widgetapi.vflset/www-widgetapi.js
11aa7946df12674187e45a29c8a083a30cefb5e625985b2405c1d0fb710e56b2,https://www.youtube.com/s/player/4d9879e9/www-widgetapi.vflset/www-widgetapi.js
11aa7946df12674187e45a29c8a083a30cefb5e625985b2405c1d0fb710e56b2,https://www.youtube.com/s/player/50cc0679/www-widgetapi.vflset/www-widgetapi.js
11aa7946df12674187e45a29c8a083a30cefb5e625985b2405c1d0fb710e56b2,https://www.youtube.com/s/player/10ecb549/www-widgetapi.vflset/www-widgetapi.js
11aa7946df12674187e45a29c8a083a30cefb5e625985b2405c1d0fb710e56b2,https://www.youtube.com/s/player/d5541cec/www-widgetapi.vflset/www-widgetapi.js
11aa7946df12674187e45a29c8a083a30cefb5e625985b2405c1d0fb710e56b2,https://www.youtube.com/s/player/f7d71ce3/www-widgetapi.vflset/www-widgetapi.js
11aa7946df12674187e45a29c8a083a30cefb5e625985b2405c1d0fb710e56b2,https://www.youtube.com/s/player/ab89db3f/www-widgetapi.vflset/www-widgetapi.js
11aa7946df12674187e45a29c8a083a30cefb5e625985b2405c1d0fb710e56b2,https://www.youtube.com/s/player/a644926e/www-widgetapi.vflset/www-widgetapi.js
11aa7946df12674187e45a29c8a083a30cefb5e625985b2405c1d0fb710e56b2,https://www.youtube.com/s/player/3062cec8/www-widgetapi.vflset/www-widgetapi.js
11aa7946df12674187e45a29c8a083a30cefb5e625985b2405c1d0fb710e56b2,https://www.youtube.com/s/player/217a23a9/www-widgetapi.vflset/www-widgetapi.js
11aa7946df12674187e45a29c8a083a30cefb5e625985b2405c1d0fb710e56b2,https://www.youtube.com/s/player/4e11051b/www-widgetapi.vflset/www-widgetapi.js
11aa7946df12674187e45a29c8a083a30cefb5e625985b2405c1d0fb710e56b2,https://www.youtube.com/s/player/c816c7d8/www-widgetapi.vflset/www-widgetapi.js
11aa7946df12674187e45a29c8a083a30cefb5e625985b2405c1d0fb710e56b2,https://www.youtube.com/s/player/b3613e85/www-widgetapi.vflset/www-widgetapi.js
11aa7946df12674187e45a29c8a083a30cefb5e625985b2405c1d0fb710e56b2,https://www.youtube.com/s/player/89e685a2/www-widgetapi.vflset/www-widgetapi.js
11aa7946df12674187e45a29c8a083a30cefb5e625985b2405c1d0fb710e56b2,https://www.youtube.com/s/player/b2515611/www-widgetapi.vflset/www-widgetapi.js
11aa7946df12674187e45a29c8a083a30cefb5e625985b2405c1d0fb710e56b2,https://www.youtube.com/s/player/7d647a07/www-widgetapi.vflset/www-widgetapi.js
11aa7946df12674187e45a29c8a083a30cefb5e625985b2405c1d0fb710e56b2,https://www.youtube.com/s/player/21176969/www-widgetapi.vflset/www-widgetapi.js
11aa7946df12674187e45a29c8a083a30cefb5e625985b2405c1d0fb710e56b2,https://www.youtube.com/s/player/b32979e9/www-widgetapi.vflset/www-widgetapi.js
11aa7946df12674187e45a29c8a083a30cefb5e625985b2405c1d0fb710e56b2,https://www.youtube.com/s/player/bce13099/www-widgetapi.vflset/www-widgetapi.js
11aa7946df12674187e45a29c8a083a30cefb5e625985b2405c1d0fb710e56b2,https://www.youtube.com/s/player/ef5f17ca/www-widgetapi.vflset/www-widgetapi.js
11aa7946df12674187e45a29c8a083a30cefb5e625985b2405c1d0fb710e56b2,https://www.youtube.com/s/player/1898687b/www-widgetapi.vflset/www-widgetapi.js
11aa7946df12674187e45a29c8a083a30cefb5e625985b2405c1d0fb710e56b2,https://www.youtube.com/s/player/7f3b257d/www-widgetapi.vflset/www-widgetapi.js
11aa7946df12674187e45a29c8a083a30cefb5e625985b2405c1d0fb710e56b2,https://www.youtube.com/s/player/19712d96/www-widgetapi.vflset/www-widgetapi.js
11aa7946df12674187e45a29c8a083a30cefb5e625985b2405c1d0fb710e56b2,https://www.youtube.com/s/player/65578ad1/www-widgetapi.vflset/www-widgetapi.js
11aa7946df12674187e45a29c8a083a30cefb5e625985b2405c1d0fb710e56b2,https://www.youtube.com/s/player/7dc3db36/www-widgetapi.vflset/www-widgetapi.js
11aa7946df12674187e45a29c8a083a30cefb5e625985b2405c1d0fb710e56b2,https://www.youtube.com/s/player/7b9b4e02/www-widgetapi.vflset/www-widgetapi.js
11aa7946df12674187e45a29c8a083a30cefb5e625985b2405c1d0fb710e56b2,https://www.youtube.com/s/player/e237d4c5/www-widgetapi.vflset/www-widgetapi.js
11aa7946df12674187e45a29c8a083a30cefb5e625985b2405c1d0fb710e56b2,https://www.youtube.com/s/player/c6d7bdc9/www-widgetapi.vflset/www-widgetapi.js
11aa7946df12674187e45a29c8a083a30cefb5e625985b2405c1d0fb710e56b2,https://www.youtube.com/s/player/87644c66/www-widgetapi.vflset/www-widgetapi.js
11aa7946df12674187e45a29c8a083a30cefb5e625985b2405c1d0fb710e56b2,https://www.youtube.com/s/player/5cf6312f/www-widgetapi.vflset/www-widgetapi.js
11aa7946df12674187e45a29c8a083a30cefb5e625985b2405c1d0fb710e56b2,https://www.youtube.com/s/player/25f1a420/www-widgetapi.vflset/www-widgetapi.js
11aa7946df12674187e45a29c8a083a30cefb5e625985b2405c1d0fb710e56b2,https://www.youtube.com/s/player/6e4dbefe/www-widgetapi.vflset/www-widgetapi.js
11aa7946df12674187e45a29c8a083a30cefb5e625985b2405c1d0fb710e56b2,https://www.youtube.com/s/player/638ec5c6/www-widgetapi.vflset/www-widgetapi.js
11aa7946df12674187e45a29c8a083a30cefb5e625985b2405c1d0fb710e56b2,https://www.youtube.com/s/player/27422632/www-widgetapi.vflset/www-widgetapi.js
11ac42d212d000222faf48c41ea2f2b3d8d79a54349593455ced199a1d66c237,https://www.youtube.com/s/player/30bd0d3a/player_ias.vflset/en_US/base.js
11f3176a44518b16df39fe2bb9e6b550993e41be12d9b44c31cfe0b2361bcc31,https://www.youtube.com/s/player/1bb6ee63/player_ias.vflset/en_US/base.js
11f3cb7a24629a5eee9e7edd7e3446d29610edabdf1c5a3f8a433674ad438d80,https://www.youtube.com/s/player/96719157/player_ias.vflset/en_US/base.js
12014b7833090699ea10bd0c188d164b1c33b2da895c5d6bebe75acc03f21e83,https://www.youtube.com/s/player/08635129/player_ias.vflset/en_US/base.js
1257286d81a6b30d84b6bef0932aae8187f169f2285c60d41c759cc0002411c9,https://www.youtube.com/s/player/b2515611/player_ias.vflset/en_US/captions.js
129ef8c75eb240c369004583c0fc4d9047c8f0c166d598821937fc4a8cc8a53f,https://www.youtube.com/s/player/0fe2b028/player_ias.vflset/en_US/captions.js
129ef8c75eb240c369004583c0fc4d9047c8f0c166d598821937fc4a8cc8a53f,https://www.youtube.com/s/player/504fc963/player_ias.vflset/en_US/captions.js
12d74ec1a0d32385a4b5429e521d8068b7611804ee9c72901b1f5cbbe8d1f31a,https://www.youtube.com/s/player/80f5ca15/player_ias.vflset/en_US/base.js
12f09f4e15cfd4e9e7ea07ee1431cbc13c34e8a3432cc4bfcf4a64986ad5f064,https://www.youtube.com/s/player/944b5ebc/player_ias.vflset/en_US/captions.js
1339a24b3ffd27a222a94886f090ffdbe29f998125a602354f6b1f4ea8a5090e,https://www.youtube.com/s/player/30b88c09/player_ias.vflset/en_US/base.js
13dd54e1acc89e3a21f9685ed0f71925e12e3a1959e4829a1ee0b1836ecfa205,https://www.youtube.com/s/player/38e0f4b0/www-player.css
13dd54e1acc89e3a21f9685ed0f71925e12e3a1959e4829a1ee0b1836ecfa205,https://www.youtube-nocookie.com/s/player/38e0f4b0/www-player.css
13dd54e1acc89e3a21f9685ed0f71925e12e3a1959e4829a1ee0b1836ecfa205,https://www.youtube.com/s/player/17ad44a3/www-player.css
13dd54e1acc89e3a21f9685ed0f71925e12e3a1959e4829a1ee0b1836ecfa205,https://www.youtube-nocookie.com/s/player/17ad44a3/www-player.css
13dd54e1acc89e3a21f9685ed0f71925e12e3a1959e4829a1ee0b1836ecfa205,https://www.youtube.com/s/player/6956a038/www-player.css
13dd54e1acc89e3a21f9685ed0f71925e12e3a1959e4829a1ee0b1836ecfa205,https://www.youtube-nocookie.com/s/player/6956a038/www-player.css
13dd54e1acc89e3a21f9685ed0f71925e12e3a1959e4829a1ee0b1836ecfa205,https://www.youtube.com/s/player/29a37ef6/www-player.css
13dd54e1acc89e3a21f9685ed0f71925e12e3a1959e4829a1ee0b1836ecfa205,https://www.youtube-nocookie.com/s/player/29a37ef6/www-player.css
143a7bcccf1843d2fdff92a1993bad09b3680097a847be9317858903a49e248f,https://www.youtube.com/s/player/cebb413d/player_ias.vflset/en_US/base.js
14663d9799e81c6fe6c1f3c2cc47eff06be7090827be9465ff13519a67a84c46,https://www.youtube.com/s/player/25f1a420/player_ias.vflset/en_US/captions.js
1485ed7b649dd4f21b23c49a41e3926106de7c120c59313e56e3ffab33579134,https://www.youtube.com/s/player/f7d71ce3/player_ias.vflset/en_US/captions.js
149adbce2729a37bbfcda63bd4ee0106997038e0c9ce8984184c2a8e3faf4d60,https://www.youtube.com/s/player/f4f314f0/player_ias.vflset/en_US/captions.js
14a39ca2157acf89f00909fa7bec1629d375ff52d44e7016b40e691d8f4b23a8,https://www.youtube.com/s/player/5bb72cbb/www-player.css
14a39ca2157acf89f00909fa7bec1629d375ff52d44e7016b40e691d8f4b23a8,https://www.youtube-nocookie.com/s/player/5bb72cbb/www-player.css
14a39ca2157acf89f00909fa7bec1629d375ff52d44e7016b40e691d8f4b23a8,https://www.youtube.com/s/player/bbe4bdbc/www-player.css
14a39ca2157acf89f00909fa7bec1629d375ff52d44e7016b40e691d8f4b23a8,https://www.youtube-nocookie.com/s/player/bbe4bdbc/www-player.css
14a39ca2157acf89f00909fa7bec1629d375ff52d44e7016b40e691d8f4b23a8,https://www.youtube.com/s/player/cb017549/www-player.css
14a39ca2157acf89f00909fa7bec1629d375ff52d44e7016b40e691d8f4b23a8,https://www.youtube-nocookie.com/s/player/cb017549/www-player.css
14a39ca2157acf89f00909fa7bec1629d375ff52d44e7016b40e691d8f4b23a8,https://www.youtube.com/s/player/0a5faf6d/www-player.css
14a39ca2157acf89f00909fa7bec1629d375ff52d44e7016b40e691d8f4b23a8,https://www.youtube-nocookie.com/s/player/0a5faf6d/www-player.css
14a39ca2157acf89f00909fa7bec1629d375ff52d44e7016b40e691d8f4b23a8,https://www.youtube.com/s/player/5afa7c36/www-player.css
14a39ca2157acf89f00909fa7bec1629d375ff52d44e7016b40e691d8f4b23a8,https://www.youtube-nocookie.com/s/player/5afa7c36/www-player.css
14a39ca2157acf89f00909fa7bec1629d375ff52d44e7016b40e691d8f4b23a8,https://www.youtube.com/s/player/3ccae36b/www-player.css
14a39ca2157acf89f00909fa7bec1629d375ff52d44e7016b40e691d8f4b23a8,https://www.youtube-nocookie.com/s/player/3ccae36b/www-player.css
14a39ca2157acf89f00909fa7bec1629d375ff52d44e7016b40e691d8f4b23a8,https://www.youtube.com/s/player/67ff56cb/www-player.css
14a39ca2157acf89f00909fa7bec1629d375ff52d44e7016b40e691d8f4b23a8,https://www.youtube-nocookie.com/s/player/67ff56cb/www-player.css
14a39ca2157acf89f00909fa7bec1629d375ff52d44e7016b40e691d8f4b23a8,https://www.youtube.com/s/player/32928ebd/www-player.css
14a39ca2157acf89f00909fa7bec1629d375ff52d44e7016b40e691d8f4b23a8,https://www.youtube-nocookie.com/s/player/32928ebd/www-player.css
14a39ca2157acf89f00909fa7bec1629d375ff52d44e7016b40e691d8f4b23a8,https://www.youtube.com/s/player/e9af09a2/www-player.css
14a39ca2157acf89f00909fa7bec1629d375ff52d44e7016b40e691d8f4b23a8,https://www.youtube-nocookie.com/s/player/e9af09a2/www-player.css
14a39ca2157acf89f00909fa7bec1629d375ff52d44e7016b40e691d8f4b23a8,https://www.youtube.com/s/player/4d1dd0fc/www-player.css
14a39ca2157acf89f00909fa7bec1629d375ff52d44e7016b40e691d8f4b23a8,https://www.youtube-nocookie.com/s/player/4d1dd0fc/www-player.css
14a39ca2157acf89f00909fa7bec1629d375ff52d44e7016b40e691d8f4b23a8,https://www.youtube.com/s/player/bda6277d/www-player.css
14a39ca2157acf89f00909fa7bec1629d375ff52d44e7016b40e691d8f4b23a8,https://www.youtube-nocookie.com/s/player/bda6277d/www-player.css
14a39ca2157acf89f00909fa7bec1629d375ff52d44e7016b40e691d8f4b23a8,https://www.youtube.com/s/player/23b70d29/www-player.css
14a39ca2157acf89f00909fa7bec1629d375ff52d44e7016b40e691d8f4b23a8,https://www.youtube-nocookie.com/s/player/23b70d29/www-player.css
14a39ca2157acf89f00909fa7bec1629d375ff52d44e7016b40e691d8f4b23a8,https://www.youtube.com/s/player/6b5a0420/www-player.css
14a39ca2157acf89f00909fa7bec1629d375ff52d44e7016b40e691d8f4b23a8,https://www.youtube-nocookie.com/s/player/6b5a0420/www-player.css
14a39ca2157acf89f00909fa7bec1629d375ff52d44e7016b40e691d8f4b23a8,https://www.youtube.com/s/player/05558a16/www-player.css
14a39ca2157acf89f00909fa7bec1629d375ff52d44e7016b40e691d8f4b23a8,https://www.youtube-nocookie.com/s/player/05558a16/www-player.css
14a39ca2157acf89f00909fa7bec1629d375ff52d44e7016b40e691d8f4b23a8,https://www.youtube.com/s/player/c2f0d301/www-player.css
14a39ca2157acf89f00909fa7bec1629d375ff52d44e7016b40e691d8f4b23a8,https://www.youtube-nocookie.com/s/player/c2f0d301/www-player.css
15c241eb236944c66eab2502c4eafaf33b6493099ecfff038b6d0ff605d65486,https://www.youtube.com/s/player/6f05bbb3/player_ias.vflset/en_US/base.js
15c90df11f5121243a0f921466a4ac5ceb466d853b3f4c0c0569dd5baa22f5f7,https://www.youtube.com/s/player/1ac41de2/player_ias.vflset/en_US/base.js
16167ff3813b20bce979b78ad277c11ca0f2d673900e10036fbcf2fa36678697,https://www.youtube.com/s/player/db24d012/player_ias.vflset/en_US/base.js
164149c74942926706c6f7162a45c3395f76937b3eaa9ace9d710fb396f0682e,https://www.youtube.com/s/player/e1bd44b2/player_ias.vflset/en_US/base.js
168875c5b7597de4be5fe3449f2f46ae144ce8993b7b984acc8c23a747875ab8,https://www.youtube.com/s/player/c2f7551f/player_ias.vflset/en_US/base.js
16b4f3137d512db840e5ac5dfeaed91d47642da26019c412e74611aad6f7c95f,https://www.youtube.com/s/player/445213fb/player_ias.vflset/en_US/captions.js
16b4f3137d512db840e5ac5dfeaed91d47642da26019c412e74611aad6f7c95f,https://www.youtube.com/s/player/c9ede538/player_ias.vflset/en_US/captions.js
16b4f3137d512db840e5ac5dfeaed91d47642da26019c412e74611aad6f7c95f,https://www.youtube.com/s/player/9be3886e/player_ias.vflset/en_US/captions.js
16b4f3137d512db840e5ac5dfeaed91d47642da26019c412e74611aad6f7c95f,https://www.youtube.com/s/player/6b8eecd5/player_ias.vflset/en_US/captions.js
16b4f3137d512db840e5ac5dfeaed91d47642da26019c412e74611aad6f7c95f,https://www.youtube.com/s/player/16ee6936/player_ias.vflset/en_US/captions.js
16c16cf7aebcce77c4fd109358ffeb9ef59b840ebcbd6a02334d92b67be3c0a3,https://www.youtube.com/s/player/a180bc4c/player_ias.vflset/en_US/base.js
172690ab0ba286f1ef866d9c58a39e5402e69eaa89c9479333728e6a801a64d2,https://www.youtube.com/s/player/652bbb94/www-widgetapi.vflset/www-widgetapi.js
172690ab0ba286f1ef866d9c58a39e5402e69eaa89c9479333728e6a801a64d2,https://www.youtube.com/s/player/afc53320/www-widgetapi.vflset/www-widgetapi.js
172690ab0ba286f1ef866d9c58a39e5402e69eaa89c9479333728e6a801a64d2,https://www.youtube.com/s/player/8da75a6a/www-widgetapi.vflset/www-widgetapi.js
172690ab0ba286f1ef866d9c58a39e5402e69eaa89c9479333728e6a801a64d2,https://www.youtube.com/s/player/eace5bba/www-widgetapi.vflset/www-widgetapi.js
172690ab0ba286f1ef866d9c58a39e5402e69eaa89c9479333728e6a801a64d2,https://www.youtube.com/s/player/c9168c90/www-widgetapi.vflset/www-widgetapi.js
172690ab0ba286f1ef866d9c58a39e5402e69eaa89c9479333728e6a801a64d2,https://www.youtube.com/s/player/01b2d163/www-widgetapi.vflset/www-widgetapi.js
17527953471c072cc3022ffa6bd2b4035ec1228e1f31c15b20513df3564da3a1,https://www.youtube.com/s/player/b6e44494/player_ias.vflset/en_US/base.js
17cdb28068fc9a09c3051c8434daff08ae113959b785357664152a62798b3a17,https://www.youtube.com/s/player/1d014d3f/player_ias.vflset/en_US/base.js
17e7e7e15f9695f14c39ad8253ce426375f981ef573d8efe086224ddeb0d3368,https://www.youtube.com/s/player/fd1b5dc8/player_ias.vflset/en_US/captions.js
180f4a0f4cf468e65fbe2303cb0c7abfa79e551bf49caa50f9795ccb7626192b,https://www.youtube.com/s/player/d396ac15/player_ias.vflset/en_US/base.js
1889b19d3c2eb62112c03cdd00a112ec3bcec004449b6cc397142a12a84e5ad7,https://www.youtube.com/s/player/6ae88b83/player_ias.vflset/en_US/base.js
18d619cca2e3abb300d71fe37b163b91b71a327303f320e047248c0cc3a1d879,https://www.youtube.com/s/player/bcd893b3/www-widgetapi.vflset/www-widgetapi.js
18d619cca2e3abb300d71fe37b163b91b71a327303f320e047248c0cc3a1d879,https://www.youtube.com/s/player/3fb7e6ac/www-widgetapi.vflset/www-widgetapi.js
18d619cca2e3abb300d71fe37b163b91b71a327303f320e047248c0cc3a1d879,https://www.youtube.com/s/player/f8a07cad/www-widgetapi.vflset/www-widgetapi.js
18d619cca2e3abb300d71fe37b163b91b71a327303f320e047248c0cc3a1d879,https://www.youtube.com/s/player/3dfa10c2/www-widgetapi.vflset/www-widgetapi.js
18d619cca2e3abb300d71fe37b163b91b71a327303f320e047248c0cc3a1d879,https://www.youtube.com/s/player/38e0f4b0/www-widgetapi.vflset/www-widgetapi.js
18d619cca2e3abb300d71fe37b163b91b71a327303f320e047248c0cc3a1d879,https://www.youtube.com/s/player/17ad44a3/www-widgetapi.vflset/www-widgetapi.js
18d619cca2e3abb300d71fe37b163b91b71a327303f320e047248c0cc3a1d879,https://www.youtube.com/s/player/6956a038/www-widgetapi.vflset/www-widgetapi.js
18d619cca2e3abb300d71fe37b163b91b71a327303f320e047248c0cc3a1d879,https://www.youtube.com/s/player/29a37ef6/www-widgetapi.vflset/www-widgetapi.js
1986134a1c552fbf513be92f7c128b3d1c95ce9be17acc04a92e8b09d28a8b8c,https://www.youtube.com/s/player/68896037/player_ias.vflset/en_US/captions.js
1986134a1c552fbf513be92f7c128b3d1c95ce9be17acc04a92e8b09d28a8b8c,https://www.youtube.com/s/player/c38b4eda/player_ias.vflset/en_US/captions.js
19ece9c478eb5e1ba58200df6cb2926b9e0a46b507d0e49c4625a083690eb6e2,https://www.youtube.com/s/player/38dca859/player_ias.vflset/en_US/base.js
1a8def0505668bb58c0f3333812bae3b29ba22ffee4599bc78ea5edccb75fbfe,https://www.youtube.com/s/player/1b71165f/player_ias.vflset/en_US/base.js
1a912b6b9e7384a164cebcf18ab5cba075788cb354591d34b3202cc74c0fcc23,https://www.youtube.com/s/player/16886a7c/player_ias.vflset/en_US/base.js
1b2d344d8e3101f5160e86ad80b85c38997de7c4b9119a7cc58e190ea7a20058,https://www.youtube.com/s/player/1765788a/player_ias.vflset/en_US/base.js
1b9bf652a42d5dda4127ebcf31890be0d79aa9a11fa5a9e6e77efba30e8e895e,https://www.youtube.com/s/player/e237d4c5/player_ias.vflset/en_US/captions.js
1be5fa7658afb1fb229d4e42656e08d432255ef2bef5103cd29b35a9c049c29a,https://www.youtube.com/s/player/58b06374/player_ias.vflset/en_US/base.js
1c3f7a17514db5f335d5b02cb8c9f4012ea90a66869fe8e7a4297b64558cb4e7,https://www.youtube.com/s/player/0b59edd6/player_ias.vflset/en_US/base.js
1c62c50b1dda4a533f176f5170b1e79fd0adf6959f10b4a52d5b9dca8be4f151,https://www.youtube.com/s/player/ea233d9b/player_ias.vflset/en_US/captions.js
1c62c50b1dda4a533f176f5170b1e79fd0adf6959f10b4a52d5b9dca8be4f151,https://www.youtube.com/s/player/32a343c8/player_ias.vflset/en_US/captions.js
1c68c45d5dea50d4ee18b6f8f518ecf8c90513079a238fbfe709be2945707e6a,https://www.youtube.com/s/player/a8fa2535/player_ias.vflset/en_US/captions.js
1c68c45d5dea50d4ee18b6f8f518ecf8c90513079a238fbfe709be2945707e6a,https://www.youtube.com/s/player/0c9dcb4e/player_ias.vflset/en_US/captions.js
1d08db49b4809923348dbddee135089839b9a09ed0f37f66c403bb9ff708c055,https://www.youtube.com/s/player/18d29a11/player_ias.vflset/en_US/base.js
1d4197c3e0205f1c1ac0c0e1f82acdd8f352295495501d0b35938504d011bbf5,https://www.youtube.com/s/player/5afa7c36/player_ias.vflset/en_US/base.js
1db6ff0d91089c9ed2eb7bce68f0fe1b5e4090d783a2a0d4404e3a46af67873d,https://www.youtube.com/s/player/fc6f7cb5/player_ias.vflset/en_US/base.js
1e16489ef423991910633b6701e84f863751e1d233e332e852e895a1b87c4745,https://www.youtube.com/s/player/55b1ff8b/player_ias.vflset/en_US/captions.js
1e16489ef423991910633b6701e84f863751e1d233e332e852e895a1b87c4745,https://www.youtube.com/s/player/d11f06d8/player_ias.vflset/en_US/captions.js
1e16489ef423991910633b6701e84f863751e1d233e332e852e895a1b87c4745,https://www.youtube.com/s/player/3db16eda/player_ias.vflset/en_US/captions.js
1e16489ef423991910633b6701e84f863751e1d233e332e852e895a1b87c4745,https://www.youtube.com/s/player/669cd14f/player_ias.vflset/en_US/captions.js
1e16955bda1798614652bad855489515142d21b663fa97f6bcf4ded84699d628,https://www.youtube.com/s/player/c2b286e4/player_ias.vflset/en_US/base.js
1e2bb0b55899f117adcd3fce2ef3e7a761ee4ef47e973c575174e366f7b63af6,https://www.youtube.com/s/player/3e133d8d/player_ias.vflset/en_US/captions.js
1e2bb0b55899f117adcd3fce2ef3e7a761ee4ef47e973c575174e366f7b63af6,https://www.youtube.com/s/player/924b2d9a/player_ias.vflset/en_US/captions.js
1e2bb0b55899f117adcd3fce2ef3e7a761ee4ef47e973c575174e366f7b63af6,https://www.youtube.com/s/player/5afa275f/player_ias.vflset/en_US/captions.js
1e6bf289ca070834472bc99cdbec514e303e0f22e6fe255c7113687cfa3816f6,https://www.youtube.com/s/player/4a6035e3/player_ias.vflset/en_US/base.js
1e8c683e048c6317d47cdae63424898bcfab17d2e4359f69caeb9e345d18384f,https://www.youtube.com/s/player/d9454757/player_ias.vflset/en_US/captions.js
1eadbb4c5e18e484abcfdcd9828f993f7eef7fbf49e0c91bbcc1080515395117,https://www.youtube.com/s/player/25f11721/player_ias.vflset/en_US/base.js
1eb5292722597c255b65067ece10fbe2b6d18d614580b23ba72c155fd4dae9c0,https://www.youtube.com/s/player/dbb1f29d/player_ias.vflset/en_US/base.js
1ef120c98ef77fe66cf1de9240f6d9ec1b7f13dce3e5ca2d5fc24582dd07131d,https://www.youtube.com/s/player/4d9879e9/player_ias.vflset/en_US/captions.js
1f2a67659bf0d0042a95482517d37ef8a59b5e76acdedd7d8a7c6778569d20a0,https://www.youtube.com/s/player/16ef956e/player_ias.vflset/en_US/captions.js
1f2a67659bf0d0042a95482517d37ef8a59b5e76acdedd7d8a7c6778569d20a0,https://www.youtube.com/s/player/c4f5cc56/player_ias.vflset/en_US/captions.js
1f2a67659bf0d0042a95482517d37ef8a59b5e76acdedd7d8a7c6778569d20a0,https://www.youtube.com/s/player/57f5d44f/player_ias.vflset/en_US/captions.js
1f2a67659bf0d0042a95482517d37ef8a59b5e76acdedd7d8a7c6778569d20a0,https://www.youtube.com/s/player/dbc3c96f/player_ias.vflset/en_US/captions.js
1f2a67659bf0d0042a95482517d37ef8a59b5e76acdedd7d8a7c6778569d20a0,https://www.youtube.com/s/player/80f08606/player_ias.vflset/en_US/captions.js
1f2a67659bf0d0042a95482517d37ef8a59b5e76acdedd7d8a7c6778569d20a0,https://www.youtube.com/s/player/8b54769b/player_ias.vflset/en_US/captions.js
20648add745f967aff4c8626bbc0c788fc683c7a3656664881ca31fc309a2948,https://www.youtube.com/s/player/8201a429/player_ias.vflset/en_US/base.js
20c6c16b68d8464c239439e08fdeced3a5a1a53c478d91f2d782959ca2570d27,https://www.youtube.com/s/player/4a6bba85/player_ias.vflset/en_US/base.js
20d1d9105d12b4a2c4b1fa6d1a145d5254140da83093e98f97a4f91148fbcd01,https://www.youtube.com/s/player/e237d4c5/www-player.css
20d1d9105d12b4a2c4b1fa6d1a145d5254140da83093e98f97a4f91148fbcd01,https://www.youtube-nocookie.com/s/player/e237d4c5/www-player.css
21561f388c1202a7d2b53c365658036f0500ba40f3df2b2825625718827ac601,https://www.youtube.com/s/player/e7573094/player_ias.vflset/en_US/base.js
215d932cbabd20c522de1e9b352dea0c3a9a4fe726ba04c7acc8a43ece334682,https://www.youtube.com/s/player/3ccae36b/player_ias.vflset/en_US/captions.js
21940da4b9182c279523d9f40e22eaf77a2dd258ea7e2f1e34f9c48becd3e588,https://www.youtube.com/s/player/d11f06d8/player_ias.vflset/en_US/base.js
21a0a7092a8d46ffa1840b73f57acfdfc4410311a707f8bb9dba605dfa5ba9f9,https://www.youtube.com/s/player/21cd2156/player_ias.vflset/en_US/base.js
21b24d9d6143c281e4206b0da8c3cf929d50dc82af6d6ce2a00f017ea7b7fb22,https://www.youtube.com/s/player/8180e7ff/player_ias.vflset/en_US/captions.js
21ec149e4e1d244f1e9ca50d25b91fa5fa494055f6214af9bad91b0c2a774252,https://www.youtube.com/s/player/ef5f17ca/player_ias.vflset/en_US/base.js
220136e025ba2699237b8785cd2cf6588224f99c21021d9f1380b1fc5e2ea131,https://www.youtube.com/s/player/7ce603a3/player_ias.vflset/en_US/base.js
228e57ff04cff9eb1cefe86e9c8eae6438a6806cf66d36b886c444d7596ec5c1,https://www.youtube.com/s/player/c7c1953f/player_ias.vflset/en_US/captions.js
228e57ff04cff9eb1cefe86e9c8eae6438a6806cf66d36b886c444d7596ec5c1,https://www.youtube.com/s/player/4c6971ef/player_ias.vflset/en_US/captions.js
22c005b862ea0555a08cd4ce11b21f79b506ca9b6a27087089f5ff35031bab0c,https://www.youtube.com/s/player/6e52949b/player_ias.vflset/en_US/captions.js
2330570d99ff16c08ad07c2b87a22b52b11da86966c4fd69ff0fd87f6e36a4a6,https://www.youtube.com/s/player/26a9c282/player_ias.vflset/en_US/captions.js
23357f47570e4c6822c16cb00aae87a75c4ce8a726e8319b078f9951d0f2b490,https://www.youtube.com/s/player/6572a644/player_ias.vflset/en_US/base.js
23852543b9e3b4bd261bf89c8d752c531f420d5dec39d70870fce9c54753982d,https://www.youtube.com/s/player/a57cdcbf/player_ias.vflset/en_US/base.js
239a87978c0fc495ad14f7c180831e1e17b5447078d1298c91b6e1968de656b2,https://www.youtube.com/s/player/b15c2dcf/player_ias.vflset/en_US/base.js
239b8be0f10661b519602fd56e08ab951ce12239adb94923ae2f62622c09b70b,https://www.youtube.com/s/player/e5ae3fff/player_ias.vflset/en_US/base.js
23bdfacd12ad9bd2a7b39a727c1548897e04cdcf21b1960647a08a7c55d1fe05,https://www.youtube.com/s/player/5bb72cbb/player_ias.vflset/en_US/captions.js
23bdfacd12ad9bd2a7b39a727c1548897e04cdcf21b1960647a08a7c55d1fe05,https://www.youtube.com/s/player/bbe4bdbc/player_ias.vflset/en_US/captions.js
23bdfacd12ad9bd2a7b39a727c1548897e04cdcf21b1960647a08a7c55d1fe05,https://www.youtube.com/s/player/cb017549/player_ias.vflset/en_US/captions.js
23bdfacd12ad9bd2a7b39a727c1548897e04cdcf21b1960647a08a7c55d1fe05,https://www.youtube.com/s/player/0a5faf6d/player_ias.vflset/en_US/captions.js
23eb11f4201d61178c1fd02b00db912def67fec105e2f281de037cb90c052e01,https://www.youtube.com/s/player/4f48ea67/player_ias.vflset/en_US/base.js
24039160e1a31357f54f538ada6b1de1c0a14e352e76851c3d6e9771255ea605,https://www.youtube.com/s/player/4f38b487/player_ias.vflset/en_US/base.js
246cbeb45fe22519edab8ce0952418623383c56c70dc78cc9ee3a8c0f22d996a,https://www.youtube.com/s/player/fe8bd208/player_ias.vflset/en_US/captions.js
24711fd29744df86dd428659b7052a67f3e09726424798ef0360102e4331ed82,https://www.youtube.com/s/player/e99d8d7c/player_ias.vflset/en_US/base.js
24770d815523edda36901999c213d085dac68c34412a8b45d5a09fed74d79b60,https://www.youtube.com/s/player/1898687b/www-player.css
24770d815523edda36901999c213d085dac68c34412a8b45d5a09fed74d79b60,https://www.youtube-nocookie.com/s/player/1898687b/www-player.css
24be41bd910e26371523fdff4f901c07b3f60e07a22424db58e3aa56918682dc,https://www.youtube.com/s/player/38bfa716/player_ias.vflset/en_US/base.js
2571993e30c0260f204eb36e6e7c32ef651fc75f67ae87491f093bef231489d5,https://www.youtube.com/s/player/c7119fda/player_ias.vflset/en_US/base.js
257dd68b07d7b18b6e2665a4ecedab506ece1fd7ac447d45c2ead70c412ec885,https://www.youtube.com/s/player/f104ea90/player_ias.vflset/en_US/base.js
25daca6f804e01f659a322a505a2fe000635c0859fc884aaa0b0ebcff18b2783,https://www.youtube.com/s/player/25822515/player_ias.vflset/en_US/base.js
26246a985ec7bd5c933b9aa83d07601a0c066f2f9db3739a6f3852c1d559ac55,https://www.youtube.com/s/player/9da62807/player_ias.vflset/en_US/captions.js
26759852eabe0de944644a4c74582c56d182007699c4cc8bd1053b1f5c84dc40,https://www.youtube.com/s/player/b1ac6210/player_ias.vflset/en_US/base.js
26ff57b15a8bc50f20339248b3f438ab2723136596082a063c2e0783fc4d8130,https://www.youtube.com/s/player/6bac48cb/player_ias.vflset/en_US/base.js
276192e39a372cfbb4a97814aa4aecf63d1c166274eccf5887d4325c88857ca4,https://www.youtube.com/s/player/290465a5/player_ias.vflset/en_US/captions.js
276192e39a372cfbb4a97814aa4aecf63d1c166274eccf5887d4325c88857ca4,https://www.youtube.com/s/player/44899b31/player_ias.vflset/en_US/captions.js
276c431d57ab8a6bb44182f799bae74e70bdf5cb984bc87fd9898323bd15ebfa,https://www.youtube.com/s/player/3510b6ff/player_ias.vflset/en_US/base.js
27855434b444c260e0dccc4cc42a7ee1b2e20135fe8b5c07a231879cb2f39ab9,https://www.youtube.com/s/player/3fb7e6ac/player_ias.vflset/en_US/captions.js
27add7e26dce39431b6ba75154b24b2f3388741120abf4243dbb1317866865e3,https://www.youtube.com/s/player/7b9b4e02/player_ias.vflset/en_US/base.js
27c41d224a9006b97f987b5b9cd0f0de68259af4ba5aef92694755edcbd977a1,https://www.youtube.com/s/player/9955f7e6/player_ias.vflset/en_US/captions.js
27c41d224a9006b97f987b5b9cd0f0de68259af4ba5aef92694755edcbd977a1,https://www.youtube.com/s/player/58012f6a/player_ias.vflset/en_US/captions.js
281db00f1ec4417b389d0f5455d5efeb883958ecba6cabdb10835b2fceb46f21,https://www.youtube.com/s/player/a0d0e12d/player_ias.vflset/en_US/base.js
285ba8edb91a3a18ba217568b4dc222bd53a618dc575c89c63fb8632f06bcdfd,https://www.youtube.com/s/player/3fb7e6ac/player_ias.vflset/en_US/base.js
285c2c04776dc61c5ca68c881e31b524135313e3a462eda28e1b73778dce3d43,https://www.youtube.com/s/player/65578ad1/www-player.css
285c2c04776dc61c5ca68c881e31b524135313e3a462eda28e1b73778dce3d43,https://www.youtube-nocookie.com/s/player/65578ad1/www-player.css
285c2c04776dc61c5ca68c881e31b524135313e3a462eda28e1b73778dce3d43,https://www.youtube.com/s/player/7dc3db36/www-player.css
285c2c04776dc61c5ca68c881e31b524135313e3a462eda28e1b73778dce3d43,https://www.youtube-nocookie.com/s/player/7dc3db36/www-player.css
285c2c04776dc61c5ca68c881e31b524135313e3a462eda28e1b73778dce3d43,https://www.youtube.com/s/player/7b9b4e02/www-player.css
285c2c04776dc61c5ca68c881e31b524135313e3a462eda28e1b73778dce3d43,https://www.youtube-nocookie.com/s/player/7b9b4e02/www-player.css
28776b02ba99f56aee0b25a0e420cb77c186f52cd8abc3e9161e49f92fcbd5ef,https://www.youtube.com/s/player/82e5a015/player_ias.vflset/en_US/base.js
28f1b7a2fa3fc44a20198f2e051b21f9adfd6348983d6e4c631eafa5e1188370,https://www.youtube.com/s/player/54bd1de4/player_ias.vflset/en_US/captions.js
29147e2117e57b88b331537e88cf369e93d5af7756ff5147aa274f5512d0d8b4,https://www.youtube.com/s/player/a8a275d9/player_ias.vflset/en_US/captions.js
29d34e9e6307e455bd2f297147351746386bf5aa097920f69d7d4771fb9f16e4,https://www.youtube.com/s/player/4e51e895/www-player.css
29d34e9e6307e455bd2f297147351746386bf5aa097920f69d7d4771fb9f16e4,https://www.youtube-nocookie.com/s/player/4e51e895/www-player.css
29d34e9e6307e455bd2f297147351746386bf5aa097920f69d7d4771fb9f16e4,https://www.youtube.com/s/player/0675bd00/www-player.css
29d34e9e6307e455bd2f297147351746386bf5aa097920f69d7d4771fb9f16e4,https://www.youtube-nocookie.com/s/player/0675bd00/www-player.css
29d34e9e6307e455bd2f297147351746386bf5aa097920f69d7d4771fb9f16e4,https://www.youtube.com/s/player/3510b6ff/www-player.css
29d34e9e6307e455bd2f297147351746386bf5aa097920f69d7d4771fb9f16e4,https://www.youtube-nocookie.com/s/player/3510b6ff/www-player.css
29d34e9e6307e455bd2f297147351746386bf5aa097920f69d7d4771fb9f16e4,https://www.youtube.com/s/player/f104ea90/www-player.css
29d34e9e6307e455bd2f297147351746386bf5aa097920f69d7d4771fb9f16e4,https://www.youtube-nocookie.com/s/player/f104ea90/www-player.css
29d34e9e6307e455bd2f297147351746386bf5aa097920f69d7d4771fb9f16e4,https://www.youtube.com/s/player/54bd1de4/www-player.css
29d34e9e6307e455bd2f297147351746386bf5aa097920f69d7d4771fb9f16e4,https://www.youtube-nocookie.com/s/player/54bd1de4/www-player.css
29d34e9e6307e455bd2f297147351746386bf5aa097920f69d7d4771fb9f16e4,https://www.youtube.com/s/player/5d93cfdb/www-player.css
29d34e9e6307e455bd2f297147351746386bf5aa097920f69d7d4771fb9f16e4,https://www.youtube-nocookie.com/s/player/5d93cfdb/www-player.css
29dd4e555d8b70e85ab7560525248c2e3c2ad40fd90698161da423568d65e517,https://www.youtube.com/s/player/55b1ff8b/player_ias.vflset/en_US/base.js
29edafd5f282f4a1abc09956abc02185b17a588ad7f2364d0104defd774a9f3e,https://www.youtube.com/s/player/632739fe/player_ias.vflset/en_US/base.js
2a347e79bb462a2998280e273cea2ce477348a8c63123ceb8cd5be48ed196aaf,https://www.youtube.com/s/player/19b1fd9c/player_ias.vflset/en_US/base.js
2a5319dae02ef52955dd1572bfcc6a3b596a7fccff64fcab8085ce5228d53ec6,https://www.youtube.com/s/player/3062cec8/player_ias.vflset/en_US/base.js
2ad2bc5db48a85dcac21a3d6f21ff922c0933aa7fbdbdf443dd88e36fb24e72a,https://www.youtube.com/s/player/1765788a/player_ias.vflset/en_US/captions.js
2b240dd9395cf2859bbae3142b91d020363d8c2c2f4338c77f51cc083af91851,https://www.youtube.com/s/player/1898687b/player_ias.vflset/en_US/base.js
2b5b376abb1ae5858a9be60aa504a6f42b7296dad53552c287d33f07ce3135b4,https://www.youtube.com/s/player/ec38d4eb/player_ias.vflset/en_US/base.js
2b942d706f1e21272ddcf7fad5a6b51578ba9d84514da0155925013dcdf66fe2,https://www.youtube.com/s/player/f4f81892/player_ias.vflset/en_US/base.js
2c1d7153b012280e111b7f60a4311a3fb19c30765386ed8eacde5c79d1d854e2,https://www.youtube.com/s/player/59a3aff2/player_ias.vflset/en_US/base.js
2c6088500c67020544d499fbb662a59145980d123f40b92c28caebab761a3982,https://www.youtube.com/s/player/638ec5c6/player_ias.vflset/en_US/captions.js
2d19c254c2a08422e556e80829acfc96f16d202420a6467b12a018a5813f23cf,https://www.youtube.com/s/player/fd65c577/player_ias.vflset/en_US/base.js
2d45566e91dc851e888ec4cdd1b8496ebd901de847767ff9696848b32fb60f22,https://www.youtube.com/s/player/bce13099/player_ias.vflset/en_US/base.js
2d9df78338fef4c2ab218b7912e3869c83c8a4867020e16bdbbb5d552a36883f,https://www.youtube.com/s/player/c72d3621/player_ias.vflset/en_US/base.js
2de1654d8753a3b8f9f83e617747efcb38e8c9679fcd41960b8f921a0b6ff753,https://www.youtube.com/s/player/2a850cbf/player_ias.vflset/en_US/captions.js
2de1654d8753a3b8f9f83e617747efcb38e8c9679fcd41960b8f921a0b6ff753,https://www.youtube.com/s/player/16886a7c/player_ias.vflset/en_US/captions.js
2e0897f3200d277881105db7f6d35c9b14810083e8f48750938f72f8a13e4544,https://www.youtube.com/s/player/217a23a9/player_ias.vflset/en_US/captions.js
2e5034665e1c0d2a27a4b4a750e284c783d1615d16740933457b980f40864ac5,https://www.youtube.com/s/player/f85ea353/player_ias.vflset/en_US/captions.js
2ec0a817578761dcd179ad72aceffc41ed3ace39923c0e57b7fd3e911fac69a0,https://www.youtube.com/s/player/56211dc2/player_ias.vflset/en_US/base.js
2ee13ec9f1f68cba86c73ad88f6faa82282626d72f4d10f5b2a23a10740bf629,https://www.youtube.com/s/player/6baf88c8/player_ias.vflset/en_US/base.js
2ee1fbb2f25f7f11146f63a1ebdde5cfce23eda94800dcf400c1596faf84c12d,https://www.youtube.com/s/player/e40d18fc/player_ias.vflset/en_US/base.js
2f4413aea4ae79b7120c0a8b039edcd63942936ff44da88659cde8b01e0dae31,https://www.youtube.com/s/player/2868f080/player_ias.vflset/en_US/captions.js
2f4413aea4ae79b7120c0a8b039edcd63942936ff44da88659cde8b01e0dae31,https://www.youtube.com/s/player/6ae88b83/player_ias.vflset/en_US/captions.js
2fa2004cc8ba2a56a82d4dd9d7c7d87febe8e535ffcecaed49903d7f559040c1,https://www.youtube.com/s/player/777857f0/player_ias.vflset/en_US/base.js
2fc37a602593e7bf53d8e6672f8d9983fb3858f2eb4858c213f975aa22960165,https://www.youtube.com/s/player/45ac5a1a/player_ias.vflset/en_US/base.js
30960c6dadf7ac7d05d44422f5884366669fd6aaf82c0997bda5d35b3f724bd2,https://www.youtube.com/s/player/10a04aa8/player_ias.vflset/en_US/base.js
30ac4a517f4a7d464c369cba6cb7ae280a871f7da3d258cc8758773f96389824,https://www.youtube.com/s/player/16589d5e/player_ias.vflset/en_US/base.js
31266da9fdec80bd52cfe1722067a9bf438a571448c0908cea26366c46cd8e0b,https://www.youtube.com/s/player/63233546/player_ias.vflset/en_US/captions.js
32887ce05fe1a055d630540ad3667442bd690c366081837c9a5be8f5bb3b438e,https://www.youtube.com/s/player/b174a5bb/player_ias.vflset/en_US/captions.js
32f9ba3ffa6d4eb76507634c5c243d88f0d76cca1451fbecef15b58905279f80,https://www.youtube.com/s/player/5d93cfdb/player_ias.vflset/en_US/base.js
33620d63ec2e5af2cc24dd313d7b0ce4a10ca3e7702a80acf58dbc4aa01bcf44,https://www.youtube.com/s/player/a9f67a82/player_ias.vflset/en_US/base.js
337d22eff6fe0ff13987dcf8ec96787d7586c9a75bfda3ac6d5f7b3f959131cb,https://www.youtube.com/s/player/5ba44d10/player_ias.vflset/en_US/base.js
339a6f07e35270f54526a4af71539b322ce63720f503bc6c2adb8f397dbf43a7,https://www.youtube.com/s/player/e0dc87a1/player_ias.vflset/en_US/base.js
352a7bd7281244d59d10ec1ab6bcad79e1944f93689ba08b1e85a71c16ed486e,https://www.youtube.com/s/player/c4f5cc56/player_ias.vflset/en_US/base.js
357453cf8d3895f3851892e51e19e2de8d3376174e044040910bf755fa54f42f,https://www.youtube.com/s/player/6e4dbefe/player_ias.vflset/en_US/captions.js
369d6c5277eae7c834f729bebb91a75446c253e3e14bf6dacf4912122392b46d,https://www.youtube.com/s/player/08635129/player_ias.vflset/en_US/captions.js
36da4563501c2f4c310bea8b6e9f92de0c33c708002ec4836e9ac6e9ba0e5fe1,https://www.youtube.com/s/player/eace5bba/player_ias.vflset/en_US/captions.js
37469f291bbebb39967fb68f6463e90620e25db1ab5c944fd6bb8d162087f41a,https://www.youtube.com/s/player/56211dc2/player_ias.vflset/en_US/captions.js
3763895b641bcfd10406abfe223efa940bf95d292111f82d737eaf5f1ddf8b2d,https://www.youtube.com/s/player/ecde8a55/player_ias.vflset/en_US/captions.js
3763895b641bcfd10406abfe223efa940bf95d292111f82d737eaf5f1ddf8b2d,https://www.youtube.com/s/player/1e1d6f74/player_ias.vflset/en_US/captions.js
37c1adefb5d29f27d4e20414a61b963bd60ec0ddd5b43973e019ad660342b7a1,https://www.youtube.com/s/player/3db16eda/player_ias.vflset/en_US/base.js
37d4ab13ceffced41af7764e0b417718b53b7f2355ae1d012e8fd768bb2c878a,https://www.youtube.com/s/player/e354dd90/player_ias.vflset/en_US/base.js
37fb307c7f4197bbe246c30d94a594ac30dac3dd1e62e80877526e7c3743f3b2,https://www.youtube.com/s/player/edbc38da/player_ias.vflset/en_US/base.js
37ff7cb5ca45903c6734d419cebe1860acca901938b34b937ecaf608048b2ce3,https://www.youtube.com/s/player/98fb51a3/player_ias.vflset/en_US/base.js
3857c0f89ef25d463d9917fe29e0899fa23a690b2cb225b78966def6dd5471dc,https://www.youtube.com/s/player/32a343c8/player_ias.vflset/en_US/base.js
38672b068984f1b4341ef486666440a02478c76a845b5a969f2cf1faa0aaf66e,https://www.youtube.com/s/player/218d9d92/player_ias.vflset/en_US/base.js
389d80710907ae3e49736e38c8c56870ba584ddc18286659e13417c9c73b4e5d,https://www.youtube.com/s/player/7d647a07/www-player.css
389d80710907ae3e49736e38c8c56870ba584ddc18286659e13417c9c73b4e5d,https://www.youtube-nocookie.com/s/player/7d647a07/www-player.css
389d80710907ae3e49736e38c8c56870ba584ddc18286659e13417c9c73b4e5d,https://www.youtube.com/s/player/21176969/www-player.css
389d80710907ae3e49736e38c8c56870ba584ddc18286659e13417c9c73b4e5d,https://www.youtube-nocookie.com/s/player/21176969/www-player.css
389d80710907ae3e49736e38c8c56870ba584ddc18286659e13417c9c73b4e5d,https://www.youtube.com/s/player/b32979e9/www-player.css
389d80710907ae3e49736e38c8c56870ba584ddc18286659e13417c9c73b4e5d,https://www.youtube-nocookie.com/s/player/b32979e9/www-player.css
38a4c7ccb4ba57425929b6c270541b62740f4e378d8d934ad09d604987438574,https://www.youtube.com/s/player/a644926e/player_ias.vflset/en_US/base.js
391f4bce932c3261e784ce52cc36935ef13699a0f48f9eec55fdc55ed51fd5be,https://www.youtube.com/s/player/5a188d69/player_ias.vflset/en_US/captions.js
391f4bce932c3261e784ce52cc36935ef13699a0f48f9eec55fdc55ed51fd5be,https://www.youtube.com/s/player/99f55c01/player_ias.vflset/en_US/captions.js
3987c424117a0be2438dffe5a7ac29c3464b496211cc397886fe214ff0a01098,https://www.youtube.com/s/player/5af2a490/player_ias.vflset/en_US/base.js
399c0c0cc22b71c63ba1ca661bef06f4bc74af580f554abaa57c888517d7efee,https://www.youtube.com/s/player/3bf393b6/player_ias.vflset/en_US/captions.js
39cf6e996b468efdbd47c246866730f6a2074f47f68d7eadda9508ab126625cc,https://www.youtube.com/s/player/67ff56cb/player_ias.vflset/en_US/captions.js
39e43b3d3115bdfe86924ff89d8dca6e74c5e1871d56ca79b9d66abc1057ce0a,https://www.youtube.com/s/player/658ecde4/player_ias.vflset/en_US/base.js
3a62fff0df3af04bd39245f9f99177079a0d15e572a23bddbaf9fe4bfe1e67d6,https://www.youtube.com/s/player/96c57227/player_ias.vflset/en_US/base.js
3ace9434c75b268a9166c320f54a3f48b233e9e82ce047f9d7e4c8cdf207cab5,https://www.youtube.com/s/player/19712d96/www-player.css
3ace9434c75b268a9166c320f54a3f48b233e9e82ce047f9d7e4c8cdf207cab5,https://www.youtube-nocookie.com/s/player/19712d96/www-player.css
3adda9f7f2657655f40dd9a399a6b002618a835b20cb8c35fa5395b3e0149fd6,https://www.youtube.com/s/player/ab5096ab/player_ias.vflset/en_US/base.js
3b0ef556b9ab31871f1686d04ed24d0d51f603f34dc0d5dd901d67826d2f1a8a,https://www.youtube.com/s/player/4e51e895/player_ias.vflset/en_US/captions.js
3ba9efd2cbd6e35dd9b5e662c2ac7b1ce005474e7fae65e6a0ae88772d3dca46,https://www.youtube.com/s/player/bcd893b3/player_ias.vflset/en_US/base.js
3bfabb8c2fa2ae28680177ce31824258d202e21ee8a072187d5c61a8dda6a573,https://www.youtube.com/s/player/fcf70340/player_ias.vflset/en_US/captions.js
3c4a7359b496acc66385dbc2cc75e06c47cfc67d7ba3ae19eebf15f3b937d413,https://www.youtube.com/s/player/659a519e/player_ias.vflset/en_US/captions.js
3c4a7359b496acc66385dbc2cc75e06c47cfc67d7ba3ae19eebf15f3b937d413,https://www.youtube.com/s/player/4746b641/player_ias.vflset/en_US/captions.js
3c4a7359b496acc66385dbc2cc75e06c47cfc67d7ba3ae19eebf15f3b937d413,https://www.youtube.com/s/player/c3edfa37/player_ias.vflset/en_US/captions.js
3c4a7359b496acc66385dbc2cc75e06c47cfc67d7ba3ae19eebf15f3b937d413,https://www.youtube.com/s/player/57fefa84/player_ias.vflset/en_US/captions.js
3c4a7359b496acc66385dbc2cc75e06c47cfc67d7ba3ae19eebf15f3b937d413,https://www.youtube.com/s/player/5a9b5eed/player_ias.vflset/en_US/captions.js
3c5a3093bd14e7155e4ce3c987fcac6899dc99723029fb21b3dc0aad07a46d78,https://www.youtube.com/s/player/d95a0e03/player_ias.vflset/en_US/base.js
3cc647ab815f6459ea6b33f903b5b340d3445318db610d95775a7f940fad2e2c,https://www.youtube.com/s/player/b6048f74/player_ias.vflset/en_US/captions.js
3cc647ab815f6459ea6b33f903b5b340d3445318db610d95775a7f940fad2e2c,https://www.youtube.com/s/player/fb58f923/player_ias.vflset/en_US/captions.js
3cc789ad4f234a9630e835330c39ded17dec9da68b7a2b662a27c54471544a62,https://www.youtube.com/s/player/35df120f/player_ias.vflset/en_US/base.js
3cfdf415e6e90102f9bd436177108477b41aca1f0fe41c8911df8e365c3e992b,https://www.youtube.com/s/player/3cfa24db/player_ias.vflset/en_US/base.js
3d53d69bdaf60f8a0d86273c37d8e01d8b898b87e400e374953adcfb23682b25,https://www.youtube.com/s/player/d9454757/player_ias.vflset/en_US/base.js
3d53e6c5fccec237aa998d418bca0e1603cc9800587ab61129e00d0f3c7aa5ea,https://www.youtube.com/s/player/b2515611/player_ias.vflset/en_US/base.js
3db06560ec17a6b46c6ae483ca978f759ff8f2cff4ce82997e219e5b1a8000e9,https://www.youtube.com/s/player/ce74690f/player_ias.vflset/en_US/captions.js
3db06560ec17a6b46c6ae483ca978f759ff8f2cff4ce82997e219e5b1a8000e9,https://www.youtube.com/s/player/68179ae3/player_ias.vflset/en_US/captions.js
3e0dbb8a79ce13e7ec98b64f76d66be5ddb27037b9212401b0680f7d123cc704,https://www.youtube.com/s/player/4eecba16/player_ias.vflset/en_US/captions.js
3e21ee69bc23a8cb71d82bde05012057945321c4a98bc6db5aead8dba7d2db83,https://www.youtube.com/s/player/b1ac6210/player_ias.vflset/en_US/captions.js
3e9c689b7be56b12489a43ddaee32d52e0a365b7f7560c82d56f27a53fab2843,https://www.youtube.com/s/player/26a9c282/player_ias.vflset/en_US/base.js
3ecfc1aeca0472165bcd4c799aa2a82f14e7b4d4294b4ba80630a1bea8e4e3bd,https://www.youtube.com/s/player/bcd88ad3/player_ias.vflset/en_US/captions.js
3ecfc1aeca0472165bcd4c799aa2a82f14e7b4d4294b4ba80630a1bea8e4e3bd,https://www.youtube.com/s/player/820123f3/player_ias.vflset/en_US/captions.js
3f2e1654b3dd9429fe541224edb5f6af8de1b17652b30017af445574b41b2a33,https://www.youtube.com/s/player/6e4dbefe/player_ias.vflset/en_US/base.js
3f4865cbdf3eba6f4b6c4c0c5364d8e72332a9821aabebf6256d847c36db1e6c,https://www.youtube.com/s/player/3fb7e6ac/www-player.css
3f4865cbdf3eba6f4b6c4c0c5364d8e72332a9821aabebf6256d847c36db1e6c,https://www.youtube-nocookie.com/s/player/3fb7e6ac/www-player.css
3f56ae7cba62e66d3fa6deb946d6e7b41f6738c933c9424534ad15281c940e6e,https://www.youtube.com/s/player/4d9ffdf8/player_ias.vflset/en_US/base.js
3ff9255c43ffe876d84fcc95ec5fc7057e9ac13c3fe858fabe420fab8e9b5740,https://www.youtube.com/s/player/d138a901/player_ias.vflset/en_US/base.js
404c7493cdb56b5b235e7e3b011a73e5de1a3bfc3273b2426d9485bd8c9f54ab,https://www.youtube.com/s/player/9fc68080/player_ias.vflset/en_US/captions.js
404c7493cdb56b5b235e7e3b011a73e5de1a3bfc3273b2426d9485bd8c9f54ab,https://www.youtube.com/s/player/98d96711/player_ias.vflset/en_US/captions.js
404c7493cdb56b5b235e7e3b011a73e5de1a3bfc3273b2426d9485bd8c9f54ab,https://www.youtube.com/s/player/b6e44494/player_ias.vflset/en_US/captions.js
404c7493cdb56b5b235e7e3b011a73e5de1a3bfc3273b2426d9485bd8c9f54ab,https://www.youtube.com/s/player/ce44be02/player_ias.vflset/en_US/captions.js
404c7493cdb56b5b235e7e3b011a73e5de1a3bfc3273b2426d9485bd8c9f54ab,https://www.youtube.com/s/player/75dfc895/player_ias.vflset/en_US/captions.js
404c7493cdb56b5b235e7e3b011a73e5de1a3bfc3273b2426d9485bd8c9f54ab,https://www.youtube.com/s/player/204ff6e4/player_ias.vflset/en_US/captions.js
404c7493cdb56b5b235e7e3b011a73e5de1a3bfc3273b2426d9485bd8c9f54ab,https://www.youtube.com/s/player/38dca859/player_ias.vflset/en_US/captions.js
404c7493cdb56b5b235e7e3b011a73e5de1a3bfc3273b2426d9485bd8c9f54ab,https://www.youtube.com/s/player/4e0a5143/player_ias.vflset/en_US/captions.js
404c7493cdb56b5b235e7e3b011a73e5de1a3bfc3273b2426d9485bd8c9f54ab,https://www.youtube.com/s/player/fa305f43/player_ias.vflset/en_US/captions.js
404c7493cdb56b5b235e7e3b011a73e5de1a3bfc3273b2426d9485bd8c9f54ab,https://www.youtube.com/s/player/f649823c/player_ias.vflset/en_US/captions.js
404c7493cdb56b5b235e7e3b011a73e5de1a3bfc3273b2426d9485bd8c9f54ab,https://www.youtube.com/s/player/f529f326/player_ias.vflset/en_US/captions.js
404c7493cdb56b5b235e7e3b011a73e5de1a3bfc3273b2426d9485bd8c9f54ab,https://www.youtube.com/s/player/30b88c09/player_ias.vflset/en_US/captions.js
40723852f0369d453ee285dd827a4ddd936d6ec6fe98460fa594ec9b219e3157,https://www.youtube.com/s/player/e42f4bf8/player_ias.vflset/en_US/base.js
40739ff8253ab26a374a870bd7c05c9ace01045e57fb1a71981248f8d4c7d1dd,https://www.youtube.com/s/player/80f08606/player_ias.vflset/en_US/base.js
408df13457faa3e895984c43ea580c6f70d3456c601f35e789df658ce5a4db87,https://www.youtube.com/s/player/89e685a2/www-player.css
408df13457faa3e895984c43ea580c6f70d3456c601f35e789df658ce5a4db87,https://www.youtube-nocookie.com/s/player/89e685a2/www-player.css
40a795d027b5889e3e97f0e92fe2c950ba3ad77a22f01f8c2bdeb49897ddbdec,https://www.youtube.com/s/player/4c6971ef/player_ias.vflset/en_US/base.js
41edaf74683d24b03af0d11a7291c1f6ff771fe91506bf28847a8eb716a18f38,https://www.youtube.com/s/player/1ebf2aa6/player_ias.vflset/en_US/base.js
4271391a68df53a21081bfdf003beed1c99acf1432c2f65755188095af14a196,https://www.youtube.com/s/player/42c5570b/player_ias.vflset/en_US/captions.js
42c38bfe45a98f3eb6bab94e1b9aaf3b818e48edfbc5d13c003e912355a953d3,https://www.youtube.com/s/player/ef65734f/player_ias.vflset/en_US/captions.js
42cfe4c164fe87a0fdae1e2466876054cd412e23f345ea745fcda13bff9de6cf,https://www.youtube.com/s/player/5bb72cbb/player_ias.vflset/en_US/base.js
42d3ca7e6f299a60de206b5dff7626f076caa479299f2aab28f56d463071ac56,https://www.youtube.com/s/player/ec38d4eb/player_ias.vflset/en_US/captions.js
432c5bf8b9cad2d4c030fe52d8f49b89349d247c7a00c9a6d4fdab0d8c377625,https://www.youtube.com/s/player/f1ddd097/player_ias.vflset/en_US/base.js
439a5897e7fd0af2184cd85e981b75a2248fd666eb5233230eeab7a23a99ae33,https://www.youtube.com/s/player/ecde8a55/player_ias.vflset/en_US/base.js
441498532079fe2f2f88717ab92f62b9511efa4afe309ea8d8ae15db9c22a9e0,https://www.youtube.com/s/player/d6afc319/player_ias.vflset/en_US/base.js
44939793a8834502cc53538e6706991f66671092c682ed1f5dc6716dc5e8b14f,https://www.youtube.com/s/player/46e01509/player_ias.vflset/en_US/base.js
44b58466f7aedb408553f945c4bac50d19c67f360c79fa61a3f0202c9589bf70,https://www.youtube.com/s/player/4b0d80ee/player_ias.vflset/en_US/captions.js
44c5d9596fe6a2d02080366de1ccce2a73e20474b46a1222c45303a8f15e843e,https://www.youtube.com/s/player/116dbe15/player_ias.vflset/en_US/base.js
45920be153ff3779a96824c02dea12937a00f6c8c79287b5e0396a18a0551a80,https://www.youtube.com/s/player/487b9fc1/player_ias.vflset/en_US/base.js
45c16db026ab6520c4c671613acd79f985f51d0ae3405bdefa5ec32ec73b6adf,https://www.youtube.com/s/player/67ff56cb/player_ias.vflset/en_US/base.js
462dead8b8162740d9ee78a286adbfcc597bf794551c55abfefd34d9a1e17460,https://www.youtube.com/s/player/4e0a5143/player_ias.vflset/en_US/base.js
462df39c5050f5df7fde6eb2f462e23bf609952a558f61621272a9580b05500e,https://www.youtube.com/s/player/10ecb549/player_ias.vflset/en_US/captions.js
46beb048fdeea612ea54c35ee6065e56855414d3e26ef908c86e48669f538869,https://www.youtube.com/s/player/57fefa84/player_ias.vflset/en_US/base.js
4740e77b69c2d95fef19d2a7e0ba242c87bdb8ad543015f1bd84d7ea2272bc56,https://www.youtube.com/s/player/e5fcb1c4/player_ias.vflset/en_US/captions.js
4740e77b69c2d95fef19d2a7e0ba242c87bdb8ad543015f1bd84d7ea2272bc56,https://www.youtube.com/s/player/7256bbfc/player_ias.vflset/en_US/captions.js
47569ad0a1aa368b0d8159c8a314b2a6d1b84ddf3b0f25240b40617ee72bf649,https://www.youtube.com/s/player/ee507a59/player_ias.vflset/en_US/base.js
4758f3e36fb68b635501c6c8a1b50df7277f0095a1ebc163ccca9d42ec8bda28,https://www.youtube.com/s/player/1c74cab8/player_ias.vflset/en_US/captions.js
480767b3413cd9033feda74d6cac3015cf84280b40659e7187f98a41c1c8f215,https://www.youtube.com/s/player/d396ac15/player_ias.vflset/en_US/captions.js
489917e284f6be3fc5dcd24e7707fc8e0f9fbf7d4a0729b33e5b2b6ed85e1a8d,https://www.youtube.com/s/player/0d0138e0/player_ias.vflset/en_US/base.js
489e1dad678d54b6bb948144e94161e09f6f11ccbd2e6a58b2ef5bdf83b79303,https://www.youtube.com/s/player/f53077c5/player_ias.vflset/en_US/base.js
48dc1a423aeac4a685642cac5d7b1ca110fe83373e06e5e9b6f404385dca537d,https://www.youtube.com/s/player/5e4f1adf/player_ias.vflset/en_US/base.js
491554a30757689bd7c52d5d87a54ae530bd20cc632845a1f68bd779db1ff5f4,https://www.youtube.com/s/player/0502bc08/player_ias.vflset/en_US/base.js
4925c3d4bb0b1bb0533b9577e08a1e56ea36bdcdbc28d184f758ab06ebab86f7,https://www.youtube.com/s/player/63233546/player_ias.vflset/en_US/base.js
4960ffe79384a1d776c980637aec8e6b6a9e062ad265ec19e47d32b1475250bb,https://www.youtube.com/s/player/ea7a7460/player_ias.vflset/en_US/base.js
49bf9c06b71e6355e19394cb7c234b967f82b40ae454dae247f79d0e7c8fcc63,https://www.youtube.com/s/player/29a37ef6/player_ias.vflset/en_US/captions.js
49f5d339b1e841cf001192e5f7a28b2bc4ff0162cbb0f4d3219b50e0bf683ab6,https://www.youtube.com/s/player/ec3567a3/player_ias.vflset/en_US/base.js
49feb722a2b7cb8a35c1687a54c8ceeab98f5bf8dc7d45b8a68e7033ece59de2,https://www.youtube.com/s/player/a9f67a82/player_ias.vflset/en_US/captions.js
4a3cac3d0e426c1f24f2d28a6ff5b2c564ba4ab95e8f9aafd4b9430c064d8333,https://www.youtube.com/s/player/d9ea877b/player_ias.vflset/en_US/base.js
4a3d9f50726e2dc48728329f15bed529b17e8e1238c784566e6e97a03a710e83,https://www.youtube.com/s/player/652bbb94/www-player.css
4a3d9f50726e2dc48728329f15bed529b17e8e1238c784566e6e97a03a710e83,https://www.youtube-nocookie.com/s/player/652bbb94/www-player.css
4a3d9f50726e2dc48728329f15bed529b17e8e1238c784566e6e97a03a710e83,https://www.youtube.com/s/player/afc53320/www-player.css
4a3d9f50726e2dc48728329f15bed529b17e8e1238c784566e6e97a03a710e83,https://www.youtube-nocookie.com/s/player/afc53320/www-player.css
4a3d9f50726e2dc48728329f15bed529b17e8e1238c784566e6e97a03a710e83,https://www.youtube.com/s/player/8da75a6a/www-player.css
4a3d9f50726e2dc48728329f15bed529b17e8e1238c784566e6e97a03a710e83,https://www.youtube-nocookie.com/s/player/8da75a6a/www-player.css
4a3d9f50726e2dc48728329f15bed529b17e8e1238c784566e6e97a03a710e83,https://www.youtube.com/s/player/eace5bba/www-player.css
4a3d9f50726e2dc48728329f15bed529b17e8e1238c784566e6e97a03a710e83,https://www.youtube-nocookie.com/s/player/eace5bba/www-player.css
4a3d9f50726e2dc48728329f15bed529b17e8e1238c784566e6e97a03a710e83,https://www.youtube.com/s/player/c9168c90/www-player.css
4a3d9f50726e2dc48728329f15bed529b17e8e1238c784566e6e97a03a710e83,https://www.youtube-nocookie.com/s/player/c9168c90/www-player.css
4a3d9f50726e2dc48728329f15bed529b17e8e1238c784566e6e97a03a710e83,https://www.youtube.com/s/player/01b2d163/www-player.css
4a3d9f50726e2dc48728329f15bed529b17e8e1238c784566e6e97a03a710e83,https://www.youtube-nocookie.com/s/player/01b2d163/www-player.css
4a3d9f50726e2dc48728329f15bed529b17e8e1238c784566e6e97a03a710e83,https://www.youtube.com/s/player/c1c87fb0/www-player.css
4a3d9f50726e2dc48728329f15bed529b17e8e1238c784566e6e97a03a710e83,https://www.youtube-nocookie.com/s/player/c1c87fb0/www-player.css
4a7556565805186788b090b2b79f0e9a53cd8218df0a4daff889c1cf06acc86b,https://www.youtube.com/s/player/38e0f4b0/player_ias.vflset/en_US/captions.js
4a7556565805186788b090b2b79f0e9a53cd8218df0a4daff889c1cf06acc86b,https://www.youtube.com/s/player/17ad44a3/player_ias.vflset/en_US/captions.js
4a9e0bd2ff2d07e8861589123db9f6cabd22b3ec49d397134b47600aa02919d7,https://www.youtube.com/s/player/25822515/player_ias.vflset/en_US/captions.js
4b29b3390dd09116dfea0d0900028546580e3b77ab3222a8a8557844b8e4c7f7,https://www.youtube.com/s/player/9d2ef9ef/player_ias.vflset/en_US/base.js
4b2d4e16f3656cfedc14e677d1f5333e2fa419f6f23e381775f153dac9a63c98,https://www.youtube.com/s/player/3ccae36b/player_ias.vflset/en_US/base.js
4bb0949a62e1418f82a9e9a45e026490f517906dd8bdb95c4c15c5b890c9a900,https://www.youtube.com/s/player/9be3886e/player_ias.vflset/en_US/base.js
4bd2cc76a4b43c8b0a137f88de875e30056f6b334dcf672c52c2b0363633ce73,https://www.youtube.com/s/player/f067dbb6/player_ias.vflset/en_US/base.js
4bd4f6f339ab257d800d07ee1bac7b34f0155946793cd26a6aa5fb993932ec7f,https://www.youtube.com/s/player/dbc3c96f/player_ias.vflset/en_US/base.js
4c1ff0d36025475e3f18aa5ff03389dc48a450912a4c6351f7679c08d180eef6,https://www.youtube.com/s/player/218d9d92/player_ias.vflset/en_US/captions.js
4c1ff0d36025475e3f18aa5ff03389dc48a450912a4c6351f7679c08d180eef6,https://www.youtube.com/s/player/5570c7bc/player_ias.vflset/en_US/captions.js
4c1ff0d36025475e3f18aa5ff03389dc48a450912a4c6351f7679c08d180eef6,https://www.youtube.com/s/player/6baf88c8/player_ias.vflset/en_US/captions.js
4c27a730b175be2121ebbfbde77c242b2cc3e90619c097fbc37f3c5dc8bb3ffb,https://www.youtube.com/s/player/9c249f6f/player_ias.vflset/en_US/base.js
4c43ed63d1e73964084322f8c53f5fcd3df29d76e5c8449759016b50862dc51a,https://www.youtube.com/s/player/886cbf26/player_ias.vflset/en_US/captions.js
4c43ed63d1e73964084322f8c53f5fcd3df29d76e5c8449759016b50862dc51a,https://www.youtube.com/s/player/b6e5a811/player_ias.vflset/en_US/captions.js
4e8399d3079df67f90c065c290c56d1b8fe14f84d637886e2c0bf6634003c187,https://www.youtube.com/s/player/631d3938/player_ias.vflset/en_US/base.js
4ee7062efb2c4282d0e6aa8c4e708976dade98c8415b18929df71e421720898f,https://www.youtube.com/s/player/9e63f8e4/player_ias.vflset/en_US/base.js
4f18551bb1b2d65aeeae0a162c9e4d1613f485e747a4d32f96a9e1f58beee493,https://www.youtube.com/s/player/2f47d04e/player_ias.vflset/en_US/base.js
4f1acd50091733a1834aaa3d0ae4246c8352091b19a6222eaacbf80c42553c68,https://www.youtube.com/s/player/7fefdcfe/player_ias.vflset/en_US/base.js
4f8d50eafe1a542e0d54cd8e591313b3982cded4e235a034cbd4464deb491721,https://www.youtube.com/s/player/67da7e92/player_ias.vflset/en_US/base.js
4fe2aadd2d7b16b128c92be5bd94b297f39ec9c11f8546b8990ca07dc5a2046c,https://www.youtube.com/s/player/f8a07cad/player_ias.vflset/en_US/captions.js
506d9a9bfc20ae4705736896673f88e5f882aeffc083e8c3192ef1790ce22e13,https://www.youtube.com/s/player/c1c87fb0/player_ias.vflset/en_US/base.js
5097d95aa6a2e9a09aa6365975069dcbbada248e46576eac4bb87f735676932c,https://www.youtube.com/s/player/6c5cb4f4/player_ias.vflset/en_US/captions.js
50e76f02d09943f85b5473c3bc33b887707daf3a183f743d4f5231ac142091dc,https://www.youtube.com/s/player/f85ea353/player_ias.vflset/en_US/base.js
514384fdf9939ebb81e0d6456284a6aa927b1d43209dc5fdb886b9352160fb73,https://www.youtube.com/s/player/06dc4a70/player_ias.vflset/en_US/captions.js
514384fdf9939ebb81e0d6456284a6aa927b1d43209dc5fdb886b9352160fb73,https://www.youtube.com/s/player/ee507a59/player_ias.vflset/en_US/captions.js
516f4c62dd16d6bafce5cdc8b44b033d2df2a8c96280b4933754bd9ada4d20bd,https://www.youtube.com/s/player/1c74cab8/player_ias.vflset/en_US/base.js
518bdd72a508bfe21b1a19bef2c9ec128add52a921e228f77fcba2c2b4efec61,https://www.youtube.com/s/player/82e5a015/player_ias.vflset/en_US/captions.js
518bdd72a508bfe21b1a19bef2c9ec128add52a921e228f77fcba2c2b4efec61,https://www.youtube.com/s/player/ec6f9bb5/player_ias.vflset/en_US/captions.js
518bdd72a508bfe21b1a19bef2c9ec128add52a921e228f77fcba2c2b4efec61,https://www.youtube.com/s/player/be5a4839/player_ias.vflset/en_US/captions.js
518bdd72a508bfe21b1a19bef2c9ec128add52a921e228f77fcba2c2b4efec61,https://www.youtube.com/s/player/9c3bdbc5/player_ias.vflset/en_US/captions.js
518bdd72a508bfe21b1a19bef2c9ec128add52a921e228f77fcba2c2b4efec61,https://www.youtube.com/s/player/25f11721/player_ias.vflset/en_US/captions.js
518bdd72a508bfe21b1a19bef2c9ec128add52a921e228f77fcba2c2b4efec61,https://www.youtube.com/s/player/efa2c4f5/player_ias.vflset/en_US/captions.js
518bdd72a508bfe21b1a19bef2c9ec128add52a921e228f77fcba2c2b4efec61,https://www.youtube.com/s/player/e0dc87a1/player_ias.vflset/en_US/captions.js
518bdd72a508bfe21b1a19bef2c9ec128add52a921e228f77fcba2c2b4efec61,https://www.youtube.com/s/player/551c312f/player_ias.vflset/en_US/captions.js
518bdd72a508bfe21b1a19bef2c9ec128add52a921e228f77fcba2c2b4efec61,https://www.youtube.com/s/player/4d9ffdf8/player_ias.vflset/en_US/captions.js
518bdd72a508bfe21b1a19bef2c9ec128add52a921e228f77fcba2c2b4efec61,https://www.youtube.com/s/player/0727df12/player_ias.vflset/en_US/captions.js
518bdd72a508bfe21b1a19bef2c9ec128add52a921e228f77fcba2c2b4efec61,https://www.youtube.com/s/player/74be5b62/player_ias.vflset/en_US/captions.js
518bdd72a508bfe21b1a19bef2c9ec128add52a921e228f77fcba2c2b4efec61,https://www.youtube.com/s/player/c5a4a312/player_ias.vflset/en_US/captions.js
518bdd72a508bfe21b1a19bef2c9ec128add52a921e228f77fcba2c2b4efec61,https://www.youtube.com/s/player/5c692b33/player_ias.vflset/en_US/captions.js
518bdd72a508bfe21b1a19bef2c9ec128add52a921e228f77fcba2c2b4efec61,https://www.youtube.com/s/player/3859fa39/player_ias.vflset/en_US/captions.js
518bdd72a508bfe21b1a19bef2c9ec128add52a921e228f77fcba2c2b4efec61,https://www.youtube.com/s/player/1680feb2/player_ias.vflset/en_US/captions.js
518bdd72a508bfe21b1a19bef2c9ec128add52a921e228f77fcba2c2b4efec61,https://www.youtube.com/s/player/16589d5e/player_ias.vflset/en_US/captions.js
51f8a866d31635e1e64c5ed2d9edf69d9b4907dd570919058c48f7dd0a55b808,https://www.youtube.com/s/player/35df120f/player_ias.vflset/en_US/captions.js
526cd32e28083eb7412c50b253f3b3612b33180b65d699f5b7c731f0f20df96d,https://www.youtube.com/s/player/8c83ec2e/player_ias.vflset/en_US/base.js
5386525f58308727280363f9e3ca8570afae1724c5c0e3b5673edfcbe68f64b5,https://www.youtube.com/s/player/5afa275f/player_ias.vflset/en_US/base.js
53c2b453228668e8ed2e6793d50cc159a7aed41849a9a227c5176dacffc02c8f,https://www.youtube.com/s/player/42c5570b/player_ias.vflset/en_US/base.js
53c8f179aaec160e246a8bc6f12a6aea17812468ed826a4aaefeeee67cb9e744,https://www.youtube.com/s/player/a0d0e12d/player_ias.vflset/en_US/captions.js
544d1c1f9a94e97bc3b2772f913c85266fc96668d96b68c25334a14c0aac96ef,https://www.youtube.com/s/player/c2dd02e1/player_ias.vflset/en_US/base.js
554841abfaf5ab87657ce7ab4bf2491aa370ff36dac4c2f4a42cdfb073dcfd9b,https://www.youtube.com/s/player/944b5ebc/player_ias.vflset/en_US/base.js
55abda41fda6e108352dabbdd87e78762fcafafb50b191f82b4d7c2fd026e213,https://www.youtube.com/s/player/69722e65/player_ias.vflset/en_US/captions.js
55abda41fda6e108352dabbdd87e78762fcafafb50b191f82b4d7c2fd026e213,https://www.youtube.com/s/player/d46d9f81/player_ias.vflset/en_US/captions.js
56c152e548b3629273b2813d5a3f4d8deedb3f7ddade5c4de12055bc9707970a,https://www.youtube.com/s/player/89e685a2/player_ias.vflset/en_US/base.js
56ccc50c4963011189a26eb4eedfc5b66a83cd0201cd0c04489b59a7aaebb91c,https://www.youtube.com/s/player/ebc32385/player_ias.vflset/en_US/captions.js
56ccc50c4963011189a26eb4eedfc5b66a83cd0201cd0c04489b59a7aaebb91c,https://www.youtube.com/s/player/18d29a11/player_ias.vflset/en_US/captions.js
56ccc50c4963011189a26eb4eedfc5b66a83cd0201cd0c04489b59a7aaebb91c,https://www.youtube.com/s/player/9e63f8e4/player_ias.vflset/en_US/captions.js
56e89337b13d83317f7e1da476b5e908fe0db3b9d6683b0452ef7493dc014858,https://www.youtube.com/s/player/4e67f8a0/player_ias.vflset/en_US/base.js
574c8a26919823f2cd5401f85c0ea5e12977113550ffabc9d6d9e6e26a84e08f,https://www.youtube.com/s/player/a3286ae2/player_ias.vflset/en_US/captions.js
57d27e09c836e730b8d04924adfd9bae2ceb56b17c4a4844b91f60357225506f,https://www.youtube.com/s/player/06ab93f2/player_ias.vflset/en_US/base.js
58036c9d7ca7e075b017e4c673435eb6ce7a3a8ab98d1dbd53fb92b64c0f01bc,https://www.youtube.com/s/player/46c7ab03/player_ias.vflset/en_US/base.js
5852dac9e905db610bb4323eee0cc170a741318d74dcda4e3194e1290fdbb5d6,https://www.youtube.com/s/player/bf9226b1/player_ias.vflset/en_US/base.js
5872f16d95742d3bbce6a5620fcc55c33b13f1d79e05eadca12f8f08e482dba7,https://www.youtube.com/s/player/cbad65aa/player_ias.vflset/en_US/base.js
59827fac631751864f2e913d186c45d58be08badce62911413e63fabca9d74a5,https://www.youtube.com/s/player/b6048f74/player_ias.vflset/en_US/base.js
59b653c76baad706177287abdc973807fb66086cc1a98dd0c2f9a12897d247c1,https://www.youtube.com/s/player/fd65c577/player_ias.vflset/en_US/captions.js
5a2df7ab4e8c137177ecc7c441c72843daa4b10e8205cac68c34c81c73cc3240,https://www.youtube.com/s/player/84fd6c82/player_ias.vflset/en_US/base.js
5a817de0e2703575c4ba08c8b06130316f4930ec2be22cc2f84cfa63762bfbc0,https://www.youtube.com/s/player/5fc1ea49/player_ias.vflset/en_US/base.js
5a851e909efa1da2c8f47d192a610723d9f7f914be7bf650ef966998ec8fecb4,https://www.youtube.com/s/player/5c692b33/player_ias.vflset/en_US/base.js
5b392c99d677348413a1617fb1910a7d5974d7130c5603421db80ef8dcc8f689,https://www.youtube.com/s/player/ae417f28/player_ias.vflset/en_US/base.js
5b6d8170adb9c74865703010a6d64061207a5a3ee3bc93dedb171cc7bb7e2c1f,https://www.youtube.com/s/player/4d3f167a/player_ias.vflset/en_US/captions.js
5bc93110c96729caeaf0fed485c64fc6a9ff6e262c12e8225eeacc69309aadc2,https://www.youtube.com/s/player/bcea3860/player_ias.vflset/en_US/base.js
5c3615813a0948e201386685a52acf77dc57c09daa7572554200729ab1d9dd19,https://www.youtube.com/s/player/367cdf18/player_ias.vflset/en_US/base.js
5cfbabe65e101496d80392a687d51d1f5e50240f19fa74e5aed3ad26097a528f,https://www.youtube.com/s/player/0fe2b028/player_ias.vflset/en_US/base.js
5d5ed344c17d9e5084c727030c05fdfb4a6de514fc853c0e0b3df064e5e8c721,https://www.youtube.com/s/player/51e03cf0/player_ias.vflset/en_US/base.js
5f4dc44f39280b15c456d894d73aed239cb32b1f6abe154e1f6ad3a1d49f04ac,https://www.youtube.com/s/player/0a5faf6d/player_ias.vflset/en_US/base.js
5fabe543cc167364b260d11aa97ba686a8baa7205b62364172085d3d901ff707,https://www.youtube.com/s/player/c7119fda/player_ias.vflset/en_US/captions.js
5fabe543cc167364b260d11aa97ba686a8baa7205b62364172085d3d901ff707,https://www.youtube.com/s/player/1acfe3aa/player_ias.vflset/en_US/captions.js
5fe2f5e79018f6e7b744dc6ee70988e27a4e8c17ae04dd272e500729b34d4ad9,https://www.youtube.com/s/player/3dfa10c2/www-player.css
5fe2f5e79018f6e7b744dc6ee70988e27a4e8c17ae04dd272e500729b34d4ad9,https://www.youtube-nocookie.com/s/player/3dfa10c2/www-player.css
600da681fe1d992b46aaac7d2736095b523077907c8bbf98f54f7e119a076e02,https://www.youtube.com/s/player/1bb6ee63/player_ias.vflset/en_US/captions.js
6045af4d04b51f332b3ac2e05f60bbcf283b7c0892b606333f66a31751784f07,https://www.youtube.com/s/player/8a6e7bc4/player_ias.vflset/en_US/base.js
605d9f342d310189b3e6386db930247be08f819b0c23286472f409521ae189da,https://www.youtube.com/s/player/7d647a07/player_ias.vflset/en_US/captions.js
60ef1ad7409e8e7d81cf00eaf51e32f9a2a3afe4b80878879f2dd07331876f63,https://www.youtube.com/s/player/5d6c9da0/player_ias.vflset/en_US/base.js
6189ff4ff08bed0d5f361b694f52b6175f661d4abda2a4a3d5281dfa2cd5f5ce,https://www.youtube.com/s/player/edc3ba07/player_ias.vflset/en_US/captions.js
61aee561641477dbf5455efc78b577e9ceda8456b096533ce765d19b9c63d004,https://www.youtube.com/s/player/43395a38/player_ias.vflset/en_US/base.js
622ba5cb15667f4c4b474382d5eaeafb1fdab66287557a0689e1d4ca894e42bb,https://www.youtube.com/s/player/ab89db3f/player_ias.vflset/en_US/base.js
62b12396fb7d5d64c543599ed6da2374b26a65fa1ddfa6c0cd4664fc56819801,https://www.youtube.com/s/player/0d130d9d/player_ias.vflset/en_US/base.js
6325a2b52f995f98cde962ec595cadb49f8e524b08062b61fa1657a1bcabcbdd,https://www.youtube.com/s/player/0e48fdab/player_ias.vflset/en_US/captions.js
6325a2b52f995f98cde962ec595cadb49f8e524b08062b61fa1657a1bcabcbdd,https://www.youtube.com/s/player/4f43eb64/player_ias.vflset/en_US/captions.js
63978b6d644f75da84dd39cd8a9c7c3cea846d4e13b10074bb5786ec6ddb46ce,https://www.youtube.com/s/player/3dfa10c2/player_ias.vflset/en_US/captions.js
6404b98752964e71deeba2188342b5d3baa39af264f71da355694a8399050418,https://www.youtube.com/s/player/ace4b2f8/player_ias.vflset/en_US/base.js
642196b6dd114b1255010e6ef2f134184734068cb4e9b2a8c75de1dac7814d71,https://www.youtube.com/s/player/2721aa5c/player_ias.vflset/en_US/base.js
644559b7590cf725119fd0ab8ed45a236d0faf9751693abb303038d7c349d2b2,https://www.youtube.com/s/player/d6afc319/www-player.css
644559b7590cf725119fd0ab8ed45a236d0faf9751693abb303038d7c349d2b2,https://www.youtube-nocookie.com/s/player/d6afc319/www-player.css
644559b7590cf725119fd0ab8ed45a236d0faf9751693abb303038d7c349d2b2,https://www.youtube.com/s/player/ed3f6ea5/www-player.css
644559b7590cf725119fd0ab8ed45a236d0faf9751693abb303038d7c349d2b2,https://www.youtube-nocookie.com/s/player/ed3f6ea5/www-player.css
644559b7590cf725119fd0ab8ed45a236d0faf9751693abb303038d7c349d2b2,https://www.youtube.com/s/player/42c5570b/www-player.css
644559b7590cf725119fd0ab8ed45a236d0faf9751693abb303038d7c349d2b2,https://www.youtube-nocookie.com/s/player/42c5570b/www-player.css
644559b7590cf725119fd0ab8ed45a236d0faf9751693abb303038d7c349d2b2,https://www.youtube.com/s/player/fcf70340/www-player.css
644559b7590cf725119fd0ab8ed45a236d0faf9751693abb303038d7c349d2b2,https://www.youtube-nocookie.com/s/player/fcf70340/www-player.css
644559b7590cf725119fd0ab8ed45a236d0faf9751693abb303038d7c349d2b2,https://www.youtube.com/s/player/acf964b9/www-player.css
644559b7590cf725119fd0ab8ed45a236d0faf9751693abb303038d7c349d2b2,https://www.youtube-nocookie.com/s/player/acf964b9/www-player.css
644559b7590cf725119fd0ab8ed45a236d0faf9751693abb303038d7c349d2b2,https://www.youtube.com/s/player/146d3747/www-player.css
644559b7590cf725119fd0ab8ed45a236d0faf9751693abb303038d7c349d2b2,https://www.youtube-nocookie.com/s/player/146d3747/www-player.css
644559b7590cf725119fd0ab8ed45a236d0faf9751693abb303038d7c349d2b2,https://www.youtube.com/s/player/627e46f5/www-player.css
644559b7590cf725119fd0ab8ed45a236d0faf9751693abb303038d7c349d2b2,https://www.youtube-nocookie.com/s/player/627e46f5/www-player.css
644559b7590cf725119fd0ab8ed45a236d0faf9751693abb303038d7c349d2b2,https://www.youtube.com/s/player/1c3a131b/www-player.css
644559b7590cf725119fd0ab8ed45a236d0faf9751693abb303038d7c349d2b2,https://www.youtube-nocookie.com/s/player/1c3a131b/www-player.css
644559b7590cf725119fd0ab8ed45a236d0faf9751693abb303038d7c349d2b2,https://www.youtube.com/s/player/0e380a3c/www-player.css
644559b7590cf725119fd0ab8ed45a236d0faf9751693abb303038d7c349d2b2,https://www.youtube-nocookie.com/s/player/0e380a3c/www-player.css
644559b7590cf725119fd0ab8ed45a236d0faf9751693abb303038d7c349d2b2,https://www.youtube.com/s/player/a0f30157/www-player.css
644559b7590cf725119fd0ab8ed45a236d0faf9751693abb303038d7c349d2b2,https://www.youtube-nocookie.com/s/player/a0f30157/www-player.css
644559b7590cf725119fd0ab8ed45a236d0faf9751693abb303038d7c349d2b2,https://www.youtube.com/s/player/b95b0e7a/www-player.css
644559b7590cf725119fd0ab8ed45a236d0faf9751693abb303038d7c349d2b2,https://www.youtube-nocookie.com/s/player/b95b0e7a/www-player.css
644559b7590cf725119fd0ab8ed45a236d0faf9751693abb303038d7c349d2b2,https://www.youtube.com/s/player/e78b6727/www-player.css
644559b7590cf725119fd0ab8ed45a236d0faf9751693abb303038d7c349d2b2,https://www.youtube-nocookie.com/s/player/e78b6727/www-player.css
644559b7590cf725119fd0ab8ed45a236d0faf9751693abb303038d7c349d2b2,https://www.youtube.com/s/player/48ba8ecf/www-player.css
644559b7590cf725119fd0ab8ed45a236d0faf9751693abb303038d7c349d2b2,https://www.youtube-nocookie.com/s/player/48ba8ecf/www-player.css
644559b7590cf725119fd0ab8ed45a236d0faf9751693abb303038d7c349d2b2,https://www.youtube.com/s/player/58b06374/www-player.css
644559b7590cf725119fd0ab8ed45a236d0faf9751693abb303038d7c349d2b2,https://www.youtube-nocookie.com/s/player/58b06374/www-player.css
644559b7590cf725119fd0ab8ed45a236d0faf9751693abb303038d7c349d2b2,https://www.youtube.com/s/player/cb975c6f/www-player.css
644559b7590cf725119fd0ab8ed45a236d0faf9751693abb303038d7c349d2b2,https://www.youtube-nocookie.com/s/player/cb975c6f/www-player.css
644559b7590cf725119fd0ab8ed45a236d0faf9751693abb303038d7c349d2b2,https://www.youtube.com/s/player/b75a8e80/www-player.css
644559b7590cf725119fd0ab8ed45a236d0faf9751693abb303038d7c349d2b2,https://www.youtube-nocookie.com/s/player/b75a8e80/www-player.css
644559b7590cf725119fd0ab8ed45a236d0faf9751693abb303038d7c349d2b2,https://www.youtube.com/s/player/0502bc08/www-player.css
644559b7590cf725119fd0ab8ed45a236d0faf9751693abb303038d7c349d2b2,https://www.youtube-nocookie.com/s/player/0502bc08/www-player.css
644559b7590cf725119fd0ab8ed45a236d0faf9751693abb303038d7c349d2b2,https://www.youtube.com/s/player/721caf0b/www-player.css
644559b7590cf725119fd0ab8ed45a236d0faf9751693abb303038d7c349d2b2,https://www.youtube-nocookie.com/s/player/721caf0b/www-player.css
64b93d902ebc9683ba79420bd8d7c2ef01360547e3e74655d8b48edc08f4d1f2,https://www.youtube.com/s/player/ce945a2b/player_ias.vflset/en_US/base.js
64d4e1748fc8080e8a6b808c97851701984dc18e616fcff8d4d035fc0ea1f161,https://www.youtube.com/s/player/7d647a07/player_ias.vflset/en_US/base.js
658225ca394f8ef5cd8a08643cd721ccc95d50d9c4a6699bb5fa9bcc93e67b01,https://www.youtube.com/s/player/f4c47414/player_ias.vflset/en_US/base.js
6618fe461dd6bac7177c74bd1e6aa0dd72c563f31668aab45d3df593534ecfd6,https://www.youtube.com/s/player/67da7e92/player_ias.vflset/en_US/captions.js
6618fe461dd6bac7177c74bd1e6aa0dd72c563f31668aab45d3df593534ecfd6,https://www.youtube.com/s/player/fda13de8/player_ias.vflset/en_US/captions.js
6618fe461dd6bac7177c74bd1e6aa0dd72c563f31668aab45d3df593534ecfd6,https://www.youtube.com/s/player/80f5ca15/player_ias.vflset/en_US/captions.js
665efc795c27c8e1bab8411e25e55a4a99de3e42eda9903c877f296729ca675d,https://www.youtube.com/s/player/f96c7636/player_ias.vflset/en_US/captions.js
667dc55af62e26d451d4fdb3bc9182d03448d6ebcf4b1c22ff9b84cf26daedc7,https://www.youtube.com/s/player/7f3b257d/player_ias.vflset/en_US/captions.js
66a0187a77f6fe977bc3342e38932157cb98477155c01ada4827a24ec20ab98e,https://www.youtube.com/s/player/ebc32385/player_ias.vflset/en_US/base.js
66e1d843db74bff4dc87404f42f71e4e2badd70c155442dc9c0dea3cb541fee8,https://www.youtube.com/s/player/10ecb549/player_ias.vflset/en_US/base.js
66ed50211d277c70bc627c531abb4b8e93c05c6f07ab309e03cd0de09cafe8fe,https://www.youtube.com/s/player/5fe6131f/player_ias.vflset/en_US/captions.js
67094f46733b71c3546fa6215835ea078622e243a7afe7285291bdf51e11ca61,https://www.youtube.com/s/player/e237d4c5/player_ias.vflset/en_US/base.js
670c8851fd771d66faab5eb1ff44ec6635a5ab07365030e1366f376fb0a386de,https://www.youtube.com/s/player/bcd893b3/player_ias.vflset/en_US/captions.js
672fbd80c053f51ced783a0d14398bdc26d6afd7bfb0f8acac1b1db01a900733,https://www.youtube.com/s/player/475c090b/player_ias.vflset/en_US/base.js
674fd5e807a51c06c8f9af2fdcdb17814f79e97fb575b5dd6c7626bd7c247408,https://www.youtube.com/s/player/53db3343/player_ias.vflset/en_US/base.js
676984130ef4903f5f31e804f4d337c90a585ca644667b195923535836a5b201,https://www.youtube.com/s/player/8180e7ff/player_ias.vflset/en_US/base.js
67b53fa7849afc74a3836231803ee3adc7ca22d6dca984023aa595ba39458286,https://www.youtube.com/s/player/859db743/player_ias.vflset/en_US/captions.js
683f3c86e29d1e46f132223802d9ac579d0c3d994e6644b8b6038bedb370cd26,https://www.youtube.com/s/player/712f0810/player_ias.vflset/en_US/base.js
6896e0c520f104b187e6c8f209b69245874e9ef324c2bf4701ec33a5b413a7f6,https://www.youtube.com/s/player/329e7d83/player_ias.vflset/en_US/captions.js
6896e0c520f104b187e6c8f209b69245874e9ef324c2bf4701ec33a5b413a7f6,https://www.youtube.com/s/player/b0ff957c/player_ias.vflset/en_US/captions.js
689dc65b7087be130f50a341caf2c6ceb42c5b54aa1c4eae391b137a1e065aad,https://www.youtube.com/s/player/b15c2dcf/player_ias.vflset/en_US/captions.js
689dc65b7087be130f50a341caf2c6ceb42c5b54aa1c4eae391b137a1e065aad,https://www.youtube.com/s/player/bcf89e14/player_ias.vflset/en_US/captions.js
689dc65b7087be130f50a341caf2c6ceb42c5b54aa1c4eae391b137a1e065aad,https://www.youtube.com/s/player/40aa5b89/player_ias.vflset/en_US/captions.js
689dc65b7087be130f50a341caf2c6ceb42c5b54aa1c4eae391b137a1e065aad,https://www.youtube.com/s/player/6b334ac1/player_ias.vflset/en_US/captions.js
689dc65b7087be130f50a341caf2c6ceb42c5b54aa1c4eae391b137a1e065aad,https://www.youtube.com/s/player/5e979b82/player_ias.vflset/en_US/captions.js
689dc65b7087be130f50a341caf2c6ceb42c5b54aa1c4eae391b137a1e065aad,https://www.youtube.com/s/player/43395a38/player_ias.vflset/en_US/captions.js
689dc65b7087be130f50a341caf2c6ceb42c5b54aa1c4eae391b137a1e065aad,https://www.youtube.com/s/player/4a6bba85/player_ias.vflset/en_US/captions.js
68b94c82e605853e64de65bc87007e133dac7762abfaf030d4be8947eddd7762,https://www.youtube.com/s/player/d9ea877b/player_ias.vflset/en_US/captions.js
6901578036d803757a074d10eac0a8853d4d12f403ebbc08b9982082aa47aa39,https://www.youtube.com/s/player/7b9b4e02/player_ias.vflset/en_US/captions.js
6904382455acddc39783d3236963459f78bac0d3d604fa5385d62adb36a9dae0,https://www.youtube.com/s/player/551c312f/player_ias.vflset/en_US/base.js
6989864ecc9b2c14abdfaf0812213a289640b6145beec8de73d3d16f9e842891,https://www.youtube.com/s/player/a4a1bee0/player_ias.vflset/en_US/base.js
6992da67708c368b3b3baf461feea187aa35707d5be38f0be30038a043da2d5c,https://www.youtube.com/s/player/638ec5c6/www-player.css
6992da67708c368b3b3baf461feea187aa35707d5be38f0be30038a043da2d5c,https://www.youtube-nocookie.com/s/player/638ec5c6/www-player.css
69a3e2056996676357457aa5f576b9b3aafe34c8452751a572481c2aa25908d1,https://www.youtube.com/s/player/0e56f409/player_ias.vflset/en_US/base.js
69c54af8c1059ce684061cade60114bded0e402d452b5a64bfea9c92529aeefe,https://www.youtube.com/s/player/cb975c6f/player_ias.vflset/en_US/base.js
69d7f3748ef0c9d688897fff06d52349f93e887179d89ce77badb24bba9da4e4,https://www.youtube.com/s/player/f8a07cad/player_ias.vflset/en_US/base.js
6a03b27f9a8f3d26d0764380a777cb52b6f51ea51ae6ef6530f4f7ecfe676089,https://www.youtube.com/s/player/56545ff7/player_ias.vflset/en_US/captions.js
6ab94a9a6ca43d43677d3fdb6394c1ff6d81bf7b692ec54c8c031b2549ee3a0b,https://www.youtube.com/s/player/b443d9d5/player_ias.vflset/en_US/base.js
6ad4a1a8a79060462bedb4703a76081bcc0da2fb6dcda7e70479b387f2c18b7d,https://www.youtube.com/s/player/ace4b2f8/player_ias.vflset/en_US/captions.js
6b00ec10451206aea36d49226d1b0fed356877b604435cb5bc65b31386f1c99a,https://www.youtube.com/s/player/c6aa5b85/player_ias.vflset/en_US/captions.js
6b00ec10451206aea36d49226d1b0fed356877b604435cb5bc65b31386f1c99a,https://www.youtube.com/s/player/d759498c/player_ias.vflset/en_US/captions.js
6b00ec10451206aea36d49226d1b0fed356877b604435cb5bc65b31386f1c99a,https://www.youtube.com/s/player/a9146527/player_ias.vflset/en_US/captions.js
6b67e1c832a96eff4a4e210356b9ef5fb3e724e3354d7ce0e2ffc131c63a8a3c,https://www.youtube.com/s/player/76ad2fe8/player_ias.vflset/en_US/base.js
6bc4fe2a70e24102315b2f83790ab880c5a52e9e1943a456aecb59851940e42f,https://www.youtube.com/s/player/afc53320/player_ias.vflset/en_US/captions.js
6bc4fe2a70e24102315b2f83790ab880c5a52e9e1943a456aecb59851940e42f,https://www.youtube.com/s/player/8da75a6a/player_ias.vflset/en_US/captions.js
6c0f4fd09cc0880ea1bcde31493ed189d925cea9afc304815ff7292812d9869e,https://www.youtube.com/s/player/c9168c90/player_ias.vflset/en_US/base.js
6c1a60d36ee078f1d72d11abe1d8b06e4df5e2b15cd3d250af30d942b8316f68,https://www.youtube.com/s/player/bc7db0b2/player_ias.vflset/en_US/base.js
6c366575332a23c82010fe5426193e328a5321b36f5220a2a9d7a1ef24334546,https://www.youtube.com/s/player/e354dd90/player_ias.vflset/en_US/captions.js
6c366575332a23c82010fe5426193e328a5321b36f5220a2a9d7a1ef24334546,https://www.youtube.com/s/player/2b8b264c/player_ias.vflset/en_US/captions.js
6c816565dac5bfaea231c93af806b7f14a44634905efd30d0ce307d8540d20c3,https://www.youtube.com/s/player/8c83ec2e/player_ias.vflset/en_US/captions.js
6cb0f42858f1cf72cc7d33c674fbf6ace5f2e99a150cede7afd50ec1b7ac8d25,https://www.youtube.com/s/player/ab89db3f/www-player.css
6cb0f42858f1cf72cc7d33c674fbf6ace5f2e99a150cede7afd50ec1b7ac8d25,https://www.youtube-nocookie.com/s/player/ab89db3f/www-player.css
6cb0f42858f1cf72cc7d33c674fbf6ace5f2e99a150cede7afd50ec1b7ac8d25,https://www.youtube.com/s/player/a644926e/www-player.css
6cb0f42858f1cf72cc7d33c674fbf6ace5f2e99a150cede7afd50ec1b7ac8d25,https://www.youtube-nocookie.com/s/player/a644926e/www-player.css
6cb0f42858f1cf72cc7d33c674fbf6ace5f2e99a150cede7afd50ec1b7ac8d25,https://www.youtube.com/s/player/3062cec8/www-player.css
6cb0f42858f1cf72cc7d33c674fbf6ace5f2e99a150cede7afd50ec1b7ac8d25,https://www.youtube-nocookie.com/s/player/3062cec8/www-player.css
6cc82ffdfe54cd143f25d686e0212493f45b67ab9bb0a3da97298551e206c6e9,https://www.youtube.com/s/player/7fefdcfe/player_ias.vflset/en_US/captions.js
6ce14cbda7367a53fe74dc0f10251fa419f8da05cb858cb1da85d138eaf38906,https://www.youtube.com/s/player/7dc3db36/player_ias.vflset/en_US/base.js
6d2002ed4743a73f0aa97439a2f80dc6205625cefea09f9aa620a435b5ae6239,https://www.youtube.com/s/player/6506e6fd/player_ias.vflset/en_US/base.js
6d6cb58957176859c0a822c4b3b95fa73cb0029661236eb1999e56ba378522b5,https://www.youtube.com/s/player/880394d5/player_ias.vflset/en_US/base.js
6db1ac81b7813adc75ff7164a4d3e8ddf31f4fd30e3980f9b99abdd985a6aaa0,https://www.youtube.com/s/player/5d6c9da0/player_ias.vflset/en_US/captions.js
6db1ac81b7813adc75ff7164a4d3e8ddf31f4fd30e3980f9b99abdd985a6aaa0,https://www.youtube.com/s/player/c6e9bca4/player_ias.vflset/en_US/captions.js
6db1ac81b7813adc75ff7164a4d3e8ddf31f4fd30e3980f9b99abdd985a6aaa0,https://www.youtube.com/s/player/04586e8e/player_ias.vflset/en_US/captions.js
6db1ac81b7813adc75ff7164a4d3e8ddf31f4fd30e3980f9b99abdd985a6aaa0,https://www.youtube.com/s/player/0006d355/player_ias.vflset/en_US/captions.js
6db1ac81b7813adc75ff7164a4d3e8ddf31f4fd30e3980f9b99abdd985a6aaa0,https://www.youtube.com/s/player/658ecde4/player_ias.vflset/en_US/captions.js
6db1ac81b7813adc75ff7164a4d3e8ddf31f4fd30e3980f9b99abdd985a6aaa0,https://www.youtube.com/s/player/9d2ef9ef/player_ias.vflset/en_US/captions.js
6db1ac81b7813adc75ff7164a4d3e8ddf31f4fd30e3980f9b99abdd985a6aaa0,https://www.youtube.com/s/player/880394d5/player_ias.vflset/en_US/captions.js
6e01174df15beaa358255179127f90652e82ea8879b78e249724da10e3e9e092,https://www.youtube.com/s/player/2c206033/player_ias.vflset/en_US/base.js
6e2a057f95bfae35c12f9c491d371245ab5b3540eb3b956032a63a92e99924d6,https://www.youtube.com/s/player/b75a8e80/player_ias.vflset/en_US/base.js
6e95cf30e5e0bd4d11f0e1376b285d4ff84d796ba6da8edcf3f8207799a04241,https://www.youtube.com/s/player/61d68603/player_ias.vflset/en_US/base.js
6ecb861f2d327c402588217938d7e146743e5c4b4ae6801435ffa61229447fff,https://www.youtube.com/s/player/4e11051b/player_ias.vflset/en_US/base.js
6f25e841296950467517ec8bccba0ffd052a386d6ac8d893aeaba5edf84aca42,https://www.youtube.com/s/player/b15c2dcf/www-player.css
6f25e841296950467517ec8bccba0ffd052a386d6ac8d893aeaba5edf84aca42,https://www.youtube-nocookie.com/s/player/b15c2dcf/www-player.css
6f25e841296950467517ec8bccba0ffd052a386d6ac8d893aeaba5edf84aca42,https://www.youtube.com/s/player/bcf89e14/www-player.css
6f25e841296950467517ec8bccba0ffd052a386d6ac8d893aeaba5edf84aca42,https://www.youtube-nocookie.com/s/player/bcf89e14/www-player.css
6f25e841296950467517ec8bccba0ffd052a386d6ac8d893aeaba5edf84aca42,https://www.youtube.com/s/player/40aa5b89/www-player.css
6f25e841296950467517ec8bccba0ffd052a386d6ac8d893aeaba5edf84aca42,https://www.youtube-nocookie.com/s/player/40aa5b89/www-player.css
6f25e841296950467517ec8bccba0ffd052a386d6ac8d893aeaba5edf84aca42,https://www.youtube.com/s/player/6b334ac1/www-player.css
6f25e841296950467517ec8bccba0ffd052a386d6ac8d893aeaba5edf84aca42,https://www.youtube-nocookie.com/s/player/6b334ac1/www-player.css
6f25e841296950467517ec8bccba0ffd052a386d6ac8d893aeaba5edf84aca42,https://www.youtube.com/s/player/5e979b82/www-player.css
6f25e841296950467517ec8bccba0ffd052a386d6ac8d893aeaba5edf84aca42,https://www.youtube-nocookie.com/s/player/5e979b82/www-player.css
6f25e841296950467517ec8bccba0ffd052a386d6ac8d893aeaba5edf84aca42,https://www.youtube.com/s/player/43395a38/www-player.css
6f25e841296950467517ec8bccba0ffd052a386d6ac8d893aeaba5edf84aca42,https://www.youtube-nocookie.com/s/player/43395a38/www-player.css
6f25e841296950467517ec8bccba0ffd052a386d6ac8d893aeaba5edf84aca42,https://www.youtube.com/s/player/4a6bba85/www-player.css
6f25e841296950467517ec8bccba0ffd052a386d6ac8d893aeaba5edf84aca42,https://www.youtube-nocookie.com/s/player/4a6bba85/www-player.css
6f25e841296950467517ec8bccba0ffd052a386d6ac8d893aeaba5edf84aca42,https://www.youtube.com/s/player/8c83ec2e/www-player.css
6f25e841296950467517ec8bccba0ffd052a386d6ac8d893aeaba5edf84aca42,https://www.youtube-nocookie.com/s/player/8c83ec2e/www-player.css
6f25e841296950467517ec8bccba0ffd052a386d6ac8d893aeaba5edf84aca42,https://www.youtube.com/s/player/8c57fc20/www-player.css
6f25e841296950467517ec8bccba0ffd052a386d6ac8d893aeaba5edf84aca42,https://www.youtube-nocookie.com/s/player/8c57fc20/www-player.css
6f25e841296950467517ec8bccba0ffd052a386d6ac8d893aeaba5edf84aca42,https://www.youtube.com/s/player/51e03cf0/www-player.css
6f25e841296950467517ec8bccba0ffd052a386d6ac8d893aeaba5edf84aca42,https://www.youtube-nocookie.com/s/player/51e03cf0/www-player.css
6f25e841296950467517ec8bccba0ffd052a386d6ac8d893aeaba5edf84aca42,https://www.youtube.com/s/player/44596b36/www-player.css
6f25e841296950467517ec8bccba0ffd052a386d6ac8d893aeaba5edf84aca42,https://www.youtube-nocookie.com/s/player/44596b36/www-player.css
6f25e841296950467517ec8bccba0ffd052a386d6ac8d893aeaba5edf84aca42,https://www.youtube.com/s/player/f4c47414/www-player.css
6f25e841296950467517ec8bccba0ffd052a386d6ac8d893aeaba5edf84aca42,https://www.youtube-nocookie.com/s/player/f4c47414/www-player.css
6f25e841296950467517ec8bccba0ffd052a386d6ac8d893aeaba5edf84aca42,https://www.youtube.com/s/player/d0dfba13/www-player.css
6f25e841296950467517ec8bccba0ffd052a386d6ac8d893aeaba5edf84aca42,https://www.youtube-nocookie.com/s/player/d0dfba13/www-player.css
6f25e841296950467517ec8bccba0ffd052a386d6ac8d893aeaba5edf84aca42,https://www.youtube.com/s/player/dbb1f29d/www-player.css
6f25e841296950467517ec8bccba0ffd052a386d6ac8d893aeaba5edf84aca42,https://www.youtube-nocookie.com/s/player/dbb1f29d/www-player.css
6f25e841296950467517ec8bccba0ffd052a386d6ac8d893aeaba5edf84aca42,https://www.youtube.com/s/player/791f6bd4/www-player.css
6f25e841296950467517ec8bccba0ffd052a386d6ac8d893aeaba5edf84aca42,https://www.youtube-nocookie.com/s/player/791f6bd4/www-player.css
6f25e841296950467517ec8bccba0ffd052a386d6ac8d893aeaba5edf84aca42,https://www.youtube.com/s/player/86205a12/www-player.css
6f25e841296950467517ec8bccba0ffd052a386d6ac8d893aeaba5edf84aca42,https://www.youtube-nocookie.com/s/player/86205a12/www-player.css
6f25e841296950467517ec8bccba0ffd052a386d6ac8d893aeaba5edf84aca42,https://www.youtube.com/s/player/f4d92f0b/www-player.css
6f25e841296950467517ec8bccba0ffd052a386d6ac8d893aeaba5edf84aca42,https://www.youtube-nocookie.com/s/player/f4d92f0b/www-player.css
6f928dd7a81686f109052de73f8513aac6b260b8bba3a94277fdbd5840ccf6e6,https://www.youtube.com/s/player/e795685c/player_ias.vflset/en_US/captions.js
6fd077c7f63cb1a4ec115ce53370861e9111f23bed04a081278a819eac8f23e2,https://www.youtube.com/s/player/f4d92f0b/player_ias.vflset/en_US/captions.js
6fd994c71b2ab8f4e8bf4db060c6cf16dd689462b0330fd65add5a33ec09e5ec,https://www.youtube.com/s/player/5afa7c36/player_ias.vflset/en_US/captions.js
6fd994c71b2ab8f4e8bf4db060c6cf16dd689462b0330fd65add5a33ec09e5ec,https://www.youtube.com/s/player/32928ebd/player_ias.vflset/en_US/captions.js
701212beccad880325bdc49f94a5089d0fcf4ce20256587e05fb08d92b84c3f0,https://www.youtube.com/s/player/1fc62019/player_ias.vflset/en_US/captions.js
703d5a66866d7783d984f070b982176ab365d1bcf047022e2e5c57daeb865970,https://www.youtube.com/s/player/475c090b/player_ias.vflset/en_US/captions.js
71135cbba11f79413b28bcf5e3b4abcc754933c1be7b92d159600f46eefec117,https://www.youtube.com/s/player/820123f3/player_ias.vflset/en_US/base.js
71499c7e9fce9b8c69147d01d77547ad416c1e873ee5240894aaaed9c6068414,https://www.youtube.com/s/player/959dabb2/player_ias.vflset/en_US/base.js
730baba280d817bf9a9f5270b5a62e2dec168b246d9002a0ae4a7db8f8316008,https://www.youtube.com/s/player/aa8e2787/player_ias.vflset/en_US/captions.js
730baba280d817bf9a9f5270b5a62e2dec168b246d9002a0ae4a7db8f8316008,https://www.youtube.com/s/player/6dc99e32/player_ias.vflset/en_US/captions.js
730baba280d817bf9a9f5270b5a62e2dec168b246d9002a0ae4a7db8f8316008,https://www.youtube.com/s/player/ab4606fb/player_ias.vflset/en_US/captions.js
735ca5fce2a86467cafea5163b04d72912cc2d7deaed5402e59ff05c32edfdc8,https://www.youtube.com/s/player/e9af09a2/player_ias.vflset/en_US/captions.js
73691766f60993150a8254f92db797fca76b80b9071f2c85b05f89de5b9fc036,https://www.youtube.com/s/player/8201a429/player_ias.vflset/en_US/captions.js
7372aa830a801064be80e9bf3026fe905a097263bdde87dffbb069660a0671d8,https://www.youtube.com/s/player/7c23feb2/player_ias.vflset/en_US/base.js
738c8d019891c6bd5579a8579ae82b65b80a9d464ecf1dbf91e2b4f41922c3d4,https://www.youtube.com/s/player/fac96cf8/player_ias.vflset/en_US/base.js
7398a8f6cbae218945046c0c5f33043ead8b30303d1596a7e9faf8e9c0d23d10,https://www.youtube.com/s/player/be00faec/player_ias.vflset/en_US/base.js
7425ba1d0a46ad2819e01020b8490c30bfc908279684eca67b8347b4c80243af,https://www.youtube.com/s/player/32dc5910/player_ias.vflset/en_US/base.js
742ad7b06ba7bbfd77b8615b0f8d26844dbd55294e345f7111737cc7217c315c,https://www.youtube.com/s/player/be5a4839/player_ias.vflset/en_US/base.js
742be09ce0469f1d5d34648dfdd070e25948ad9fe0a0ac6435baf1a5a9e48374,https://www.youtube.com/s/player/267b6435/player_ias.vflset/en_US/captions.js
7553ed54514eb206707f704cf04b0a7f4d816dd78dd4117f426a39da8c64c537,https://www.youtube.com/s/player/1798f86c/player_ias.vflset/en_US/captions.js
7553ed54514eb206707f704cf04b0a7f4d816dd78dd4117f426a39da8c64c537,https://www.youtube.com/s/player/ce945a2b/player_ias.vflset/en_US/captions.js
75c56106fadf219ed9d609ed03d1ccf3a3f080430b95b9beeb2bba241438be55,https://www.youtube.com/s/player/7929661f/player_ias.vflset/en_US/captions.js
75c56106fadf219ed9d609ed03d1ccf3a3f080430b95b9beeb2bba241438be55,https://www.youtube.com/s/player/6572a644/player_ias.vflset/en_US/captions.js
75ec7c22f9482f3f53684559e5767e4ad1dab0b5c407c08fc9d46442f32100f7,https://www.youtube.com/s/player/146d3747/player_ias.vflset/en_US/base.js
76ca6cc0c952478cf954d70e5f51bb01c39e6ede5031f5d9a1624e1e2211a439,https://www.youtube.com/s/player/a32660fc/player_ias.vflset/en_US/base.js
76e4b4f6b0b6cfbc18ad9f680bcd90ab496ddc33ffed2afa032b99ff65893513,https://www.youtube.com/s/player/033fd556/player_ias.vflset/en_US/base.js
77205be45419c1e10296af189878f0975ebc492d998da12ef737a236150609df,https://www.youtube.com/s/player/041232d8/player_ias.vflset/en_US/captions.js
77205be45419c1e10296af189878f0975ebc492d998da12ef737a236150609df,https://www.youtube.com/s/player/e99d8d7c/player_ias.vflset/en_US/captions.js
77205be45419c1e10296af189878f0975ebc492d998da12ef737a236150609df,https://www.youtube.com/s/player/cd78997d/player_ias.vflset/en_US/captions.js
77205be45419c1e10296af189878f0975ebc492d998da12ef737a236150609df,https://www.youtube.com/s/player/592af824/player_ias.vflset/en_US/captions.js
77205be45419c1e10296af189878f0975ebc492d998da12ef737a236150609df,https://www.youtube.com/s/player/30bd0d3a/player_ias.vflset/en_US/captions.js
774d901c1a1f4796fbbd24ee1e48673c95c766a411b3b31d8e7d57c94e125e54,https://www.youtube.com/s/player/dc1c41a7/player_ias.vflset/en_US/base.js
77a8c2264f066d97d57f9d2050972f854d7af3d912f44f6ec9303c24eba1484c,https://www.youtube.com/s/player/2d01abf7/player_ias.vflset/en_US/base.js
77b5417e11fd6a422ffeae795761f95699d364be4eeeb4ddd79f324db0fa5131,https://www.youtube.com/s/player/06dc4a70/player_ias.vflset/en_US/base.js
78d132a7e8990111c6b0c89e7d520637644fe1fd8d281e3e3636d9637396b0ba,https://www.youtube.com/s/player/e5ae3fff/player_ias.vflset/en_US/captions.js
78d132a7e8990111c6b0c89e7d520637644fe1fd8d281e3e3636d9637396b0ba,https://www.youtube.com/s/player/f1ddd097/player_ias.vflset/en_US/captions.js
79672c276557650c665f997001c64c89f4e342aba11cab50696179dd9e2d94e6,https://www.youtube.com/s/player/00c52fa0/player_ias.vflset/en_US/base.js
79eda263a04fa006fe2a956b1f7c90af8e46c0adba53fec40181956f26e50bc6,https://www.youtube.com/s/player/82ae1e3c/player_ias.vflset/en_US/captions.js
79eda263a04fa006fe2a956b1f7c90af8e46c0adba53fec40181956f26e50bc6,https://www.youtube.com/s/player/06459dfc/player_ias.vflset/en_US/captions.js
7a272deb8798d6c387aaca8e4fe87e66a74e0fabaa43c5412676b8c4a35d977f,https://www.youtube.com/s/player/a8a275d9/player_ias.vflset/en_US/base.js
7a658a5f8d2145decded694674f1daf20145cb5adcf2aa512538e65dacd895eb,https://www.youtube.com/s/player/0675bd00/player_ias.vflset/en_US/base.js
7aa178f6efb45f246939af982fed2a6a8e79b0b60055de86231c380ba52b76db,https://www.youtube.com/s/player/329e7d83/player_ias.vflset/en_US/base.js
7aabaf48eb3467ce1ed935ff8fd233fd7b377ad921af012bc9468f34cb47498e,https://www.youtube.com/s/player/7256bbfc/player_ias.vflset/en_US/base.js
7adced997e8fc7fad9e9bb97eb42445b70cde264f7ea9eea40d4e6fb5465dcba,https://www.youtube.com/s/player/38e0f4b0/player_ias.vflset/en_US/base.js
7b65111f9bd2d1d9f629f41701ee9755ec19bdc02f7f18616062d1d3337feb3b,https://www.youtube.com/s/player/dc7b3d61/player_ias.vflset/en_US/captions.js
7b65111f9bd2d1d9f629f41701ee9755ec19bdc02f7f18616062d1d3337feb3b,https://www.youtube.com/s/player/0fa0965b/player_ias.vflset/en_US/captions.js
7be896666f944505c5f5b3f3bf79480a747b1f9979e732ce23e71b7a3d4ce2a1,https://www.youtube.com/s/player/5fc1ea49/player_ias.vflset/en_US/captions.js
7be896666f944505c5f5b3f3bf79480a747b1f9979e732ce23e71b7a3d4ce2a1,https://www.youtube.com/s/player/3cfa24db/player_ias.vflset/en_US/captions.js
7be896666f944505c5f5b3f3bf79480a747b1f9979e732ce23e71b7a3d4ce2a1,https://www.youtube.com/s/player/a0424aaf/player_ias.vflset/en_US/captions.js
7c4df781e8b760ec8a0403d58d8d062cbbb2c816beb2793d86a7026b2efe9580,https://www.youtube.com/s/player/9955f7e6/player_ias.vflset/en_US/base.js
7c7eb8252199ec9042290b1044ed1ba5ed8847ee516771bbe6dd27f9f16a608c,https://www.youtube.com/s/player/08635129/www-player.css
7c7eb8252199ec9042290b1044ed1ba5ed8847ee516771bbe6dd27f9f16a608c,https://www.youtube-nocookie.com/s/player/08635129/www-player.css
7c7eb8252199ec9042290b1044ed1ba5ed8847ee516771bbe6dd27f9f16a608c,https://www.youtube.com/s/player/4d3f167a/www-player.css
7c7eb8252199ec9042290b1044ed1ba5ed8847ee516771bbe6dd27f9f16a608c,https://www.youtube-nocookie.com/s/player/4d3f167a/www-player.css
7c7eb8252199ec9042290b1044ed1ba5ed8847ee516771bbe6dd27f9f16a608c,https://www.youtube.com/s/player/5a188d69/www-player.css
7c7eb8252199ec9042290b1044ed1ba5ed8847ee516771bbe6dd27f9f16a608c,https://www.youtube-nocookie.com/s/player/5a188d69/www-player.css
7c7eb8252199ec9042290b1044ed1ba5ed8847ee516771bbe6dd27f9f16a608c,https://www.youtube.com/s/player/99f55c01/www-player.css
7c7eb8252199ec9042290b1044ed1ba5ed8847ee516771bbe6dd27f9f16a608c,https://www.youtube-nocookie.com/s/player/99f55c01/www-player.css
7c7eb8252199ec9042290b1044ed1ba5ed8847ee516771bbe6dd27f9f16a608c,https://www.youtube.com/s/player/ecc3e9a7/www-player.css
7c7eb8252199ec9042290b1044ed1ba5ed8847ee516771bbe6dd27f9f16a608c,https://www.youtube-nocookie.com/s/player/ecc3e9a7/www-player.css
7c7eb8252199ec9042290b1044ed1ba5ed8847ee516771bbe6dd27f9f16a608c,https://www.youtube.com/s/player/9f4cc5e4/www-player.css
7c7eb8252199ec9042290b1044ed1ba5ed8847ee516771bbe6dd27f9f16a608c,https://www.youtube-nocookie.com/s/player/9f4cc5e4/www-player.css
7c7eb8252199ec9042290b1044ed1ba5ed8847ee516771bbe6dd27f9f16a608c,https://www.youtube.com/s/player/c34f8c34/www-player.css
7c7eb8252199ec9042290b1044ed1ba5ed8847ee516771bbe6dd27f9f16a608c,https://www.youtube-nocookie.com/s/player/c34f8c34/www-player.css
7c7eb8252199ec9042290b1044ed1ba5ed8847ee516771bbe6dd27f9f16a608c,https://www.youtube.com/s/player/140dafda/www-player.css
7c7eb8252199ec9042290b1044ed1ba5ed8847ee516771bbe6dd27f9f16a608c,https://www.youtube-nocookie.com/s/player/140dafda/www-player.css
7c7eb8252199ec9042290b1044ed1ba5ed8847ee516771bbe6dd27f9f16a608c,https://www.youtube.com/s/player/e7f8ddfa/www-player.css
7c7eb8252199ec9042290b1044ed1ba5ed8847ee516771bbe6dd27f9f16a608c,https://www.youtube-nocookie.com/s/player/e7f8ddfa/www-player.css
7c7eb8252199ec9042290b1044ed1ba5ed8847ee516771bbe6dd27f9f16a608c,https://www.youtube.com/s/player/5f803d10/www-player.css
7c7eb8252199ec9042290b1044ed1ba5ed8847ee516771bbe6dd27f9f16a608c,https://www.youtube-nocookie.com/s/player/5f803d10/www-player.css
7c7eb8252199ec9042290b1044ed1ba5ed8847ee516771bbe6dd27f9f16a608c,https://www.youtube.com/s/player/38bfa716/www-player.css
7c7eb8252199ec9042290b1044ed1ba5ed8847ee516771bbe6dd27f9f16a608c,https://www.youtube-nocookie.com/s/player/38bfa716/www-player.css
7c7eb8252199ec9042290b1044ed1ba5ed8847ee516771bbe6dd27f9f16a608c,https://www.youtube.com/s/player/ec38d4eb/www-player.css
7c7eb8252199ec9042290b1044ed1ba5ed8847ee516771bbe6dd27f9f16a608c,https://www.youtube-nocookie.com/s/player/ec38d4eb/www-player.css
7c7eb8252199ec9042290b1044ed1ba5ed8847ee516771bbe6dd27f9f16a608c,https://www.youtube.com/s/player/ea233d9b/www-player.css
7c7eb8252199ec9042290b1044ed1ba5ed8847ee516771bbe6dd27f9f16a608c,https://www.youtube-nocookie.com/s/player/ea233d9b/www-player.css
7c7eb8252199ec9042290b1044ed1ba5ed8847ee516771bbe6dd27f9f16a608c,https://www.youtube.com/s/player/32a343c8/www-player.css
7c7eb8252199ec9042290b1044ed1ba5ed8847ee516771bbe6dd27f9f16a608c,https://www.youtube-nocookie.com/s/player/32a343c8/www-player.css
7c7eb8252199ec9042290b1044ed1ba5ed8847ee516771bbe6dd27f9f16a608c,https://www.youtube.com/s/player/4eecba16/www-player.css
7c7eb8252199ec9042290b1044ed1ba5ed8847ee516771bbe6dd27f9f16a608c,https://www.youtube-nocookie.com/s/player/4eecba16/www-player.css
7c7eb8252199ec9042290b1044ed1ba5ed8847ee516771bbe6dd27f9f16a608c,https://www.youtube.com/s/player/267b6435/www-player.css
7c7eb8252199ec9042290b1044ed1ba5ed8847ee516771bbe6dd27f9f16a608c,https://www.youtube-nocookie.com/s/player/267b6435/www-player.css
7c7eb8252199ec9042290b1044ed1ba5ed8847ee516771bbe6dd27f9f16a608c,https://www.youtube.com/s/player/69722e65/www-player.css
7c7eb8252199ec9042290b1044ed1ba5ed8847ee516771bbe6dd27f9f16a608c,https://www.youtube-nocookie.com/s/player/69722e65/www-player.css
7c7eb8252199ec9042290b1044ed1ba5ed8847ee516771bbe6dd27f9f16a608c,https://www.youtube.com/s/player/d46d9f81/www-player.css
7c7eb8252199ec9042290b1044ed1ba5ed8847ee516771bbe6dd27f9f16a608c,https://www.youtube-nocookie.com/s/player/d46d9f81/www-player.css
7c7eb8252199ec9042290b1044ed1ba5ed8847ee516771bbe6dd27f9f16a608c,https://www.youtube.com/s/player/00c52fa0/www-player.css
7c7eb8252199ec9042290b1044ed1ba5ed8847ee516771bbe6dd27f9f16a608c,https://www.youtube-nocookie.com/s/player/00c52fa0/www-player.css
7c7eb8252199ec9042290b1044ed1ba5ed8847ee516771bbe6dd27f9f16a608c,https://www.youtube.com/s/player/0b59edd6/www-player.css
7c7eb8252199ec9042290b1044ed1ba5ed8847ee516771bbe6dd27f9f16a608c,https://www.youtube-nocookie.com/s/player/0b59edd6/www-player.css
7c7eb8252199ec9042290b1044ed1ba5ed8847ee516771bbe6dd27f9f16a608c,https://www.youtube.com/s/player/03f50d92/www-player.css
7c7eb8252199ec9042290b1044ed1ba5ed8847ee516771bbe6dd27f9f16a608c,https://www.youtube-nocookie.com/s/player/03f50d92/www-player.css
7c7eb8252199ec9042290b1044ed1ba5ed8847ee516771bbe6dd27f9f16a608c,https://www.youtube.com/s/player/bffb4292/www-player.css
7c7eb8252199ec9042290b1044ed1ba5ed8847ee516771bbe6dd27f9f16a608c,https://www.youtube-nocookie.com/s/player/bffb4292/www-player.css
7c7eb8252199ec9042290b1044ed1ba5ed8847ee516771bbe6dd27f9f16a608c,https://www.youtube.com/s/player/4e67f8a0/www-player.css
7c7eb8252199ec9042290b1044ed1ba5ed8847ee516771bbe6dd27f9f16a608c,https://www.youtube-nocookie.com/s/player/4e67f8a0/www-player.css
7c7eb8252199ec9042290b1044ed1ba5ed8847ee516771bbe6dd27f9f16a608c,https://www.youtube.com/s/player/88a886f1/www-player.css
7c7eb8252199ec9042290b1044ed1ba5ed8847ee516771bbe6dd27f9f16a608c,https://www.youtube-nocookie.com/s/player/88a886f1/www-player.css
7c7eb8252199ec9042290b1044ed1ba5ed8847ee516771bbe6dd27f9f16a608c,https://www.youtube.com/s/player/46c7ab03/www-player.css
7c7eb8252199ec9042290b1044ed1ba5ed8847ee516771bbe6dd27f9f16a608c,https://www.youtube-nocookie.com/s/player/46c7ab03/www-player.css
7c7eb8252199ec9042290b1044ed1ba5ed8847ee516771bbe6dd27f9f16a608c,https://www.youtube.com/s/player/b0ee622c/www-player.css
7c7eb8252199ec9042290b1044ed1ba5ed8847ee516771bbe6dd27f9f16a608c,https://www.youtube-nocookie.com/s/player/b0ee622c/www-player.css
7c7eb8252199ec9042290b1044ed1ba5ed8847ee516771bbe6dd27f9f16a608c,https://www.youtube.com/s/player/251ca12e/www-player.css
7c7eb8252199ec9042290b1044ed1ba5ed8847ee516771bbe6dd27f9f16a608c,https://www.youtube-nocookie.com/s/player/251ca12e/www-player.css
7c7eb8252199ec9042290b1044ed1ba5ed8847ee516771bbe6dd27f9f16a608c,https://www.youtube.com/s/player/94667337/www-player.css
7c7eb8252199ec9042290b1044ed1ba5ed8847ee516771bbe6dd27f9f16a608c,https://www.youtube-nocookie.com/s/player/94667337/www-player.css
7c7eb8252199ec9042290b1044ed1ba5ed8847ee516771bbe6dd27f9f16a608c,https://www.youtube.com/s/player/e0528946/www-player.css
7c7eb8252199ec9042290b1044ed1ba5ed8847ee516771bbe6dd27f9f16a608c,https://www.youtube-nocookie.com/s/player/e0528946/www-player.css
7c7eb8252199ec9042290b1044ed1ba5ed8847ee516771bbe6dd27f9f16a608c,https://www.youtube.com/s/player/f57a8142/www-player.css
7c7eb8252199ec9042290b1044ed1ba5ed8847ee516771bbe6dd27f9f16a608c,https://www.youtube-nocookie.com/s/player/f57a8142/www-player.css
7c7eb8252199ec9042290b1044ed1ba5ed8847ee516771bbe6dd27f9f16a608c,https://www.youtube.com/s/player/48995d17/www-player.css
7c7eb8252199ec9042290b1044ed1ba5ed8847ee516771bbe6dd27f9f16a608c,https://www.youtube-nocookie.com/s/player/48995d17/www-player.css
7c7eb8252199ec9042290b1044ed1ba5ed8847ee516771bbe6dd27f9f16a608c,https://www.youtube.com/s/player/a13049a3/www-player.css
7c7eb8252199ec9042290b1044ed1ba5ed8847ee516771bbe6dd27f9f16a608c,https://www.youtube-nocookie.com/s/player/a13049a3/www-player.css
7c7eb8252199ec9042290b1044ed1ba5ed8847ee516771bbe6dd27f9f16a608c,https://www.youtube.com/s/player/62a6a39e/www-player.css
7c7eb8252199ec9042290b1044ed1ba5ed8847ee516771bbe6dd27f9f16a608c,https://www.youtube-nocookie.com/s/player/62a6a39e/www-player.css
7c7eb8252199ec9042290b1044ed1ba5ed8847ee516771bbe6dd27f9f16a608c,https://www.youtube.com/s/player/4c5cf06a/www-player.css
7c7eb8252199ec9042290b1044ed1ba5ed8847ee516771bbe6dd27f9f16a608c,https://www.youtube-nocookie.com/s/player/4c5cf06a/www-player.css
7c7eb8252199ec9042290b1044ed1ba5ed8847ee516771bbe6dd27f9f16a608c,https://www.youtube.com/s/player/23ba8f45/www-player.css
7c7eb8252199ec9042290b1044ed1ba5ed8847ee516771bbe6dd27f9f16a608c,https://www.youtube-nocookie.com/s/player/23ba8f45/www-player.css
7d053d78478af5834cfe8fcd3677e60f1878efb3a2c73c5f5f6c02ff4645763f,https://www.youtube.com/s/player/ca8b6ef4/player_ias.vflset/en_US/captions.js
7d5c52f019cbe86afdb4978b88175193f5710e509207082be60d6d11402749b0,https://www.youtube.com/s/player/0980151a/player_ias.vflset/en_US/base.js
7e0088a98738f9a2ae9c395e0aff5c31032562149a169b5d0ee776bb96c7c7f4,https://www.youtube.com/s/player/8fdc9fc5/player_ias.vflset/en_US/base.js
7e3b7cfa4c00a290c53ab51825a9dc6d75ebd30371713420329f812025d02888,https://www.youtube.com/s/player/4d3f167a/player_ias.vflset/en_US/base.js
7e6f40dbf6a31e2a20dcae1134ecfcf2587205cf6c3ddae94c63541e03810602,https://www.youtube.com/s/player/3dfa10c2/player_ias.vflset/en_US/base.js
7ecb26f9c341b75abc97f730f24e753c559890cce8618d590162d9e075315750,https://www.youtube.com/s/player/23b70d29/player_ias.vflset/en_US/captions.js
7ecb26f9c341b75abc97f730f24e753c559890cce8618d590162d9e075315750,https://www.youtube.com/s/player/6b5a0420/player_ias.vflset/en_US/captions.js
7ecb26f9c341b75abc97f730f24e753c559890cce8618d590162d9e075315750,https://www.youtube.com/s/player/05558a16/player_ias.vflset/en_US/captions.js
7ecb26f9c341b75abc97f730f24e753c559890cce8618d590162d9e075315750,https://www.youtube.com/s/player/c2f0d301/player_ias.vflset/en_US/captions.js
7ee00c8af24d5621efc10fbd644bdb7549ca301027e8908587a1daf14e6d110b,https://www.youtube.com/s/player/aa8e2787/player_ias.vflset/en_US/base.js
7f6004e19e6cf9328ac1da6054d3fa1ffcb33fd4bba786cb27daf13959967a39,https://www.youtube.com/s/player/659a519e/player_ias.vflset/en_US/base.js
7f862a2424a68916c995237ac13547fb834d3214a9d554a09e5c4b1101e5a036,https://www.youtube.com/s/player/a3286ae2/player_ias.vflset/en_US/base.js
7fe1d9253997deb4aacdf750cdbb5c5e62ad0525b5ea3da714339a99ee93235e,https://www.youtube.com/s/player/c80790c5/player_ias.vflset/en_US/base.js
7ff40da52aed57ebfdee0a286f4e8ddc80095b1e89a0a81e69e576d762cdf37d,https://www.youtube.com/s/player/bac06df9/player_ias.vflset/en_US/base.js
807e5e71f3f5c093579ccb50f8fbf7dc854d8b4c7e028882e96de8fc9ec64c0d,https://www.youtube.com/s/player/69e2a55d/player_ias.vflset/en_US/base.js
80aed8bd4b7db12ff3c0fac901671b4e9e05d6ea2a2dd934e2e1966f33680e2a,https://www.youtube.com/s/player/76ad2fe8/player_ias.vflset/en_US/captions.js
80afd149e1d02ec98ab7a3b6742d6fa567ecee0b13f8a8b3d9d5645aeafd6e99,https://www.youtube.com/s/player/5cf6312f/player_ias.vflset/en_US/base.js
80ce4060d38efc2d3610e7126d268f077fddacc906ddfb614aabc75465b8484e,https://www.youtube.com/s/player/94667337/player_ias.vflset/en_US/captions.js
8173d3a023babfe9a40b7740c32f0707641019cf75f0426503888637c56c2b1a,https://www.youtube.com/s/player/a307fffd/player_ias.vflset/en_US/base.js
81a4cf5b8a3184e3dee88d4461885537a5859412781987bc368b6dfd33c44ff1,https://www.youtube.com/s/player/ec6f9bb5/player_ias.vflset/en_US/base.js
81aa88eb5f2adcb5f522dffd7221a95628bab7092bdf8fbd238c074aa0cfd1a3,https://www.youtube.com/s/player/40aa5b89/player_ias.vflset/en_US/base.js
81c275d35a2e688fc5bd90aac9d51ea3382b95cf4bc4404db754c69164ea6971,https://www.youtube.com/s/player/2868f080/www-player.css
81c275d35a2e688fc5bd90aac9d51ea3382b95cf4bc4404db754c69164ea6971,https://www.youtube-nocookie.com/s/player/2868f080/www-player.css
81c275d35a2e688fc5bd90aac9d51ea3382b95cf4bc4404db754c69164ea6971,https://www.youtube.com/s/player/6ae88b83/www-player.css
81c275d35a2e688fc5bd90aac9d51ea3382b95cf4bc4404db754c69164ea6971,https://www.youtube-nocookie.com/s/player/6ae88b83/www-player.css
81c275d35a2e688fc5bd90aac9d51ea3382b95cf4bc4404db754c69164ea6971,https://www.youtube.com/s/player/6f05bbb3/www-player.css
81c275d35a2e688fc5bd90aac9d51ea3382b95cf4bc4404db754c69164ea6971,https://www.youtube-nocookie.com/s/player/6f05bbb3/www-player.css
81c275d35a2e688fc5bd90aac9d51ea3382b95cf4bc4404db754c69164ea6971,https://www.youtube.com/s/player/886cbf26/www-player.css
81c275d35a2e688fc5bd90aac9d51ea3382b95cf4bc4404db754c69164ea6971,https://www.youtube-nocookie.com/s/player/886cbf26/www-player.css
81c275d35a2e688fc5bd90aac9d51ea3382b95cf4bc4404db754c69164ea6971,https://www.youtube.com/s/player/a3286ae2/www-player.css
81c275d35a2e688fc5bd90aac9d51ea3382b95cf4bc4404db754c69164ea6971,https://www.youtube-nocookie.com/s/player/a3286ae2/www-player.css
81c275d35a2e688fc5bd90aac9d51ea3382b95cf4bc4404db754c69164ea6971,https://www.youtube.com/s/player/b6e5a811/www-player.css
81c275d35a2e688fc5bd90aac9d51ea3382b95cf4bc4404db754c69164ea6971,https://www.youtube-nocookie.com/s/player/b6e5a811/www-player.css
820466c2042869de870c7a1eec36b583d950f36c47a687f028ce089e5451cebf,https://www.youtube.com/s/player/847bad37/player_ias.vflset/en_US/base.js
822b965f94d4b8bf69224bcb5c24b3a825a9056e0076edd20154fc26acb709cd,https://www.youtube.com/s/player/f8a07cad/www-player.css
822b965f94d4b8bf69224bcb5c24b3a825a9056e0076edd20154fc26acb709cd,https://www.youtube-nocookie.com/s/player/f8a07cad/www-player.css
826082fbcc8f1eb8d6c829ff16b4e2597195b924306242ec7a930464760339c8,https://www.youtube.com/s/player/5cf6312f/www-player.css
826082fbcc8f1eb8d6c829ff16b4e2597195b924306242ec7a930464760339c8,https://www.youtube-nocookie.com/s/player/5cf6312f/www-player.css
8278802c02939a51ca7c44ff59767f3d6c7ec361911dd4d2dd4463575e419b1a,https://www.youtube.com/s/player/0980151a/player_ias.vflset/en_US/captions.js
8278802c02939a51ca7c44ff59767f3d6c7ec361911dd4d2dd4463575e419b1a,https://www.youtube.com/s/player/ffdec792/player_ias.vflset/en_US/captions.js
8278802c02939a51ca7c44ff59767f3d6c7ec361911dd4d2dd4463575e419b1a,https://www.youtube.com/s/player/49f48b9f/player_ias.vflset/en_US/captions.js
8278802c02939a51ca7c44ff59767f3d6c7ec361911dd4d2dd4463575e419b1a,https://www.youtube.com/s/player/45ac5a1a/player_ias.vflset/en_US/captions.js
82fb20f62d107b3961dc7dbd87606720ef25809b404513b6e4d27b2ff093c2f6,https://www.youtube.com/s/player/5e979b82/player_ias.vflset/en_US/base.js
83386d3eb1d9e1bdfea39170ee9829161fa598019bc27aa8ca4a3aec1d25441a,https://www.youtube.com/s/player/f529f326/player_ias.vflset/en_US/base.js
834c39e6e99dac14a38bc750e5837d7816dcf16ec66cdb567349fb4067b76370,https://www.youtube.com/s/player/99f55c01/player_ias.vflset/en_US/base.js
83df27ce4b32972a737eb3dd822f664cf54fe93968c0fa8bd6893437b60377c4,https://www.youtube.com/s/player/6e52949b/player_ias.vflset/en_US/base.js
843e76a43e4ef708afbb8569548256b0e9541f94bdda45ef287b6d320496d531,https://www.youtube.com/s/player/1898687b/player_ias.vflset/en_US/captions.js
844269e5c7a56fe45c8a6e2bd226b1d08784a453ad655ed08a60865cbc4af1a5,https://www.youtube.com/s/player/652bbb94/player_ias.vflset/en_US/base.js
846062382768262e18444a96b1e2c168addd158ffcf7ffe630c1db33a14aa3d2,https://www.youtube.com/s/player/9fcf08e8/player_ias.vflset/en_US/base.js
857310424003db3eb4abadbcf043752833c2c3f04e724fc6f06e0e6582c4b792,https://www.youtube.com/s/player/bffb4292/player_ias.vflset/en_US/base.js
85a5d17977e89cf1e65852c95b002830d39f8c13f2649f5812398412a21218a3,https://www.youtube.com/s/player/d6afc319/player_ias.vflset/en_US/captions.js
85aaa653aaf2f131be91e6cab772d501a0566648110c26be221b1b84b64ef099,https://www.youtube.com/s/player/88c25a98/player_ias.vflset/en_US/base.js
860f65ae028e6ee97c464e7b026c8475a9f7ef452a4eae3b1fcab9e8da06d115,https://www.youtube.com/s/player/c5a4a312/player_ias.vflset/en_US/base.js
865498b70e62e30103ab3b492317bab86fb86afd5b8eb36dc35925116564fb9f,https://www.youtube.com/s/player/ecc3e9a7/player_ias.vflset/en_US/base.js
868384bf113aa331dac7b4d5f1b99cd0b086c32a925a58639bd341f68ce2fd7a,https://www.youtube.com/s/player/05540cb0/player_ias.vflset/en_US/base.js
86b69048cda276b8372c6b661c9705f40639070f3aa1f490ae3bd0cc93292d85,https://www.youtube.com/s/player/a926f773/player_ias.vflset/en_US/base.js
86b95f15092f7482f2da264e861e1ce939dd89b2e217ab92569dda82a40bf1d0,https://www.youtube.com/s/player/6956a038/player_ias.vflset/en_US/captions.js
86bc98c71c98bbb5768ece1d0daad0191c7064cfff2c8ffd111ff16facfcb0ae,https://www.youtube.com/s/player/50fb0efb/player_ias.vflset/en_US/captions.js
8770b262b565ca41c440c994909f5af32ccc84aa1d30b9f5a7660e10792b4ac3,https://www.youtube.com/s/player/3062cec8/player_ias.vflset/en_US/captions.js
87930b0be7e22943266492d3685bc2544cd1309e7b9812362ee2a851bd6a60d4,https://www.youtube.com/s/player/87644c66/player_ias.vflset/en_US/captions.js
879c994bbf3c621a9df3df1a3ec4269d4866f2f33feb8e67dc8b47797af1457f,https://www.youtube.com/s/player/140dafda/player_ias.vflset/en_US/captions.js
87f45663cef2bbb880f613a44de0a27ef8db1971e61e402fe569b84042c741e5,https://www.youtube.com/s/player/8c20e431/player_ias.vflset/en_US/base.js
884ddeb6d26d07df08585d5dbb9f85365a1b45671f107403798bfa3926c5d8b1,https://www.youtube.com/s/player/c6d7bdc9/player_ias.vflset/en_US/base.js
88966b9529b926a19155218a7e000ab8e56474a5f190ee0200cae2fb21d062f6,https://www.youtube.com/s/player/21cd2156/player_ias.vflset/en_US/captions.js
88b751f3bed373551e097b30689132a33a704dfb763bfb6684b1a89264c45ff7,https://www.youtube.com/s/player/acf964b9/player_ias.vflset/en_US/captions.js
88b751f3bed373551e097b30689132a33a704dfb763bfb6684b1a89264c45ff7,https://www.youtube.com/s/player/146d3747/player_ias.vflset/en_US/captions.js
88b751f3bed373551e097b30689132a33a704dfb763bfb6684b1a89264c45ff7,https://www.youtube.com/s/player/627e46f5/player_ias.vflset/en_US/captions.js
88b751f3bed373551e097b30689132a33a704dfb763bfb6684b1a89264c45ff7,https://www.youtube.com/s/player/1c3a131b/player_ias.vflset/en_US/captions.js
88b751f3bed373551e097b30689132a33a704dfb763bfb6684b1a89264c45ff7,https://www.youtube.com/s/player/0e380a3c/player_ias.vflset/en_US/captions.js
88b751f3bed373551e097b30689132a33a704dfb763bfb6684b1a89264c45ff7,https://www.youtube.com/s/player/a0f30157/player_ias.vflset/en_US/captions.js
88b751f3bed373551e097b30689132a33a704dfb763bfb6684b1a89264c45ff7,https://www.youtube.com/s/player/b95b0e7a/player_ias.vflset/en_US/captions.js
88b751f3bed373551e097b30689132a33a704dfb763bfb6684b1a89264c45ff7,https://www.youtube.com/s/player/e78b6727/player_ias.vflset/en_US/captions.js
88b751f3bed373551e097b30689132a33a704dfb763bfb6684b1a89264c45ff7,https://www.youtube.com/s/player/48ba8ecf/player_ias.vflset/en_US/captions.js
88b751f3bed373551e097b30689132a33a704dfb763bfb6684b1a89264c45ff7,https://www.youtube.com/s/player/58b06374/player_ias.vflset/en_US/captions.js
88b751f3bed373551e097b30689132a33a704dfb763bfb6684b1a89264c45ff7,https://www.youtube.com/s/player/cb975c6f/player_ias.vflset/en_US/captions.js
88b751f3bed373551e097b30689132a33a704dfb763bfb6684b1a89264c45ff7,https://www.youtube.com/s/player/b75a8e80/player_ias.vflset/en_US/captions.js
88b751f3bed373551e097b30689132a33a704dfb763bfb6684b1a89264c45ff7,https://www.youtube.com/s/player/0502bc08/player_ias.vflset/en_US/captions.js
88b751f3bed373551e097b30689132a33a704dfb763bfb6684b1a89264c45ff7,https://www.youtube.com/s/player/721caf0b/player_ias.vflset/en_US/captions.js
88e31ebdf8423e4aedd83f7961c81fd7d7d632c598c22d225703574975e806c0,https://www.youtube.com/s/player/db24d012/player_ias.vflset/en_US/captions.js
89165f47acfb750e31b8c34dced8b1aff377e366c531e973872867c91ca57285,https://www.youtube.com/s/player/35c1167d/player_ias.vflset/en_US/base.js
899a0fe8a4bfe3d1085d93bb21d4583763f5319def95d828a00c071a8d5f31b4,https://www.youtube.com/s/player/fa26f70e/player_ias.vflset/en_US/captions.js
89b0143369b755693c4e9bf9b9557dcd5485ef791384c70388a68663f312d50e,https://www.youtube.com/s/player/23c9bab9/player_ias.vflset/en_US/base.js
89e46cea236e9880fe7d512ea6d97e2917dda716ae866bb0998d4c7f81b254f5,https://www.youtube.com/s/player/58012f6a/player_ias.vflset/en_US/base.js
89e6eaf6c8f65789f97bfa5c5bbc9c4be5820dbe5bad21a6f50ab4c885847a7b,https://www.youtube.com/s/player/4e11051b/www-player.css
89e6eaf6c8f65789f97bfa5c5bbc9c4be5820dbe5bad21a6f50ab4c885847a7b,https://www.youtube-nocookie.com/s/player/4e11051b/www-player.css
89e6eaf6c8f65789f97bfa5c5bbc9c4be5820dbe5bad21a6f50ab4c885847a7b,https://www.youtube.com/s/player/c816c7d8/www-player.css
89e6eaf6c8f65789f97bfa5c5bbc9c4be5820dbe5bad21a6f50ab4c885847a7b,https://www.youtube-nocookie.com/s/player/c816c7d8/www-player.css
89f368b9161790bb28d5958c57c9f995969f792912cf21ac6abf84f2d31dd7f1,https://www.youtube.com/s/player/bb52fe90/player_ias.vflset/en_US/captions.js
89f368b9161790bb28d5958c57c9f995969f792912cf21ac6abf84f2d31dd7f1,https://www.youtube.com/s/player/e40d18fc/player_ias.vflset/en_US/captions.js
8a7603003c0887abf7b3c5a631f38984d9e0bd264435cf779b94a1143a2c141a,https://www.youtube.com/s/player/56af1322/player_ias.vflset/en_US/base.js
8ae9fe147340147ee03e8b1e24b9a8c043933a5dd8445370198f4bffaeac0c64,https://www.youtube.com/s/player/6956a038/player_ias.vflset/en_US/base.js
8af8687c9c9c5793f3e57ee99870152be22f1f8fb81661c0a0320025c36b4bb1,https://www.youtube.com/s/player/5a9b5eed/player_ias.vflset/en_US/base.js
8b5791b30b922ab9b8b8e5442547ddd40947dbf84019da18c9161e8294b086f1,https://www.youtube.com/s/player/487b9fc1/player_ias.vflset/en_US/captions.js
8ba0b85fa8235e0c68593b36a6165e995148583230274fa942f04613f2a9f2c9,https://www.youtube.com/s/player/e0528946/player_ias.vflset/en_US/captions.js
8ba0b85fa8235e0c68593b36a6165e995148583230274fa942f04613f2a9f2c9,https://www.youtube.com/s/player/f57a8142/player_ias.vflset/en_US/captions.js
8ba0b85fa8235e0c68593b36a6165e995148583230274fa942f04613f2a9f2c9,https://www.youtube.com/s/player/48995d17/player_ias.vflset/en_US/captions.js
8ba0b85fa8235e0c68593b36a6165e995148583230274fa942f04613f2a9f2c9,https://www.youtube.com/s/player/a13049a3/player_ias.vflset/en_US/captions.js
8ba909d429f03220cd9afdf7af41f230f90881168cd1f025d092041e9b3d8c0f,https://www.youtube.com/s/player/12ae5f14/player_ias.vflset/en_US/base.js
8cd860a00d71e4353f56c7ec9f79313315f32dcd67266141687a3358fb95f968,https://www.youtube.com/s/player/1406eaf9/player_ias.vflset/en_US/captions.js
8d36730d4d5533f4626b2d547f324159cc63a5bb7720f4171e57d5ee2b1fd862,https://www.youtube.com/s/player/7dc3db36/player_ias.vflset/en_US/captions.js
8d59e94a21f7d6d55c736f15ea1adf48abc69561899901e4a28e8a7c3874c5c8,https://www.youtube.com/s/player/251ca12e/player_ias.vflset/en_US/base.js
8db719032b812d756deedde2aff8379c1857a037dcff0c5d253037c29c175457,https://www.youtube.com/s/player/8456c9de/player_ias.vflset/en_US/base.js
8dba20fd527fb5bc78975bfdc302cd4d4542d36406bfe136fdff89939a8a34b9,https://www.youtube.com/s/player/f7d71ce3/player_ias.vflset/en_US/base.js
8dbf50b2dd6eaf3e5a31e79f01f1ab12292689e2881952235a363f9599360001,https://www.youtube.com/s/player/c7c1953f/player_ias.vflset/en_US/base.js
8dc918e340df12d7962d8e3c32c4d1c4dd7be9472229a6c13eca3f796ae0e23f,https://www.youtube.com/s/player/a180bc4c/player_ias.vflset/en_US/captions.js
8dc918e340df12d7962d8e3c32c4d1c4dd7be9472229a6c13eca3f796ae0e23f,https://www.youtube.com/s/player/4b9ae131/player_ias.vflset/en_US/captions.js
8dc918e340df12d7962d8e3c32c4d1c4dd7be9472229a6c13eca3f796ae0e23f,https://www.youtube.com/s/player/1d014d3f/player_ias.vflset/en_US/captions.js
8dc918e340df12d7962d8e3c32c4d1c4dd7be9472229a6c13eca3f796ae0e23f,https://www.youtube.com/s/player/be00faec/player_ias.vflset/en_US/captions.js
8dc918e340df12d7962d8e3c32c4d1c4dd7be9472229a6c13eca3f796ae0e23f,https://www.youtube.com/s/player/b443d9d5/player_ias.vflset/en_US/captions.js
8dc918e340df12d7962d8e3c32c4d1c4dd7be9472229a6c13eca3f796ae0e23f,https://www.youtube.com/s/player/c4507267/player_ias.vflset/en_US/captions.js
8dc918e340df12d7962d8e3c32c4d1c4dd7be9472229a6c13eca3f796ae0e23f,https://www.youtube.com/s/player/3f925417/player_ias.vflset/en_US/captions.js
8dd0861016ff7bfa3fa5810d683be16d2e6ab9c70a639428f71a78b39f93b9b9,https://www.youtube.com/s/player/4a6035e3/www-player.css
8dd0861016ff7bfa3fa5810d683be16d2e6ab9c70a639428f71a78b39f93b9b9,https://www.youtube-nocookie.com/s/player/4a6035e3/www-player.css
8dd0861016ff7bfa3fa5810d683be16d2e6ab9c70a639428f71a78b39f93b9b9,https://www.youtube.com/s/player/c6aa5b85/www-player.css
8dd0861016ff7bfa3fa5810d683be16d2e6ab9c70a639428f71a78b39f93b9b9,https://www.youtube-nocookie.com/s/player/c6aa5b85/www-player.css
8dd0861016ff7bfa3fa5810d683be16d2e6ab9c70a639428f71a78b39f93b9b9,https://www.youtube.com/s/player/d759498c/www-player.css
8dd0861016ff7bfa3fa5810d683be16d2e6ab9c70a639428f71a78b39f93b9b9,https://www.youtube-nocookie.com/s/player/d759498c/www-player.css
8dd0861016ff7bfa3fa5810d683be16d2e6ab9c70a639428f71a78b39f93b9b9,https://www.youtube.com/s/player/a9146527/www-player.css
8dd0861016ff7bfa3fa5810d683be16d2e6ab9c70a639428f71a78b39f93b9b9,https://www.youtube-nocookie.com/s/player/a9146527/www-player.css
8dd0861016ff7bfa3fa5810d683be16d2e6ab9c70a639428f71a78b39f93b9b9,https://www.youtube.com/s/player/ace4b2f8/www-player.css
8dd0861016ff7bfa3fa5810d683be16d2e6ab9c70a639428f71a78b39f93b9b9,https://www.youtube-nocookie.com/s/player/ace4b2f8/www-player.css
8dd0861016ff7bfa3fa5810d683be16d2e6ab9c70a639428f71a78b39f93b9b9,https://www.youtube.com/s/player/0e48fdab/www-player.css
8dd0861016ff7bfa3fa5810d683be16d2e6ab9c70a639428f71a78b39f93b9b9,https://www.youtube-nocookie.com/s/player/0e48fdab/www-player.css
8dd0861016ff7bfa3fa5810d683be16d2e6ab9c70a639428f71a78b39f93b9b9,https://www.youtube.com/s/player/31da54c0/www-player.css
8dd0861016ff7bfa3fa5810d683be16d2e6ab9c70a639428f71a78b39f93b9b9,https://www.youtube-nocookie.com/s/player/31da54c0/www-player.css
8dd0861016ff7bfa3fa5810d683be16d2e6ab9c70a639428f71a78b39f93b9b9,https://www.youtube.com/s/player/4f43eb64/www-player.css
8dd0861016ff7bfa3fa5810d683be16d2e6ab9c70a639428f71a78b39f93b9b9,https://www.youtube-nocookie.com/s/player/4f43eb64/www-player.css
8dd0861016ff7bfa3fa5810d683be16d2e6ab9c70a639428f71a78b39f93b9b9,https://www.youtube.com/s/player/a8a275d9/www-player.css
8dd0861016ff7bfa3fa5810d683be16d2e6ab9c70a639428f71a78b39f93b9b9,https://www.youtube-nocookie.com/s/player/a8a275d9/www-player.css
8dd0861016ff7bfa3fa5810d683be16d2e6ab9c70a639428f71a78b39f93b9b9,https://www.youtube.com/s/player/1765788a/www-player.css
8dd0861016ff7bfa3fa5810d683be16d2e6ab9c70a639428f71a78b39f93b9b9,https://www.youtube-nocookie.com/s/player/1765788a/www-player.css
8dd0861016ff7bfa3fa5810d683be16d2e6ab9c70a639428f71a78b39f93b9b9,https://www.youtube.com/s/player/e795685c/www-player.css
8dd0861016ff7bfa3fa5810d683be16d2e6ab9c70a639428f71a78b39f93b9b9,https://www.youtube-nocookie.com/s/player/e795685c/www-player.css
8dd0861016ff7bfa3fa5810d683be16d2e6ab9c70a639428f71a78b39f93b9b9,https://www.youtube.com/s/player/ef65734f/www-player.css
8dd0861016ff7bfa3fa5810d683be16d2e6ab9c70a639428f71a78b39f93b9b9,https://www.youtube-nocookie.com/s/player/ef65734f/www-player.css
8dd0861016ff7bfa3fa5810d683be16d2e6ab9c70a639428f71a78b39f93b9b9,https://www.youtube.com/s/player/f85ea353/www-player.css
8dd0861016ff7bfa3fa5810d683be16d2e6ab9c70a639428f71a78b39f93b9b9,https://www.youtube-nocookie.com/s/player/f85ea353/www-player.css
8dd0861016ff7bfa3fa5810d683be16d2e6ab9c70a639428f71a78b39f93b9b9,https://www.youtube.com/s/player/11c0c1a9/www-player.css
8dd0861016ff7bfa3fa5810d683be16d2e6ab9c70a639428f71a78b39f93b9b9,https://www.youtube-nocookie.com/s/player/11c0c1a9/www-player.css
8dd0861016ff7bfa3fa5810d683be16d2e6ab9c70a639428f71a78b39f93b9b9,https://www.youtube.com/s/player/4f48ea67/www-player.css
8dd0861016ff7bfa3fa5810d683be16d2e6ab9c70a639428f71a78b39f93b9b9,https://www.youtube-nocookie.com/s/player/4f48ea67/www-player.css
8dd0861016ff7bfa3fa5810d683be16d2e6ab9c70a639428f71a78b39f93b9b9,https://www.youtube.com/s/player/8e54e4ea/www-player.css
8dd0861016ff7bfa3fa5810d683be16d2e6ab9c70a639428f71a78b39f93b9b9,https://www.youtube-nocookie.com/s/player/8e54e4ea/www-player.css
8dd0861016ff7bfa3fa5810d683be16d2e6ab9c70a639428f71a78b39f93b9b9,https://www.youtube.com/s/player/116dbe15/www-player.css
8dd0861016ff7bfa3fa5810d683be16d2e6ab9c70a639428f71a78b39f93b9b9,https://www.youtube-nocookie.com/s/player/116dbe15/www-player.css
8dd0861016ff7bfa3fa5810d683be16d2e6ab9c70a639428f71a78b39f93b9b9,https://www.youtube.com/s/player/09d72748/www-player.css
8dd0861016ff7bfa3fa5810d683be16d2e6ab9c70a639428f71a78b39f93b9b9,https://www.youtube-nocookie.com/s/player/09d72748/www-player.css
8dd0861016ff7bfa3fa5810d683be16d2e6ab9c70a639428f71a78b39f93b9b9,https://www.youtube.com/s/player/847bad37/www-player.css
8dd0861016ff7bfa3fa5810d683be16d2e6ab9c70a639428f71a78b39f93b9b9,https://www.youtube-nocookie.com/s/player/847bad37/www-player.css
8dd0861016ff7bfa3fa5810d683be16d2e6ab9c70a639428f71a78b39f93b9b9,https://www.youtube.com/s/player/5e4f1adf/www-player.css
8dd0861016ff7bfa3fa5810d683be16d2e6ab9c70a639428f71a78b39f93b9b9,https://www.youtube-nocookie.com/s/player/5e4f1adf/www-player.css
8dd0861016ff7bfa3fa5810d683be16d2e6ab9c70a639428f71a78b39f93b9b9,https://www.youtube.com/s/player/32dc5910/www-player.css
8dd0861016ff7bfa3fa5810d683be16d2e6ab9c70a639428f71a78b39f93b9b9,https://www.youtube-nocookie.com/s/player/32dc5910/www-player.css
8dd0861016ff7bfa3fa5810d683be16d2e6ab9c70a639428f71a78b39f93b9b9,https://www.youtube.com/s/player/207c58dc/www-player.css
8dd0861016ff7bfa3fa5810d683be16d2e6ab9c70a639428f71a78b39f93b9b9,https://www.youtube-nocookie.com/s/player/207c58dc/www-player.css
8df90e25ae067f5343cb1bca16ff1e06d86d4c51307fb506ea3203f9737f399c,https://www.youtube.com/s/player/b3613e85/player_ias.vflset/en_US/captions.js
8e01c236ba02676b50b31972bee1ef65f2577399aeeb8518d146f644ca171655,https://www.youtube.com/s/player/c4507267/player_ias.vflset/en_US/base.js
8e0498f0791ddc9eb347e1ba60f5bbed6f9750674bc7cfae14ab9e1f7cd918ee,https://www.youtube.com/s/player/ab4606fb/player_ias.vflset/en_US/base.js
8e7945801f940980120f40393c8af57757bfea91766023011ae27d54f90f3584,https://www.youtube.com/s/player/ef8f93ce/player_ias.vflset/en_US/base.js
8ebfb953768aecbf0ab632283e537c7e37b626203f534320d9bdbb375ba7661a,https://www.youtube.com/s/player/ef5f17ca/player_ias.vflset/en_US/captions.js
8f6ac67db8a862bcf73b9e0211e44536361d732e633314390b1350929f42f34c,https://www.youtube.com/s/player/0727df12/player_ias.vflset/en_US/base.js
8fa379d5b7c3c8139c06ae97863a1508437d34023de7a57e56d7f2ddaca3a720,https://www.youtube.com/s/player/74edf1a3/player_ias.vflset/en_US/captions.js
8fb16383c9cc1a89325ec6a9f94f2e168a718d4cf54fc8d614ec8716721495ab,https://www.youtube.com/s/player/ef5f17ca/www-player.css
8fb16383c9cc1a89325ec6a9f94f2e168a718d4cf54fc8d614ec8716721495ab,https://www.youtube-nocookie.com/s/player/ef5f17ca/www-player.css
8fb17b2d411da5bedb59375e4de97831d1fa49ea82e760ec1364c0a3267f8d7a,https://www.youtube.com/s/player/fa305f43/player_ias.vflset/en_US/base.js
9018e1fccc68fb1ed1f6b9f08d39fc035168724cce14f2e5909d916d09f6d8b7,https://www.youtube.com/s/player/21176969/player_ias.vflset/en_US/base.js
90619ea35dc5c33b6d5ec409f9eed14aed8d16b5c02ddc7fd70bbb4ebe7a8e25,https://www.youtube.com/s/player/5570c7bc/player_ias.vflset/en_US/base.js
9067bfaca92851270fef7fc8eb5fdac8810120ef7d35835df4908b67f31d11aa,https://www.youtube.com/s/player/1703d336/player_ias.vflset/en_US/base.js
9069aebf984dc56b9916d4134e94cfb4f7f3e78bdfb3bfef7e05e04a0b1f9ac7,https://www.youtube.com/s/player/8a6e7bc4/player_ias.vflset/en_US/captions.js
9069aebf984dc56b9916d4134e94cfb4f7f3e78bdfb3bfef7e05e04a0b1f9ac7,https://www.youtube.com/s/player/dc1c41a7/player_ias.vflset/en_US/captions.js
9086fe1823d178688c93edf91d18baad6ef37121da157bf93a158a5297f70d6d,https://www.youtube.com/s/player/e5fcb1c4/player_ias.vflset/en_US/base.js
90c34bcadc80daed87d6950cc737aa2c34d1d0f8969e35a2965ea3e9d39a8e96,https://www.youtube.com/s/player/4d1dd0fc/player_ias.vflset/en_US/base.js
90c550f4e486586984b83b762aeddb14146fc7956c47770f62ffb30ee39faf4b,https://www.youtube.com/s/player/6ecf5f7a/player_ias.vflset/en_US/base.js
90fe4927c22e2149a25e995187cdfd4896f497345de053e194f5e93cf6b709c6,https://www.youtube.com/s/player/24fe6347/player_ias.vflset/en_US/base.js
91098166b764a077713cd0a6b5e2c15c9857a94fcd4f3c44a2df8fdc09219271,https://www.youtube.com/s/player/4c5cf06a/player_ias.vflset/en_US/captions.js
91098166b764a077713cd0a6b5e2c15c9857a94fcd4f3c44a2df8fdc09219271,https://www.youtube.com/s/player/23ba8f45/player_ias.vflset/en_US/captions.js
917208aa453454963b97038c74861c96c0a7fdaee9e1f4fe67768f6f5bf76221,https://www.youtube.com/s/player/e0528946/player_ias.vflset/en_US/base.js
9200bd528a866a248b30c782029e723a189477ee26baed0ce3206aa3deb797d0,https://www.youtube.com/s/player/b2515611/www-player.css
9200bd528a866a248b30c782029e723a189477ee26baed0ce3206aa3deb797d0,https://www.youtube-nocookie.com/s/player/b2515611/www-player.css
9203dc51932b5833a4f7a459161c13ad45d78ccb62ef5cc56500d67817d9dbd7,https://www.youtube.com/s/player/681bbaf2/player_ias.vflset/en_US/base.js
92299a2a89d4fccee843ad8d066721ff42990740f25253570e40cdb9ad4dcaf5,https://www.youtube.com/s/player/504fc963/player_ias.vflset/en_US/base.js
927476dd07432f4c426dc186f4809d39d0f68967dcef051f9b0acd01590f35cb,https://www.youtube.com/s/player/31da54c0/player_ias.vflset/en_US/captions.js
93d2b9e0d9c8912632d972e847541a29752775172824464ff2f0b6d18af5754f,https://www.youtube.com/s/player/68179ae3/player_ias.vflset/en_US/base.js
94237bba07f8c38eaa2548eec2f6922b17f28e77b6717f172a61c845bcb4d96a,https://www.youtube.com/s/player/dbb1f29d/player_ias.vflset/en_US/captions.js
94861d570cf43bc97246decbe70a49ff93cdf2b45543163c14e19ce63a49acad,https://www.youtube.com/s/player/e7f8ddfa/player_ias.vflset/en_US/captions.js
94861d570cf43bc97246decbe70a49ff93cdf2b45543163c14e19ce63a49acad,https://www.youtube.com/s/player/5f803d10/player_ias.vflset/en_US/captions.js
94861d570cf43bc97246decbe70a49ff93cdf2b45543163c14e19ce63a49acad,https://www.youtube.com/s/player/38bfa716/player_ias.vflset/en_US/captions.js
948c8b5f073b50cc620cf6579e5e4bd70835418d09542376840aa1543262512b,https://www.youtube.com/s/player/b783aee4/player_ias.vflset/en_US/base.js
9526f0e1eab117d26105c2240a97b8788057e7b40b6c5462b807cd031910db1c,https://www.youtube.com/s/player/79fcc67d/player_ias.vflset/en_US/captions.js
95c98e1ed98fae9a5a035a4d7c2d8462ba361bffe42c96395f8f563070cddb77,https://www.youtube.com/s/player/d03787ac/www-player.css
95c98e1ed98fae9a5a035a4d7c2d8462ba361bffe42c96395f8f563070cddb77,https://www.youtube-nocookie.com/s/player/d03787ac/www-player.css
9614a9461fdcecb7b4cfc0b87ff9ecba099f91c63ba88f06ea64c2255c4c114a,https://www.youtube.com/s/player/445213fb/player_ias.vflset/en_US/base.js
965404226125522df85bf9ae1c7e0673f8d81afcb897db8eff13d4624f5ffe62,https://www.youtube.com/s/player/3859fa39/player_ias.vflset/en_US/base.js
96e7944e715e13ca9a8f6fc74a64e6347d77292f773ae6db734afe4e8113b308,https://www.youtube.com/s/player/d5541cec/player_ias.vflset/en_US/base.js
972abf2654c1fa7be19c35d161943cad00aea997566fec84a02b4eb6676cfef9,https://www.youtube.com/s/player/75dfc895/player_ias.vflset/en_US/base.js
97d12c5f08f22f4a1ba3fd0d86582f442e05543a006cfd9a02cfa8ee0a049654,https://www.youtube.com/s/player/6b8eecd5/player_ias.vflset/en_US/base.js
984617e35e16f2f5eb9386e74c61345de89154e5a483e3515cf1ae5d358a0165,https://www.youtube.com/s/player/f96c7636/player_ias.vflset/en_US/base.js
984acd2f740620302e317e5c1b0f0b50bb32d0e17f94521951545288ef8d0415,https://www.youtube.com/s/player/033fd556/player_ias.vflset/en_US/captions.js
986a48101bd0ff424efa03c520ff743e54303badd490a763a52f12ea4cd11973,https://www.youtube.com/s/player/b3613e85/www-player.css
986a48101bd0ff424efa03c520ff743e54303badd490a763a52f12ea4cd11973,https://www.youtube-nocookie.com/s/player/b3613e85/www-player.css
987b7083a993d334425156b801370bd934b80eade3e7792c521bfddbfa13cdf4,https://www.youtube.com/s/player/12ae5f14/player_ias.vflset/en_US/captions.js
987b7083a993d334425156b801370bd934b80eade3e7792c521bfddbfa13cdf4,https://www.youtube.com/s/player/b91b2902/player_ias.vflset/en_US/captions.js
987b7083a993d334425156b801370bd934b80eade3e7792c521bfddbfa13cdf4,https://www.youtube.com/s/player/c72d3621/player_ias.vflset/en_US/captions.js
987b7083a993d334425156b801370bd934b80eade3e7792c521bfddbfa13cdf4,https://www.youtube.com/s/player/c2f7551f/player_ias.vflset/en_US/captions.js
987b7083a993d334425156b801370bd934b80eade3e7792c521bfddbfa13cdf4,https://www.youtube.com/s/player/53db3343/player_ias.vflset/en_US/captions.js
987b7083a993d334425156b801370bd934b80eade3e7792c521bfddbfa13cdf4,https://www.youtube.com/s/player/35c1167d/player_ias.vflset/en_US/captions.js
99a9ec34ffc674da3af7bb1c504ac1ed8f5a6e9973b694d5328ff304074e002f,https://www.youtube.com/s/player/bbe4bdbc/player_ias.vflset/en_US/base.js
9a0e30546ee9267bdddb3f0ce0fa20f184719b8a70b263ca0d1e2aa423d19db2,https://www.youtube.com/s/player/1406eaf9/player_ias.vflset/en_US/base.js
9ac0a8e2c461689284de03ecfb71ac2aae54ffdc85e7d30013be1b7625b5bf88,https://www.youtube.com/s/player/207c58dc/player_ias.vflset/en_US/captions.js
9af313ed10b2fb2eb40b7cf476ec0ba74a3babe175e1bfc5d02308aeb54309fd,https://www.youtube.com/s/player/445213fb/www-widgetapi.vflset/www-widgetapi.js
9af313ed10b2fb2eb40b7cf476ec0ba74a3babe175e1bfc5d02308aeb54309fd,https://www.youtube.com/s/player/712f0810/www-widgetapi.vflset/www-widgetapi.js
9af313ed10b2fb2eb40b7cf476ec0ba74a3babe175e1bfc5d02308aeb54309fd,https://www.youtube.com/s/player/88c25a98/www-widgetapi.vflset/www-widgetapi.js
9af313ed10b2fb2eb40b7cf476ec0ba74a3babe175e1bfc5d02308aeb54309fd,https://www.youtube.com/s/player/c7119fda/www-widgetapi.vflset/www-widgetapi.js
9af313ed10b2fb2eb40b7cf476ec0ba74a3babe175e1bfc5d02308aeb54309fd,https://www.youtube.com/s/player/1acfe3aa/www-widgetapi.vflset/www-widgetapi.js
9af313ed10b2fb2eb40b7cf476ec0ba74a3babe175e1bfc5d02308aeb54309fd,https://www.youtube.com/s/player/bb52fe90/www-widgetapi.vflset/www-widgetapi.js
9af313ed10b2fb2eb40b7cf476ec0ba74a3babe175e1bfc5d02308aeb54309fd,https://www.youtube.com/s/player/e40d18fc/www-widgetapi.vflset/www-widgetapi.js
9af313ed10b2fb2eb40b7cf476ec0ba74a3babe175e1bfc5d02308aeb54309fd,https://www.youtube.com/s/player/2c206033/www-widgetapi.vflset/www-widgetapi.js
9af313ed10b2fb2eb40b7cf476ec0ba74a3babe175e1bfc5d02308aeb54309fd,https://www.youtube.com/s/player/a57ec7c6/www-widgetapi.vflset/www-widgetapi.js
9af313ed10b2fb2eb40b7cf476ec0ba74a3babe175e1bfc5d02308aeb54309fd,https://www.youtube.com/s/player/6bac48cb/www-widgetapi.vflset/www-widgetapi.js
9af313ed10b2fb2eb40b7cf476ec0ba74a3babe175e1bfc5d02308aeb54309fd,https://www.youtube.com/s/player/c2dd02e1/www-widgetapi.vflset/www-widgetapi.js
9af313ed10b2fb2eb40b7cf476ec0ba74a3babe175e1bfc5d02308aeb54309fd,https://www.youtube.com/s/player/c2b286e4/www-widgetapi.vflset/www-widgetapi.js
9af313ed10b2fb2eb40b7cf476ec0ba74a3babe175e1bfc5d02308aeb54309fd,https://www.youtube.com/s/player/7ce603a3/www-widgetapi.vflset/www-widgetapi.js
9af313ed10b2fb2eb40b7cf476ec0ba74a3babe175e1bfc5d02308aeb54309fd,https://www.youtube.com/s/player/959dabb2/www-widgetapi.vflset/www-widgetapi.js
9af313ed10b2fb2eb40b7cf476ec0ba74a3babe175e1bfc5d02308aeb54309fd,https://www.youtube.com/s/player/59a3aff2/www-widgetapi.vflset/www-widgetapi.js
9af313ed10b2fb2eb40b7cf476ec0ba74a3babe175e1bfc5d02308aeb54309fd,https://www.youtube.com/s/player/ed89dc10/www-widgetapi.vflset/www-widgetapi.js
9af313ed10b2fb2eb40b7cf476ec0ba74a3babe175e1bfc5d02308aeb54309fd,https://www.youtube.com/s/player/bcea3860/www-widgetapi.vflset/www-widgetapi.js
9af313ed10b2fb2eb40b7cf476ec0ba74a3babe175e1bfc5d02308aeb54309fd,https://www.youtube.com/s/player/444511ca/www-widgetapi.vflset/www-widgetapi.js
9af313ed10b2fb2eb40b7cf476ec0ba74a3babe175e1bfc5d02308aeb54309fd,https://www.youtube.com/s/player/a32660fc/www-widgetapi.vflset/www-widgetapi.js
9af313ed10b2fb2eb40b7cf476ec0ba74a3babe175e1bfc5d02308aeb54309fd,https://www.youtube.com/s/player/b783aee4/www-widgetapi.vflset/www-widgetapi.js
9af313ed10b2fb2eb40b7cf476ec0ba74a3babe175e1bfc5d02308aeb54309fd,https://www.youtube.com/s/player/c9ede538/www-widgetapi.vflset/www-widgetapi.js
9af313ed10b2fb2eb40b7cf476ec0ba74a3babe175e1bfc5d02308aeb54309fd,https://www.youtube.com/s/player/9be3886e/www-widgetapi.vflset/www-widgetapi.js
9af313ed10b2fb2eb40b7cf476ec0ba74a3babe175e1bfc5d02308aeb54309fd,https://www.youtube.com/s/player/6b8eecd5/www-widgetapi.vflset/www-widgetapi.js
9af313ed10b2fb2eb40b7cf476ec0ba74a3babe175e1bfc5d02308aeb54309fd,https://www.youtube.com/s/player/16ee6936/www-widgetapi.vflset/www-widgetapi.js
9af313ed10b2fb2eb40b7cf476ec0ba74a3babe175e1bfc5d02308aeb54309fd,https://www.youtube.com/s/player/e5fcb1c4/www-widgetapi.vflset/www-widgetapi.js
9af313ed10b2fb2eb40b7cf476ec0ba74a3babe175e1bfc5d02308aeb54309fd,https://www.youtube.com/s/player/ce74690f/www-widgetapi.vflset/www-widgetapi.js
9af313ed10b2fb2eb40b7cf476ec0ba74a3babe175e1bfc5d02308aeb54309fd,https://www.youtube.com/s/player/7256bbfc/www-widgetapi.vflset/www-widgetapi.js
9af313ed10b2fb2eb40b7cf476ec0ba74a3babe175e1bfc5d02308aeb54309fd,https://www.youtube.com/s/player/68179ae3/www-widgetapi.vflset/www-widgetapi.js
9af313ed10b2fb2eb40b7cf476ec0ba74a3babe175e1bfc5d02308aeb54309fd,https://www.youtube.com/s/player/2a850cbf/www-widgetapi.vflset/www-widgetapi.js
9af313ed10b2fb2eb40b7cf476ec0ba74a3babe175e1bfc5d02308aeb54309fd,https://www.youtube.com/s/player/16886a7c/www-widgetapi.vflset/www-widgetapi.js
9af313ed10b2fb2eb40b7cf476ec0ba74a3babe175e1bfc5d02308aeb54309fd,https://www.youtube.com/s/player/8c20e431/www-widgetapi.vflset/www-widgetapi.js
9af313ed10b2fb2eb40b7cf476ec0ba74a3babe175e1bfc5d02308aeb54309fd,https://www.youtube.com/s/player/e7d74527/www-widgetapi.vflset/www-widgetapi.js
9af313ed10b2fb2eb40b7cf476ec0ba74a3babe175e1bfc5d02308aeb54309fd,https://www.youtube.com/s/player/69e2a55d/www-widgetapi.vflset/www-widgetapi.js
9af313ed10b2fb2eb40b7cf476ec0ba74a3babe175e1bfc5d02308aeb54309fd,https://www.youtube.com/s/player/bac06df9/www-widgetapi.vflset/www-widgetapi.js
9af313ed10b2fb2eb40b7cf476ec0ba74a3babe175e1bfc5d02308aeb54309fd,https://www.youtube.com/s/player/ea7a7460/www-widgetapi.vflset/www-widgetapi.js
9af313ed10b2fb2eb40b7cf476ec0ba74a3babe175e1bfc5d02308aeb54309fd,https://www.youtube.com/s/player/fa26f70e/www-widgetapi.vflset/www-widgetapi.js
9af313ed10b2fb2eb40b7cf476ec0ba74a3babe175e1bfc5d02308aeb54309fd,https://www.youtube.com/s/player/e5ae3fff/www-widgetapi.vflset/www-widgetapi.js
9af313ed10b2fb2eb40b7cf476ec0ba74a3babe175e1bfc5d02308aeb54309fd,https://www.youtube.com/s/player/f1ddd097/www-widgetapi.vflset/www-widgetapi.js
9af313ed10b2fb2eb40b7cf476ec0ba74a3babe175e1bfc5d02308aeb54309fd,https://www.youtube.com/s/player/82ae1e3c/www-widgetapi.vflset/www-widgetapi.js
9af313ed10b2fb2eb40b7cf476ec0ba74a3babe175e1bfc5d02308aeb54309fd,https://www.youtube.com/s/player/06459dfc/www-widgetapi.vflset/www-widgetapi.js
9af313ed10b2fb2eb40b7cf476ec0ba74a3babe175e1bfc5d02308aeb54309fd,https://www.youtube.com/s/player/5d6c9da0/www-widgetapi.vflset/www-widgetapi.js
9af313ed10b2fb2eb40b7cf476ec0ba74a3babe175e1bfc5d02308aeb54309fd,https://www.youtube.com/s/player/c6e9bca4/www-widgetapi.vflset/www-widgetapi.js
9af313ed10b2fb2eb40b7cf476ec0ba74a3babe175e1bfc5d02308aeb54309fd,https://www.youtube.com/s/player/04586e8e/www-widgetapi.vflset/www-widgetapi.js
9af313ed10b2fb2eb40b7cf476ec0ba74a3babe175e1bfc5d02308aeb54309fd,https://www.youtube.com/s/player/0006d355/www-widgetapi.vflset/www-widgetapi.js
9af313ed10b2fb2eb40b7cf476ec0ba74a3babe175e1bfc5d02308aeb54309fd,https://www.youtube.com/s/player/658ecde4/www-widgetapi.vflset/www-widgetapi.js
9af313ed10b2fb2eb40b7cf476ec0ba74a3babe175e1bfc5d02308aeb54309fd,https://www.youtube.com/s/player/9d2ef9ef/www-widgetapi.vflset/www-widgetapi.js
9af313ed10b2fb2eb40b7cf476ec0ba74a3babe175e1bfc5d02308aeb54309fd,https://www.youtube.com/s/player/880394d5/www-widgetapi.vflset/www-widgetapi.js
9af313ed10b2fb2eb40b7cf476ec0ba74a3babe175e1bfc5d02308aeb54309fd,https://www.youtube.com/s/player/b9313b14/www-widgetapi.vflset/www-widgetapi.js
9af313ed10b2fb2eb40b7cf476ec0ba74a3babe175e1bfc5d02308aeb54309fd,https://www.youtube.com/s/player/08bf6746/www-widgetapi.vflset/www-widgetapi.js
9af313ed10b2fb2eb40b7cf476ec0ba74a3babe175e1bfc5d02308aeb54309fd,https://www.youtube.com/s/player/ef8f93ce/www-widgetapi.vflset/www-widgetapi.js
9af313ed10b2fb2eb40b7cf476ec0ba74a3babe175e1bfc5d02308aeb54309fd,https://www.youtube.com/s/player/12472e7f/www-widgetapi.vflset/www-widgetapi.js
9af313ed10b2fb2eb40b7cf476ec0ba74a3babe175e1bfc5d02308aeb54309fd,https://www.youtube.com/s/player/1943d24e/www-widgetapi.vflset/www-widgetapi.js
9af313ed10b2fb2eb40b7cf476ec0ba74a3babe175e1bfc5d02308aeb54309fd,https://www.youtube.com/s/player/2f47d04e/www-widgetapi.vflset/www-widgetapi.js
9af313ed10b2fb2eb40b7cf476ec0ba74a3babe175e1bfc5d02308aeb54309fd,https://www.youtube.com/s/player/5cabb421/www-widgetapi.vflset/www-widgetapi.js
9af313ed10b2fb2eb40b7cf476ec0ba74a3babe175e1bfc5d02308aeb54309fd,https://www.youtube.com/s/player/9d55332c/www-widgetapi.vflset/www-widgetapi.js
9af313ed10b2fb2eb40b7cf476ec0ba74a3babe175e1bfc5d02308aeb54309fd,https://www.youtube.com/s/player/3b846ccb/www-widgetapi.vflset/www-widgetapi.js
9af313ed10b2fb2eb40b7cf476ec0ba74a3babe175e1bfc5d02308aeb54309fd,https://www.youtube.com/s/player/7c23feb2/www-widgetapi.vflset/www-widgetapi.js
9af313ed10b2fb2eb40b7cf476ec0ba74a3babe175e1bfc5d02308aeb54309fd,https://www.youtube.com/s/player/6d92eed5/www-widgetapi.vflset/www-widgetapi.js
9af313ed10b2fb2eb40b7cf476ec0ba74a3babe175e1bfc5d02308aeb54309fd,https://www.youtube.com/s/player/6e3a87bf/www-widgetapi.vflset/www-widgetapi.js
9af313ed10b2fb2eb40b7cf476ec0ba74a3babe175e1bfc5d02308aeb54309fd,https://www.youtube.com/s/player/4f38b487/www-widgetapi.vflset/www-widgetapi.js
9af313ed10b2fb2eb40b7cf476ec0ba74a3babe175e1bfc5d02308aeb54309fd,https://www.youtube.com/s/player/f53077c5/www-widgetapi.vflset/www-widgetapi.js
9af313ed10b2fb2eb40b7cf476ec0ba74a3babe175e1bfc5d02308aeb54309fd,https://www.youtube.com/s/player/1ac41de2/www-widgetapi.vflset/www-widgetapi.js
9af313ed10b2fb2eb40b7cf476ec0ba74a3babe175e1bfc5d02308aeb54309fd,https://www.youtube.com/s/player/ed1f8bcd/www-widgetapi.vflset/www-widgetapi.js
9af313ed10b2fb2eb40b7cf476ec0ba74a3babe175e1bfc5d02308aeb54309fd,https://www.youtube.com/s/player/8d89ad35/www-widgetapi.vflset/www-widgetapi.js
9af313ed10b2fb2eb40b7cf476ec0ba74a3babe175e1bfc5d02308aeb54309fd,https://www.youtube.com/s/player/96719157/www-widgetapi.vflset/www-widgetapi.js
9af313ed10b2fb2eb40b7cf476ec0ba74a3babe175e1bfc5d02308aeb54309fd,https://www.youtube.com/s/player/19b1fd9c/www-widgetapi.vflset/www-widgetapi.js
9af313ed10b2fb2eb40b7cf476ec0ba74a3babe175e1bfc5d02308aeb54309fd,https://www.youtube.com/s/player/9c249f6f/www-widgetapi.vflset/www-widgetapi.js
9af313ed10b2fb2eb40b7cf476ec0ba74a3babe175e1bfc5d02308aeb54309fd,https://www.youtube.com/s/player/84fd6c82/www-widgetapi.vflset/www-widgetapi.js
9af313ed10b2fb2eb40b7cf476ec0ba74a3babe175e1bfc5d02308aeb54309fd,https://www.youtube.com/s/player/d5f789e7/www-widgetapi.vflset/www-widgetapi.js
9af313ed10b2fb2eb40b7cf476ec0ba74a3babe175e1bfc5d02308aeb54309fd,https://www.youtube.com/s/player/aa4449ca/www-widgetapi.vflset/www-widgetapi.js
9af313ed10b2fb2eb40b7cf476ec0ba74a3babe175e1bfc5d02308aeb54309fd,https://www.youtube.com/s/player/4b0dda90/www-widgetapi.vflset/www-widgetapi.js
9af313ed10b2fb2eb40b7cf476ec0ba74a3babe175e1bfc5d02308aeb54309fd,https://www.youtube.com/s/player/1b71165f/www-widgetapi.vflset/www-widgetapi.js
9af313ed10b2fb2eb40b7cf476ec0ba74a3babe175e1bfc5d02308aeb54309fd,https://www.youtube.com/s/player/033fd556/www-widgetapi.vflset/www-widgetapi.js
9af313ed10b2fb2eb40b7cf476ec0ba74a3babe175e1bfc5d02308aeb54309fd,https://www.youtube.com/s/player/3bf393b6/www-widgetapi.vflset/www-widgetapi.js
9af313ed10b2fb2eb40b7cf476ec0ba74a3babe175e1bfc5d02308aeb54309fd,https://www.youtube.com/s/player/ca8b6ef4/www-widgetapi.vflset/www-widgetapi.js
9af313ed10b2fb2eb40b7cf476ec0ba74a3babe175e1bfc5d02308aeb54309fd,https://www.youtube.com/s/player/5fe6131f/www-widgetapi.vflset/www-widgetapi.js
9af313ed10b2fb2eb40b7cf476ec0ba74a3babe175e1bfc5d02308aeb54309fd,https://www.youtube.com/s/player/2868f080/www-widgetapi.vflset/www-widgetapi.js
9af313ed10b2fb2eb40b7cf476ec0ba74a3babe175e1bfc5d02308aeb54309fd,https://www.youtube.com/s/player/6ae88b83/www-widgetapi.vflset/www-widgetapi.js
9af313ed10b2fb2eb40b7cf476ec0ba74a3babe175e1bfc5d02308aeb54309fd,https://www.youtube.com/s/player/6f05bbb3/www-widgetapi.vflset/www-widgetapi.js
9af313ed10b2fb2eb40b7cf476ec0ba74a3babe175e1bfc5d02308aeb54309fd,https://www.youtube.com/s/player/886cbf26/www-widgetapi.vflset/www-widgetapi.js
9af313ed10b2fb2eb40b7cf476ec0ba74a3babe175e1bfc5d02308aeb54309fd,https://www.youtube.com/s/player/a3286ae2/www-widgetapi.vflset/www-widgetapi.js
9af313ed10b2fb2eb40b7cf476ec0ba74a3babe175e1bfc5d02308aeb54309fd,https://www.youtube.com/s/player/b6e5a811/www-widgetapi.vflset/www-widgetapi.js
9af313ed10b2fb2eb40b7cf476ec0ba74a3babe175e1bfc5d02308aeb54309fd,https://www.youtube.com/s/player/fef22927/www-widgetapi.vflset/www-widgetapi.js
9af313ed10b2fb2eb40b7cf476ec0ba74a3babe175e1bfc5d02308aeb54309fd,https://www.youtube.com/s/player/7fefdcfe/www-widgetapi.vflset/www-widgetapi.js
9af313ed10b2fb2eb40b7cf476ec0ba74a3babe175e1bfc5d02308aeb54309fd,https://www.youtube.com/s/player/329e7d83/www-widgetapi.vflset/www-widgetapi.js
9af313ed10b2fb2eb40b7cf476ec0ba74a3babe175e1bfc5d02308aeb54309fd,https://www.youtube.com/s/player/b0ff957c/www-widgetapi.vflset/www-widgetapi.js
9af313ed10b2fb2eb40b7cf476ec0ba74a3babe175e1bfc5d02308aeb54309fd,https://www.youtube.com/s/player/1703d336/www-widgetapi.vflset/www-widgetapi.js
9af313ed10b2fb2eb40b7cf476ec0ba74a3babe175e1bfc5d02308aeb54309fd,https://www.youtube.com/s/player/944b5ebc/www-widgetapi.vflset/www-widgetapi.js
9af313ed10b2fb2eb40b7cf476ec0ba74a3babe175e1bfc5d02308aeb54309fd,https://www.youtube.com/s/player/9fc68080/www-widgetapi.vflset/www-widgetapi.js
9af313ed10b2fb2eb40b7cf476ec0ba74a3babe175e1bfc5d02308aeb54309fd,https://www.youtube.com/s/player/98d96711/www-widgetapi.vflset/www-widgetapi.js
9af313ed10b2fb2eb40b7cf476ec0ba74a3babe175e1bfc5d02308aeb54309fd,https://www.youtube.com/s/player/b6e44494/www-widgetapi.vflset/www-widgetapi.js
9af313ed10b2fb2eb40b7cf476ec0ba74a3babe175e1bfc5d02308aeb54309fd,https://www.youtube.com/s/player/ce44be02/www-widgetapi.vflset/www-widgetapi.js
9af313ed10b2fb2eb40b7cf476ec0ba74a3babe175e1bfc5d02308aeb54309fd,https://www.youtube.com/s/player/75dfc895/www-widgetapi.vflset/www-widgetapi.js
9af313ed10b2fb2eb40b7cf476ec0ba74a3babe175e1bfc5d02308aeb54309fd,https://www.youtube.com/s/player/204ff6e4/www-widgetapi.vflset/www-widgetapi.js
9af313ed10b2fb2eb40b7cf476ec0ba74a3babe175e1bfc5d02308aeb54309fd,https://www.youtube.com/s/player/38dca859/www-widgetapi.vflset/www-widgetapi.js
9af313ed10b2fb2eb40b7cf476ec0ba74a3babe175e1bfc5d02308aeb54309fd,https://www.youtube.com/s/player/4e0a5143/www-widgetapi.vflset/www-widgetapi.js
9af313ed10b2fb2eb40b7cf476ec0ba74a3babe175e1bfc5d02308aeb54309fd,https://www.youtube.com/s/player/fa305f43/www-widgetapi.vflset/www-widgetapi.js
9af313ed10b2fb2eb40b7cf476ec0ba74a3babe175e1bfc5d02308aeb54309fd,https://www.youtube.com/s/player/f649823c/www-widgetapi.vflset/www-widgetapi.js
9af313ed10b2fb2eb40b7cf476ec0ba74a3babe175e1bfc5d02308aeb54309fd,https://www.youtube.com/s/player/f529f326/www-widgetapi.vflset/www-widgetapi.js
9af313ed10b2fb2eb40b7cf476ec0ba74a3babe175e1bfc5d02308aeb54309fd,https://www.youtube.com/s/player/30b88c09/www-widgetapi.vflset/www-widgetapi.js
9af313ed10b2fb2eb40b7cf476ec0ba74a3babe175e1bfc5d02308aeb54309fd,https://www.youtube.com/s/player/6e52949b/www-widgetapi.vflset/www-widgetapi.js
9af313ed10b2fb2eb40b7cf476ec0ba74a3babe175e1bfc5d02308aeb54309fd,https://www.youtube.com/s/player/6506e6fd/www-widgetapi.vflset/www-widgetapi.js
9af313ed10b2fb2eb40b7cf476ec0ba74a3babe175e1bfc5d02308aeb54309fd,https://www.youtube.com/s/player/a4a1bee0/www-widgetapi.vflset/www-widgetapi.js
9af313ed10b2fb2eb40b7cf476ec0ba74a3babe175e1bfc5d02308aeb54309fd,https://www.youtube.com/s/player/0d0138e0/www-widgetapi.vflset/www-widgetapi.js
9af313ed10b2fb2eb40b7cf476ec0ba74a3babe175e1bfc5d02308aeb54309fd,https://www.youtube.com/s/player/fe8bd208/www-widgetapi.vflset/www-widgetapi.js
9af313ed10b2fb2eb40b7cf476ec0ba74a3babe175e1bfc5d02308aeb54309fd,https://www.youtube.com/s/player/0ba40ca7/www-widgetapi.vflset/www-widgetapi.js
9af313ed10b2fb2eb40b7cf476ec0ba74a3babe175e1bfc5d02308aeb54309fd,https://www.youtube.com/s/player/46e01509/www-widgetapi.vflset/www-widgetapi.js
9af313ed10b2fb2eb40b7cf476ec0ba74a3babe175e1bfc5d02308aeb54309fd,https://www.youtube.com/s/player/632739fe/www-widgetapi.vflset/www-widgetapi.js
9af313ed10b2fb2eb40b7cf476ec0ba74a3babe175e1bfc5d02308aeb54309fd,https://www.youtube.com/s/player/12ae5f14/www-widgetapi.vflset/www-widgetapi.js
9af313ed10b2fb2eb40b7cf476ec0ba74a3babe175e1bfc5d02308aeb54309fd,https://www.youtube.com/s/player/b91b2902/www-widgetapi.vflset/www-widgetapi.js
9af313ed10b2fb2eb40b7cf476ec0ba74a3babe175e1bfc5d02308aeb54309fd,https://www.youtube.com/s/player/c72d3621/www-widgetapi.vflset/www-widgetapi.js
9af313ed10b2fb2eb40b7cf476ec0ba74a3babe175e1bfc5d02308aeb54309fd,https://www.youtube.com/s/player/c2f7551f/www-widgetapi.vflset/www-widgetapi.js
9af313ed10b2fb2eb40b7cf476ec0ba74a3babe175e1bfc5d02308aeb54309fd,https://www.youtube.com/s/player/53db3343/www-widgetapi.vflset/www-widgetapi.js
9af313ed10b2fb2eb40b7cf476ec0ba74a3babe175e1bfc5d02308aeb54309fd,https://www.youtube.com/s/player/35c1167d/www-widgetapi.vflset/www-widgetapi.js
9af313ed10b2fb2eb40b7cf476ec0ba74a3babe175e1bfc5d02308aeb54309fd,https://www.youtube.com/s/player/17aa2e4c/www-widgetapi.vflset/www-widgetapi.js
9af313ed10b2fb2eb40b7cf476ec0ba74a3babe175e1bfc5d02308aeb54309fd,https://www.youtube.com/s/player/6ecf5f7a/www-widgetapi.vflset/www-widgetapi.js
9af313ed10b2fb2eb40b7cf476ec0ba74a3babe175e1bfc5d02308aeb54309fd,https://www.youtube.com/s/player/16ef956e/www-widgetapi.vflset/www-widgetapi.js
9af313ed10b2fb2eb40b7cf476ec0ba74a3babe175e1bfc5d02308aeb54309fd,https://www.youtube.com/s/player/c4f5cc56/www-widgetapi.vflset/www-widgetapi.js
9af313ed10b2fb2eb40b7cf476ec0ba74a3babe175e1bfc5d02308aeb54309fd,https://www.youtube.com/s/player/57f5d44f/www-widgetapi.vflset/www-widgetapi.js
9af313ed10b2fb2eb40b7cf476ec0ba74a3babe175e1bfc5d02308aeb54309fd,https://www.youtube.com/s/player/dbc3c96f/www-widgetapi.vflset/www-widgetapi.js
9af313ed10b2fb2eb40b7cf476ec0ba74a3babe175e1bfc5d02308aeb54309fd,https://www.youtube.com/s/player/80f08606/www-widgetapi.vflset/www-widgetapi.js
9af313ed10b2fb2eb40b7cf476ec0ba74a3babe175e1bfc5d02308aeb54309fd,https://www.youtube.com/s/player/8b54769b/www-widgetapi.vflset/www-widgetapi.js
9af313ed10b2fb2eb40b7cf476ec0ba74a3babe175e1bfc5d02308aeb54309fd,https://www.youtube.com/s/player/0fe2b028/www-widgetapi.vflset/www-widgetapi.js
9af313ed10b2fb2eb40b7cf476ec0ba74a3babe175e1bfc5d02308aeb54309fd,https://www.youtube.com/s/player/504fc963/www-widgetapi.vflset/www-widgetapi.js
9af313ed10b2fb2eb40b7cf476ec0ba74a3babe175e1bfc5d02308aeb54309fd,https://www.youtube.com/s/player/96c57227/www-widgetapi.vflset/www-widgetapi.js
9af313ed10b2fb2eb40b7cf476ec0ba74a3babe175e1bfc5d02308aeb54309fd,https://www.youtube.com/s/player/e1bd44b2/www-widgetapi.vflset/www-widgetapi.js
9af313ed10b2fb2eb40b7cf476ec0ba74a3babe175e1bfc5d02308aeb54309fd,https://www.youtube.com/s/player/1150a2f2/www-widgetapi.vflset/www-widgetapi.js
9af313ed10b2fb2eb40b7cf476ec0ba74a3babe175e1bfc5d02308aeb54309fd,https://www.youtube.com/s/player/2ef249c2/www-widgetapi.vflset/www-widgetapi.js
9af313ed10b2fb2eb40b7cf476ec0ba74a3babe175e1bfc5d02308aeb54309fd,https://www.youtube.com/s/player/58569eda/www-widgetapi.vflset/www-widgetapi.js
9af313ed10b2fb2eb40b7cf476ec0ba74a3babe175e1bfc5d02308aeb54309fd,https://www.youtube.com/s/player/fd65c577/www-widgetapi.vflset/www-widgetapi.js
9af313ed10b2fb2eb40b7cf476ec0ba74a3babe175e1bfc5d02308aeb54309fd,https://www.youtube.com/s/player/a180bc4c/www-widgetapi.vflset/www-widgetapi.js
9af313ed10b2fb2eb40b7cf476ec0ba74a3babe175e1bfc5d02308aeb54309fd,https://www.youtube.com/s/player/4b9ae131/www-widgetapi.vflset/www-widgetapi.js
9af313ed10b2fb2eb40b7cf476ec0ba74a3babe175e1bfc5d02308aeb54309fd,https://www.youtube.com/s/player/1d014d3f/www-widgetapi.vflset/www-widgetapi.js
9af313ed10b2fb2eb40b7cf476ec0ba74a3babe175e1bfc5d02308aeb54309fd,https://www.youtube.com/s/player/be00faec/www-widgetapi.vflset/www-widgetapi.js
9af313ed10b2fb2eb40b7cf476ec0ba74a3babe175e1bfc5d02308aeb54309fd,https://www.youtube.com/s/player/b443d9d5/www-widgetapi.vflset/www-widgetapi.js
9af313ed10b2fb2eb40b7cf476ec0ba74a3babe175e1bfc5d02308aeb54309fd,https://www.youtube.com/s/player/c4507267/www-widgetapi.vflset/www-widgetapi.js
9af313ed10b2fb2eb40b7cf476ec0ba74a3babe175e1bfc5d02308aeb54309fd,https://www.youtube.com/s/player/3f925417/www-widgetapi.vflset/www-widgetapi.js
9af313ed10b2fb2eb40b7cf476ec0ba74a3babe175e1bfc5d02308aeb54309fd,https://www.youtube.com/s/player/a5ff8620/www-widgetapi.vflset/www-widgetapi.js
9af313ed10b2fb2eb40b7cf476ec0ba74a3babe175e1bfc5d02308aeb54309fd,https://www.youtube.com/s/player/55b1ff8b/www-widgetapi.vflset/www-widgetapi.js
9af313ed10b2fb2eb40b7cf476ec0ba74a3babe175e1bfc5d02308aeb54309fd,https://www.youtube.com/s/player/6f3fcd4c/www-widgetapi.vflset/www-widgetapi.js
9af313ed10b2fb2eb40b7cf476ec0ba74a3babe175e1bfc5d02308aeb54309fd,https://www.youtube.com/s/player/d11f06d8/www-widgetapi.vflset/www-widgetapi.js
9af313ed10b2fb2eb40b7cf476ec0ba74a3babe175e1bfc5d02308aeb54309fd,https://www.youtube.com/s/player/3db16eda/www-widgetapi.vflset/www-widgetapi.js
9af313ed10b2fb2eb40b7cf476ec0ba74a3babe175e1bfc5d02308aeb54309fd,https://www.youtube.com/s/player/669cd14f/www-widgetapi.vflset/www-widgetapi.js
9af313ed10b2fb2eb40b7cf476ec0ba74a3babe175e1bfc5d02308aeb54309fd,https://www.youtube.com/s/player/35df120f/www-widgetapi.vflset/www-widgetapi.js
9af313ed10b2fb2eb40b7cf476ec0ba74a3babe175e1bfc5d02308aeb54309fd,https://www.youtube.com/s/player/56af1322/www-widgetapi.vflset/www-widgetapi.js
9af313ed10b2fb2eb40b7cf476ec0ba74a3babe175e1bfc5d02308aeb54309fd,https://www.youtube.com/s/player/f00d1fdd/www-widgetapi.vflset/www-widgetapi.js
9af313ed10b2fb2eb40b7cf476ec0ba74a3babe175e1bfc5d02308aeb54309fd,https://www.youtube.com/s/player/2d01abf7/www-widgetapi.vflset/www-widgetapi.js
9af313ed10b2fb2eb40b7cf476ec0ba74a3babe175e1bfc5d02308aeb54309fd,https://www.youtube.com/s/player/82e5a015/www-widgetapi.vflset/www-widgetapi.js
9af313ed10b2fb2eb40b7cf476ec0ba74a3babe175e1bfc5d02308aeb54309fd,https://www.youtube.com/s/player/ec6f9bb5/www-widgetapi.vflset/www-widgetapi.js
9af313ed10b2fb2eb40b7cf476ec0ba74a3babe175e1bfc5d02308aeb54309fd,https://www.youtube.com/s/player/be5a4839/www-widgetapi.vflset/www-widgetapi.js
9af313ed10b2fb2eb40b7cf476ec0ba74a3babe175e1bfc5d02308aeb54309fd,https://www.youtube.com/s/player/9c3bdbc5/www-widgetapi.vflset/www-widgetapi.js
9af313ed10b2fb2eb40b7cf476ec0ba74a3babe175e1bfc5d02308aeb54309fd,https://www.youtube.com/s/player/25f11721/www-widgetapi.vflset/www-widgetapi.js
9af313ed10b2fb2eb40b7cf476ec0ba74a3babe175e1bfc5d02308aeb54309fd,https://www.youtube.com/s/player/efa2c4f5/www-widgetapi.vflset/www-widgetapi.js
9af313ed10b2fb2eb40b7cf476ec0ba74a3babe175e1bfc5d02308aeb54309fd,https://www.youtube.com/s/player/e0dc87a1/www-widgetapi.vflset/www-widgetapi.js
9af313ed10b2fb2eb40b7cf476ec0ba74a3babe175e1bfc5d02308aeb54309fd,https://www.youtube.com/s/player/551c312f/www-widgetapi.vflset/www-widgetapi.js
9af313ed10b2fb2eb40b7cf476ec0ba74a3babe175e1bfc5d02308aeb54309fd,https://www.youtube.com/s/player/4d9ffdf8/www-widgetapi.vflset/www-widgetapi.js
9af313ed10b2fb2eb40b7cf476ec0ba74a3babe175e1bfc5d02308aeb54309fd,https://www.youtube.com/s/player/0727df12/www-widgetapi.vflset/www-widgetapi.js
9af313ed10b2fb2eb40b7cf476ec0ba74a3babe175e1bfc5d02308aeb54309fd,https://www.youtube.com/s/player/74be5b62/www-widgetapi.vflset/www-widgetapi.js
9af313ed10b2fb2eb40b7cf476ec0ba74a3babe175e1bfc5d02308aeb54309fd,https://www.youtube.com/s/player/c5a4a312/www-widgetapi.vflset/www-widgetapi.js
9af313ed10b2fb2eb40b7cf476ec0ba74a3babe175e1bfc5d02308aeb54309fd,https://www.youtube.com/s/player/5c692b33/www-widgetapi.vflset/www-widgetapi.js
9af313ed10b2fb2eb40b7cf476ec0ba74a3babe175e1bfc5d02308aeb54309fd,https://www.youtube.com/s/player/3859fa39/www-widgetapi.vflset/www-widgetapi.js
9af313ed10b2fb2eb40b7cf476ec0ba74a3babe175e1bfc5d02308aeb54309fd,https://www.youtube.com/s/player/1680feb2/www-widgetapi.vflset/www-widgetapi.js
9af313ed10b2fb2eb40b7cf476ec0ba74a3babe175e1bfc5d02308aeb54309fd,https://www.youtube.com/s/player/16589d5e/www-widgetapi.vflset/www-widgetapi.js
9af313ed10b2fb2eb40b7cf476ec0ba74a3babe175e1bfc5d02308aeb54309fd,https://www.youtube.com/s/player/b1ac6210/www-widgetapi.vflset/www-widgetapi.js
9af313ed10b2fb2eb40b7cf476ec0ba74a3babe175e1bfc5d02308aeb54309fd,https://www.youtube.com/s/player/c7c1953f/www-widgetapi.vflset/www-widgetapi.js
9af313ed10b2fb2eb40b7cf476ec0ba74a3babe175e1bfc5d02308aeb54309fd,https://www.youtube.com/s/player/4c6971ef/www-widgetapi.vflset/www-widgetapi.js
9af313ed10b2fb2eb40b7cf476ec0ba74a3babe175e1bfc5d02308aeb54309fd,https://www.youtube.com/s/player/d138a901/www-widgetapi.vflset/www-widgetapi.js
9af313ed10b2fb2eb40b7cf476ec0ba74a3babe175e1bfc5d02308aeb54309fd,https://www.youtube.com/s/player/10a04aa8/www-widgetapi.vflset/www-widgetapi.js
9af313ed10b2fb2eb40b7cf476ec0ba74a3babe175e1bfc5d02308aeb54309fd,https://www.youtube.com/s/player/cbad65aa/www-widgetapi.vflset/www-widgetapi.js
9af313ed10b2fb2eb40b7cf476ec0ba74a3babe175e1bfc5d02308aeb54309fd,https://www.youtube.com/s/player/97108f59/www-widgetapi.vflset/www-widgetapi.js
9af313ed10b2fb2eb40b7cf476ec0ba74a3babe175e1bfc5d02308aeb54309fd,https://www.youtube.com/s/player/fc6f7cb5/www-widgetapi.vflset/www-widgetapi.js
9af313ed10b2fb2eb40b7cf476ec0ba74a3babe175e1bfc5d02308aeb54309fd,https://www.youtube.com/s/player/ae417f28/www-widgetapi.vflset/www-widgetapi.js
9af313ed10b2fb2eb40b7cf476ec0ba74a3babe175e1bfc5d02308aeb54309fd,https://www.youtube.com/s/player/d980b573/www-widgetapi.vflset/www-widgetapi.js
9af313ed10b2fb2eb40b7cf476ec0ba74a3babe175e1bfc5d02308aeb54309fd,https://www.youtube.com/s/player/06ab93f2/www-widgetapi.vflset/www-widgetapi.js
9af313ed10b2fb2eb40b7cf476ec0ba74a3babe175e1bfc5d02308aeb54309fd,https://www.youtube.com/s/player/ec3567a3/www-widgetapi.vflset/www-widgetapi.js
9af313ed10b2fb2eb40b7cf476ec0ba74a3babe175e1bfc5d02308aeb54309fd,https://www.youtube.com/s/player/61d68603/www-widgetapi.vflset/www-widgetapi.js
9af313ed10b2fb2eb40b7cf476ec0ba74a3babe175e1bfc5d02308aeb54309fd,https://www.youtube.com/s/player/5ba44d10/www-widgetapi.vflset/www-widgetapi.js
9af313ed10b2fb2eb40b7cf476ec0ba74a3babe175e1bfc5d02308aeb54309fd,https://www.youtube.com/s/player/8fb635c2/www-widgetapi.vflset/www-widgetapi.js
9af313ed10b2fb2eb40b7cf476ec0ba74a3babe175e1bfc5d02308aeb54309fd,https://www.youtube.com/s/player/681bbaf2/www-widgetapi.vflset/www-widgetapi.js
9af313ed10b2fb2eb40b7cf476ec0ba74a3babe175e1bfc5d02308aeb54309fd,https://www.youtube.com/s/player/023db2e6/www-widgetapi.vflset/www-widgetapi.js
9af313ed10b2fb2eb40b7cf476ec0ba74a3babe175e1bfc5d02308aeb54309fd,https://www.youtube.com/s/player/1416fec1/www-widgetapi.vflset/www-widgetapi.js
9af313ed10b2fb2eb40b7cf476ec0ba74a3babe175e1bfc5d02308aeb54309fd,https://www.youtube.com/s/player/24fe6347/www-widgetapi.vflset/www-widgetapi.js
9af313ed10b2fb2eb40b7cf476ec0ba74a3babe175e1bfc5d02308aeb54309fd,https://www.youtube.com/s/player/edbc38da/www-widgetapi.vflset/www-widgetapi.js
9af313ed10b2fb2eb40b7cf476ec0ba74a3babe175e1bfc5d02308aeb54309fd,https://www.youtube.com/s/player/8565f3f9/www-widgetapi.vflset/www-widgetapi.js
9af313ed10b2fb2eb40b7cf476ec0ba74a3babe175e1bfc5d02308aeb54309fd,https://www.youtube.com/s/player/5bb72cbb/www-widgetapi.vflset/www-widgetapi.js
9af313ed10b2fb2eb40b7cf476ec0ba74a3babe175e1bfc5d02308aeb54309fd,https://www.youtube.com/s/player/bbe4bdbc/www-widgetapi.vflset/www-widgetapi.js
9af313ed10b2fb2eb40b7cf476ec0ba74a3babe175e1bfc5d02308aeb54309fd,https://www.youtube.com/s/player/cb017549/www-widgetapi.vflset/www-widgetapi.js
9af313ed10b2fb2eb40b7cf476ec0ba74a3babe175e1bfc5d02308aeb54309fd,https://www.youtube.com/s/player/0a5faf6d/www-widgetapi.vflset/www-widgetapi.js
9af313ed10b2fb2eb40b7cf476ec0ba74a3babe175e1bfc5d02308aeb54309fd,https://www.youtube.com/s/player/5afa7c36/www-widgetapi.vflset/www-widgetapi.js
9af313ed10b2fb2eb40b7cf476ec0ba74a3babe175e1bfc5d02308aeb54309fd,https://www.youtube.com/s/player/3ccae36b/www-widgetapi.vflset/www-widgetapi.js
9af313ed10b2fb2eb40b7cf476ec0ba74a3babe175e1bfc5d02308aeb54309fd,https://www.youtube.com/s/player/67ff56cb/www-widgetapi.vflset/www-widgetapi.js
9af313ed10b2fb2eb40b7cf476ec0ba74a3babe175e1bfc5d02308aeb54309fd,https://www.youtube.com/s/player/32928ebd/www-widgetapi.vflset/www-widgetapi.js
9af313ed10b2fb2eb40b7cf476ec0ba74a3babe175e1bfc5d02308aeb54309fd,https://www.youtube.com/s/player/e9af09a2/www-widgetapi.vflset/www-widgetapi.js
9af313ed10b2fb2eb40b7cf476ec0ba74a3babe175e1bfc5d02308aeb54309fd,https://www.youtube.com/s/player/4d1dd0fc/www-widgetapi.vflset/www-widgetapi.js
9af313ed10b2fb2eb40b7cf476ec0ba74a3babe175e1bfc5d02308aeb54309fd,https://www.youtube.com/s/player/bda6277d/www-widgetapi.vflset/www-widgetapi.js
9af313ed10b2fb2eb40b7cf476ec0ba74a3babe175e1bfc5d02308aeb54309fd,https://www.youtube.com/s/player/23b70d29/www-widgetapi.vflset/www-widgetapi.js
9af313ed10b2fb2eb40b7cf476ec0ba74a3babe175e1bfc5d02308aeb54309fd,https://www.youtube.com/s/player/6b5a0420/www-widgetapi.vflset/www-widgetapi.js
9af313ed10b2fb2eb40b7cf476ec0ba74a3babe175e1bfc5d02308aeb54309fd,https://www.youtube.com/s/player/05558a16/www-widgetapi.vflset/www-widgetapi.js
9af313ed10b2fb2eb40b7cf476ec0ba74a3babe175e1bfc5d02308aeb54309fd,https://www.youtube.com/s/player/c2f0d301/www-widgetapi.vflset/www-widgetapi.js
9af313ed10b2fb2eb40b7cf476ec0ba74a3babe175e1bfc5d02308aeb54309fd,https://www.youtube.com/s/player/0980151a/www-widgetapi.vflset/www-widgetapi.js
9af313ed10b2fb2eb40b7cf476ec0ba74a3babe175e1bfc5d02308aeb54309fd,https://www.youtube.com/s/player/e354dd90/www-widgetapi.vflset/www-widgetapi.js
9af313ed10b2fb2eb40b7cf476ec0ba74a3babe175e1bfc5d02308aeb54309fd,https://www.youtube.com/s/player/bc7db0b2/www-widgetapi.vflset/www-widgetapi.js
9af313ed10b2fb2eb40b7cf476ec0ba74a3babe175e1bfc5d02308aeb54309fd,https://www.youtube.com/s/player/2b8b264c/www-widgetapi.vflset/www-widgetapi.js
9af313ed10b2fb2eb40b7cf476ec0ba74a3babe175e1bfc5d02308aeb54309fd,https://www.youtube.com/s/player/a8fa2535/www-widgetapi.vflset/www-widgetapi.js
9af313ed10b2fb2eb40b7cf476ec0ba74a3babe175e1bfc5d02308aeb54309fd,https://www.youtube.com/s/player/d9454757/www-widgetapi.vflset/www-widgetapi.js
9af313ed10b2fb2eb40b7cf476ec0ba74a3babe175e1bfc5d02308aeb54309fd,https://www.youtube.com/s/player/ffdec792/www-widgetapi.vflset/www-widgetapi.js
9af313ed10b2fb2eb40b7cf476ec0ba74a3babe175e1bfc5d02308aeb54309fd,https://www.youtube.com/s/player/49f48b9f/www-widgetapi.vflset/www-widgetapi.js
9af313ed10b2fb2eb40b7cf476ec0ba74a3babe175e1bfc5d02308aeb54309fd,https://www.youtube.com/s/player/45ac5a1a/www-widgetapi.vflset/www-widgetapi.js
9af313ed10b2fb2eb40b7cf476ec0ba74a3babe175e1bfc5d02308aeb54309fd,https://www.youtube.com/s/player/0c9dcb4e/www-widgetapi.vflset/www-widgetapi.js
9af313ed10b2fb2eb40b7cf476ec0ba74a3babe175e1bfc5d02308aeb54309fd,https://www.youtube.com/s/player/a57cdcbf/www-widgetapi.vflset/www-widgetapi.js
9af313ed10b2fb2eb40b7cf476ec0ba74a3babe175e1bfc5d02308aeb54309fd,https://www.youtube.com/s/player/964f0dc6/www-widgetapi.vflset/www-widgetapi.js
9af313ed10b2fb2eb40b7cf476ec0ba74a3babe175e1bfc5d02308aeb54309fd,https://www.youtube.com/s/player/553d5bd7/www-widgetapi.vflset/www-widgetapi.js
9af313ed10b2fb2eb40b7cf476ec0ba74a3babe175e1bfc5d02308aeb54309fd,https://www.youtube.com/s/player/bcd88ad3/www-widgetapi.vflset/www-widgetapi.js
9af313ed10b2fb2eb40b7cf476ec0ba74a3babe175e1bfc5d02308aeb54309fd,https://www.youtube.com/s/player/820123f3/www-widgetapi.vflset/www-widgetapi.js
9af313ed10b2fb2eb40b7cf476ec0ba74a3babe175e1bfc5d02308aeb54309fd,https://www.youtube.com/s/player/911df14e/www-widgetapi.vflset/www-widgetapi.js
9af313ed10b2fb2eb40b7cf476ec0ba74a3babe175e1bfc5d02308aeb54309fd,https://www.youtube.com/s/player/8456c9de/www-widgetapi.vflset/www-widgetapi.js
9af313ed10b2fb2eb40b7cf476ec0ba74a3babe175e1bfc5d02308aeb54309fd,https://www.youtube.com/s/player/9955f7e6/www-widgetapi.vflset/www-widgetapi.js
9af313ed10b2fb2eb40b7cf476ec0ba74a3babe175e1bfc5d02308aeb54309fd,https://www.youtube.com/s/player/58012f6a/www-widgetapi.vflset/www-widgetapi.js
9af313ed10b2fb2eb40b7cf476ec0ba74a3babe175e1bfc5d02308aeb54309fd,https://www.youtube.com/s/player/ecde8a55/www-widgetapi.vflset/www-widgetapi.js
9af313ed10b2fb2eb40b7cf476ec0ba74a3babe175e1bfc5d02308aeb54309fd,https://www.youtube.com/s/player/1e1d6f74/www-widgetapi.vflset/www-widgetapi.js
9af313ed10b2fb2eb40b7cf476ec0ba74a3babe175e1bfc5d02308aeb54309fd,https://www.youtube.com/s/player/1bb6ee63/www-widgetapi.vflset/www-widgetapi.js
9af313ed10b2fb2eb40b7cf476ec0ba74a3babe175e1bfc5d02308aeb54309fd,https://www.youtube.com/s/player/50fb0efb/www-widgetapi.vflset/www-widgetapi.js
9af313ed10b2fb2eb40b7cf476ec0ba74a3babe175e1bfc5d02308aeb54309fd,https://www.youtube.com/s/player/218d9d92/www-widgetapi.vflset/www-widgetapi.js
9af313ed10b2fb2eb40b7cf476ec0ba74a3babe175e1bfc5d02308aeb54309fd,https://www.youtube.com/s/player/5570c7bc/www-widgetapi.vflset/www-widgetapi.js
9af313ed10b2fb2eb40b7cf476ec0ba74a3babe175e1bfc5d02308aeb54309fd,https://www.youtube.com/s/player/6baf88c8/www-widgetapi.vflset/www-widgetapi.js
9af313ed10b2fb2eb40b7cf476ec0ba74a3babe175e1bfc5d02308aeb54309fd,https://www.youtube.com/s/player/26a9c282/www-widgetapi.vflset/www-widgetapi.js
9af313ed10b2fb2eb40b7cf476ec0ba74a3babe175e1bfc5d02308aeb54309fd,https://www.youtube.com/s/player/d95a0e03/www-widgetapi.vflset/www-widgetapi.js
9af313ed10b2fb2eb40b7cf476ec0ba74a3babe175e1bfc5d02308aeb54309fd,https://www.youtube.com/s/player/98fb51a3/www-widgetapi.vflset/www-widgetapi.js
9af313ed10b2fb2eb40b7cf476ec0ba74a3babe175e1bfc5d02308aeb54309fd,https://www.youtube.com/s/player/8fdc9fc5/www-widgetapi.vflset/www-widgetapi.js
9af313ed10b2fb2eb40b7cf476ec0ba74a3babe175e1bfc5d02308aeb54309fd,https://www.youtube.com/s/player/a307fffd/www-widgetapi.vflset/www-widgetapi.js
9af313ed10b2fb2eb40b7cf476ec0ba74a3babe175e1bfc5d02308aeb54309fd,https://www.youtube.com/s/player/4b0d80ee/www-widgetapi.vflset/www-widgetapi.js
9af313ed10b2fb2eb40b7cf476ec0ba74a3babe175e1bfc5d02308aeb54309fd,https://www.youtube.com/s/player/9da62807/www-widgetapi.vflset/www-widgetapi.js
9af313ed10b2fb2eb40b7cf476ec0ba74a3babe175e1bfc5d02308aeb54309fd,https://www.youtube.com/s/player/aa8e2787/www-widgetapi.vflset/www-widgetapi.js
9af313ed10b2fb2eb40b7cf476ec0ba74a3babe175e1bfc5d02308aeb54309fd,https://www.youtube.com/s/player/6dc99e32/www-widgetapi.vflset/www-widgetapi.js
9af313ed10b2fb2eb40b7cf476ec0ba74a3babe175e1bfc5d02308aeb54309fd,https://www.youtube.com/s/player/ab4606fb/www-widgetapi.vflset/www-widgetapi.js
9af313ed10b2fb2eb40b7cf476ec0ba74a3babe175e1bfc5d02308aeb54309fd,https://www.youtube.com/s/player/b174a5bb/www-widgetapi.vflset/www-widgetapi.js
9af313ed10b2fb2eb40b7cf476ec0ba74a3babe175e1bfc5d02308aeb54309fd,https://www.youtube.com/s/player/23c9bab9/www-widgetapi.vflset/www-widgetapi.js
9af313ed10b2fb2eb40b7cf476ec0ba74a3babe175e1bfc5d02308aeb54309fd,https://www.youtube.com/s/player/bf9226b1/www-widgetapi.vflset/www-widgetapi.js
9af313ed10b2fb2eb40b7cf476ec0ba74a3babe175e1bfc5d02308aeb54309fd,https://www.youtube.com/s/player/1a10598a/www-widgetapi.vflset/www-widgetapi.js
9af313ed10b2fb2eb40b7cf476ec0ba74a3babe175e1bfc5d02308aeb54309fd,https://www.youtube.com/s/player/06dc4a70/www-widgetapi.vflset/www-widgetapi.js
9af313ed10b2fb2eb40b7cf476ec0ba74a3babe175e1bfc5d02308aeb54309fd,https://www.youtube.com/s/player/ee507a59/www-widgetapi.vflset/www-widgetapi.js
9af313ed10b2fb2eb40b7cf476ec0ba74a3babe175e1bfc5d02308aeb54309fd,https://www.youtube.com/s/player/1406eaf9/www-widgetapi.vflset/www-widgetapi.js
9af313ed10b2fb2eb40b7cf476ec0ba74a3babe175e1bfc5d02308aeb54309fd,https://www.youtube.com/s/player/3e133d8d/www-widgetapi.vflset/www-widgetapi.js
9af313ed10b2fb2eb40b7cf476ec0ba74a3babe175e1bfc5d02308aeb54309fd,https://www.youtube.com/s/player/924b2d9a/www-widgetapi.vflset/www-widgetapi.js
9af313ed10b2fb2eb40b7cf476ec0ba74a3babe175e1bfc5d02308aeb54309fd,https://www.youtube.com/s/player/5afa275f/www-widgetapi.vflset/www-widgetapi.js
9af313ed10b2fb2eb40b7cf476ec0ba74a3babe175e1bfc5d02308aeb54309fd,https://www.youtube.com/s/player/a0d0e12d/www-widgetapi.vflset/www-widgetapi.js
9af313ed10b2fb2eb40b7cf476ec0ba74a3babe175e1bfc5d02308aeb54309fd,https://www.youtube.com/s/player/ed93444a/www-widgetapi.vflset/www-widgetapi.js
9af313ed10b2fb2eb40b7cf476ec0ba74a3babe175e1bfc5d02308aeb54309fd,https://www.youtube.com/s/player/777857f0/www-widgetapi.vflset/www-widgetapi.js
9af313ed10b2fb2eb40b7cf476ec0ba74a3babe175e1bfc5d02308aeb54309fd,https://www.youtube.com/s/player/0e56f409/www-widgetapi.vflset/www-widgetapi.js
9af313ed10b2fb2eb40b7cf476ec0ba74a3babe175e1bfc5d02308aeb54309fd,https://www.youtube.com/s/player/041232d8/www-widgetapi.vflset/www-widgetapi.js
9af313ed10b2fb2eb40b7cf476ec0ba74a3babe175e1bfc5d02308aeb54309fd,https://www.youtube.com/s/player/e99d8d7c/www-widgetapi.vflset/www-widgetapi.js
9af313ed10b2fb2eb40b7cf476ec0ba74a3babe175e1bfc5d02308aeb54309fd,https://www.youtube.com/s/player/cd78997d/www-widgetapi.vflset/www-widgetapi.js
9af313ed10b2fb2eb40b7cf476ec0ba74a3babe175e1bfc5d02308aeb54309fd,https://www.youtube.com/s/player/592af824/www-widgetapi.vflset/www-widgetapi.js
9af313ed10b2fb2eb40b7cf476ec0ba74a3babe175e1bfc5d02308aeb54309fd,https://www.youtube.com/s/player/30bd0d3a/www-widgetapi.vflset/www-widgetapi.js
9af313ed10b2fb2eb40b7cf476ec0ba74a3babe175e1bfc5d02308aeb54309fd,https://www.youtube.com/s/player/8a6e7bc4/www-widgetapi.vflset/www-widgetapi.js
9af313ed10b2fb2eb40b7cf476ec0ba74a3babe175e1bfc5d02308aeb54309fd,https://www.youtube.com/s/player/dc1c41a7/www-widgetapi.vflset/www-widgetapi.js
9af313ed10b2fb2eb40b7cf476ec0ba74a3babe175e1bfc5d02308aeb54309fd,https://www.youtube.com/s/player/67da7e92/www-widgetapi.vflset/www-widgetapi.js
9af313ed10b2fb2eb40b7cf476ec0ba74a3babe175e1bfc5d02308aeb54309fd,https://www.youtube.com/s/player/fda13de8/www-widgetapi.vflset/www-widgetapi.js
9af313ed10b2fb2eb40b7cf476ec0ba74a3babe175e1bfc5d02308aeb54309fd,https://www.youtube.com/s/player/80f5ca15/www-widgetapi.vflset/www-widgetapi.js
9af313ed10b2fb2eb40b7cf476ec0ba74a3babe175e1bfc5d02308aeb54309fd,https://www.youtube.com/s/player/2430d1b0/www-widgetapi.vflset/www-widgetapi.js
9af313ed10b2fb2eb40b7cf476ec0ba74a3babe175e1bfc5d02308aeb54309fd,https://www.youtube.com/s/player/1c74cab8/www-widgetapi.vflset/www-widgetapi.js
9af313ed10b2fb2eb40b7cf476ec0ba74a3babe175e1bfc5d02308aeb54309fd,https://www.youtube.com/s/player/659a519e/www-widgetapi.vflset/www-widgetapi.js
9af313ed10b2fb2eb40b7cf476ec0ba74a3babe175e1bfc5d02308aeb54309fd,https://www.youtube.com/s/player/4746b641/www-widgetapi.vflset/www-widgetapi.js
9af313ed10b2fb2eb40b7cf476ec0ba74a3babe175e1bfc5d02308aeb54309fd,https://www.youtube.com/s/player/c3edfa37/www-widgetapi.vflset/www-widgetapi.js
9af313ed10b2fb2eb40b7cf476ec0ba74a3babe175e1bfc5d02308aeb54309fd,https://www.youtube.com/s/player/57fefa84/www-widgetapi.vflset/www-widgetapi.js
9af313ed10b2fb2eb40b7cf476ec0ba74a3babe175e1bfc5d02308aeb54309fd,https://www.youtube.com/s/player/5a9b5eed/www-widgetapi.vflset/www-widgetapi.js
9af313ed10b2fb2eb40b7cf476ec0ba74a3babe175e1bfc5d02308aeb54309fd,https://www.youtube.com/s/player/b15c2dcf/www-widgetapi.vflset/www-widgetapi.js
9af313ed10b2fb2eb40b7cf476ec0ba74a3babe175e1bfc5d02308aeb54309fd,https://www.youtube.com/s/player/bcf89e14/www-widgetapi.vflset/www-widgetapi.js
9af313ed10b2fb2eb40b7cf476ec0ba74a3babe175e1bfc5d02308aeb54309fd,https://www.youtube.com/s/player/40aa5b89/www-widgetapi.vflset/www-widgetapi.js
9af313ed10b2fb2eb40b7cf476ec0ba74a3babe175e1bfc5d02308aeb54309fd,https://www.youtube.com/s/player/6b334ac1/www-widgetapi.vflset/www-widgetapi.js
9af313ed10b2fb2eb40b7cf476ec0ba74a3babe175e1bfc5d02308aeb54309fd,https://www.youtube.com/s/player/5e979b82/www-widgetapi.vflset/www-widgetapi.js
9af313ed10b2fb2eb40b7cf476ec0ba74a3babe175e1bfc5d02308aeb54309fd,https://www.youtube.com/s/player/43395a38/www-widgetapi.vflset/www-widgetapi.js
9af313ed10b2fb2eb40b7cf476ec0ba74a3babe175e1bfc5d02308aeb54309fd,https://www.youtube.com/s/player/4a6bba85/www-widgetapi.vflset/www-widgetapi.js
9af313ed10b2fb2eb40b7cf476ec0ba74a3babe175e1bfc5d02308aeb54309fd,https://www.youtube.com/s/player/8c83ec2e/www-widgetapi.vflset/www-widgetapi.js
9af313ed10b2fb2eb40b7cf476ec0ba74a3babe175e1bfc5d02308aeb54309fd,https://www.youtube.com/s/player/8c57fc20/www-widgetapi.vflset/www-widgetapi.js
9af313ed10b2fb2eb40b7cf476ec0ba74a3babe175e1bfc5d02308aeb54309fd,https://www.youtube.com/s/player/51e03cf0/www-widgetapi.vflset/www-widgetapi.js
9af313ed10b2fb2eb40b7cf476ec0ba74a3babe175e1bfc5d02308aeb54309fd,https://www.youtube.com/s/player/44596b36/www-widgetapi.vflset/www-widgetapi.js
9af313ed10b2fb2eb40b7cf476ec0ba74a3babe175e1bfc5d02308aeb54309fd,https://www.youtube.com/s/player/f4c47414/www-widgetapi.vflset/www-widgetapi.js
9af313ed10b2fb2eb40b7cf476ec0ba74a3babe175e1bfc5d02308aeb54309fd,https://www.youtube.com/s/player/d0dfba13/www-widgetapi.vflset/www-widgetapi.js
9af313ed10b2fb2eb40b7cf476ec0ba74a3babe175e1bfc5d02308aeb54309fd,https://www.youtube.com/s/player/dbb1f29d/www-widgetapi.vflset/www-widgetapi.js
9af313ed10b2fb2eb40b7cf476ec0ba74a3babe175e1bfc5d02308aeb54309fd,https://www.youtube.com/s/player/791f6bd4/www-widgetapi.vflset/www-widgetapi.js
9af313ed10b2fb2eb40b7cf476ec0ba74a3babe175e1bfc5d02308aeb54309fd,https://www.youtube.com/s/player/86205a12/www-widgetapi.vflset/www-widgetapi.js
9af313ed10b2fb2eb40b7cf476ec0ba74a3babe175e1bfc5d02308aeb54309fd,https://www.youtube.com/s/player/4a6035e3/www-widgetapi.vflset/www-widgetapi.js
9af313ed10b2fb2eb40b7cf476ec0ba74a3babe175e1bfc5d02308aeb54309fd,https://www.youtube.com/s/player/f4d92f0b/www-widgetapi.vflset/www-widgetapi.js
9af313ed10b2fb2eb40b7cf476ec0ba74a3babe175e1bfc5d02308aeb54309fd,https://www.youtube.com/s/player/c6aa5b85/www-widgetapi.vflset/www-widgetapi.js
9af313ed10b2fb2eb40b7cf476ec0ba74a3babe175e1bfc5d02308aeb54309fd,https://www.youtube.com/s/player/d759498c/www-widgetapi.vflset/www-widgetapi.js
9af313ed10b2fb2eb40b7cf476ec0ba74a3babe175e1bfc5d02308aeb54309fd,https://www.youtube.com/s/player/a9146527/www-widgetapi.vflset/www-widgetapi.js
9af313ed10b2fb2eb40b7cf476ec0ba74a3babe175e1bfc5d02308aeb54309fd,https://www.youtube.com/s/player/ace4b2f8/www-widgetapi.vflset/www-widgetapi.js
9af313ed10b2fb2eb40b7cf476ec0ba74a3babe175e1bfc5d02308aeb54309fd,https://www.youtube.com/s/player/a8a275d9/www-widgetapi.vflset/www-widgetapi.js
9af313ed10b2fb2eb40b7cf476ec0ba74a3babe175e1bfc5d02308aeb54309fd,https://www.youtube.com/s/player/e795685c/www-widgetapi.vflset/www-widgetapi.js
9af313ed10b2fb2eb40b7cf476ec0ba74a3babe175e1bfc5d02308aeb54309fd,https://www.youtube.com/s/player/ef65734f/www-widgetapi.vflset/www-widgetapi.js
9b74d010fa54c875cd6e95a7e6b1a91cf5a2459b3bde871311076c9c38d2d4f7,https://www.youtube.com/s/player/fda13de8/player_ias.vflset/en_US/base.js
9c31f423839c1ab761a788c0bbb45fd5a210055991c23d5dec093cf0f9e25bef,https://www.youtube.com/s/player/27422632/www-player.css
9c31f423839c1ab761a788c0bbb45fd5a210055991c23d5dec093cf0f9e25bef,https://www.youtube-nocookie.com/s/player/27422632/www-player.css
9c7d147300106f0aad779804ff87205376c29d9188021b07f8d0c73696d35898,https://www.youtube.com/s/player/62a6a39e/player_ias.vflset/en_US/base.js
9c9ee8494425f5ddcbdc4b0c90027816a28771c93682bd181087d6ed9dcf1758,https://www.youtube.com/s/player/fef22927/player_ias.vflset/en_US/captions.js
9d0b825ab0f26bb346ab2b7294b1fbd50d54ae4583533a8c7b6484cc6e4bd360,https://www.youtube.com/s/player/2ef249c2/player_ias.vflset/en_US/base.js
9d401b873dd4424d1e8168f3fe005231944705757ed38f7c7bc6892a31ec303d,https://www.youtube.com/s/player/721caf0b/player_ias.vflset/en_US/base.js
9d680e480c60efb15ac59f8150f2f1cd55ecc61c8c980e4e4b56ff0fc0e1e21f,https://www.youtube.com/s/player/0c9dcb4e/player_ias.vflset/en_US/base.js
9de8a7cdc339a19cdebd5adddbc1384281e87010b43f494e670b488f49bab1e1,https://www.youtube.com/s/player/791f6bd4/player_ias.vflset/en_US/captions.js
9de8a7cdc339a19cdebd5adddbc1384281e87010b43f494e670b488f49bab1e1,https://www.youtube.com/s/player/86205a12/player_ias.vflset/en_US/captions.js
9e0039076a3b83c036160939ddfe0b040c0206df6708b5c03a23cf92fc036d33,https://www.youtube.com/s/player/0fa0965b/player_ias.vflset/en_US/base.js
9e2c66761dfa1704d58d7f08c99023f18468bc168a3aeaec8b236915f4f5f185,https://www.youtube.com/s/player/f4f81892/player_ias.vflset/en_US/captions.js
9e2c66761dfa1704d58d7f08c99023f18468bc168a3aeaec8b236915f4f5f185,https://www.youtube.com/s/player/d793a5ff/player_ias.vflset/en_US/captions.js
9e2c66761dfa1704d58d7f08c99023f18468bc168a3aeaec8b236915f4f5f185,https://www.youtube.com/s/player/70a17a5c/player_ias.vflset/en_US/captions.js
9eca3bfd1cdded2cba25d74d12982ff1b2cbf51e34ec01a7cf65117fa8348f18,https://www.youtube.com/s/player/ed3f6ea5/player_ias.vflset/en_US/base.js
9ee3994823350411245b2c55b479af0a8017315d44a05821453d0f12f022122c,https://www.youtube.com/s/player/16ef956e/player_ias.vflset/en_US/base.js
9ee47ef6079578af4f66db9c2f66edd72402f0f98345a64e20241b259b51f566,https://www.youtube.com/s/player/bcd88ad3/player_ias.vflset/en_US/base.js
9f2fc03ae4e7b33049389b656956991c1367c94ac43b8ae6bbbf6ef0333766c6,https://www.youtube.com/s/player/5f803d10/player_ias.vflset/en_US/base.js
9f53c18280fbf57e67ed25df125f5522c9886e019cf32de785ce7fb6605a8fe8,https://www.youtube.com/s/player/32928ebd/player_ias.vflset/en_US/base.js
9f66716cab26c2f256bf766ed3c4e31cded03913541a95d558c831aba124907c,https://www.youtube.com/s/player/f4f314f0/player_ias.vflset/en_US/base.js
9fcf9e11e96a572a241cedf5c6f5628f7f32111222379c46ceedbbbd64d683c4,https://www.youtube.com/s/player/4746b641/player_ias.vflset/en_US/base.js
9ff75913cb84244bb74884cb4e31d806d71bea39790559fd1e44a1bcd272b5aa,https://www.youtube.com/s/player/b0ee622c/player_ias.vflset/en_US/base.js
a017a5729dfc3b7bec3697d0cad08008e1cc7cef3e8456b3c0315cccfd37a164,https://www.youtube.com/s/player/ab09dcd0/player_ias.vflset/en_US/captions.js
a017a5729dfc3b7bec3697d0cad08008e1cc7cef3e8456b3c0315cccfd37a164,https://www.youtube.com/s/player/367cdf18/player_ias.vflset/en_US/captions.js
a017a5729dfc3b7bec3697d0cad08008e1cc7cef3e8456b3c0315cccfd37a164,https://www.youtube.com/s/player/321b2c25/player_ias.vflset/en_US/captions.js
a017a5729dfc3b7bec3697d0cad08008e1cc7cef3e8456b3c0315cccfd37a164,https://www.youtube.com/s/player/1ebf2aa6/player_ias.vflset/en_US/captions.js
a017a5729dfc3b7bec3697d0cad08008e1cc7cef3e8456b3c0315cccfd37a164,https://www.youtube.com/s/player/a926f773/player_ias.vflset/en_US/captions.js
a04669932536022de0e8d147284396d6447a3dfe6cc26be24358d8503aefbdf4,https://www.youtube.com/s/player/bcd893b3/www-player.css
a04669932536022de0e8d147284396d6447a3dfe6cc26be24358d8503aefbdf4,https://www.youtube-nocookie.com/s/player/bcd893b3/www-player.css
a05a7387ba39d138964047ec15acb7e0aca7ccde295978468aac91c6310f9072,https://www.youtube.com/s/player/e42f4bf8/player_ias.vflset/en_US/captions.js
a09372666219e562795c8922a1344143fcdfc1d0495cc3b28aa47eeb801595c8,https://www.youtube.com/s/player/8e54e4ea/player_ias.vflset/en_US/base.js
a1a4b38d1092b49d8f4511f3545a56069a826157cafa9154e89b977fe5ff8f44,https://www.youtube.com/s/player/dc7b3d61/player_ias.vflset/en_US/base.js
a1c77fadc980ab19d7b9d3873116dcb421838883c528e9d0d7e755959ff0e002,https://www.youtube.com/s/player/886cbf26/player_ias.vflset/en_US/base.js
a1e4e0f2e58867eeb1ee55c4423bd322f7a87eeb0cf2d616fe8cb399ad9759ae,https://www.youtube.com/s/player/a0f30157/player_ias.vflset/en_US/base.js
a22a65c73e8431acefd6ddb7f2cae72095d45c46e5b2a5093c308104696e9509,https://www.youtube.com/s/player/9fc68080/player_ias.vflset/en_US/base.js
a2e25e02d8f4298d4953a330d96c4fbcc9456263bbdcf57bf97456d577ea7805,https://www.youtube.com/s/player/5cf6312f/player_ias.vflset/en_US/captions.js
a3231cf751c830642392e679313f712310de60f2f29d189d595b50c78eb59b7e,https://www.youtube.com/s/player/c816c7d8/player_ias.vflset/en_US/captions.js
a328907075c951d5bf352f770995894417d91dbd31b0f8265c130862e90a221c,https://www.youtube.com/s/player/627e46f5/player_ias.vflset/en_US/base.js
a33288a6743505355a27d68028b7d597258925cb21043fa4103267079d475753,https://www.youtube.com/s/player/04586e8e/player_ias.vflset/en_US/base.js
a42c7b34cebae1cbe1a378b42928f206fbae19b00d6022009388c9b07f797922,https://www.youtube.com/s/player/6b5a0420/player_ias.vflset/en_US/base.js
a45aa784609f2aec1f405f4162f8948ad59294163de244e5b2694da2e2b3e53d,https://www.youtube.com/s/player/791f6bd4/player_ias.vflset/en_US/base.js
a4a09ffcfa7d5ac5ebe5a0c9fbc43ee58cb2a9f5289d08c0da927f6b98e7b58b,https://www.youtube.com/s/player/6d92eed5/player_ias.vflset/en_US/base.js
a4ce220ca953ac3439fb4fad56baa62a217b74efc144d82a2243cdaa6c763262,https://www.youtube.com/s/player/4c5cf06a/player_ias.vflset/en_US/base.js
a4d1962d192b9f8369be7fd7723c7435d38aedefb6b7c40c2053febd85bd8ed2,https://www.youtube.com/s/player/e795685c/player_ias.vflset/en_US/base.js
a53fa33322202da13ee905a521d2dc34785b06226fcf7e283785900fd6b25585,https://www.youtube.com/s/player/12472e7f/player_ias.vflset/en_US/base.js
a54ae2ee5ae8b17a6a86e11072be5a1d79f25266ab4696d50331cd92a7f4b8a2,https://www.youtube.com/s/player/652bbb94/player_ias.vflset/en_US/captions.js
a5da1e54cc1e6fdd074e459ba92798376dc292e78a88311f59f3cc899cccf547,https://www.youtube.com/s/player/9fcf08e8/player_ias.vflset/en_US/captions.js
a63c8b752a631b96e4e79003e91e336b974650dfa26730aa821a0c46a8b4fa98,https://www.youtube.com/s/player/a57cdcbf/player_ias.vflset/en_US/captions.js
a63c8b752a631b96e4e79003e91e336b974650dfa26730aa821a0c46a8b4fa98,https://www.youtube.com/s/player/964f0dc6/player_ias.vflset/en_US/captions.js
a63c8b752a631b96e4e79003e91e336b974650dfa26730aa821a0c46a8b4fa98,https://www.youtube.com/s/player/553d5bd7/player_ias.vflset/en_US/captions.js
a68cf256be13ccea97c76f170aed62781772eb481193bda28dba29f73f76bb92,https://www.youtube.com/s/player/c6aa5b85/player_ias.vflset/en_US/base.js
a6a8ca3569699983d13a338750c6aa168387343b9f6eb64b8e4dbe2a3f2b8e43,https://www.youtube.com/s/player/f4d92f0b/player_ias.vflset/en_US/base.js
a7bc99cfe46da0099fc819d6d5e5dd8e301e6d5506e0ee1f0aea0a3696cb8f10,https://www.youtube.com/s/player/25f1a420/player_ias.vflset/en_US/base.js
a82edbf6822df7dfb42ab47195e499a4497af505f8e3d994a670383f1c17ef7e,https://www.youtube.com/s/player/62a6a39e/player_ias.vflset/en_US/captions.js
a8391f60719c12584eab7a8fe62f9ef836878c356f2a137bdbdf409cbae2792a,https://www.youtube.com/s/player/08bf6746/player_ias.vflset/en_US/base.js
a84186b46cae8f6ca25446cf2d0f74c3be88e2357b45eb9faecfa1d24af0e64c,https://www.youtube.com/s/player/06459dfc/player_ias.vflset/en_US/base.js
a8cfeb20acc07934ced178f3fc6fdcabcc9fc254cf03f460d92d360d4768bbdd,https://www.youtube.com/s/player/5cabb421/player_ias.vflset/en_US/base.js
a9707004ebbc51eb57dab58cb238cd99416519880363e08885eea784402a2e42,https://www.youtube.com/s/player/87644c66/player_ias.vflset/en_US/base.js
aa4d34406c6ad3db1e0717cba1e6f9be5b5e3b99251f3dbeb87786c84d187fc0,https://www.youtube.com/s/player/44596b36/player_ias.vflset/en_US/base.js
aa68e0e1ccb88e0e7e5b0e712acaefd700bc1fddffe47833b9f357c139ef7839,https://www.youtube.com/s/player/9da62807/www-player.css
aa68e0e1ccb88e0e7e5b0e712acaefd700bc1fddffe47833b9f357c139ef7839,https://www.youtube-nocookie.com/s/player/9da62807/www-player.css
aa68e0e1ccb88e0e7e5b0e712acaefd700bc1fddffe47833b9f357c139ef7839,https://www.youtube.com/s/player/aa8e2787/www-player.css
aa68e0e1ccb88e0e7e5b0e712acaefd700bc1fddffe47833b9f357c139ef7839,https://www.youtube-nocookie.com/s/player/aa8e2787/www-player.css
aa68e0e1ccb88e0e7e5b0e712acaefd700bc1fddffe47833b9f357c139ef7839,https://www.youtube.com/s/player/6dc99e32/www-player.css
aa68e0e1ccb88e0e7e5b0e712acaefd700bc1fddffe47833b9f357c139ef7839,https://www.youtube-nocookie.com/s/player/6dc99e32/www-player.css
aa68e0e1ccb88e0e7e5b0e712acaefd700bc1fddffe47833b9f357c139ef7839,https://www.youtube.com/s/player/ab4606fb/www-player.css
aa68e0e1ccb88e0e7e5b0e712acaefd700bc1fddffe47833b9f357c139ef7839,https://www.youtube-nocookie.com/s/player/ab4606fb/www-player.css
aa68e0e1ccb88e0e7e5b0e712acaefd700bc1fddffe47833b9f357c139ef7839,https://www.youtube.com/s/player/b174a5bb/www-player.css
aa68e0e1ccb88e0e7e5b0e712acaefd700bc1fddffe47833b9f357c139ef7839,https://www.youtube-nocookie.com/s/player/b174a5bb/www-player.css
aa68e0e1ccb88e0e7e5b0e712acaefd700bc1fddffe47833b9f357c139ef7839,https://www.youtube.com/s/player/23c9bab9/www-player.css
aa68e0e1ccb88e0e7e5b0e712acaefd700bc1fddffe47833b9f357c139ef7839,https://www.youtube-nocookie.com/s/player/23c9bab9/www-player.css
aa68e0e1ccb88e0e7e5b0e712acaefd700bc1fddffe47833b9f357c139ef7839,https://www.youtube.com/s/player/bf9226b1/www-player.css
aa68e0e1ccb88e0e7e5b0e712acaefd700bc1fddffe47833b9f357c139ef7839,https://www.youtube-nocookie.com/s/player/bf9226b1/www-player.css
aa68e0e1ccb88e0e7e5b0e712acaefd700bc1fddffe47833b9f357c139ef7839,https://www.youtube.com/s/player/1a10598a/www-player.css
aa68e0e1ccb88e0e7e5b0e712acaefd700bc1fddffe47833b9f357c139ef7839,https://www.youtube-nocookie.com/s/player/1a10598a/www-player.css
aa68e0e1ccb88e0e7e5b0e712acaefd700bc1fddffe47833b9f357c139ef7839,https://www.youtube.com/s/player/06dc4a70/www-player.css
aa68e0e1ccb88e0e7e5b0e712acaefd700bc1fddffe47833b9f357c139ef7839,https://www.youtube-nocookie.com/s/player/06dc4a70/www-player.css
aa68e0e1ccb88e0e7e5b0e712acaefd700bc1fddffe47833b9f357c139ef7839,https://www.youtube.com/s/player/ee507a59/www-player.css
aa68e0e1ccb88e0e7e5b0e712acaefd700bc1fddffe47833b9f357c139ef7839,https://www.youtube-nocookie.com/s/player/ee507a59/www-player.css
aa68e0e1ccb88e0e7e5b0e712acaefd700bc1fddffe47833b9f357c139ef7839,https://www.youtube.com/s/player/1406eaf9/www-player.css
aa68e0e1ccb88e0e7e5b0e712acaefd700bc1fddffe47833b9f357c139ef7839,https://www.youtube-nocookie.com/s/player/1406eaf9/www-player.css
aa68e0e1ccb88e0e7e5b0e712acaefd700bc1fddffe47833b9f357c139ef7839,https://www.youtube.com/s/player/3e133d8d/www-player.css
aa68e0e1ccb88e0e7e5b0e712acaefd700bc1fddffe47833b9f357c139ef7839,https://www.youtube-nocookie.com/s/player/3e133d8d/www-player.css
aa68e0e1ccb88e0e7e5b0e712acaefd700bc1fddffe47833b9f357c139ef7839,https://www.youtube.com/s/player/924b2d9a/www-player.css
aa68e0e1ccb88e0e7e5b0e712acaefd700bc1fddffe47833b9f357c139ef7839,https://www.youtube-nocookie.com/s/player/924b2d9a/www-player.css
aa68e0e1ccb88e0e7e5b0e712acaefd700bc1fddffe47833b9f357c139ef7839,https://www.youtube.com/s/player/5afa275f/www-player.css
aa68e0e1ccb88e0e7e5b0e712acaefd700bc1fddffe47833b9f357c139ef7839,https://www.youtube-nocookie.com/s/player/5afa275f/www-player.css
aa68e0e1ccb88e0e7e5b0e712acaefd700bc1fddffe47833b9f357c139ef7839,https://www.youtube.com/s/player/a0d0e12d/www-player.css
aa68e0e1ccb88e0e7e5b0e712acaefd700bc1fddffe47833b9f357c139ef7839,https://www.youtube-nocookie.com/s/player/a0d0e12d/www-player.css
aa68e0e1ccb88e0e7e5b0e712acaefd700bc1fddffe47833b9f357c139ef7839,https://www.youtube.com/s/player/ed93444a/www-player.css
aa68e0e1ccb88e0e7e5b0e712acaefd700bc1fddffe47833b9f357c139ef7839,https://www.youtube-nocookie.com/s/player/ed93444a/www-player.css
aa68e0e1ccb88e0e7e5b0e712acaefd700bc1fddffe47833b9f357c139ef7839,https://www.youtube.com/s/player/777857f0/www-player.css
aa68e0e1ccb88e0e7e5b0e712acaefd700bc1fddffe47833b9f357c139ef7839,https://www.youtube-nocookie.com/s/player/777857f0/www-player.css
aa68e0e1ccb88e0e7e5b0e712acaefd700bc1fddffe47833b9f357c139ef7839,https://www.youtube.com/s/player/0e56f409/www-player.css
aa68e0e1ccb88e0e7e5b0e712acaefd700bc1fddffe47833b9f357c139ef7839,https://www.youtube-nocookie.com/s/player/0e56f409/www-player.css
ab09497e77d16d13dc82d1de766a01f38894474812f41ea02bfd4d0dd06d6e05,https://www.youtube.com/s/player/4d9879e9/player_ias.vflset/en_US/base.js
ac0e6abc4f8557edc45d993ff67d55640fa3f395c39a7739bdca4e240c8f4747,https://www.youtube.com/s/player/8e54e4ea/player_ias.vflset/en_US/captions.js
acd18ec3260780043c972285da41c9563b52030ab29e02abfb93c997da1ff12f,https://www.youtube.com/s/player/c9ede538/player_ias.vflset/en_US/base.js
ace48d4784ffc8709dce0692ace37f27710352a42a1889a0cdc8055b553509dc,https://www.youtube.com/s/player/6dc99e32/player_ias.vflset/en_US/base.js
ad27f7f1c8aec168a9aa979ae38dece8166bc6cf5f196267bbaae8de0c4f315b,https://www.youtube.com/s/player/03f50d92/player_ias.vflset/en_US/base.js
ad530c480465deada23b5172fc9d7f5591ddb8024495d22a8514fb6db15c6cdd,https://www.youtube.com/s/player/a32660fc/player_ias.vflset/en_US/captions.js
ad530c480465deada23b5172fc9d7f5591ddb8024495d22a8514fb6db15c6cdd,https://www.youtube.com/s/player/b783aee4/player_ias.vflset/en_US/captions.js
ad5ec439d8f0d9fd64619316f0001783337c291c5ccbac21091e120484764fa3,https://www.youtube.com/s/player/ed3f6ea5/player_ias.vflset/en_US/captions.js
adea8d404cf1a4b62f5d3d797ddd842cab9c25176aca85cd262f20e760c46ccb,https://www.youtube.com/s/player/901741ab/player_ias.vflset/en_US/captions.js
ae0613b5f59f68336993fcadbd5c748ac9af9d80d701b24a057a0057e382b445,https://www.youtube.com/s/player/d03787ac/player_ias.vflset/en_US/base.js
ae12d7a228dd80d440fde1e4a9103b87646e69d32c7d9715c1c4d933ebd33632,https://www.youtube.com/s/player/1acfe3aa/player_ias.vflset/en_US/base.js
ae29fa68706b73e918092fdfbeca05475c23ddee1cb7e17c343a25fa7a0d3d1c,https://www.youtube.com/s/player/5e55da5a/player_ias.vflset/en_US/base.js
ae2bada3d454c006a21e688a1fca4d814eb22d5cc3624ddaccdaf2890d94d50a,https://www.youtube.com/s/player/632739fe/player_ias.vflset/en_US/captions.js
ae34e79cb412287573bb9ae1436a36cde73451812624b6ae73e6dfa95b065b76,https://www.youtube.com/s/player/553d5bd7/player_ias.vflset/en_US/base.js
ae40746a8373b23450443e95264960034591ef4742f4fbe7dbe116a25e3c2752,https://www.youtube.com/s/player/86205a12/player_ias.vflset/en_US/base.js
ae70552681f7d98b02ee71a63f8e7560287c9f5467cf1399ecf1b6a226bac443,https://www.youtube.com/s/player/a944b11f/player_ias.vflset/en_US/base.js
ae7f2038a149eaf0a6327ae3650d2a6d60839868900817e8c24929f24d2c33ed,https://www.youtube.com/s/player/2d01abf7/player_ias.vflset/en_US/captions.js
ae95fec4d1bb329bda200cfa440e920b08d7c8bacc397778154077faa3b87b4b,https://www.youtube.com/s/player/321b2c25/player_ias.vflset/en_US/base.js
aed8e79fbe210a9b3e958681a1931b19baa85741b51cabf87b5101e4e0e2cd7b,https://www.youtube.com/s/player/041232d8/www-player.css
aed8e79fbe210a9b3e958681a1931b19baa85741b51cabf87b5101e4e0e2cd7b,https://www.youtube-nocookie.com/s/player/041232d8/www-player.css
aed8e79fbe210a9b3e958681a1931b19baa85741b51cabf87b5101e4e0e2cd7b,https://www.youtube.com/s/player/e99d8d7c/www-player.css
aed8e79fbe210a9b3e958681a1931b19baa85741b51cabf87b5101e4e0e2cd7b,https://www.youtube-nocookie.com/s/player/e99d8d7c/www-player.css
aed8e79fbe210a9b3e958681a1931b19baa85741b51cabf87b5101e4e0e2cd7b,https://www.youtube.com/s/player/cd78997d/www-player.css
aed8e79fbe210a9b3e958681a1931b19baa85741b51cabf87b5101e4e0e2cd7b,https://www.youtube-nocookie.com/s/player/cd78997d/www-player.css
aed8e79fbe210a9b3e958681a1931b19baa85741b51cabf87b5101e4e0e2cd7b,https://www.youtube.com/s/player/592af824/www-player.css
aed8e79fbe210a9b3e958681a1931b19baa85741b51cabf87b5101e4e0e2cd7b,https://www.youtube-nocookie.com/s/player/592af824/www-player.css
aed8e79fbe210a9b3e958681a1931b19baa85741b51cabf87b5101e4e0e2cd7b,https://www.youtube.com/s/player/30bd0d3a/www-player.css
aed8e79fbe210a9b3e958681a1931b19baa85741b51cabf87b5101e4e0e2cd7b,https://www.youtube-nocookie.com/s/player/30bd0d3a/www-player.css
aed8e79fbe210a9b3e958681a1931b19baa85741b51cabf87b5101e4e0e2cd7b,https://www.youtube.com/s/player/8a6e7bc4/www-player.css
aed8e79fbe210a9b3e958681a1931b19baa85741b51cabf87b5101e4e0e2cd7b,https://www.youtube-nocookie.com/s/player/8a6e7bc4/www-player.css
aed8e79fbe210a9b3e958681a1931b19baa85741b51cabf87b5101e4e0e2cd7b,https://www.youtube.com/s/player/dc1c41a7/www-player.css
aed8e79fbe210a9b3e958681a1931b19baa85741b51cabf87b5101e4e0e2cd7b,https://www.youtube-nocookie.com/s/player/dc1c41a7/www-player.css
aed8e79fbe210a9b3e958681a1931b19baa85741b51cabf87b5101e4e0e2cd7b,https://www.youtube.com/s/player/67da7e92/www-player.css
aed8e79fbe210a9b3e958681a1931b19baa85741b51cabf87b5101e4e0e2cd7b,https://www.youtube-nocookie.com/s/player/67da7e92/www-player.css
aed8e79fbe210a9b3e958681a1931b19baa85741b51cabf87b5101e4e0e2cd7b,https://www.youtube.com/s/player/fda13de8/www-player.css
aed8e79fbe210a9b3e958681a1931b19baa85741b51cabf87b5101e4e0e2cd7b,https://www.youtube-nocookie.com/s/player/fda13de8/www-player.css
aed8e79fbe210a9b3e958681a1931b19baa85741b51cabf87b5101e4e0e2cd7b,https://www.youtube.com/s/player/80f5ca15/www-player.css
aed8e79fbe210a9b3e958681a1931b19baa85741b51cabf87b5101e4e0e2cd7b,https://www.youtube-nocookie.com/s/player/80f5ca15/www-player.css
aed8e79fbe210a9b3e958681a1931b19baa85741b51cabf87b5101e4e0e2cd7b,https://www.youtube.com/s/player/2430d1b0/www-player.css
aed8e79fbe210a9b3e958681a1931b19baa85741b51cabf87b5101e4e0e2cd7b,https://www.youtube-nocookie.com/s/player/2430d1b0/www-player.css
aed8e79fbe210a9b3e958681a1931b19baa85741b51cabf87b5101e4e0e2cd7b,https://www.youtube.com/s/player/1c74cab8/www-player.css
aed8e79fbe210a9b3e958681a1931b19baa85741b51cabf87b5101e4e0e2cd7b,https://www.youtube-nocookie.com/s/player/1c74cab8/www-player.css
aed8e79fbe210a9b3e958681a1931b19baa85741b51cabf87b5101e4e0e2cd7b,https://www.youtube.com/s/player/659a519e/www-player.css
aed8e79fbe210a9b3e958681a1931b19baa85741b51cabf87b5101e4e0e2cd7b,https://www.youtube-nocookie.com/s/player/659a519e/www-player.css
aed8e79fbe210a9b3e958681a1931b19baa85741b51cabf87b5101e4e0e2cd7b,https://www.youtube.com/s/player/4746b641/www-player.css
aed8e79fbe210a9b3e958681a1931b19baa85741b51cabf87b5101e4e0e2cd7b,https://www.youtube-nocookie.com/s/player/4746b641/www-player.css
aed8e79fbe210a9b3e958681a1931b19baa85741b51cabf87b5101e4e0e2cd7b,https://www.youtube.com/s/player/c3edfa37/www-player.css
aed8e79fbe210a9b3e958681a1931b19baa85741b51cabf87b5101e4e0e2cd7b,https://www.youtube-nocookie.com/s/player/c3edfa37/www-player.css
aed8e79fbe210a9b3e958681a1931b19baa85741b51cabf87b5101e4e0e2cd7b,https://www.youtube.com/s/player/57fefa84/www-player.css
aed8e79fbe210a9b3e958681a1931b19baa85741b51cabf87b5101e4e0e2cd7b,https://www.youtube-nocookie.com/s/player/57fefa84/www-player.css
aed8e79fbe210a9b3e958681a1931b19baa85741b51cabf87b5101e4e0e2cd7b,https://www.youtube.com/s/player/5a9b5eed/www-player.css
aed8e79fbe210a9b3e958681a1931b19baa85741b51cabf87b5101e4e0e2cd7b,https://www.youtube-nocookie.com/s/player/5a9b5eed/www-player.css
aee7a46d2441143a7eb10d04d926a4f089eaa3060d5f02663e04ffa5408bd2f5,https://www.youtube.com/s/player/6572a644/www-player.css
aee7a46d2441143a7eb10d04d926a4f089eaa3060d5f02663e04ffa5408bd2f5,https://www.youtube-nocookie.com/s/player/6572a644/www-player.css
af57b3e9cc8783e0567c29592780e6234287189bf517e8770b6a19ec0cb129bf,https://www.youtube.com/s/player/e7f8ddfa/player_ias.vflset/en_US/base.js
af90915add752c6940475701fa0c705f23a1e481a0c25e3e67f6b6b3bac686dc,https://www.youtube.com/s/player/acf964b9/player_ias.vflset/en_US/base.js
b06421fb1273291441ec3bd13a148d7482ca6717727f5b71cf1f529c7bcddbff,https://www.youtube.com/s/player/19712d96/player_ias.vflset/en_US/captions.js
b0713ddc18de2d25ccfcdc2e2d9eeea9a281d5ecf54fb52c0d408679eb2e3080,https://www.youtube.com/s/player/fac96cf8/player_ias.vflset/en_US/captions.js
b0713ddc18de2d25ccfcdc2e2d9eeea9a281d5ecf54fb52c0d408679eb2e3080,https://www.youtube.com/s/player/631d3938/player_ias.vflset/en_US/captions.js
b081466405b5b3907607e3c80df18330f6842a9c61647de53bcd789f09740f74,https://www.youtube.com/s/player/ab89db3f/player_ias.vflset/en_US/captions.js
b081466405b5b3907607e3c80df18330f6842a9c61647de53bcd789f09740f74,https://www.youtube.com/s/player/a644926e/player_ias.vflset/en_US/captions.js
b192cdddef14981ced89bc1cf8017490d7f0073950c0567def881e46929ab5b3,https://www.youtube.com/s/player/09d72748/player_ias.vflset/en_US/base.js
b1c7b5e84ec994a586d268c821cc17604e95db3a70f0f3fa4974500f94fc31ba,https://www.youtube.com/s/player/2ef249c2/player_ias.vflset/en_US/captions.js
b298e8b9d51ae0a8557dad0e4b25714871632e575b2258804dafab6047d4be7a,https://www.youtube.com/s/player/b0ff957c/player_ias.vflset/en_US/base.js
b29cb5b37702eb6fa5f304a48657a9b041281ba354726f28b17e35281f529fa4,https://www.youtube.com/s/player/01bde470/player_ias.vflset/en_US/captions.js
b2d0a46022029059a0b76ea53a626dc0f80ae8088e2beed35ad5aca397ef35c2,https://www.youtube.com/s/player/217a23a9/player_ias.vflset/en_US/base.js
b2e6d1d81b4aec6861230e4a67be1f26917d4b45874994f7d322b5dee80649bc,https://www.youtube.com/s/player/b9313b14/player_ias.vflset/en_US/captions.js
b2e6d1d81b4aec6861230e4a67be1f26917d4b45874994f7d322b5dee80649bc,https://www.youtube.com/s/player/08bf6746/player_ias.vflset/en_US/captions.js
b2e6d1d81b4aec6861230e4a67be1f26917d4b45874994f7d322b5dee80649bc,https://www.youtube.com/s/player/ef8f93ce/player_ias.vflset/en_US/captions.js
b2e6d1d81b4aec6861230e4a67be1f26917d4b45874994f7d322b5dee80649bc,https://www.youtube.com/s/player/12472e7f/player_ias.vflset/en_US/captions.js
b2e6d1d81b4aec6861230e4a67be1f26917d4b45874994f7d322b5dee80649bc,https://www.youtube.com/s/player/1943d24e/player_ias.vflset/en_US/captions.js
b2e6d1d81b4aec6861230e4a67be1f26917d4b45874994f7d322b5dee80649bc,https://www.youtube.com/s/player/2f47d04e/player_ias.vflset/en_US/captions.js
b2e6d1d81b4aec6861230e4a67be1f26917d4b45874994f7d322b5dee80649bc,https://www.youtube.com/s/player/9d55332c/player_ias.vflset/en_US/captions.js
b2e6d1d81b4aec6861230e4a67be1f26917d4b45874994f7d322b5dee80649bc,https://www.youtube.com/s/player/3b846ccb/player_ias.vflset/en_US/captions.js
b2e6d1d81b4aec6861230e4a67be1f26917d4b45874994f7d322b5dee80649bc,https://www.youtube.com/s/player/7c23feb2/player_ias.vflset/en_US/captions.js
b2e6d1d81b4aec6861230e4a67be1f26917d4b45874994f7d322b5dee80649bc,https://www.youtube.com/s/player/6d92eed5/player_ias.vflset/en_US/captions.js
b2e6d1d81b4aec6861230e4a67be1f26917d4b45874994f7d322b5dee80649bc,https://www.youtube.com/s/player/6e3a87bf/player_ias.vflset/en_US/captions.js
b2e6d1d81b4aec6861230e4a67be1f26917d4b45874994f7d322b5dee80649bc,https://www.youtube.com/s/player/4f38b487/player_ias.vflset/en_US/captions.js
b2e6d1d81b4aec6861230e4a67be1f26917d4b45874994f7d322b5dee80649bc,https://www.youtube.com/s/player/f53077c5/player_ias.vflset/en_US/captions.js
b2e6d1d81b4aec6861230e4a67be1f26917d4b45874994f7d322b5dee80649bc,https://www.youtube.com/s/player/1ac41de2/player_ias.vflset/en_US/captions.js
b2e6d1d81b4aec6861230e4a67be1f26917d4b45874994f7d322b5dee80649bc,https://www.youtube.com/s/player/ed1f8bcd/player_ias.vflset/en_US/captions.js
b2e6d1d81b4aec6861230e4a67be1f26917d4b45874994f7d322b5dee80649bc,https://www.youtube.com/s/player/8d89ad35/player_ias.vflset/en_US/captions.js
b2e6d1d81b4aec6861230e4a67be1f26917d4b45874994f7d322b5dee80649bc,https://www.youtube.com/s/player/96719157/player_ias.vflset/en_US/captions.js
b2e6d1d81b4aec6861230e4a67be1f26917d4b45874994f7d322b5dee80649bc,https://www.youtube.com/s/player/19b1fd9c/player_ias.vflset/en_US/captions.js
b2e6d1d81b4aec6861230e4a67be1f26917d4b45874994f7d322b5dee80649bc,https://www.youtube.com/s/player/9c249f6f/player_ias.vflset/en_US/captions.js
b2e6d1d81b4aec6861230e4a67be1f26917d4b45874994f7d322b5dee80649bc,https://www.youtube.com/s/player/84fd6c82/player_ias.vflset/en_US/captions.js
b2e6d1d81b4aec6861230e4a67be1f26917d4b45874994f7d322b5dee80649bc,https://www.youtube.com/s/player/d5f789e7/player_ias.vflset/en_US/captions.js
b2e6d1d81b4aec6861230e4a67be1f26917d4b45874994f7d322b5dee80649bc,https://www.youtube.com/s/player/aa4449ca/player_ias.vflset/en_US/captions.js
b2e6d1d81b4aec6861230e4a67be1f26917d4b45874994f7d322b5dee80649bc,https://www.youtube.com/s/player/4b0dda90/player_ias.vflset/en_US/captions.js
b2e6d1d81b4aec6861230e4a67be1f26917d4b45874994f7d322b5dee80649bc,https://www.youtube.com/s/player/1b71165f/player_ias.vflset/en_US/captions.js
b3c6df9c8b0d6237552615f2cf441d4c083b0fca23eea07d5fe1fabe2ec391a7,https://www.youtube.com/s/player/3544d5aa/player_ias.vflset/en_US/base.js
b447105ff5c7fece47cf674d0c2b37a898d0b8939f7b56e3edf5fdd9dd93312e,https://www.youtube.com/s/player/54bd1de4/player_ias.vflset/en_US/base.js
b4a351486cfc47d7f28044754c3fa2532fdae7b8c412b4e4f11cc5f5791b122a,https://www.youtube.com/s/player/05558a16/player_ias.vflset/en_US/base.js
b4eeb53c2195f0e2f557604af372ac0f67686b1a7011cde6ce6f2255fcdfa23c,https://www.youtube.com/s/player/e7d74527/player_ias.vflset/en_US/captions.js
b4eeb53c2195f0e2f557604af372ac0f67686b1a7011cde6ce6f2255fcdfa23c,https://www.youtube.com/s/player/69e2a55d/player_ias.vflset/en_US/captions.js
b4eeb53c2195f0e2f557604af372ac0f67686b1a7011cde6ce6f2255fcdfa23c,https://www.youtube.com/s/player/bac06df9/player_ias.vflset/en_US/captions.js
b525d23ae87382cac60398f542bdc59c2b8edcf2b1a96a7e3fa685f355eea28d,https://www.youtube.com/s/player/4a6035e3/player_ias.vflset/en_US/captions.js
b54311b4a75a0baab1e5ad66e3c15bd106bcf62d581020000e1a31ad32636296,https://www.youtube.com/s/player/19712d96/player_ias.vflset/en_US/base.js
b59d12b54033fa51040bcc77b269f2311949ebc75a8b919931ba8a22b0b44b54,https://www.youtube.com/s/player/afc53320/player_ias.vflset/en_US/base.js
b5a6260a8f271ca084339a427f6b432528422dbef1e2c31e970968919e70b648,https://www.youtube.com/s/player/44596b36/player_ias.vflset/en_US/captions.js
b5a6260a8f271ca084339a427f6b432528422dbef1e2c31e970968919e70b648,https://www.youtube.com/s/player/f4c47414/player_ias.vflset/en_US/captions.js
b5a6260a8f271ca084339a427f6b432528422dbef1e2c31e970968919e70b648,https://www.youtube.com/s/player/d0dfba13/player_ias.vflset/en_US/captions.js
b5b875def1b89a62821ecfe50438bbc68bc6c8687e09d67ef2afc0fb49d2e6cb,https://www.youtube.com/s/player/48ba8ecf/player_ias.vflset/en_US/base.js
b5ba3e1fa655bbc382093f6db4882ad3f65eb3fa95f02717e1218da60907eb3a,https://www.youtube.com/s/player/c6e9bca4/player_ias.vflset/en_US/base.js
b6596f74b815720ef9552ab706346db1fccacd27f5c5291099b2d66d195b9783,https://www.youtube.com/s/player/859db743/player_ias.vflset/en_US/base.js
b68e07944d10d0b671a43e032a10fda2fd3d2f59498ddfabda7cf7c8d77bd852,https://www.youtube.com/s/player/2430d1b0/player_ias.vflset/en_US/base.js
b6efd5da1bb4b468b29f6efff6aef7a9ade3063be736ff5adf4d91a68a15d6c5,https://www.youtube.com/s/player/01bde470/player_ias.vflset/en_US/base.js
b766c2574f6036e3390d9d8a745dff96f3b13a4ef47033c1ed271ad6c29e926b,https://www.youtube.com/s/player/1e1d6f74/player_ias.vflset/en_US/base.js
b83fd49a4ceb67ab0c24d79fb5de72bcca5f8416d49f6c41ed924ad33476512a,https://www.youtube.com/s/player/7f3b257d/www-player.css
b83fd49a4ceb67ab0c24d79fb5de72bcca5f8416d49f6c41ed924ad33476512a,https://www.youtube-nocookie.com/s/player/7f3b257d/www-player.css
b87bc1f7535c156bf0875779e0e4bb91fee405b569e0ddc75fa89615a6024c75,https://www.youtube.com/s/player/a944b11f/player_ias.vflset/en_US/captions.js
b8a524810192170be411d256bbe2a852aa0b9c129faa0dc08e404a81449dc528,https://www.youtube.com/s/player/58569eda/player_ias.vflset/en_US/captions.js
b92a812d703053a60ea2130f352ea28cc0c73e6f14a900fb1dde7116283326f7,https://www.youtube.com/s/player/9c3bdbc5/player_ias.vflset/en_US/base.js
ba383fb3cb3f962e8c2b7325c9695c7623d5bf9033445b1713ee6f8e8a8c03fb,https://www.youtube.com/s/player/d138a901/player_ias.vflset/en_US/captions.js
ba383fb3cb3f962e8c2b7325c9695c7623d5bf9033445b1713ee6f8e8a8c03fb,https://www.youtube.com/s/player/10a04aa8/player_ias.vflset/en_US/captions.js
ba383fb3cb3f962e8c2b7325c9695c7623d5bf9033445b1713ee6f8e8a8c03fb,https://www.youtube.com/s/player/cbad65aa/player_ias.vflset/en_US/captions.js
ba383fb3cb3f962e8c2b7325c9695c7623d5bf9033445b1713ee6f8e8a8c03fb,https://www.youtube.com/s/player/97108f59/player_ias.vflset/en_US/captions.js
ba383fb3cb3f962e8c2b7325c9695c7623d5bf9033445b1713ee6f8e8a8c03fb,https://www.youtube.com/s/player/fc6f7cb5/player_ias.vflset/en_US/captions.js
ba383fb3cb3f962e8c2b7325c9695c7623d5bf9033445b1713ee6f8e8a8c03fb,https://www.youtube.com/s/player/ae417f28/player_ias.vflset/en_US/captions.js
ba383fb3cb3f962e8c2b7325c9695c7623d5bf9033445b1713ee6f8e8a8c03fb,https://www.youtube.com/s/player/d980b573/player_ias.vflset/en_US/captions.js
ba383fb3cb3f962e8c2b7325c9695c7623d5bf9033445b1713ee6f8e8a8c03fb,https://www.youtube.com/s/player/06ab93f2/player_ias.vflset/en_US/captions.js
ba383fb3cb3f962e8c2b7325c9695c7623d5bf9033445b1713ee6f8e8a8c03fb,https://www.youtube.com/s/player/ec3567a3/player_ias.vflset/en_US/captions.js
ba383fb3cb3f962e8c2b7325c9695c7623d5bf9033445b1713ee6f8e8a8c03fb,https://www.youtube.com/s/player/61d68603/player_ias.vflset/en_US/captions.js
ba383fb3cb3f962e8c2b7325c9695c7623d5bf9033445b1713ee6f8e8a8c03fb,https://www.youtube.com/s/player/5ba44d10/player_ias.vflset/en_US/captions.js
ba383fb3cb3f962e8c2b7325c9695c7623d5bf9033445b1713ee6f8e8a8c03fb,https://www.youtube.com/s/player/8fb635c2/player_ias.vflset/en_US/captions.js
ba383fb3cb3f962e8c2b7325c9695c7623d5bf9033445b1713ee6f8e8a8c03fb,https://www.youtube.com/s/player/681bbaf2/player_ias.vflset/en_US/captions.js
ba383fb3cb3f962e8c2b7325c9695c7623d5bf9033445b1713ee6f8e8a8c03fb,https://www.youtube.com/s/player/023db2e6/player_ias.vflset/en_US/captions.js
ba383fb3cb3f962e8c2b7325c9695c7623d5bf9033445b1713ee6f8e8a8c03fb,https://www.youtube.com/s/player/1416fec1/player_ias.vflset/en_US/captions.js
ba383fb3cb3f962e8c2b7325c9695c7623d5bf9033445b1713ee6f8e8a8c03fb,https://www.youtube.com/s/player/24fe6347/player_ias.vflset/en_US/captions.js
ba383fb3cb3f962e8c2b7325c9695c7623d5bf9033445b1713ee6f8e8a8c03fb,https://www.youtube.com/s/player/edbc38da/player_ias.vflset/en_US/captions.js
ba383fb3cb3f962e8c2b7325c9695c7623d5bf9033445b1713ee6f8e8a8c03fb,https://www.youtube.com/s/player/8565f3f9/player_ias.vflset/en_US/captions.js
bb127ee03c6f95562b0d64f4954ad5577664d1fe86bbb03df675860eecb692e5,https://www.youtube.com/s/player/74be5b62/player_ias.vflset/en_US/base.js
bb2ee0639d3d01fff4688a439d42f088babfba9c20ed207d4b1d6f2fc0224107,https://www.youtube.com/s/player/c7c1953f/www-player.css
bb2ee0639d3d01fff4688a439d42f088babfba9c20ed207d4b1d6f2fc0224107,https://www.youtube-nocookie.com/s/player/c7c1953f/www-player.css
bb2ee0639d3d01fff4688a439d42f088babfba9c20ed207d4b1d6f2fc0224107,https://www.youtube.com/s/player/4c6971ef/www-player.css
bb2ee0639d3d01fff4688a439d42f088babfba9c20ed207d4b1d6f2fc0224107,https://www.youtube-nocookie.com/s/player/4c6971ef/www-player.css
bb2ee0639d3d01fff4688a439d42f088babfba9c20ed207d4b1d6f2fc0224107,https://www.youtube.com/s/player/d138a901/www-player.css
bb2ee0639d3d01fff4688a439d42f088babfba9c20ed207d4b1d6f2fc0224107,https://www.youtube-nocookie.com/s/player/d138a901/www-player.css
bb2ee0639d3d01fff4688a439d42f088babfba9c20ed207d4b1d6f2fc0224107,https://www.youtube.com/s/player/10a04aa8/www-player.css
bb2ee0639d3d01fff4688a439d42f088babfba9c20ed207d4b1d6f2fc0224107,https://www.youtube-nocookie.com/s/player/10a04aa8/www-player.css
bb2ee0639d3d01fff4688a439d42f088babfba9c20ed207d4b1d6f2fc0224107,https://www.youtube.com/s/player/cbad65aa/www-player.css
bb2ee0639d3d01fff4688a439d42f088babfba9c20ed207d4b1d6f2fc0224107,https://www.youtube-nocookie.com/s/player/cbad65aa/www-player.css
bb2ee0639d3d01fff4688a439d42f088babfba9c20ed207d4b1d6f2fc0224107,https://www.youtube.com/s/player/97108f59/www-player.css
bb2ee0639d3d01fff4688a439d42f088babfba9c20ed207d4b1d6f2fc0224107,https://www.youtube-nocookie.com/s/player/97108f59/www-player.css
bb2ee0639d3d01fff4688a439d42f088babfba9c20ed207d4b1d6f2fc0224107,https://www.youtube.com/s/player/fc6f7cb5/www-player.css
bb2ee0639d3d01fff4688a439d42f088babfba9c20ed207d4b1d6f2fc0224107,https://www.youtube-nocookie.com/s/player/fc6f7cb5/www-player.css
bb2ee0639d3d01fff4688a439d42f088babfba9c20ed207d4b1d6f2fc0224107,https://www.youtube.com/s/player/ae417f28/www-player.css
bb2ee0639d3d01fff4688a439d42f088babfba9c20ed207d4b1d6f2fc0224107,https://www.youtube-nocookie.com/s/player/ae417f28/www-player.css
bb2ee0639d3d01fff4688a439d42f088babfba9c20ed207d4b1d6f2fc0224107,https://www.youtube.com/s/player/d980b573/www-player.css
bb2ee0639d3d01fff4688a439d42f088babfba9c20ed207d4b1d6f2fc0224107,https://www.youtube-nocookie.com/s/player/d980b573/www-player.css
bb2ee0639d3d01fff4688a439d42f088babfba9c20ed207d4b1d6f2fc0224107,https://www.youtube.com/s/player/06ab93f2/www-player.css
bb2ee0639d3d01fff4688a439d42f088babfba9c20ed207d4b1d6f2fc0224107,https://www.youtube-nocookie.com/s/player/06ab93f2/www-player.css
bb2ee0639d3d01fff4688a439d42f088babfba9c20ed207d4b1d6f2fc0224107,https://www.youtube.com/s/player/ec3567a3/www-player.css
bb2ee0639d3d01fff4688a439d42f088babfba9c20ed207d4b1d6f2fc0224107,https://www.youtube-nocookie.com/s/player/ec3567a3/www-player.css
bb2ee0639d3d01fff4688a439d42f088babfba9c20ed207d4b1d6f2fc0224107,https://www.youtube.com/s/player/61d68603/www-player.css
bb2ee0639d3d01fff4688a439d42f088babfba9c20ed207d4b1d6f2fc0224107,https://www.youtube-nocookie.com/s/player/61d68603/www-player.css
bb2ee0639d3d01fff4688a439d42f088babfba9c20ed207d4b1d6f2fc0224107,https://www.youtube.com/s/player/5ba44d10/www-player.css
bb2ee0639d3d01fff4688a439d42f088babfba9c20ed207d4b1d6f2fc0224107,https://www.youtube-nocookie.com/s/player/5ba44d10/www-player.css
bb2ee0639d3d01fff4688a439d42f088babfba9c20ed207d4b1d6f2fc0224107,https://www.youtube.com/s/player/8fb635c2/www-player.css
bb2ee0639d3d01fff4688a439d42f088babfba9c20ed207d4b1d6f2fc0224107,https://www.youtube-nocookie.com/s/player/8fb635c2/www-player.css
bb2ee0639d3d01fff4688a439d42f088babfba9c20ed207d4b1d6f2fc0224107,https://www.youtube.com/s/player/681bbaf2/www-player.css
bb2ee0639d3d01fff4688a439d42f088babfba9c20ed207d4b1d6f2fc0224107,https://www.youtube-nocookie.com/s/player/681bbaf2/www-player.css
bb2ee0639d3d01fff4688a439d42f088babfba9c20ed207d4b1d6f2fc0224107,https://www.youtube.com/s/player/023db2e6/www-player.css
bb2ee0639d3d01fff4688a439d42f088babfba9c20ed207d4b1d6f2fc0224107,https://www.youtube-nocookie.com/s/player/023db2e6/www-player.css
bb2ee0639d3d01fff4688a439d42f088babfba9c20ed207d4b1d6f2fc0224107,https://www.youtube.com/s/player/1416fec1/www-player.css
bb2ee0639d3d01fff4688a439d42f088babfba9c20ed207d4b1d6f2fc0224107,https://www.youtube-nocookie.com/s/player/1416fec1/www-player.css
bb2ee0639d3d01fff4688a439d42f088babfba9c20ed207d4b1d6f2fc0224107,https://www.youtube.com/s/player/24fe6347/www-player.css
bb2ee0639d3d01fff4688a439d42f088babfba9c20ed207d4b1d6f2fc0224107,https://www.youtube-nocookie.com/s/player/24fe6347/www-player.css
bb2ee0639d3d01fff4688a439d42f088babfba9c20ed207d4b1d6f2fc0224107,https://www.youtube.com/s/player/edbc38da/www-player.css
bb2ee0639d3d01fff4688a439d42f088babfba9c20ed207d4b1d6f2fc0224107,https://www.youtube-nocookie.com/s/player/edbc38da/www-player.css
bb2ee0639d3d01fff4688a439d42f088babfba9c20ed207d4b1d6f2fc0224107,https://www.youtube.com/s/player/8565f3f9/www-player.css
bb2ee0639d3d01fff4688a439d42f088babfba9c20ed207d4b1d6f2fc0224107,https://www.youtube-nocookie.com/s/player/8565f3f9/www-player.css
bb5e6355cd07bcadc8d65b0688bf1cd97fbd0a07c1a0eb96e1157bc726d65150,https://www.youtube.com/s/player/27422632/player_ias.vflset/en_US/base.js
bc86a6006af8e3c44de4231c13db925d2e59cfecc43049972d6ff1f4baa86dc1,https://www.youtube.com/s/player/1a10598a/player_ias.vflset/en_US/base.js
bcf2734dd5b54840cbdc06e519cbb8a87ab1523637fce78e875225e879730a72,https://www.youtube.com/s/player/ffdec792/player_ias.vflset/en_US/base.js
bd1410c567ffb4b7428f1ed86f1b27575efe10776e3cadebb72f4c3a16fcb827,https://www.youtube.com/s/player/17aa2e4c/player_ias.vflset/en_US/captions.js
bd1410c567ffb4b7428f1ed86f1b27575efe10776e3cadebb72f4c3a16fcb827,https://www.youtube.com/s/player/6ecf5f7a/player_ias.vflset/en_US/captions.js
bd236a3d9a474482eb9ece956ca63f03cd62f0fb10aec670627dad9bfd74f0cd,https://www.youtube.com/s/player/11c0c1a9/player_ias.vflset/en_US/captions.js
bd236a3d9a474482eb9ece956ca63f03cd62f0fb10aec670627dad9bfd74f0cd,https://www.youtube.com/s/player/4f48ea67/player_ias.vflset/en_US/captions.js
bd5de109681fffe386e944c95922136fb1653f7df908a14ea8ee2c534042d8d7,https://www.youtube.com/s/player/a8fa2535/player_ias.vflset/en_US/base.js
be24811d633738aecbc6fcff7d946243d3f935aac2eb74f00b2f444f3ee11966,https://www.youtube.com/s/player/8fdc9fc5/player_ias.vflset/en_US/captions.js
be5aac774a049a5de606f493ab6dc66cf1ead61b145ba483717d8436529733e6,https://www.youtube.com/s/player/17ad44a3/player_ias.vflset/en_US/base.js
bfaf487bd9051d8d6375cd16d1bb16fb2ce8dd0373251a4b27066330783c180e,https://www.youtube.com/s/player/4e11051b/player_ias.vflset/en_US/captions.js
bfd96289552133422e996f75068978a8f25726ffad356c2a070a261470adf151,https://www.youtube.com/s/player/8b54769b/player_ias.vflset/en_US/base.js
bff6dac13942fc4103939229b53f3016d1b42e6381b6b3344d3e2e456a3173d5,https://www.youtube.com/s/player/041232d8/player_ias.vflset/en_US/base.js
bffffd3bfc5bf69bfde8112fded228340136156e6e32c70999249e742aaab39d,https://www.youtube.com/s/player/23c9bab9/player_ias.vflset/en_US/captions.js
bffffd3bfc5bf69bfde8112fded228340136156e6e32c70999249e742aaab39d,https://www.youtube.com/s/player/bf9226b1/player_ias.vflset/en_US/captions.js
bffffd3bfc5bf69bfde8112fded228340136156e6e32c70999249e742aaab39d,https://www.youtube.com/s/player/1a10598a/player_ias.vflset/en_US/captions.js
c06a8c0df258f219faebd58b6f9b0ec54fdcb2a99775d66170ae30ca4c67fe93,https://www.youtube.com/s/player/1943d24e/player_ias.vflset/en_US/base.js
c088ea3f6f910758bb4b4b127392a319909597a5fd579250632dbf19297318c2,https://www.youtube.com/s/player/1680feb2/player_ias.vflset/en_US/base.js
c0e6d329f3977e84fa63fa7c1d6546ea3dcced2ef150a9c2d9e86d2fe9d160e4,https://www.youtube.com/s/player/c3edfa37/player_ias.vflset/en_US/base.js
c10b71229e9d5006b2f021958f4018dc367cf081f59f686abc7d695f68ef2dda,https://www.youtube.com/s/player/6b334ac1/player_ias.vflset/en_US/base.js
c1266aa5ccb770d4191058a5eff5c40d0e88ab06d5cfbb81025ef0105572f5f2,https://www.youtube.com/s/player/316b61b4/www-player.css
c1266aa5ccb770d4191058a5eff5c40d0e88ab06d5cfbb81025ef0105572f5f2,https://www.youtube-nocookie.com/s/player/316b61b4/www-player.css
c1266aa5ccb770d4191058a5eff5c40d0e88ab06d5cfbb81025ef0105572f5f2,https://www.youtube.com/s/player/ebc32385/www-player.css
c1266aa5ccb770d4191058a5eff5c40d0e88ab06d5cfbb81025ef0105572f5f2,https://www.youtube-nocookie.com/s/player/ebc32385/www-player.css
c1266aa5ccb770d4191058a5eff5c40d0e88ab06d5cfbb81025ef0105572f5f2,https://www.youtube.com/s/player/18d29a11/www-player.css
c1266aa5ccb770d4191058a5eff5c40d0e88ab06d5cfbb81025ef0105572f5f2,https://www.youtube-nocookie.com/s/player/18d29a11/www-player.css
c1266aa5ccb770d4191058a5eff5c40d0e88ab06d5cfbb81025ef0105572f5f2,https://www.youtube.com/s/player/9e63f8e4/www-player.css
c1266aa5ccb770d4191058a5eff5c40d0e88ab06d5cfbb81025ef0105572f5f2,https://www.youtube-nocookie.com/s/player/9e63f8e4/www-player.css
c1266aa5ccb770d4191058a5eff5c40d0e88ab06d5cfbb81025ef0105572f5f2,https://www.youtube.com/s/player/70186827/www-player.css
c1266aa5ccb770d4191058a5eff5c40d0e88ab06d5cfbb81025ef0105572f5f2,https://www.youtube-nocookie.com/s/player/70186827/www-player.css
c1266aa5ccb770d4191058a5eff5c40d0e88ab06d5cfbb81025ef0105572f5f2,https://www.youtube.com/s/player/6e2f1c8a/www-player.css
c1266aa5ccb770d4191058a5eff5c40d0e88ab06d5cfbb81025ef0105572f5f2,https://www.youtube-nocookie.com/s/player/6e2f1c8a/www-player.css
c1266aa5ccb770d4191058a5eff5c40d0e88ab06d5cfbb81025ef0105572f5f2,https://www.youtube.com/s/player/e42f4bf8/www-player.css
c1266aa5ccb770d4191058a5eff5c40d0e88ab06d5cfbb81025ef0105572f5f2,https://www.youtube-nocookie.com/s/player/e42f4bf8/www-player.css
c1266aa5ccb770d4191058a5eff5c40d0e88ab06d5cfbb81025ef0105572f5f2,https://www.youtube.com/s/player/05540cb0/www-player.css
c1266aa5ccb770d4191058a5eff5c40d0e88ab06d5cfbb81025ef0105572f5f2,https://www.youtube-nocookie.com/s/player/05540cb0/www-player.css
c1266aa5ccb770d4191058a5eff5c40d0e88ab06d5cfbb81025ef0105572f5f2,https://www.youtube.com/s/player/edc3ba07/www-player.css
c1266aa5ccb770d4191058a5eff5c40d0e88ab06d5cfbb81025ef0105572f5f2,https://www.youtube-nocookie.com/s/player/edc3ba07/www-player.css
c1266aa5ccb770d4191058a5eff5c40d0e88ab06d5cfbb81025ef0105572f5f2,https://www.youtube.com/s/player/1fc62019/www-player.css
c1266aa5ccb770d4191058a5eff5c40d0e88ab06d5cfbb81025ef0105572f5f2,https://www.youtube-nocookie.com/s/player/1fc62019/www-player.css
c1266aa5ccb770d4191058a5eff5c40d0e88ab06d5cfbb81025ef0105572f5f2,https://www.youtube.com/s/player/63233546/www-player.css
c1266aa5ccb770d4191058a5eff5c40d0e88ab06d5cfbb81025ef0105572f5f2,https://www.youtube-nocookie.com/s/player/63233546/www-player.css
c1266aa5ccb770d4191058a5eff5c40d0e88ab06d5cfbb81025ef0105572f5f2,https://www.youtube.com/s/player/56211dc2/www-player.css
c1266aa5ccb770d4191058a5eff5c40d0e88ab06d5cfbb81025ef0105572f5f2,https://www.youtube-nocookie.com/s/player/56211dc2/www-player.css
c1266aa5ccb770d4191058a5eff5c40d0e88ab06d5cfbb81025ef0105572f5f2,https://www.youtube.com/s/player/290465a5/www-player.css
c1266aa5ccb770d4191058a5eff5c40d0e88ab06d5cfbb81025ef0105572f5f2,https://www.youtube-nocookie.com/s/player/290465a5/www-player.css
c1266aa5ccb770d4191058a5eff5c40d0e88ab06d5cfbb81025ef0105572f5f2,https://www.youtube.com/s/player/44899b31/www-player.css
c1266aa5ccb770d4191058a5eff5c40d0e88ab06d5cfbb81025ef0105572f5f2,https://www.youtube-nocookie.com/s/player/44899b31/www-player.css
c1266aa5ccb770d4191058a5eff5c40d0e88ab06d5cfbb81025ef0105572f5f2,https://www.youtube.com/s/player/dc7b3d61/www-player.css
c1266aa5ccb770d4191058a5eff5c40d0e88ab06d5cfbb81025ef0105572f5f2,https://www.youtube-nocookie.com/s/player/dc7b3d61/www-player.css
c1266aa5ccb770d4191058a5eff5c40d0e88ab06d5cfbb81025ef0105572f5f2,https://www.youtube.com/s/player/0fa0965b/www-player.css
c1266aa5ccb770d4191058a5eff5c40d0e88ab06d5cfbb81025ef0105572f5f2,https://www.youtube-nocookie.com/s/player/0fa0965b/www-player.css
c1266aa5ccb770d4191058a5eff5c40d0e88ab06d5cfbb81025ef0105572f5f2,https://www.youtube.com/s/player/6c5cb4f4/www-player.css
c1266aa5ccb770d4191058a5eff5c40d0e88ab06d5cfbb81025ef0105572f5f2,https://www.youtube-nocookie.com/s/player/6c5cb4f4/www-player.css
c17db2f743a5597a84210acbc2748a8b07abb170db58b002e3384c9e8cc2183f,https://www.youtube.com/s/player/50cc0679/player_ias.vflset/en_US/captions.js
c25c12bf87aab90152c2956fe975cd242e03371b6059ea2045a52a296017c744,https://www.youtube.com/s/player/16ee6936/player_ias.vflset/en_US/base.js
c2a51cc82c5e6d882831198bde4d645849924d48c47895d27c96351dd437845c,https://www.youtube.com/s/player/2430d1b0/player_ias.vflset/en_US/captions.js
c2e4005f516eec01f9ab9d049ca5870ce3a99a1b2de362a2532f3da59017b2db,https://www.youtube.com/s/player/6e3a87bf/player_ias.vflset/en_US/base.js
c33066bc5c3c9474231273abf8e29b860ec5951019d6b2622b1d9c5b85a69096,https://www.youtube.com/s/player/4b0dda90/player_ias.vflset/en_US/base.js
c34b029a2ad48a415e6017096bc67792b8c8a140db833cb99e86d6d4378aa1c7,https://www.youtube.com/s/player/487b9fc1/www-player.css
c34b029a2ad48a415e6017096bc67792b8c8a140db833cb99e86d6d4378aa1c7,https://www.youtube-nocookie.com/s/player/487b9fc1/www-player.css
c34b029a2ad48a415e6017096bc67792b8c8a140db833cb99e86d6d4378aa1c7,https://www.youtube.com/s/player/25822515/www-player.css
c34b029a2ad48a415e6017096bc67792b8c8a140db833cb99e86d6d4378aa1c7,https://www.youtube-nocookie.com/s/player/25822515/www-player.css
c34b029a2ad48a415e6017096bc67792b8c8a140db833cb99e86d6d4378aa1c7,https://www.youtube.com/s/player/74edf1a3/www-player.css
c34b029a2ad48a415e6017096bc67792b8c8a140db833cb99e86d6d4378aa1c7,https://www.youtube-nocookie.com/s/player/74edf1a3/www-player.css
c34b029a2ad48a415e6017096bc67792b8c8a140db833cb99e86d6d4378aa1c7,https://www.youtube.com/s/player/01bde470/www-player.css
c34b029a2ad48a415e6017096bc67792b8c8a140db833cb99e86d6d4378aa1c7,https://www.youtube-nocookie.com/s/player/01bde470/www-player.css
c42cf3f24438c2317689ccb34cf67ac84771b84bf201fe9477c5656dc0538801,https://www.youtube.com/s/player/88a886f1/player_ias.vflset/en_US/base.js
c4a60a01e81dc618df6140db5ea636e2b9aeb37fb9838c679dbc89c795830658,https://www.youtube.com/s/player/44899b31/player_ias.vflset/en_US/base.js
c4dbad4e308cbe520401d87e82a7b7610f7ed3757e63af45a3c09d5d0dbf60e9,https://www.youtube.com/s/player/911df14e/player_ias.vflset/en_US/captions.js
c4dbad4e308cbe520401d87e82a7b7610f7ed3757e63af45a3c09d5d0dbf60e9,https://www.youtube.com/s/player/8456c9de/player_ias.vflset/en_US/captions.js
c5617ca942b5f04febee907a6da2cb234f839cf6d13a9870d0850d894356d869,https://www.youtube.com/s/player/b32979e9/player_ias.vflset/en_US/base.js
c5ddc3e839222d395bdd1e941a5b82cffcacba673837bc7e21b040f6baae859f,https://www.youtube.com/s/player/bc7db0b2/player_ias.vflset/en_US/captions.js
c63b32136677e697f6167c707bd88aa994db12e9148e17195e2920d95456da73,https://www.youtube.com/s/player/0b59edd6/player_ias.vflset/en_US/captions.js
c6600f8ef26d180940e343d77c93600855aa26067d52a358e3afff1b8be4734e,https://www.youtube.com/s/player/d0dfba13/player_ias.vflset/en_US/base.js
c6d228d9fae66efef69ab101964dfcf9a112c699859ef999ea688822faf9d88f,https://www.youtube.com/s/player/97108f59/player_ias.vflset/en_US/base.js
c6fb57bff4ebff3e33c1040843b6ba771a4b69fbd4af0b1b0f3648e69d1e8f93,https://www.youtube.com/s/player/444511ca/player_ias.vflset/en_US/base.js
c766b475163b812d136d4dafb4dda761f2d946f19a398f8572e92274645a79b3,https://www.youtube.com/s/player/ab09dcd0/player_ias.vflset/en_US/base.js
c8262cf6ac9a50061dd0450a191cd339d2b79f0fd1e1bfe9c324d0b14bd6f5cc,https://www.youtube.com/s/player/ed93444a/player_ias.vflset/en_US/base.js
c8e77adb96264d89024747b59efefd3e504f67ba2956fcf8d16b796878f7de42,https://www.youtube.com/s/player/56545ff7/player_ias.vflset/en_US/base.js
c91830384418b56332ccc5710d21fdc2595cd0d664080ffec357fa944f0c1f0d,https://www.youtube.com/s/player/0e380a3c/player_ias.vflset/en_US/base.js
ca7992e78f5e015470a829868dc51a6e71c2e6eae256695e908b3f9f56e9c1e7,https://www.youtube.com/s/player/8180e7ff/www-player.css
ca7992e78f5e015470a829868dc51a6e71c2e6eae256695e908b3f9f56e9c1e7,https://www.youtube-nocookie.com/s/player/8180e7ff/www-player.css
ca7992e78f5e015470a829868dc51a6e71c2e6eae256695e908b3f9f56e9c1e7,https://www.youtube.com/s/player/68896037/www-player.css
ca7992e78f5e015470a829868dc51a6e71c2e6eae256695e908b3f9f56e9c1e7,https://www.youtube-nocookie.com/s/player/68896037/www-player.css
ca7992e78f5e015470a829868dc51a6e71c2e6eae256695e908b3f9f56e9c1e7,https://www.youtube.com/s/player/c38b4eda/www-player.css
ca7992e78f5e015470a829868dc51a6e71c2e6eae256695e908b3f9f56e9c1e7,https://www.youtube-nocookie.com/s/player/c38b4eda/www-player.css
ca7992e78f5e015470a829868dc51a6e71c2e6eae256695e908b3f9f56e9c1e7,https://www.youtube.com/s/player/8201a429/www-player.css
ca7992e78f5e015470a829868dc51a6e71c2e6eae256695e908b3f9f56e9c1e7,https://www.youtube-nocookie.com/s/player/8201a429/www-player.css
ca7992e78f5e015470a829868dc51a6e71c2e6eae256695e908b3f9f56e9c1e7,https://www.youtube.com/s/player/a9f67a82/www-player.css
ca7992e78f5e015470a829868dc51a6e71c2e6eae256695e908b3f9f56e9c1e7,https://www.youtube-nocookie.com/s/player/a9f67a82/www-player.css
ca7992e78f5e015470a829868dc51a6e71c2e6eae256695e908b3f9f56e9c1e7,https://www.youtube.com/s/player/db24d012/www-player.css
ca7992e78f5e015470a829868dc51a6e71c2e6eae256695e908b3f9f56e9c1e7,https://www.youtube-nocookie.com/s/player/db24d012/www-player.css
ca7992e78f5e015470a829868dc51a6e71c2e6eae256695e908b3f9f56e9c1e7,https://www.youtube.com/s/player/ab09dcd0/www-player.css
ca7992e78f5e015470a829868dc51a6e71c2e6eae256695e908b3f9f56e9c1e7,https://www.youtube-nocookie.com/s/player/ab09dcd0/www-player.css
ca7992e78f5e015470a829868dc51a6e71c2e6eae256695e908b3f9f56e9c1e7,https://www.youtube.com/s/player/367cdf18/www-player.css
ca7992e78f5e015470a829868dc51a6e71c2e6eae256695e908b3f9f56e9c1e7,https://www.youtube-nocookie.com/s/player/367cdf18/www-player.css
ca7992e78f5e015470a829868dc51a6e71c2e6eae256695e908b3f9f56e9c1e7,https://www.youtube.com/s/player/321b2c25/www-player.css
ca7992e78f5e015470a829868dc51a6e71c2e6eae256695e908b3f9f56e9c1e7,https://www.youtube-nocookie.com/s/player/321b2c25/www-player.css
ca7992e78f5e015470a829868dc51a6e71c2e6eae256695e908b3f9f56e9c1e7,https://www.youtube.com/s/player/1ebf2aa6/www-player.css
ca7992e78f5e015470a829868dc51a6e71c2e6eae256695e908b3f9f56e9c1e7,https://www.youtube-nocookie.com/s/player/1ebf2aa6/www-player.css
ca7992e78f5e015470a829868dc51a6e71c2e6eae256695e908b3f9f56e9c1e7,https://www.youtube.com/s/player/a926f773/www-player.css
ca7992e78f5e015470a829868dc51a6e71c2e6eae256695e908b3f9f56e9c1e7,https://www.youtube-nocookie.com/s/player/a926f773/www-player.css
ca7992e78f5e015470a829868dc51a6e71c2e6eae256695e908b3f9f56e9c1e7,https://www.youtube.com/s/player/fac96cf8/www-player.css
ca7992e78f5e015470a829868dc51a6e71c2e6eae256695e908b3f9f56e9c1e7,https://www.youtube-nocookie.com/s/player/fac96cf8/www-player.css
ca7992e78f5e015470a829868dc51a6e71c2e6eae256695e908b3f9f56e9c1e7,https://www.youtube.com/s/player/631d3938/www-player.css
ca7992e78f5e015470a829868dc51a6e71c2e6eae256695e908b3f9f56e9c1e7,https://www.youtube-nocookie.com/s/player/631d3938/www-player.css
ca7992e78f5e015470a829868dc51a6e71c2e6eae256695e908b3f9f56e9c1e7,https://www.youtube.com/s/player/f4f314f0/www-player.css
ca7992e78f5e015470a829868dc51a6e71c2e6eae256695e908b3f9f56e9c1e7,https://www.youtube-nocookie.com/s/player/f4f314f0/www-player.css
ca7992e78f5e015470a829868dc51a6e71c2e6eae256695e908b3f9f56e9c1e7,https://www.youtube.com/s/player/5e55da5a/www-player.css
ca7992e78f5e015470a829868dc51a6e71c2e6eae256695e908b3f9f56e9c1e7,https://www.youtube-nocookie.com/s/player/5e55da5a/www-player.css
ca7992e78f5e015470a829868dc51a6e71c2e6eae256695e908b3f9f56e9c1e7,https://www.youtube.com/s/player/76ad2fe8/www-player.css
ca7992e78f5e015470a829868dc51a6e71c2e6eae256695e908b3f9f56e9c1e7,https://www.youtube-nocookie.com/s/player/76ad2fe8/www-player.css
ca7992e78f5e015470a829868dc51a6e71c2e6eae256695e908b3f9f56e9c1e7,https://www.youtube.com/s/player/79fcc67d/www-player.css
ca7992e78f5e015470a829868dc51a6e71c2e6eae256695e908b3f9f56e9c1e7,https://www.youtube-nocookie.com/s/player/79fcc67d/www-player.css
ca7992e78f5e015470a829868dc51a6e71c2e6eae256695e908b3f9f56e9c1e7,https://www.youtube.com/s/player/21cd2156/www-player.css
ca7992e78f5e015470a829868dc51a6e71c2e6eae256695e908b3f9f56e9c1e7,https://www.youtube-nocookie.com/s/player/21cd2156/www-player.css
ca7992e78f5e015470a829868dc51a6e71c2e6eae256695e908b3f9f56e9c1e7,https://www.youtube.com/s/player/f4f81892/www-player.css
ca7992e78f5e015470a829868dc51a6e71c2e6eae256695e908b3f9f56e9c1e7,https://www.youtube-nocookie.com/s/player/f4f81892/www-player.css
ca7992e78f5e015470a829868dc51a6e71c2e6eae256695e908b3f9f56e9c1e7,https://www.youtube.com/s/player/9fcf08e8/www-player.css
ca7992e78f5e015470a829868dc51a6e71c2e6eae256695e908b3f9f56e9c1e7,https://www.youtube-nocookie.com/s/player/9fcf08e8/www-player.css
ca7992e78f5e015470a829868dc51a6e71c2e6eae256695e908b3f9f56e9c1e7,https://www.youtube.com/s/player/859db743/www-player.css
ca7992e78f5e015470a829868dc51a6e71c2e6eae256695e908b3f9f56e9c1e7,https://www.youtube-nocookie.com/s/player/859db743/www-player.css
ca7992e78f5e015470a829868dc51a6e71c2e6eae256695e908b3f9f56e9c1e7,https://www.youtube.com/s/player/d793a5ff/www-player.css
ca7992e78f5e015470a829868dc51a6e71c2e6eae256695e908b3f9f56e9c1e7,https://www.youtube-nocookie.com/s/player/d793a5ff/www-player.css
ca7992e78f5e015470a829868dc51a6e71c2e6eae256695e908b3f9f56e9c1e7,https://www.youtube.com/s/player/d396ac15/www-player.css
ca7992e78f5e015470a829868dc51a6e71c2e6eae256695e908b3f9f56e9c1e7,https://www.youtube-nocookie.com/s/player/d396ac15/www-player.css
ca7992e78f5e015470a829868dc51a6e71c2e6eae256695e908b3f9f56e9c1e7,https://www.youtube.com/s/player/56545ff7/www-player.css
ca7992e78f5e015470a829868dc51a6e71c2e6eae256695e908b3f9f56e9c1e7,https://www.youtube-nocookie.com/s/player/56545ff7/www-player.css
ca7992e78f5e015470a829868dc51a6e71c2e6eae256695e908b3f9f56e9c1e7,https://www.youtube.com/s/player/70a17a5c/www-player.css
ca7992e78f5e015470a829868dc51a6e71c2e6eae256695e908b3f9f56e9c1e7,https://www.youtube-nocookie.com/s/player/70a17a5c/www-player.css
ca7992e78f5e015470a829868dc51a6e71c2e6eae256695e908b3f9f56e9c1e7,https://www.youtube.com/s/player/e7573094/www-player.css
ca7992e78f5e015470a829868dc51a6e71c2e6eae256695e908b3f9f56e9c1e7,https://www.youtube-nocookie.com/s/player/e7573094/www-player.css
ca7992e78f5e015470a829868dc51a6e71c2e6eae256695e908b3f9f56e9c1e7,https://www.youtube.com/s/player/901741ab/www-player.css
ca7992e78f5e015470a829868dc51a6e71c2e6eae256695e908b3f9f56e9c1e7,https://www.youtube-nocookie.com/s/player/901741ab/www-player.css
ca7992e78f5e015470a829868dc51a6e71c2e6eae256695e908b3f9f56e9c1e7,https://www.youtube.com/s/player/7929661f/www-player.css
ca7992e78f5e015470a829868dc51a6e71c2e6eae256695e908b3f9f56e9c1e7,https://www.youtube-nocookie.com/s/player/7929661f/www-player.css
ca8300cd613ef3c3acc0cb93c5ca2565e8e49ecae992a679fa0ed7ea24ee1f4b,https://www.youtube.com/s/player/49f48b9f/player_ias.vflset/en_US/base.js
cad54911a72abf87591f2fd46c180a1cf5a98dd1a88209c91ed29cd04d01853f,https://www.youtube.com/s/player/aa4449ca/player_ias.vflset/en_US/base.js
cb0d93de7705e50f655a1a36fefdfe1a0ed7ae492d121895e08d506a96dcaa58,https://www.youtube.com/s/player/b91b2902/player_ias.vflset/en_US/base.js
cbc74424709b1122eabed53a5a53f5cef516feb90c8bcf5b845bb04504a97238,https://www.youtube.com/s/player/fb58f923/player_ias.vflset/en_US/base.js
ce2cf9d0a4a02c110bc24cce05a56d157b377ed5e13bc8f05dedfa290b4d921c,https://www.youtube.com/s/player/4b0d80ee/player_ias.vflset/en_US/base.js
ce4071b2361de69b5d566ba87712a12243e71efcbf3022bcc7e0b01845c86a3e,https://www.youtube.com/s/player/b9313b14/player_ias.vflset/en_US/base.js
ce4b1d72465b8904c83722f90100cf32b79fc20c15d1afe7c84016b10b695c12,https://www.youtube.com/s/player/f649823c/player_ias.vflset/en_US/base.js
cecfbc247781f4f0d7197f38da525fc813e0a9556531c947475854412654f8cf,https://www.youtube.com/s/player/d46d9f81/player_ias.vflset/en_US/base.js
cf29b52570f94db8444a4f465f8d78b37ce24eb897161894d9973b7ea0c8a3b8,https://www.youtube.com/s/player/204ff6e4/player_ias.vflset/en_US/base.js
cf59fb801c09ea56d6a07c18b6d1933179d2a7a75e97a486806cfe67f3c19fd7,https://www.youtube.com/s/player/58569eda/player_ias.vflset/en_US/base.js
cfd52c611020fb575d85fc138c1cc172eebdb9bff20d464f90993923cf5cb64b,https://www.youtube.com/s/player/712f0810/www-player.css
cfd52c611020fb575d85fc138c1cc172eebdb9bff20d464f90993923cf5cb64b,https://www.youtube-nocookie.com/s/player/712f0810/www-player.css
cfd52c611020fb575d85fc138c1cc172eebdb9bff20d464f90993923cf5cb64b,https://www.youtube.com/s/player/88c25a98/www-player.css
cfd52c611020fb575d85fc138c1cc172eebdb9bff20d464f90993923cf5cb64b,https://www.youtube-nocookie.com/s/player/88c25a98/www-player.css
cfd52c611020fb575d85fc138c1cc172eebdb9bff20d464f90993923cf5cb64b,https://www.youtube.com/s/player/c7119fda/www-player.css
cfd52c611020fb575d85fc138c1cc172eebdb9bff20d464f90993923cf5cb64b,https://www.youtube-nocookie.com/s/player/c7119fda/www-player.css
cfd52c611020fb575d85fc138c1cc172eebdb9bff20d464f90993923cf5cb64b,https://www.youtube.com/s/player/1acfe3aa/www-player.css
cfd52c611020fb575d85fc138c1cc172eebdb9bff20d464f90993923cf5cb64b,https://www.youtube-nocookie.com/s/player/1acfe3aa/www-player.css
cfd52c611020fb575d85fc138c1cc172eebdb9bff20d464f90993923cf5cb64b,https://www.youtube.com/s/player/bb52fe90/www-player.css
cfd52c611020fb575d85fc138c1cc172eebdb9bff20d464f90993923cf5cb64b,https://www.youtube-nocookie.com/s/player/bb52fe90/www-player.css
cfd52c611020fb575d85fc138c1cc172eebdb9bff20d464f90993923cf5cb64b,https://www.youtube.com/s/player/e40d18fc/www-player.css
cfd52c611020fb575d85fc138c1cc172eebdb9bff20d464f90993923cf5cb64b,https://www.youtube-nocookie.com/s/player/e40d18fc/www-player.css
d039cdca9acfe8e1d4691821044d0793dabafdfd821763871be00fc00092b253,https://www.youtube.com/s/player/6c5cb4f4/player_ias.vflset/en_US/base.js
d03ec3cd21e0308d57c22296ad6f25a2fd1bcd4414ca30d54bfb9c18b645d837,https://www.youtube.com/s/player/17aa2e4c/player_ias.vflset/en_US/base.js
d08fa6422d91fa9a9bee515ed74173e1f6bc209eed1352d1f6709463b317eff3,https://www.youtube.com/s/player/4e51e895/player_ias.vflset/en_US/base.js
d0a7d946fb8bbb4e978a63b83a57c75540cf36379453319de11cfeb62f6d70b8,https://www.youtube.com/s/player/ecc3e9a7/player_ias.vflset/en_US/captions.js
d0d7002ab408fe3c90221da54532fbcdaef13dfbca5a481155a19b825b0959ea,https://www.youtube.com/s/player/140dafda/player_ias.vflset/en_US/base.js
d12a331453175847e13059a4373152960e1ecbbb27093a950f478fd5e0971ccc,https://www.youtube.com/s/player/70186827/player_ias.vflset/en_US/base.js
d20696559c318baece9f3b79080d37c81d09f3a1cb6f1ae08168e820e715d365,https://www.youtube.com/s/player/27422632/player_ias.vflset/en_US/captions.js
d207631464994d5871393bfb3d2c6ec1089e8901190e67bad101fb0f2c89716b,https://www.youtube.com/s/player/f2de630b/player_ias.vflset/en_US/captions.js
d25e7ae1969b9134bf3e3f46434e637a66ce975b4d6ec68a5bf61b38b4ec6fd3,https://www.youtube.com/s/player/ab5096ab/player_ias.vflset/en_US/captions.js
d260fe97a835cd8176615f5ed89b1f4a3b1a54601fc3037deb2c4c3497dc95a8,https://www.youtube.com/s/player/f067dbb6/player_ias.vflset/en_US/captions.js
d260fe97a835cd8176615f5ed89b1f4a3b1a54601fc3037deb2c4c3497dc95a8,https://www.youtube.com/s/player/0d130d9d/player_ias.vflset/en_US/captions.js
d332f267cc5664e8f98760ecb7b6d7d8b1c86d0f75f6db92642269d4011529b4,https://www.youtube.com/s/player/c80790c5/player_ias.vflset/en_US/captions.js
d37a247d0a92e36ac2230d20268b9a01315bcd2c1c14d5d9518a52d6a6b68067,https://www.youtube.com/s/player/ef65734f/player_ias.vflset/en_US/base.js
d390064db890f2807233cdee07a5c2e567c5e590fd7a88f24c1789b23e828dba,https://www.youtube.com/s/player/4e67f8a0/player_ias.vflset/en_US/captions.js
d390064db890f2807233cdee07a5c2e567c5e590fd7a88f24c1789b23e828dba,https://www.youtube.com/s/player/88a886f1/player_ias.vflset/en_US/captions.js
d390064db890f2807233cdee07a5c2e567c5e590fd7a88f24c1789b23e828dba,https://www.youtube.com/s/player/46c7ab03/player_ias.vflset/en_US/captions.js
d390064db890f2807233cdee07a5c2e567c5e590fd7a88f24c1789b23e828dba,https://www.youtube.com/s/player/b0ee622c/player_ias.vflset/en_US/captions.js
d390064db890f2807233cdee07a5c2e567c5e590fd7a88f24c1789b23e828dba,https://www.youtube.com/s/player/251ca12e/player_ias.vflset/en_US/captions.js
d3b224cab512b3374ab9d2a083943bea4b94833b368965cddf976e996dea6b15,https://www.youtube.com/s/player/d5f789e7/player_ias.vflset/en_US/base.js
d40bac6d02ce8e40b68daaf1f57130b3ec9081da338a21ffb853a9d6aa75f232,https://www.youtube.com/s/player/c9168c90/player_ias.vflset/en_US/captions.js
d40bac6d02ce8e40b68daaf1f57130b3ec9081da338a21ffb853a9d6aa75f232,https://www.youtube.com/s/player/01b2d163/player_ias.vflset/en_US/captions.js
d46595998896ea5792cb4c9b7f886658e445798876d4b8f43f669e7f0ca3fd30,https://www.youtube.com/s/player/edc3ba07/player_ias.vflset/en_US/base.js
d4dacf3d522946156377f8e9271ff68c4de9030ac72b5ab90c5a574472fc3099,https://www.youtube.com/s/player/bcf89e14/player_ias.vflset/en_US/base.js
d520e4859d4a97481a7b7cf14077a0b1bb6baaead163f4092fc822c8945b4a0d,https://www.youtube.com/s/player/a5ff8620/player_ias.vflset/en_US/captions.js
d520e4859d4a97481a7b7cf14077a0b1bb6baaead163f4092fc822c8945b4a0d,https://www.youtube.com/s/player/6f3fcd4c/player_ias.vflset/en_US/captions.js
d583187e7a0bb2aa5183ce9fe76c1eaead8849ca60a61f0086a67dd23d652dd2,https://www.youtube.com/s/player/0e48fdab/player_ias.vflset/en_US/base.js
d5845590ce4928ba0fcfc45195663a328d96195ccc0c4f51b72cccec887fde51,https://www.youtube.com/s/player/1150a2f2/player_ias.vflset/en_US/base.js
d5b344b8a6d0a02864884c9b037f5f11921381cdfbddb2f8a643d1a8cbe9cef8,https://www.youtube.com/s/player/445213fb/www-player.css
d5b344b8a6d0a02864884c9b037f5f11921381cdfbddb2f8a643d1a8cbe9cef8,https://www.youtube-nocookie.com/s/player/445213fb/www-player.css
d5b344b8a6d0a02864884c9b037f5f11921381cdfbddb2f8a643d1a8cbe9cef8,https://www.youtube.com/s/player/2c206033/www-player.css
d5b344b8a6d0a02864884c9b037f5f11921381cdfbddb2f8a643d1a8cbe9cef8,https://www.youtube-nocookie.com/s/player/2c206033/www-player.css
d5b344b8a6d0a02864884c9b037f5f11921381cdfbddb2f8a643d1a8cbe9cef8,https://www.youtube.com/s/player/a57ec7c6/www-player.css
d5b344b8a6d0a02864884c9b037f5f11921381cdfbddb2f8a643d1a8cbe9cef8,https://www.youtube-nocookie.com/s/player/a57ec7c6/www-player.css
d5b344b8a6d0a02864884c9b037f5f11921381cdfbddb2f8a643d1a8cbe9cef8,https://www.youtube.com/s/player/6bac48cb/www-player.css
d5b344b8a6d0a02864884c9b037f5f11921381cdfbddb2f8a643d1a8cbe9cef8,https://www.youtube-nocookie.com/s/player/6bac48cb/www-player.css
d5b344b8a6d0a02864884c9b037f5f11921381cdfbddb2f8a643d1a8cbe9cef8,https://www.youtube.com/s/player/c2dd02e1/www-player.css
d5b344b8a6d0a02864884c9b037f5f11921381cdfbddb2f8a643d1a8cbe9cef8,https://www.youtube-nocookie.com/s/player/c2dd02e1/www-player.css
d5b344b8a6d0a02864884c9b037f5f11921381cdfbddb2f8a643d1a8cbe9cef8,https://www.youtube.com/s/player/c2b286e4/www-player.css
d5b344b8a6d0a02864884c9b037f5f11921381cdfbddb2f8a643d1a8cbe9cef8,https://www.youtube-nocookie.com/s/player/c2b286e4/www-player.css
d5b344b8a6d0a02864884c9b037f5f11921381cdfbddb2f8a643d1a8cbe9cef8,https://www.youtube.com/s/player/7ce603a3/www-player.css
d5b344b8a6d0a02864884c9b037f5f11921381cdfbddb2f8a643d1a8cbe9cef8,https://www.youtube-nocookie.com/s/player/7ce603a3/www-player.css
d5b344b8a6d0a02864884c9b037f5f11921381cdfbddb2f8a643d1a8cbe9cef8,https://www.youtube.com/s/player/959dabb2/www-player.css
d5b344b8a6d0a02864884c9b037f5f11921381cdfbddb2f8a643d1a8cbe9cef8,https://www.youtube-nocookie.com/s/player/959dabb2/www-player.css
d5b344b8a6d0a02864884c9b037f5f11921381cdfbddb2f8a643d1a8cbe9cef8,https://www.youtube.com/s/player/59a3aff2/www-player.css
d5b344b8a6d0a02864884c9b037f5f11921381cdfbddb2f8a643d1a8cbe9cef8,https://www.youtube-nocookie.com/s/player/59a3aff2/www-player.css
d5b344b8a6d0a02864884c9b037f5f11921381cdfbddb2f8a643d1a8cbe9cef8,https://www.youtube.com/s/player/ed89dc10/www-player.css
d5b344b8a6d0a02864884c9b037f5f11921381cdfbddb2f8a643d1a8cbe9cef8,https://www.youtube-nocookie.com/s/player/ed89dc10/www-player.css
d5b344b8a6d0a02864884c9b037f5f11921381cdfbddb2f8a643d1a8cbe9cef8,https://www.youtube.com/s/player/bcea3860/www-player.css
d5b344b8a6d0a02864884c9b037f5f11921381cdfbddb2f8a643d1a8cbe9cef8,https://www.youtube-nocookie.com/s/player/bcea3860/www-player.css
d5b344b8a6d0a02864884c9b037f5f11921381cdfbddb2f8a643d1a8cbe9cef8,https://www.youtube.com/s/player/444511ca/www-player.css
d5b344b8a6d0a02864884c9b037f5f11921381cdfbddb2f8a643d1a8cbe9cef8,https://www.youtube-nocookie.com/s/player/444511ca/www-player.css
d5b344b8a6d0a02864884c9b037f5f11921381cdfbddb2f8a643d1a8cbe9cef8,https://www.youtube.com/s/player/a32660fc/www-player.css
d5b344b8a6d0a02864884c9b037f5f11921381cdfbddb2f8a643d1a8cbe9cef8,https://www.youtube-nocookie.com/s/player/a32660fc/www-player.css
d5b344b8a6d0a02864884c9b037f5f11921381cdfbddb2f8a643d1a8cbe9cef8,https://www.youtube.com/s/player/b783aee4/www-player.css
d5b344b8a6d0a02864884c9b037f5f11921381cdfbddb2f8a643d1a8cbe9cef8,https://www.youtube-nocookie.com/s/player/b783aee4/www-player.css
d5b344b8a6d0a02864884c9b037f5f11921381cdfbddb2f8a643d1a8cbe9cef8,https://www.youtube.com/s/player/c9ede538/www-player.css
d5b344b8a6d0a02864884c9b037f5f11921381cdfbddb2f8a643d1a8cbe9cef8,https://www.youtube-nocookie.com/s/player/c9ede538/www-player.css
d5b344b8a6d0a02864884c9b037f5f11921381cdfbddb2f8a643d1a8cbe9cef8,https://www.youtube.com/s/player/9be3886e/www-player.css
d5b344b8a6d0a02864884c9b037f5f11921381cdfbddb2f8a643d1a8cbe9cef8,https://www.youtube-nocookie.com/s/player/9be3886e/www-player.css
d5b344b8a6d0a02864884c9b037f5f11921381cdfbddb2f8a643d1a8cbe9cef8,https://www.youtube.com/s/player/6b8eecd5/www-player.css
d5b344b8a6d0a02864884c9b037f5f11921381cdfbddb2f8a643d1a8cbe9cef8,https://www.youtube-nocookie.com/s/player/6b8eecd5/www-player.css
d5b344b8a6d0a02864884c9b037f5f11921381cdfbddb2f8a643d1a8cbe9cef8,https://www.youtube.com/s/player/16ee6936/www-player.css
d5b344b8a6d0a02864884c9b037f5f11921381cdfbddb2f8a643d1a8cbe9cef8,https://www.youtube-nocookie.com/s/player/16ee6936/www-player.css
d5b344b8a6d0a02864884c9b037f5f11921381cdfbddb2f8a643d1a8cbe9cef8,https://www.youtube.com/s/player/e5fcb1c4/www-player.css
d5b344b8a6d0a02864884c9b037f5f11921381cdfbddb2f8a643d1a8cbe9cef8,https://www.youtube-nocookie.com/s/player/e5fcb1c4/www-player.css
d5b344b8a6d0a02864884c9b037f5f11921381cdfbddb2f8a643d1a8cbe9cef8,https://www.youtube.com/s/player/ce74690f/www-player.css
d5b344b8a6d0a02864884c9b037f5f11921381cdfbddb2f8a643d1a8cbe9cef8,https://www.youtube-nocookie.com/s/player/ce74690f/www-player.css
d5b344b8a6d0a02864884c9b037f5f11921381cdfbddb2f8a643d1a8cbe9cef8,https://www.youtube.com/s/player/7256bbfc/www-player.css
d5b344b8a6d0a02864884c9b037f5f11921381cdfbddb2f8a643d1a8cbe9cef8,https://www.youtube-nocookie.com/s/player/7256bbfc/www-player.css
d5b344b8a6d0a02864884c9b037f5f11921381cdfbddb2f8a643d1a8cbe9cef8,https://www.youtube.com/s/player/68179ae3/www-player.css
d5b344b8a6d0a02864884c9b037f5f11921381cdfbddb2f8a643d1a8cbe9cef8,https://www.youtube-nocookie.com/s/player/68179ae3/www-player.css
d633d963d3e82f258c2abd97ab25cdf966b400c0b6e33c0e7f69aa2f16b79129,https://www.youtube.com/s/player/c1c87fb0/player_ias.vflset/en_US/captions.js
d67a04ede66a867f147bc159a076372a01614bec231299e64cb1564591c223b7,https://www.youtube.com/s/player/b174a5bb/player_ias.vflset/en_US/base.js
d68b3ffa611f6f0435ddbabf26bdcc225ff55fcdce07991b4449852fb114f2e1,https://www.youtube.com/s/player/fcf70340/player_ias.vflset/en_US/base.js
d7f18499da75197defb9bd1e7821f776ef7a51d2d49e08bcc2df412e28a4adb8,https://www.youtube.com/s/player/2c206033/player_ias.vflset/en_US/captions.js
d7f18499da75197defb9bd1e7821f776ef7a51d2d49e08bcc2df412e28a4adb8,https://www.youtube.com/s/player/a57ec7c6/player_ias.vflset/en_US/captions.js
d7f18499da75197defb9bd1e7821f776ef7a51d2d49e08bcc2df412e28a4adb8,https://www.youtube.com/s/player/6bac48cb/player_ias.vflset/en_US/captions.js
d7f18499da75197defb9bd1e7821f776ef7a51d2d49e08bcc2df412e28a4adb8,https://www.youtube.com/s/player/c2dd02e1/player_ias.vflset/en_US/captions.js
d7f18499da75197defb9bd1e7821f776ef7a51d2d49e08bcc2df412e28a4adb8,https://www.youtube.com/s/player/c2b286e4/player_ias.vflset/en_US/captions.js
d7f18499da75197defb9bd1e7821f776ef7a51d2d49e08bcc2df412e28a4adb8,https://www.youtube.com/s/player/7ce603a3/player_ias.vflset/en_US/captions.js
d7f18499da75197defb9bd1e7821f776ef7a51d2d49e08bcc2df412e28a4adb8,https://www.youtube.com/s/player/959dabb2/player_ias.vflset/en_US/captions.js
d7f18499da75197defb9bd1e7821f776ef7a51d2d49e08bcc2df412e28a4adb8,https://www.youtube.com/s/player/59a3aff2/player_ias.vflset/en_US/captions.js
d7f18499da75197defb9bd1e7821f776ef7a51d2d49e08bcc2df412e28a4adb8,https://www.youtube.com/s/player/ed89dc10/player_ias.vflset/en_US/captions.js
d7f18499da75197defb9bd1e7821f776ef7a51d2d49e08bcc2df412e28a4adb8,https://www.youtube.com/s/player/bcea3860/player_ias.vflset/en_US/captions.js
d822fbb13fd3ea8c9a191cf07d56a0c8b91f5516213590adf0e11a22c615b48b,https://www.youtube.com/s/player/68896037/player_ias.vflset/en_US/base.js
d84a7a9cede27c144c059863a14188a79870815abcf8f4e88ec746c5873e205f,https://www.youtube.com/s/player/4d9879e9/www-player.css
d84a7a9cede27c144c059863a14188a79870815abcf8f4e88ec746c5873e205f,https://www.youtube-nocookie.com/s/player/4d9879e9/www-player.css
d84a7a9cede27c144c059863a14188a79870815abcf8f4e88ec746c5873e205f,https://www.youtube.com/s/player/50cc0679/www-player.css
d84a7a9cede27c144c059863a14188a79870815abcf8f4e88ec746c5873e205f,https://www.youtube-nocookie.com/s/player/50cc0679/www-player.css
d84a7a9cede27c144c059863a14188a79870815abcf8f4e88ec746c5873e205f,https://www.youtube.com/s/player/10ecb549/www-player.css
d84a7a9cede27c144c059863a14188a79870815abcf8f4e88ec746c5873e205f,https://www.youtube-nocookie.com/s/player/10ecb549/www-player.css
d84a7a9cede27c144c059863a14188a79870815abcf8f4e88ec746c5873e205f,https://www.youtube.com/s/player/d5541cec/www-player.css
d84a7a9cede27c144c059863a14188a79870815abcf8f4e88ec746c5873e205f,https://www.youtube-nocookie.com/s/player/d5541cec/www-player.css
d84a7a9cede27c144c059863a14188a79870815abcf8f4e88ec746c5873e205f,https://www.youtube.com/s/player/f7d71ce3/www-player.css
d84a7a9cede27c144c059863a14188a79870815abcf8f4e88ec746c5873e205f,https://www.youtube-nocookie.com/s/player/f7d71ce3/www-player.css
d8529d393749504606a289ae732ff4882436da6351768726dcf07bfcfcb88657,https://www.youtube.com/s/player/c2f0d301/player_ias.vflset/en_US/base.js
d8847eab855b334d700414b21940d1e403c59c5263514b491ead6b994c6249a9,https://www.youtube.com/s/player/23b70d29/player_ias.vflset/en_US/base.js
d88e19f2509e9414b7b5384818f2919aec80e9b0d44377ebf8e256841ab405d9,https://www.youtube.com/s/player/592af824/player_ias.vflset/en_US/base.js
d9a3a2098de5b86db1c7825724b145bca41b6ffee03f948cd6388be99759291a,https://www.youtube.com/s/player/ce44be02/player_ias.vflset/en_US/base.js
d9b77a9db8b45dfde0798bd36469428ae8578fc7bca7ccde3717716de66c1ee6,https://www.youtube.com/s/player/316b61b4/player_ias.vflset/en_US/captions.js
d9b77a9db8b45dfde0798bd36469428ae8578fc7bca7ccde3717716de66c1ee6,https://www.youtube.com/s/player/70186827/player_ias.vflset/en_US/captions.js
d9b77a9db8b45dfde0798bd36469428ae8578fc7bca7ccde3717716de66c1ee6,https://www.youtube.com/s/player/6e2f1c8a/player_ias.vflset/en_US/captions.js
d9ef7b1d4c54c091804a52ece7c852afbc8743fc1cec49d66a546a5f172e9523,https://www.youtube.com/s/player/d793a5ff/player_ias.vflset/en_US/base.js
d9fa1e3c4604444a6d525a9f09d57f6717d6145c8eba3f225b2100ae9335299b,https://www.youtube.com/s/player/924b2d9a/player_ias.vflset/en_US/base.js
da4841ac4e1cb35716be30ba994e04f7e41c282b45f24f30f788003197695a3b,https://www.youtube.com/s/player/d03787ac/player_ias.vflset/en_US/captions.js
da868cb9d5f0840c5083d2316dbeb6de3fcea4759c60990dca250efd0031fad4,https://www.youtube.com/s/player/cebb413d/player_ias.vflset/en_US/captions.js
da87e4c736c63af1ba36f8ff8a3b50ca72d8f342a9fecf5fb845f1321d5c1139,https://www.youtube.com/s/player/6e2f1c8a/player_ias.vflset/en_US/base.js
dbce68b5cd13fec5355ac22784cdb60aa28f283514978a3bb9057453f409c845,https://www.youtube.com/s/player/023db2e6/player_ias.vflset/en_US/base.js
dc8909e14db2e49fc8e0cf8e45aed9d33f69f011ae73045f133b299a166f4c6e,https://www.youtube.com/s/player/a13049a3/player_ias.vflset/en_US/base.js
dce1828b853639fe755381fe1285cf7edcddc020546cbdd0e021f47766a6d195,https://www.youtube.com/s/player/9d55332c/player_ias.vflset/en_US/base.js
de1abfbbbd94ada4cbc89f3afefc124e9821187bbb6ef3517416758c01019f3d,https://www.youtube.com/s/player/58b5c413/player_ias.vflset/en_US/base.js
de29401be4315a2e223dbfab5ede8f231d18bdc42055c379073e3e44fda346b6,https://www.youtube.com/s/player/48995d17/player_ias.vflset/en_US/base.js
df3a4b08343b64dcd6c56ca7763427cf3a8bd23595f3f0ba263eba883de9c64e,https://www.youtube.com/s/player/8c20e431/player_ias.vflset/en_US/captions.js
df6467b10799221672aff15692b567285a0eb00ea004ba886cce8254240f9c0d,https://www.youtube.com/s/player/1798f86c/player_ias.vflset/en_US/base.js
df897eb360094accedd49362762cf3c9caed12acb5bd06ce6483099120b9ca8b,https://www.youtube.com/s/player/5e55da5a/player_ias.vflset/en_US/captions.js
df9f8b0828b1bda0dfa43d2cbc2242da61519707bcdb072cb5a1340a1f1a545a,https://www.youtube.com/s/player/03f50d92/player_ias.vflset/en_US/captions.js
df9f8b0828b1bda0dfa43d2cbc2242da61519707bcdb072cb5a1340a1f1a545a,https://www.youtube.com/s/player/bffb4292/player_ias.vflset/en_US/captions.js
dfba3afdbf89c7845e23cb84189cab5e19b9db4b65de4be7dd95e0586cba22a2,https://www.youtube.com/s/player/a9146527/player_ias.vflset/en_US/base.js
e13873d21eaca7946538f1ff09a0cc26caea30c42974887657e8b58e3d84599a,https://www.youtube.com/s/player/25f1a420/www-player.css
e13873d21eaca7946538f1ff09a0cc26caea30c42974887657e8b58e3d84599a,https://www.youtube-nocookie.com/s/player/25f1a420/www-player.css
e13873d21eaca7946538f1ff09a0cc26caea30c42974887657e8b58e3d84599a,https://www.youtube.com/s/player/6e4dbefe/www-player.css
e13873d21eaca7946538f1ff09a0cc26caea30c42974887657e8b58e3d84599a,https://www.youtube-nocookie.com/s/player/6e4dbefe/www-player.css
e181918a41eb042f61ffef57c091a1544e07db0ddb1b1b3db613db14680a57f6,https://www.youtube.com/s/player/6506e6fd/player_ias.vflset/en_US/captions.js
e181918a41eb042f61ffef57c091a1544e07db0ddb1b1b3db613db14680a57f6,https://www.youtube.com/s/player/a4a1bee0/player_ias.vflset/en_US/captions.js
e1ece8b5276ee94a43ff9366b4703557dcc48f47b07e350024dc1bee2c83fc1a,https://www.youtube.com/s/player/31da54c0/player_ias.vflset/en_US/base.js
e2a659818b00cfc8a68cf0b892af9a06cc37360b7689cb44ecb5535466ddc204,https://www.youtube.com/s/player/b95b0e7a/player_ias.vflset/en_US/base.js
e2e1b17858004be01aef445ca74dfd9fcb468be5ce39153475ef1d61c507d382,https://www.youtube.com/s/player/3f925417/player_ias.vflset/en_US/base.js
e361c3cb9c306beeefa730c7c9145acf547c7cf7faa711c9276cbf12a8c72cec,https://www.youtube.com/s/player/ed1f8bcd/player_ias.vflset/en_US/base.js
e3a8e395fcc1a53e859d204897f21a3d15d800164ac60d8c94c8ef7d728625a4,https://www.youtube.com/s/player/efa2c4f5/player_ias.vflset/en_US/base.js
e4e3cc6f6794ea18837d7aef2b9f6fcf91d18b411c25a20153fe32b8821c066c,https://www.youtube.com/s/player/217a23a9/www-player.css
e4e3cc6f6794ea18837d7aef2b9f6fcf91d18b411c25a20153fe32b8821c066c,https://www.youtube-nocookie.com/s/player/217a23a9/www-player.css
e4ee765b96ef3ecc9fa8c620782b134ae55f9c4d3eeb9ab3db1bfff16d8296cb,https://www.youtube.com/s/player/8565f3f9/player_ias.vflset/en_US/base.js
e559277be66f32d7ea8d548096715105eae58554d0ea362cb2b9f22b7c43d5cb,https://www.youtube.com/s/player/0d0138e0/player_ias.vflset/en_US/captions.js
e559277be66f32d7ea8d548096715105eae58554d0ea362cb2b9f22b7c43d5cb,https://www.youtube.com/s/player/0ba40ca7/player_ias.vflset/en_US/captions.js
e559277be66f32d7ea8d548096715105eae58554d0ea362cb2b9f22b7c43d5cb,https://www.youtube.com/s/player/46e01509/player_ias.vflset/en_US/captions.js
e63c09c4ac3acba23acae45a15d849bd2f809fa585c4da7ccd839ae358766ecb,https://www.youtube.com/s/player/50fb0efb/player_ias.vflset/en_US/base.js
e680e60082c377f523145a1a678ce4a29c375bcd84ea95ac6d34a672ad6553be,https://www.youtube.com/s/player/96225f5f/player_ias.vflset/en_US/captions.js
e69316e061c2ab51a5ecd255ab6594bd39f33dfa7da1a34590b24a881deafb83,https://www.youtube.com/s/player/98d96711/player_ias.vflset/en_US/base.js
e697f8bed6fa1c244a8a910c9d6094e0d2fa495cb4030d0579e59203839f73a2,https://www.youtube.com/s/player/3b846ccb/player_ias.vflset/en_US/base.js
e73a47994fe46c3ca05cd3ef31752f0ad98c50d05aa83925177ae0d422d4e202,https://www.youtube.com/s/player/b6048f74/www-player.css
e73a47994fe46c3ca05cd3ef31752f0ad98c50d05aa83925177ae0d422d4e202,https://www.youtube-nocookie.com/s/player/b6048f74/www-player.css
e73a47994fe46c3ca05cd3ef31752f0ad98c50d05aa83925177ae0d422d4e202,https://www.youtube.com/s/player/fb58f923/www-player.css
e73a47994fe46c3ca05cd3ef31752f0ad98c50d05aa83925177ae0d422d4e202,https://www.youtube-nocookie.com/s/player/fb58f923/www-player.css
e73a47994fe46c3ca05cd3ef31752f0ad98c50d05aa83925177ae0d422d4e202,https://www.youtube.com/s/player/a944b11f/www-player.css
e73a47994fe46c3ca05cd3ef31752f0ad98c50d05aa83925177ae0d422d4e202,https://www.youtube-nocookie.com/s/player/a944b11f/www-player.css
e73a47994fe46c3ca05cd3ef31752f0ad98c50d05aa83925177ae0d422d4e202,https://www.youtube.com/s/player/5fc1ea49/www-player.css
e73a47994fe46c3ca05cd3ef31752f0ad98c50d05aa83925177ae0d422d4e202,https://www.youtube-nocookie.com/s/player/5fc1ea49/www-player.css
e73a47994fe46c3ca05cd3ef31752f0ad98c50d05aa83925177ae0d422d4e202,https://www.youtube.com/s/player/3cfa24db/www-player.css
e73a47994fe46c3ca05cd3ef31752f0ad98c50d05aa83925177ae0d422d4e202,https://www.youtube-nocookie.com/s/player/3cfa24db/www-player.css
e73a47994fe46c3ca05cd3ef31752f0ad98c50d05aa83925177ae0d422d4e202,https://www.youtube.com/s/player/a0424aaf/www-player.css
e73a47994fe46c3ca05cd3ef31752f0ad98c50d05aa83925177ae0d422d4e202,https://www.youtube-nocookie.com/s/player/a0424aaf/www-player.css
e73a47994fe46c3ca05cd3ef31752f0ad98c50d05aa83925177ae0d422d4e202,https://www.youtube.com/s/player/d9ea877b/www-player.css
e73a47994fe46c3ca05cd3ef31752f0ad98c50d05aa83925177ae0d422d4e202,https://www.youtube-nocookie.com/s/player/d9ea877b/www-player.css
e73a47994fe46c3ca05cd3ef31752f0ad98c50d05aa83925177ae0d422d4e202,https://www.youtube.com/s/player/f067dbb6/www-player.css
e73a47994fe46c3ca05cd3ef31752f0ad98c50d05aa83925177ae0d422d4e202,https://www.youtube-nocookie.com/s/player/f067dbb6/www-player.css
e73a47994fe46c3ca05cd3ef31752f0ad98c50d05aa83925177ae0d422d4e202,https://www.youtube.com/s/player/0d130d9d/www-player.css
e73a47994fe46c3ca05cd3ef31752f0ad98c50d05aa83925177ae0d422d4e202,https://www.youtube-nocookie.com/s/player/0d130d9d/www-player.css
e73a47994fe46c3ca05cd3ef31752f0ad98c50d05aa83925177ae0d422d4e202,https://www.youtube.com/s/player/f2de630b/www-player.css
e73a47994fe46c3ca05cd3ef31752f0ad98c50d05aa83925177ae0d422d4e202,https://www.youtube-nocookie.com/s/player/f2de630b/www-player.css
e73a47994fe46c3ca05cd3ef31752f0ad98c50d05aa83925177ae0d422d4e202,https://www.youtube.com/s/player/475c090b/www-player.css
e73a47994fe46c3ca05cd3ef31752f0ad98c50d05aa83925177ae0d422d4e202,https://www.youtube-nocookie.com/s/player/475c090b/www-player.css
e73a47994fe46c3ca05cd3ef31752f0ad98c50d05aa83925177ae0d422d4e202,https://www.youtube.com/s/player/2721aa5c/www-player.css
e73a47994fe46c3ca05cd3ef31752f0ad98c50d05aa83925177ae0d422d4e202,https://www.youtube-nocookie.com/s/player/2721aa5c/www-player.css
e73a47994fe46c3ca05cd3ef31752f0ad98c50d05aa83925177ae0d422d4e202,https://www.youtube.com/s/player/3544d5aa/www-player.css
e73a47994fe46c3ca05cd3ef31752f0ad98c50d05aa83925177ae0d422d4e202,https://www.youtube-nocookie.com/s/player/3544d5aa/www-player.css
e73a47994fe46c3ca05cd3ef31752f0ad98c50d05aa83925177ae0d422d4e202,https://www.youtube.com/s/player/cebb413d/www-player.css
e73a47994fe46c3ca05cd3ef31752f0ad98c50d05aa83925177ae0d422d4e202,https://www.youtube-nocookie.com/s/player/cebb413d/www-player.css
e73a47994fe46c3ca05cd3ef31752f0ad98c50d05aa83925177ae0d422d4e202,https://www.youtube.com/s/player/1798f86c/www-player.css
e73a47994fe46c3ca05cd3ef31752f0ad98c50d05aa83925177ae0d422d4e202,https://www.youtube-nocookie.com/s/player/1798f86c/www-player.css
e73a47994fe46c3ca05cd3ef31752f0ad98c50d05aa83925177ae0d422d4e202,https://www.youtube.com/s/player/ce945a2b/www-player.css
e73a47994fe46c3ca05cd3ef31752f0ad98c50d05aa83925177ae0d422d4e202,https://www.youtube-nocookie.com/s/player/ce945a2b/www-player.css
e73a47994fe46c3ca05cd3ef31752f0ad98c50d05aa83925177ae0d422d4e202,https://www.youtube.com/s/player/ab5096ab/www-player.css
e73a47994fe46c3ca05cd3ef31752f0ad98c50d05aa83925177ae0d422d4e202,https://www.youtube-nocookie.com/s/player/ab5096ab/www-player.css
e73a47994fe46c3ca05cd3ef31752f0ad98c50d05aa83925177ae0d422d4e202,https://www.youtube.com/s/player/f96c7636/www-player.css
e73a47994fe46c3ca05cd3ef31752f0ad98c50d05aa83925177ae0d422d4e202,https://www.youtube-nocookie.com/s/player/f96c7636/www-player.css
e73a47994fe46c3ca05cd3ef31752f0ad98c50d05aa83925177ae0d422d4e202,https://www.youtube.com/s/player/58b5c413/www-player.css
e73a47994fe46c3ca05cd3ef31752f0ad98c50d05aa83925177ae0d422d4e202,https://www.youtube-nocookie.com/s/player/58b5c413/www-player.css
e73a47994fe46c3ca05cd3ef31752f0ad98c50d05aa83925177ae0d422d4e202,https://www.youtube.com/s/player/fd1b5dc8/www-player.css
e73a47994fe46c3ca05cd3ef31752f0ad98c50d05aa83925177ae0d422d4e202,https://www.youtube-nocookie.com/s/player/fd1b5dc8/www-player.css
e7c8a5055316b32ab0baa115589477ca4edf8a28372005da3ab230c85660d3f4,https://www.youtube.com/s/player/fef22927/www-player.css
e7c8a5055316b32ab0baa115589477ca4edf8a28372005da3ab230c85660d3f4,https://www.youtube-nocookie.com/s/player/fef22927/www-player.css
e7c8a5055316b32ab0baa115589477ca4edf8a28372005da3ab230c85660d3f4,https://www.youtube.com/s/player/7fefdcfe/www-player.css
e7c8a5055316b32ab0baa115589477ca4edf8a28372005da3ab230c85660d3f4,https://www.youtube-nocookie.com/s/player/7fefdcfe/www-player.css
e7c8a5055316b32ab0baa115589477ca4edf8a28372005da3ab230c85660d3f4,https://www.youtube.com/s/player/329e7d83/www-player.css
e7c8a5055316b32ab0baa115589477ca4edf8a28372005da3ab230c85660d3f4,https://www.youtube-nocookie.com/s/player/329e7d83/www-player.css
e7c8a5055316b32ab0baa115589477ca4edf8a28372005da3ab230c85660d3f4,https://www.youtube.com/s/player/b0ff957c/www-player.css
e7c8a5055316b32ab0baa115589477ca4edf8a28372005da3ab230c85660d3f4,https://www.youtube-nocookie.com/s/player/b0ff957c/www-player.css
e7c8a5055316b32ab0baa115589477ca4edf8a28372005da3ab230c85660d3f4,https://www.youtube.com/s/player/1703d336/www-player.css
e7c8a5055316b32ab0baa115589477ca4edf8a28372005da3ab230c85660d3f4,https://www.youtube-nocookie.com/s/player/1703d336/www-player.css
e7c8a5055316b32ab0baa115589477ca4edf8a28372005da3ab230c85660d3f4,https://www.youtube.com/s/player/944b5ebc/www-player.css
e7c8a5055316b32ab0baa115589477ca4edf8a28372005da3ab230c85660d3f4,https://www.youtube-nocookie.com/s/player/944b5ebc/www-player.css
e7c8a5055316b32ab0baa115589477ca4edf8a28372005da3ab230c85660d3f4,https://www.youtube.com/s/player/9fc68080/www-player.css
e7c8a5055316b32ab0baa115589477ca4edf8a28372005da3ab230c85660d3f4,https://www.youtube-nocookie.com/s/player/9fc68080/www-player.css
e7c8a5055316b32ab0baa115589477ca4edf8a28372005da3ab230c85660d3f4,https://www.youtube.com/s/player/98d96711/www-player.css
e7c8a5055316b32ab0baa115589477ca4edf8a28372005da3ab230c85660d3f4,https://www.youtube-nocookie.com/s/player/98d96711/www-player.css
e7c8a5055316b32ab0baa115589477ca4edf8a28372005da3ab230c85660d3f4,https://www.youtube.com/s/player/b6e44494/www-player.css
e7c8a5055316b32ab0baa115589477ca4edf8a28372005da3ab230c85660d3f4,https://www.youtube-nocookie.com/s/player/b6e44494/www-player.css
e7c8a5055316b32ab0baa115589477ca4edf8a28372005da3ab230c85660d3f4,https://www.youtube.com/s/player/ce44be02/www-player.css
e7c8a5055316b32ab0baa115589477ca4edf8a28372005da3ab230c85660d3f4,https://www.youtube-nocookie.com/s/player/ce44be02/www-player.css
e7c8a5055316b32ab0baa115589477ca4edf8a28372005da3ab230c85660d3f4,https://www.youtube.com/s/player/75dfc895/www-player.css
e7c8a5055316b32ab0baa115589477ca4edf8a28372005da3ab230c85660d3f4,https://www.youtube-nocookie.com/s/player/75dfc895/www-player.css
e7c8a5055316b32ab0baa115589477ca4edf8a28372005da3ab230c85660d3f4,https://www.youtube.com/s/player/204ff6e4/www-player.css
e7c8a5055316b32ab0baa115589477ca4edf8a28372005da3ab230c85660d3f4,https://www.youtube-nocookie.com/s/player/204ff6e4/www-player.css
e7c8a5055316b32ab0baa115589477ca4edf8a28372005da3ab230c85660d3f4,https://www.youtube.com/s/player/38dca859/www-player.css
e7c8a5055316b32ab0baa115589477ca4edf8a28372005da3ab230c85660d3f4,https://www.youtube-nocookie.com/s/player/38dca859/www-player.css
e7c8a5055316b32ab0baa115589477ca4edf8a28372005da3ab230c85660d3f4,https://www.youtube.com/s/player/4e0a5143/www-player.css
e7c8a5055316b32ab0baa115589477ca4edf8a28372005da3ab230c85660d3f4,https://www.youtube-nocookie.com/s/player/4e0a5143/www-player.css
e7c8a5055316b32ab0baa115589477ca4edf8a28372005da3ab230c85660d3f4,https://www.youtube.com/s/player/fa305f43/www-player.css
e7c8a5055316b32ab0baa115589477ca4edf8a28372005da3ab230c85660d3f4,https://www.youtube-nocookie.com/s/player/fa305f43/www-player.css
e7c8a5055316b32ab0baa115589477ca4edf8a28372005da3ab230c85660d3f4,https://www.youtube.com/s/player/f649823c/www-player.css
e7c8a5055316b32ab0baa115589477ca4edf8a28372005da3ab230c85660d3f4,https://www.youtube-nocookie.com/s/player/f649823c/www-player.css
e7c8a5055316b32ab0baa115589477ca4edf8a28372005da3ab230c85660d3f4,https://www.youtube.com/s/player/f529f326/www-player.css
e7c8a5055316b32ab0baa115589477ca4edf8a28372005da3ab230c85660d3f4,https://www.youtube-nocookie.com/s/player/f529f326/www-player.css
e7c8a5055316b32ab0baa115589477ca4edf8a28372005da3ab230c85660d3f4,https://www.youtube.com/s/player/30b88c09/www-player.css
e7c8a5055316b32ab0baa115589477ca4edf8a28372005da3ab230c85660d3f4,https://www.youtube-nocookie.com/s/player/30b88c09/www-player.css
e7c8a5055316b32ab0baa115589477ca4edf8a28372005da3ab230c85660d3f4,https://www.youtube.com/s/player/6e52949b/www-player.css
e7c8a5055316b32ab0baa115589477ca4edf8a28372005da3ab230c85660d3f4,https://www.youtube-nocookie.com/s/player/6e52949b/www-player.css
e7c8a5055316b32ab0baa115589477ca4edf8a28372005da3ab230c85660d3f4,https://www.youtube.com/s/player/6506e6fd/www-player.css
e7c8a5055316b32ab0baa115589477ca4edf8a28372005da3ab230c85660d3f4,https://www.youtube-nocookie.com/s/player/6506e6fd/www-player.css
e7c8a5055316b32ab0baa115589477ca4edf8a28372005da3ab230c85660d3f4,https://www.youtube.com/s/player/a4a1bee0/www-player.css
e7c8a5055316b32ab0baa115589477ca4edf8a28372005da3ab230c85660d3f4,https://www.youtube-nocookie.com/s/player/a4a1bee0/www-player.css
e7c8a5055316b32ab0baa115589477ca4edf8a28372005da3ab230c85660d3f4,https://www.youtube.com/s/player/0d0138e0/www-player.css
e7c8a5055316b32ab0baa115589477ca4edf8a28372005da3ab230c85660d3f4,https://www.youtube-nocookie.com/s/player/0d0138e0/www-player.css
e7c8a5055316b32ab0baa115589477ca4edf8a28372005da3ab230c85660d3f4,https://www.youtube.com/s/player/fe8bd208/www-player.css
e7c8a5055316b32ab0baa115589477ca4edf8a28372005da3ab230c85660d3f4,https://www.youtube-nocookie.com/s/player/fe8bd208/www-player.css
e7c8a5055316b32ab0baa115589477ca4edf8a28372005da3ab230c85660d3f4,https://www.youtube.com/s/player/0ba40ca7/www-player.css
e7c8a5055316b32ab0baa115589477ca4edf8a28372005da3ab230c85660d3f4,https://www.youtube-nocookie.com/s/player/0ba40ca7/www-player.css
e7c8a5055316b32ab0baa115589477ca4edf8a28372005da3ab230c85660d3f4,https://www.youtube.com/s/player/46e01509/www-player.css
e7c8a5055316b32ab0baa115589477ca4edf8a28372005da3ab230c85660d3f4,https://www.youtube-nocookie.com/s/player/46e01509/www-player.css
e7c8a5055316b32ab0baa115589477ca4edf8a28372005da3ab230c85660d3f4,https://www.youtube.com/s/player/632739fe/www-player.css
e7c8a5055316b32ab0baa115589477ca4edf8a28372005da3ab230c85660d3f4,https://www.youtube-nocookie.com/s/player/632739fe/www-player.css
e7c8a5055316b32ab0baa115589477ca4edf8a28372005da3ab230c85660d3f4,https://www.youtube.com/s/player/12ae5f14/www-player.css
e7c8a5055316b32ab0baa115589477ca4edf8a28372005da3ab230c85660d3f4,https://www.youtube-nocookie.com/s/player/12ae5f14/www-player.css
e7c8a5055316b32ab0baa115589477ca4edf8a28372005da3ab230c85660d3f4,https://www.youtube.com/s/player/b91b2902/www-player.css
e7c8a5055316b32ab0baa115589477ca4edf8a28372005da3ab230c85660d3f4,https://www.youtube-nocookie.com/s/player/b91b2902/www-player.css
e7c8a5055316b32ab0baa115589477ca4edf8a28372005da3ab230c85660d3f4,https://www.youtube.com/s/player/c72d3621/www-player.css
e7c8a5055316b32ab0baa115589477ca4edf8a28372005da3ab230c85660d3f4,https://www.youtube-nocookie.com/s/player/c72d3621/www-player.css
e7c8a5055316b32ab0baa115589477ca4edf8a28372005da3ab230c85660d3f4,https://www.youtube.com/s/player/c2f7551f/www-player.css
e7c8a5055316b32ab0baa115589477ca4edf8a28372005da3ab230c85660d3f4,https://www.youtube-nocookie.com/s/player/c2f7551f/www-player.css
e7c8a5055316b32ab0baa115589477ca4edf8a28372005da3ab230c85660d3f4,https://www.youtube.com/s/player/53db3343/www-player.css
e7c8a5055316b32ab0baa115589477ca4edf8a28372005da3ab230c85660d3f4,https://www.youtube-nocookie.com/s/player/53db3343/www-player.css
e7c8a5055316b32ab0baa115589477ca4edf8a28372005da3ab230c85660d3f4,https://www.youtube.com/s/player/35c1167d/www-player.css
e7c8a5055316b32ab0baa115589477ca4edf8a28372005da3ab230c85660d3f4,https://www.youtube-nocookie.com/s/player/35c1167d/www-player.css
e7c8a5055316b32ab0baa115589477ca4edf8a28372005da3ab230c85660d3f4,https://www.youtube.com/s/player/17aa2e4c/www-player.css
e7c8a5055316b32ab0baa115589477ca4edf8a28372005da3ab230c85660d3f4,https://www.youtube-nocookie.com/s/player/17aa2e4c/www-player.css
e7c8a5055316b32ab0baa115589477ca4edf8a28372005da3ab230c85660d3f4,https://www.youtube.com/s/player/6ecf5f7a/www-player.css
e7c8a5055316b32ab0baa115589477ca4edf8a28372005da3ab230c85660d3f4,https://www.youtube-nocookie.com/s/player/6ecf5f7a/www-player.css
e7c8a5055316b32ab0baa115589477ca4edf8a28372005da3ab230c85660d3f4,https://www.youtube.com/s/player/16ef956e/www-player.css
e7c8a5055316b32ab0baa115589477ca4edf8a28372005da3ab230c85660d3f4,https://www.youtube-nocookie.com/s/player/16ef956e/www-player.css
e7c8a5055316b32ab0baa115589477ca4edf8a28372005da3ab230c85660d3f4,https://www.youtube.com/s/player/c4f5cc56/www-player.css
e7c8a5055316b32ab0baa115589477ca4edf8a28372005da3ab230c85660d3f4,https://www.youtube-nocookie.com/s/player/c4f5cc56/www-player.css
e7c8a5055316b32ab0baa115589477ca4edf8a28372005da3ab230c85660d3f4,https://www.youtube.com/s/player/57f5d44f/www-player.css
e7c8a5055316b32ab0baa115589477ca4edf8a28372005da3ab230c85660d3f4,https://www.youtube-nocookie.com/s/player/57f5d44f/www-player.css
e7c8a5055316b32ab0baa115589477ca4edf8a28372005da3ab230c85660d3f4,https://www.youtube.com/s/player/dbc3c96f/www-player.css
e7c8a5055316b32ab0baa115589477ca4edf8a28372005da3ab230c85660d3f4,https://www.youtube-nocookie.com/s/player/dbc3c96f/www-player.css
e7c8a5055316b32ab0baa115589477ca4edf8a28372005da3ab230c85660d3f4,https://www.youtube.com/s/player/80f08606/www-player.css
e7c8a5055316b32ab0baa115589477ca4edf8a28372005da3ab230c85660d3f4,https://www.youtube-nocookie.com/s/player/80f08606/www-player.css
e7c8a5055316b32ab0baa115589477ca4edf8a28372005da3ab230c85660d3f4,https://www.youtube.com/s/player/8b54769b/www-player.css
e7c8a5055316b32ab0baa115589477ca4edf8a28372005da3ab230c85660d3f4,https://www.youtube-nocookie.com/s/player/8b54769b/www-player.css
e7c8a5055316b32ab0baa115589477ca4edf8a28372005da3ab230c85660d3f4,https://www.youtube.com/s/player/0fe2b028/www-player.css
e7c8a5055316b32ab0baa115589477ca4edf8a28372005da3ab230c85660d3f4,https://www.youtube-nocookie.com/s/player/0fe2b028/www-player.css
e7c8a5055316b32ab0baa115589477ca4edf8a28372005da3ab230c85660d3f4,https://www.youtube.com/s/player/504fc963/www-player.css
e7c8a5055316b32ab0baa115589477ca4edf8a28372005da3ab230c85660d3f4,https://www.youtube-nocookie.com/s/player/504fc963/www-player.css
e7c8a5055316b32ab0baa115589477ca4edf8a28372005da3ab230c85660d3f4,https://www.youtube.com/s/player/96c57227/www-player.css
e7c8a5055316b32ab0baa115589477ca4edf8a28372005da3ab230c85660d3f4,https://www.youtube-nocookie.com/s/player/96c57227/www-player.css
e7c8a5055316b32ab0baa115589477ca4edf8a28372005da3ab230c85660d3f4,https://www.youtube.com/s/player/e1bd44b2/www-player.css
e7c8a5055316b32ab0baa115589477ca4edf8a28372005da3ab230c85660d3f4,https://www.youtube-nocookie.com/s/player/e1bd44b2/www-player.css
e7c8a5055316b32ab0baa115589477ca4edf8a28372005da3ab230c85660d3f4,https://www.youtube.com/s/player/1150a2f2/www-player.css
e7c8a5055316b32ab0baa115589477ca4edf8a28372005da3ab230c85660d3f4,https://www.youtube-nocookie.com/s/player/1150a2f2/www-player.css
e7c8a5055316b32ab0baa115589477ca4edf8a28372005da3ab230c85660d3f4,https://www.youtube.com/s/player/2ef249c2/www-player.css
e7c8a5055316b32ab0baa115589477ca4edf8a28372005da3ab230c85660d3f4,https://www.youtube-nocookie.com/s/player/2ef249c2/www-player.css
e7c8a5055316b32ab0baa115589477ca4edf8a28372005da3ab230c85660d3f4,https://www.youtube.com/s/player/58569eda/www-player.css
e7c8a5055316b32ab0baa115589477ca4edf8a28372005da3ab230c85660d3f4,https://www.youtube-nocookie.com/s/player/58569eda/www-player.css
e7c8a5055316b32ab0baa115589477ca4edf8a28372005da3ab230c85660d3f4,https://www.youtube.com/s/player/fd65c577/www-player.css
e7c8a5055316b32ab0baa115589477ca4edf8a28372005da3ab230c85660d3f4,https://www.youtube-nocookie.com/s/player/fd65c577/www-player.css
e7f0fac0591b64453e6587a6c455cc4729db733c9cb51dbb25ba873ff56f645b,https://www.youtube.com/s/player/2b8b264c/player_ias.vflset/en_US/base.js
e8065f02e80c162dd6f3e8a0d902952afd399ef7e7d2e8e1dde9814e81727b76,https://www.youtube.com/s/player/e7d74527/player_ias.vflset/en_US/base.js
e82ba96124a1dcddee649a0aad8a829a68c08a3946e77ff7ace0c50942d3f0be,https://www.youtube.com/s/player/bce13099/www-player.css
e82ba96124a1dcddee649a0aad8a829a68c08a3946e77ff7ace0c50942d3f0be,https://www.youtube-nocookie.com/s/player/bce13099/www-player.css
e8d7962f3b7633a90bb267e8bc7db0649362270e99e6c016be8c0c0126840fb6,https://www.youtube.com/s/player/d5541cec/player_ias.vflset/en_US/captions.js
e9abd0d74c5ecca848c706e3f94780a00efc33f66f1a7971ded040458851fd69,https://www.youtube.com/s/player/0e48fdab/www-widgetapi.vflset/www-widgetapi.js
e9abd0d74c5ecca848c706e3f94780a00efc33f66f1a7971ded040458851fd69,https://www.youtube.com/s/player/31da54c0/www-widgetapi.vflset/www-widgetapi.js
e9abd0d74c5ecca848c706e3f94780a00efc33f66f1a7971ded040458851fd69,https://www.youtube.com/s/player/4f43eb64/www-widgetapi.vflset/www-widgetapi.js
e9abd0d74c5ecca848c706e3f94780a00efc33f66f1a7971ded040458851fd69,https://www.youtube.com/s/player/1765788a/www-widgetapi.vflset/www-widgetapi.js
e9abd0d74c5ecca848c706e3f94780a00efc33f66f1a7971ded040458851fd69,https://www.youtube.com/s/player/f85ea353/www-widgetapi.vflset/www-widgetapi.js
e9abd0d74c5ecca848c706e3f94780a00efc33f66f1a7971ded040458851fd69,https://www.youtube.com/s/player/11c0c1a9/www-widgetapi.vflset/www-widgetapi.js
e9abd0d74c5ecca848c706e3f94780a00efc33f66f1a7971ded040458851fd69,https://www.youtube.com/s/player/4f48ea67/www-widgetapi.vflset/www-widgetapi.js
e9abd0d74c5ecca848c706e3f94780a00efc33f66f1a7971ded040458851fd69,https://www.youtube.com/s/player/8e54e4ea/www-widgetapi.vflset/www-widgetapi.js
e9abd0d74c5ecca848c706e3f94780a00efc33f66f1a7971ded040458851fd69,https://www.youtube.com/s/player/116dbe15/www-widgetapi.vflset/www-widgetapi.js
e9abd0d74c5ecca848c706e3f94780a00efc33f66f1a7971ded040458851fd69,https://www.youtube.com/s/player/09d72748/www-widgetapi.vflset/www-widgetapi.js
e9abd0d74c5ecca848c706e3f94780a00efc33f66f1a7971ded040458851fd69,https://www.youtube.com/s/player/847bad37/www-widgetapi.vflset/www-widgetapi.js
e9abd0d74c5ecca848c706e3f94780a00efc33f66f1a7971ded040458851fd69,https://www.youtube.com/s/player/5e4f1adf/www-widgetapi.vflset/www-widgetapi.js
e9abd0d74c5ecca848c706e3f94780a00efc33f66f1a7971ded040458851fd69,https://www.youtube.com/s/player/32dc5910/www-widgetapi.vflset/www-widgetapi.js
e9abd0d74c5ecca848c706e3f94780a00efc33f66f1a7971ded040458851fd69,https://www.youtube.com/s/player/207c58dc/www-widgetapi.vflset/www-widgetapi.js
e9abd0d74c5ecca848c706e3f94780a00efc33f66f1a7971ded040458851fd69,https://www.youtube.com/s/player/8180e7ff/www-widgetapi.vflset/www-widgetapi.js
e9abd0d74c5ecca848c706e3f94780a00efc33f66f1a7971ded040458851fd69,https://www.youtube.com/s/player/68896037/www-widgetapi.vflset/www-widgetapi.js
e9abd0d74c5ecca848c706e3f94780a00efc33f66f1a7971ded040458851fd69,https://www.youtube.com/s/player/c38b4eda/www-widgetapi.vflset/www-widgetapi.js
e9abd0d74c5ecca848c706e3f94780a00efc33f66f1a7971ded040458851fd69,https://www.youtube.com/s/player/8201a429/www-widgetapi.vflset/www-widgetapi.js
e9abd0d74c5ecca848c706e3f94780a00efc33f66f1a7971ded040458851fd69,https://www.youtube.com/s/player/a9f67a82/www-widgetapi.vflset/www-widgetapi.js
e9abd0d74c5ecca848c706e3f94780a00efc33f66f1a7971ded040458851fd69,https://www.youtube.com/s/player/db24d012/www-widgetapi.vflset/www-widgetapi.js
e9abd0d74c5ecca848c706e3f94780a00efc33f66f1a7971ded040458851fd69,https://www.youtube.com/s/player/ab09dcd0/www-widgetapi.vflset/www-widgetapi.js
e9abd0d74c5ecca848c706e3f94780a00efc33f66f1a7971ded040458851fd69,https://www.youtube.com/s/player/367cdf18/www-widgetapi.vflset/www-widgetapi.js
e9abd0d74c5ecca848c706e3f94780a00efc33f66f1a7971ded040458851fd69,https://www.youtube.com/s/player/321b2c25/www-widgetapi.vflset/www-widgetapi.js
e9abd0d74c5ecca848c706e3f94780a00efc33f66f1a7971ded040458851fd69,https://www.youtube.com/s/player/1ebf2aa6/www-widgetapi.vflset/www-widgetapi.js
e9abd0d74c5ecca848c706e3f94780a00efc33f66f1a7971ded040458851fd69,https://www.youtube.com/s/player/a926f773/www-widgetapi.vflset/www-widgetapi.js
e9abd0d74c5ecca848c706e3f94780a00efc33f66f1a7971ded040458851fd69,https://www.youtube.com/s/player/fac96cf8/www-widgetapi.vflset/www-widgetapi.js
e9abd0d74c5ecca848c706e3f94780a00efc33f66f1a7971ded040458851fd69,https://www.youtube.com/s/player/631d3938/www-widgetapi.vflset/www-widgetapi.js
e9abd0d74c5ecca848c706e3f94780a00efc33f66f1a7971ded040458851fd69,https://www.youtube.com/s/player/f4f314f0/www-widgetapi.vflset/www-widgetapi.js
e9abd0d74c5ecca848c706e3f94780a00efc33f66f1a7971ded040458851fd69,https://www.youtube.com/s/player/5e55da5a/www-widgetapi.vflset/www-widgetapi.js
e9abd0d74c5ecca848c706e3f94780a00efc33f66f1a7971ded040458851fd69,https://www.youtube.com/s/player/76ad2fe8/www-widgetapi.vflset/www-widgetapi.js
e9abd0d74c5ecca848c706e3f94780a00efc33f66f1a7971ded040458851fd69,https://www.youtube.com/s/player/79fcc67d/www-widgetapi.vflset/www-widgetapi.js
e9abd0d74c5ecca848c706e3f94780a00efc33f66f1a7971ded040458851fd69,https://www.youtube.com/s/player/21cd2156/www-widgetapi.vflset/www-widgetapi.js
e9abd0d74c5ecca848c706e3f94780a00efc33f66f1a7971ded040458851fd69,https://www.youtube.com/s/player/f4f81892/www-widgetapi.vflset/www-widgetapi.js
e9abd0d74c5ecca848c706e3f94780a00efc33f66f1a7971ded040458851fd69,https://www.youtube.com/s/player/9fcf08e8/www-widgetapi.vflset/www-widgetapi.js
e9abd0d74c5ecca848c706e3f94780a00efc33f66f1a7971ded040458851fd69,https://www.youtube.com/s/player/859db743/www-widgetapi.vflset/www-widgetapi.js
e9abd0d74c5ecca848c706e3f94780a00efc33f66f1a7971ded040458851fd69,https://www.youtube.com/s/player/d793a5ff/www-widgetapi.vflset/www-widgetapi.js
e9abd0d74c5ecca848c706e3f94780a00efc33f66f1a7971ded040458851fd69,https://www.youtube.com/s/player/d396ac15/www-widgetapi.vflset/www-widgetapi.js
e9abd0d74c5ecca848c706e3f94780a00efc33f66f1a7971ded040458851fd69,https://www.youtube.com/s/player/56545ff7/www-widgetapi.vflset/www-widgetapi.js
e9abd0d74c5ecca848c706e3f94780a00efc33f66f1a7971ded040458851fd69,https://www.youtube.com/s/player/70a17a5c/www-widgetapi.vflset/www-widgetapi.js
e9abd0d74c5ecca848c706e3f94780a00efc33f66f1a7971ded040458851fd69,https://www.youtube.com/s/player/e7573094/www-widgetapi.vflset/www-widgetapi.js
e9abd0d74c5ecca848c706e3f94780a00efc33f66f1a7971ded040458851fd69,https://www.youtube.com/s/player/901741ab/www-widgetapi.vflset/www-widgetapi.js
e9abd0d74c5ecca848c706e3f94780a00efc33f66f1a7971ded040458851fd69,https://www.youtube.com/s/player/7929661f/www-widgetapi.vflset/www-widgetapi.js
e9abd0d74c5ecca848c706e3f94780a00efc33f66f1a7971ded040458851fd69,https://www.youtube.com/s/player/6572a644/www-widgetapi.vflset/www-widgetapi.js
e9abd0d74c5ecca848c706e3f94780a00efc33f66f1a7971ded040458851fd69,https://www.youtube.com/s/player/487b9fc1/www-widgetapi.vflset/www-widgetapi.js
e9abd0d74c5ecca848c706e3f94780a00efc33f66f1a7971ded040458851fd69,https://www.youtube.com/s/player/25822515/www-widgetapi.vflset/www-widgetapi.js
e9abd0d74c5ecca848c706e3f94780a00efc33f66f1a7971ded040458851fd69,https://www.youtube.com/s/player/74edf1a3/www-widgetapi.vflset/www-widgetapi.js
e9abd0d74c5ecca848c706e3f94780a00efc33f66f1a7971ded040458851fd69,https://www.youtube.com/s/player/01bde470/www-widgetapi.vflset/www-widgetapi.js
e9abd0d74c5ecca848c706e3f94780a00efc33f66f1a7971ded040458851fd69,https://www.youtube.com/s/player/316b61b4/www-widgetapi.vflset/www-widgetapi.js
e9abd0d74c5ecca848c706e3f94780a00efc33f66f1a7971ded040458851fd69,https://www.youtube.com/s/player/ebc32385/www-widgetapi.vflset/www-widgetapi.js
e9abd0d74c5ecca848c706e3f94780a00efc33f66f1a7971ded040458851fd69,https://www.youtube.com/s/player/18d29a11/www-widgetapi.vflset/www-widgetapi.js
e9abd0d74c5ecca848c706e3f94780a00efc33f66f1a7971ded040458851fd69,https://www.youtube.com/s/player/9e63f8e4/www-widgetapi.vflset/www-widgetapi.js
e9abd0d74c5ecca848c706e3f94780a00efc33f66f1a7971ded040458851fd69,https://www.youtube.com/s/player/70186827/www-widgetapi.vflset/www-widgetapi.js
e9abd0d74c5ecca848c706e3f94780a00efc33f66f1a7971ded040458851fd69,https://www.youtube.com/s/player/6e2f1c8a/www-widgetapi.vflset/www-widgetapi.js
e9abd0d74c5ecca848c706e3f94780a00efc33f66f1a7971ded040458851fd69,https://www.youtube.com/s/player/e42f4bf8/www-widgetapi.vflset/www-widgetapi.js
e9abd0d74c5ecca848c706e3f94780a00efc33f66f1a7971ded040458851fd69,https://www.youtube.com/s/player/05540cb0/www-widgetapi.vflset/www-widgetapi.js
e9abd0d74c5ecca848c706e3f94780a00efc33f66f1a7971ded040458851fd69,https://www.youtube.com/s/player/edc3ba07/www-widgetapi.vflset/www-widgetapi.js
e9abd0d74c5ecca848c706e3f94780a00efc33f66f1a7971ded040458851fd69,https://www.youtube.com/s/player/1fc62019/www-widgetapi.vflset/www-widgetapi.js
e9abd0d74c5ecca848c706e3f94780a00efc33f66f1a7971ded040458851fd69,https://www.youtube.com/s/player/63233546/www-widgetapi.vflset/www-widgetapi.js
e9abd0d74c5ecca848c706e3f94780a00efc33f66f1a7971ded040458851fd69,https://www.youtube.com/s/player/56211dc2/www-widgetapi.vflset/www-widgetapi.js
e9abd0d74c5ecca848c706e3f94780a00efc33f66f1a7971ded040458851fd69,https://www.youtube.com/s/player/290465a5/www-widgetapi.vflset/www-widgetapi.js
e9abd0d74c5ecca848c706e3f94780a00efc33f66f1a7971ded040458851fd69,https://www.youtube.com/s/player/44899b31/www-widgetapi.vflset/www-widgetapi.js
e9abd0d74c5ecca848c706e3f94780a00efc33f66f1a7971ded040458851fd69,https://www.youtube.com/s/player/dc7b3d61/www-widgetapi.vflset/www-widgetapi.js
e9abd0d74c5ecca848c706e3f94780a00efc33f66f1a7971ded040458851fd69,https://www.youtube.com/s/player/0fa0965b/www-widgetapi.vflset/www-widgetapi.js
e9abd0d74c5ecca848c706e3f94780a00efc33f66f1a7971ded040458851fd69,https://www.youtube.com/s/player/6c5cb4f4/www-widgetapi.vflset/www-widgetapi.js
e9abd0d74c5ecca848c706e3f94780a00efc33f66f1a7971ded040458851fd69,https://www.youtube.com/s/player/08635129/www-widgetapi.vflset/www-widgetapi.js
e9abd0d74c5ecca848c706e3f94780a00efc33f66f1a7971ded040458851fd69,https://www.youtube.com/s/player/4d3f167a/www-widgetapi.vflset/www-widgetapi.js
e9abd0d74c5ecca848c706e3f94780a00efc33f66f1a7971ded040458851fd69,https://www.youtube.com/s/player/5a188d69/www-widgetapi.vflset/www-widgetapi.js
e9abd0d74c5ecca848c706e3f94780a00efc33f66f1a7971ded040458851fd69,https://www.youtube.com/s/player/99f55c01/www-widgetapi.vflset/www-widgetapi.js
e9abd0d74c5ecca848c706e3f94780a00efc33f66f1a7971ded040458851fd69,https://www.youtube.com/s/player/ecc3e9a7/www-widgetapi.vflset/www-widgetapi.js
e9abd0d74c5ecca848c706e3f94780a00efc33f66f1a7971ded040458851fd69,https://www.youtube.com/s/player/9f4cc5e4/www-widgetapi.vflset/www-widgetapi.js
e9abd0d74c5ecca848c706e3f94780a00efc33f66f1a7971ded040458851fd69,https://www.youtube.com/s/player/c34f8c34/www-widgetapi.vflset/www-widgetapi.js
e9abd0d74c5ecca848c706e3f94780a00efc33f66f1a7971ded040458851fd69,https://www.youtube.com/s/player/140dafda/www-widgetapi.vflset/www-widgetapi.js
e9abd0d74c5ecca848c706e3f94780a00efc33f66f1a7971ded040458851fd69,https://www.youtube.com/s/player/e7f8ddfa/www-widgetapi.vflset/www-widgetapi.js
e9abd0d74c5ecca848c706e3f94780a00efc33f66f1a7971ded040458851fd69,https://www.youtube.com/s/player/5f803d10/www-widgetapi.vflset/www-widgetapi.js
e9abd0d74c5ecca848c706e3f94780a00efc33f66f1a7971ded040458851fd69,https://www.youtube.com/s/player/38bfa716/www-widgetapi.vflset/www-widgetapi.js
e9abd0d74c5ecca848c706e3f94780a00efc33f66f1a7971ded040458851fd69,https://www.youtube.com/s/player/ec38d4eb/www-widgetapi.vflset/www-widgetapi.js
e9abd0d74c5ecca848c706e3f94780a00efc33f66f1a7971ded040458851fd69,https://www.youtube.com/s/player/ea233d9b/www-widgetapi.vflset/www-widgetapi.js
e9abd0d74c5ecca848c706e3f94780a00efc33f66f1a7971ded040458851fd69,https://www.youtube.com/s/player/32a343c8/www-widgetapi.vflset/www-widgetapi.js
e9abd0d74c5ecca848c706e3f94780a00efc33f66f1a7971ded040458851fd69,https://www.youtube.com/s/player/4eecba16/www-widgetapi.vflset/www-widgetapi.js
e9abd0d74c5ecca848c706e3f94780a00efc33f66f1a7971ded040458851fd69,https://www.youtube.com/s/player/267b6435/www-widgetapi.vflset/www-widgetapi.js
e9abd0d74c5ecca848c706e3f94780a00efc33f66f1a7971ded040458851fd69,https://www.youtube.com/s/player/69722e65/www-widgetapi.vflset/www-widgetapi.js
e9abd0d74c5ecca848c706e3f94780a00efc33f66f1a7971ded040458851fd69,https://www.youtube.com/s/player/d46d9f81/www-widgetapi.vflset/www-widgetapi.js
e9abd0d74c5ecca848c706e3f94780a00efc33f66f1a7971ded040458851fd69,https://www.youtube.com/s/player/00c52fa0/www-widgetapi.vflset/www-widgetapi.js
e9abd0d74c5ecca848c706e3f94780a00efc33f66f1a7971ded040458851fd69,https://www.youtube.com/s/player/0b59edd6/www-widgetapi.vflset/www-widgetapi.js
e9abd0d74c5ecca848c706e3f94780a00efc33f66f1a7971ded040458851fd69,https://www.youtube.com/s/player/03f50d92/www-widgetapi.vflset/www-widgetapi.js
e9abd0d74c5ecca848c706e3f94780a00efc33f66f1a7971ded040458851fd69,https://www.youtube.com/s/player/bffb4292/www-widgetapi.vflset/www-widgetapi.js
e9abd0d74c5ecca848c706e3f94780a00efc33f66f1a7971ded040458851fd69,https://www.youtube.com/s/player/4e67f8a0/www-widgetapi.vflset/www-widgetapi.js
e9abd0d74c5ecca848c706e3f94780a00efc33f66f1a7971ded040458851fd69,https://www.youtube.com/s/player/88a886f1/www-widgetapi.vflset/www-widgetapi.js
e9abd0d74c5ecca848c706e3f94780a00efc33f66f1a7971ded040458851fd69,https://www.youtube.com/s/player/46c7ab03/www-widgetapi.vflset/www-widgetapi.js
e9abd0d74c5ecca848c706e3f94780a00efc33f66f1a7971ded040458851fd69,https://www.youtube.com/s/player/b0ee622c/www-widgetapi.vflset/www-widgetapi.js
e9abd0d74c5ecca848c706e3f94780a00efc33f66f1a7971ded040458851fd69,https://www.youtube.com/s/player/251ca12e/www-widgetapi.vflset/www-widgetapi.js
e9abd0d74c5ecca848c706e3f94780a00efc33f66f1a7971ded040458851fd69,https://www.youtube.com/s/player/94667337/www-widgetapi.vflset/www-widgetapi.js
e9abd0d74c5ecca848c706e3f94780a00efc33f66f1a7971ded040458851fd69,https://www.youtube.com/s/player/e0528946/www-widgetapi.vflset/www-widgetapi.js
e9abd0d74c5ecca848c706e3f94780a00efc33f66f1a7971ded040458851fd69,https://www.youtube.com/s/player/f57a8142/www-widgetapi.vflset/www-widgetapi.js
e9abd0d74c5ecca848c706e3f94780a00efc33f66f1a7971ded040458851fd69,https://www.youtube.com/s/player/48995d17/www-widgetapi.vflset/www-widgetapi.js
e9abd0d74c5ecca848c706e3f94780a00efc33f66f1a7971ded040458851fd69,https://www.youtube.com/s/player/a13049a3/www-widgetapi.vflset/www-widgetapi.js
e9abd0d74c5ecca848c706e3f94780a00efc33f66f1a7971ded040458851fd69,https://www.youtube.com/s/player/62a6a39e/www-widgetapi.vflset/www-widgetapi.js
e9abd0d74c5ecca848c706e3f94780a00efc33f66f1a7971ded040458851fd69,https://www.youtube.com/s/player/4c5cf06a/www-widgetapi.vflset/www-widgetapi.js
e9abd0d74c5ecca848c706e3f94780a00efc33f66f1a7971ded040458851fd69,https://www.youtube.com/s/player/23ba8f45/www-widgetapi.vflset/www-widgetapi.js
e9abd0d74c5ecca848c706e3f94780a00efc33f66f1a7971ded040458851fd69,https://www.youtube.com/s/player/b6048f74/www-widgetapi.vflset/www-widgetapi.js
e9abd0d74c5ecca848c706e3f94780a00efc33f66f1a7971ded040458851fd69,https://www.youtube.com/s/player/fb58f923/www-widgetapi.vflset/www-widgetapi.js
e9abd0d74c5ecca848c706e3f94780a00efc33f66f1a7971ded040458851fd69,https://www.youtube.com/s/player/a944b11f/www-widgetapi.vflset/www-widgetapi.js
e9abd0d74c5ecca848c706e3f94780a00efc33f66f1a7971ded040458851fd69,https://www.youtube.com/s/player/5fc1ea49/www-widgetapi.vflset/www-widgetapi.js
e9abd0d74c5ecca848c706e3f94780a00efc33f66f1a7971ded040458851fd69,https://www.youtube.com/s/player/3cfa24db/www-widgetapi.vflset/www-widgetapi.js
e9abd0d74c5ecca848c706e3f94780a00efc33f66f1a7971ded040458851fd69,https://www.youtube.com/s/player/a0424aaf/www-widgetapi.vflset/www-widgetapi.js
e9abd0d74c5ecca848c706e3f94780a00efc33f66f1a7971ded040458851fd69,https://www.youtube.com/s/player/d9ea877b/www-widgetapi.vflset/www-widgetapi.js
e9abd0d74c5ecca848c706e3f94780a00efc33f66f1a7971ded040458851fd69,https://www.youtube.com/s/player/f067dbb6/www-widgetapi.vflset/www-widgetapi.js
e9abd0d74c5ecca848c706e3f94780a00efc33f66f1a7971ded040458851fd69,https://www.youtube.com/s/player/0d130d9d/www-widgetapi.vflset/www-widgetapi.js
e9abd0d74c5ecca848c706e3f94780a00efc33f66f1a7971ded040458851fd69,https://www.youtube.com/s/player/f2de630b/www-widgetapi.vflset/www-widgetapi.js
e9abd0d74c5ecca848c706e3f94780a00efc33f66f1a7971ded040458851fd69,https://www.youtube.com/s/player/475c090b/www-widgetapi.vflset/www-widgetapi.js
e9abd0d74c5ecca848c706e3f94780a00efc33f66f1a7971ded040458851fd69,https://www.youtube.com/s/player/2721aa5c/www-widgetapi.vflset/www-widgetapi.js
e9abd0d74c5ecca848c706e3f94780a00efc33f66f1a7971ded040458851fd69,https://www.youtube.com/s/player/3544d5aa/www-widgetapi.vflset/www-widgetapi.js
e9abd0d74c5ecca848c706e3f94780a00efc33f66f1a7971ded040458851fd69,https://www.youtube.com/s/player/cebb413d/www-widgetapi.vflset/www-widgetapi.js
e9abd0d74c5ecca848c706e3f94780a00efc33f66f1a7971ded040458851fd69,https://www.youtube.com/s/player/1798f86c/www-widgetapi.vflset/www-widgetapi.js
e9abd0d74c5ecca848c706e3f94780a00efc33f66f1a7971ded040458851fd69,https://www.youtube.com/s/player/ce945a2b/www-widgetapi.vflset/www-widgetapi.js
e9abd0d74c5ecca848c706e3f94780a00efc33f66f1a7971ded040458851fd69,https://www.youtube.com/s/player/ab5096ab/www-widgetapi.vflset/www-widgetapi.js
e9abd0d74c5ecca848c706e3f94780a00efc33f66f1a7971ded040458851fd69,https://www.youtube.com/s/player/f96c7636/www-widgetapi.vflset/www-widgetapi.js
e9abd0d74c5ecca848c706e3f94780a00efc33f66f1a7971ded040458851fd69,https://www.youtube.com/s/player/58b5c413/www-widgetapi.vflset/www-widgetapi.js
e9abd0d74c5ecca848c706e3f94780a00efc33f66f1a7971ded040458851fd69,https://www.youtube.com/s/player/fd1b5dc8/www-widgetapi.vflset/www-widgetapi.js
e9abd0d74c5ecca848c706e3f94780a00efc33f66f1a7971ded040458851fd69,https://www.youtube.com/s/player/4e51e895/www-widgetapi.vflset/www-widgetapi.js
e9abd0d74c5ecca848c706e3f94780a00efc33f66f1a7971ded040458851fd69,https://www.youtube.com/s/player/0675bd00/www-widgetapi.vflset/www-widgetapi.js
e9abd0d74c5ecca848c706e3f94780a00efc33f66f1a7971ded040458851fd69,https://www.youtube.com/s/player/3510b6ff/www-widgetapi.vflset/www-widgetapi.js
e9abd0d74c5ecca848c706e3f94780a00efc33f66f1a7971ded040458851fd69,https://www.youtube.com/s/player/f104ea90/www-widgetapi.vflset/www-widgetapi.js
e9abd0d74c5ecca848c706e3f94780a00efc33f66f1a7971ded040458851fd69,https://www.youtube.com/s/player/54bd1de4/www-widgetapi.vflset/www-widgetapi.js
e9abd0d74c5ecca848c706e3f94780a00efc33f66f1a7971ded040458851fd69,https://www.youtube.com/s/player/5d93cfdb/www-widgetapi.vflset/www-widgetapi.js
ea08f0b8566a9916e3e50a7b1a4de32470be8e5ab321e575cdb8d45895a570d2,https://www.youtube.com/s/player/316b61b4/player_ias.vflset/en_US/base.js
ea38e72afc9d774ff119a96a9f368f8d4c3918212207ec34cc758b91fa6e72df,https://www.youtube.com/s/player/0ba40ca7/player_ias.vflset/en_US/base.js
ea581fd711a928e3d1b36164b2730926f44903cb4cfd44165ce0be7b01355c59,https://www.youtube.com/s/player/65578ad1/player_ias.vflset/en_US/captions.js
ea70ba88dfd77e3b459a52ea5558b04fdd57cc43bab1b0fa161ee11627fa2710,https://www.youtube.com/s/player/f2de630b/player_ias.vflset/en_US/base.js
ea89ca48fa3a3d1577c14ac7e2935ef8ae31e29155a965537469d7e090c0f5dd,https://www.youtube.com/s/player/58b5c413/player_ias.vflset/en_US/captions.js
eb0ccbddfd8e0f4fdb1b490bdb7680853b0ef1db9cc672896cfc9b6e50c44afc,https://www.youtube.com/s/player/c6d7bdc9/player_ias.vflset/en_US/captions.js
ec377015fad4bd6dcc354902d55a173431829b850f166f47fa4429f20a60a848,https://www.youtube.com/s/player/9da62807/player_ias.vflset/en_US/base.js
ed25898550f35ab2fb2502202adaff9ef987abfe3e13cccb68b7fe24f8269647,https://www.youtube.com/s/player/964f0dc6/player_ias.vflset/en_US/base.js
ed466cc003448876a73ad005597c05d4db2aac10cd4b6e9d7bdcc2b5d5f0bce4,https://www.youtube.com/s/player/11c0c1a9/player_ias.vflset/en_US/base.js
ed5308c30a60d238ec839b6a5492163e1a7fcabfd83910905e0a49f5be036ce4,https://www.youtube.com/s/player/05540cb0/player_ias.vflset/en_US/captions.js
ed9a4ea0646332a6b6c973ebe5a915c62c43db89bb2bb1a31eba07d906ef8ff7,https://www.youtube.com/s/player/74edf1a3/player_ias.vflset/en_US/base.js
ee5b42a7d29b7b3a57865c1a0180c3664b7bca9e4b3216501a50e0c1bcf4e266,https://www.youtube.com/s/player/ed89dc10/player_ias.vflset/en_US/base.js
ee71084ceed2f7540b751eb96d032a45912dd35d9efa35d6c1f5ae26f53e5922,https://www.youtube.com/s/player/c38b4eda/player_ias.vflset/en_US/base.js
ef14b63fae2e827a3c60736b1613ff5862d613ee60c514baf19ddfdb4605e612,https://www.youtube.com/s/player/1c3a131b/player_ias.vflset/en_US/base.js
ef241cf3c9ec3db7a4e6dd6dcc9028ca5fa8826f684eaf5180ffe40a990daf9e,https://www.youtube.com/s/player/fe8bd208/player_ias.vflset/en_US/base.js
ef33fc2cf6cd884d5d50c18b3373d3e181686d328ff0f482d5af159c75639d71,https://www.youtube.com/s/player/69722e65/player_ias.vflset/en_US/base.js
ef56b49186aba4b924446296bdf18e8edbaca215ac783fb0909f6cfaf33e5b84,https://www.youtube.com/s/player/267b6435/player_ias.vflset/en_US/base.js
f0b75bed10bc8ae5e85e3a3832e57ea37316bcf04a70335ba4353b05f8b855e3,https://www.youtube.com/s/player/6f3fcd4c/player_ias.vflset/en_US/base.js
f140b6831469664f09fb07ae991e983b46752deaa9d8a8b214852f235ea6e7d0,https://www.youtube.com/s/player/0980151a/www-player.css
f140b6831469664f09fb07ae991e983b46752deaa9d8a8b214852f235ea6e7d0,https://www.youtube-nocookie.com/s/player/0980151a/www-player.css
f140b6831469664f09fb07ae991e983b46752deaa9d8a8b214852f235ea6e7d0,https://www.youtube.com/s/player/e354dd90/www-player.css
f140b6831469664f09fb07ae991e983b46752deaa9d8a8b214852f235ea6e7d0,https://www.youtube-nocookie.com/s/player/e354dd90/www-player.css
f140b6831469664f09fb07ae991e983b46752deaa9d8a8b214852f235ea6e7d0,https://www.youtube.com/s/player/bc7db0b2/www-player.css
f140b6831469664f09fb07ae991e983b46752deaa9d8a8b214852f235ea6e7d0,https://www.youtube-nocookie.com/s/player/bc7db0b2/www-player.css
f140b6831469664f09fb07ae991e983b46752deaa9d8a8b214852f235ea6e7d0,https://www.youtube.com/s/player/2b8b264c/www-player.css
f140b6831469664f09fb07ae991e983b46752deaa9d8a8b214852f235ea6e7d0,https://www.youtube-nocookie.com/s/player/2b8b264c/www-player.css
f140b6831469664f09fb07ae991e983b46752deaa9d8a8b214852f235ea6e7d0,https://www.youtube.com/s/player/a8fa2535/www-player.css
f140b6831469664f09fb07ae991e983b46752deaa9d8a8b214852f235ea6e7d0,https://www.youtube-nocookie.com/s/player/a8fa2535/www-player.css
f140b6831469664f09fb07ae991e983b46752deaa9d8a8b214852f235ea6e7d0,https://www.youtube.com/s/player/d9454757/www-player.css
f140b6831469664f09fb07ae991e983b46752deaa9d8a8b214852f235ea6e7d0,https://www.youtube-nocookie.com/s/player/d9454757/www-player.css
f140b6831469664f09fb07ae991e983b46752deaa9d8a8b214852f235ea6e7d0,https://www.youtube.com/s/player/ffdec792/www-player.css
f140b6831469664f09fb07ae991e983b46752deaa9d8a8b214852f235ea6e7d0,https://www.youtube-nocookie.com/s/player/ffdec792/www-player.css
f140b6831469664f09fb07ae991e983b46752deaa9d8a8b214852f235ea6e7d0,https://www.youtube.com/s/player/49f48b9f/www-player.css
f140b6831469664f09fb07ae991e983b46752deaa9d8a8b214852f235ea6e7d0,https://www.youtube-nocookie.com/s/player/49f48b9f/www-player.css
f140b6831469664f09fb07ae991e983b46752deaa9d8a8b214852f235ea6e7d0,https://www.youtube.com/s/player/45ac5a1a/www-player.css
f140b6831469664f09fb07ae991e983b46752deaa9d8a8b214852f235ea6e7d0,https://www.youtube-nocookie.com/s/player/45ac5a1a/www-player.css
f140b6831469664f09fb07ae991e983b46752deaa9d8a8b214852f235ea6e7d0,https://www.youtube.com/s/player/0c9dcb4e/www-player.css
f140b6831469664f09fb07ae991e983b46752deaa9d8a8b214852f235ea6e7d0,https://www.youtube-nocookie.com/s/player/0c9dcb4e/www-player.css
f140b6831469664f09fb07ae991e983b46752deaa9d8a8b214852f235ea6e7d0,https://www.youtube.com/s/player/a57cdcbf/www-player.css
f140b6831469664f09fb07ae991e983b46752deaa9d8a8b214852f235ea6e7d0,https://www.youtube-nocookie.com/s/player/a57cdcbf/www-player.css
f140b6831469664f09fb07ae991e983b46752deaa9d8a8b214852f235ea6e7d0,https://www.youtube.com/s/player/964f0dc6/www-player.css
f140b6831469664f09fb07ae991e983b46752deaa9d8a8b214852f235ea6e7d0,https://www.youtube-nocookie.com/s/player/964f0dc6/www-player.css
f140b6831469664f09fb07ae991e983b46752deaa9d8a8b214852f235ea6e7d0,https://www.youtube.com/s/player/553d5bd7/www-player.css
f140b6831469664f09fb07ae991e983b46752deaa9d8a8b214852f235ea6e7d0,https://www.youtube-nocookie.com/s/player/553d5bd7/www-player.css
f140b6831469664f09fb07ae991e983b46752deaa9d8a8b214852f235ea6e7d0,https://www.youtube.com/s/player/bcd88ad3/www-player.css
f140b6831469664f09fb07ae991e983b46752deaa9d8a8b214852f235ea6e7d0,https://www.youtube-nocookie.com/s/player/bcd88ad3/www-player.css
f140b6831469664f09fb07ae991e983b46752deaa9d8a8b214852f235ea6e7d0,https://www.youtube.com/s/player/820123f3/www-player.css
f140b6831469664f09fb07ae991e983b46752deaa9d8a8b214852f235ea6e7d0,https://www.youtube-nocookie.com/s/player/820123f3/www-player.css
f140b6831469664f09fb07ae991e983b46752deaa9d8a8b214852f235ea6e7d0,https://www.youtube.com/s/player/911df14e/www-player.css
f140b6831469664f09fb07ae991e983b46752deaa9d8a8b214852f235ea6e7d0,https://www.youtube-nocookie.com/s/player/911df14e/www-player.css
f140b6831469664f09fb07ae991e983b46752deaa9d8a8b214852f235ea6e7d0,https://www.youtube.com/s/player/8456c9de/www-player.css
f140b6831469664f09fb07ae991e983b46752deaa9d8a8b214852f235ea6e7d0,https://www.youtube-nocookie.com/s/player/8456c9de/www-player.css
f140b6831469664f09fb07ae991e983b46752deaa9d8a8b214852f235ea6e7d0,https://www.youtube.com/s/player/9955f7e6/www-player.css
f140b6831469664f09fb07ae991e983b46752deaa9d8a8b214852f235ea6e7d0,https://www.youtube-nocookie.com/s/player/9955f7e6/www-player.css
f140b6831469664f09fb07ae991e983b46752deaa9d8a8b214852f235ea6e7d0,https://www.youtube.com/s/player/58012f6a/www-player.css
f140b6831469664f09fb07ae991e983b46752deaa9d8a8b214852f235ea6e7d0,https://www.youtube-nocookie.com/s/player/58012f6a/www-player.css
f140b6831469664f09fb07ae991e983b46752deaa9d8a8b214852f235ea6e7d0,https://www.youtube.com/s/player/ecde8a55/www-player.css
f140b6831469664f09fb07ae991e983b46752deaa9d8a8b214852f235ea6e7d0,https://www.youtube-nocookie.com/s/player/ecde8a55/www-player.css
f140b6831469664f09fb07ae991e983b46752deaa9d8a8b214852f235ea6e7d0,https://www.youtube.com/s/player/1e1d6f74/www-player.css
f140b6831469664f09fb07ae991e983b46752deaa9d8a8b214852f235ea6e7d0,https://www.youtube-nocookie.com/s/player/1e1d6f74/www-player.css
f140b6831469664f09fb07ae991e983b46752deaa9d8a8b214852f235ea6e7d0,https://www.youtube.com/s/player/1bb6ee63/www-player.css
f140b6831469664f09fb07ae991e983b46752deaa9d8a8b214852f235ea6e7d0,https://www.youtube-nocookie.com/s/player/1bb6ee63/www-player.css
f140b6831469664f09fb07ae991e983b46752deaa9d8a8b214852f235ea6e7d0,https://www.youtube.com/s/player/50fb0efb/www-player.css
f140b6831469664f09fb07ae991e983b46752deaa9d8a8b214852f235ea6e7d0,https://www.youtube-nocookie.com/s/player/50fb0efb/www-player.css
f14a0d49cbaeabf5671a921a3fb1d852515b1606fa465361c62a89f5a802edd1,https://www.youtube.com/s/player/a307fffd/player_ias.vflset/en_US/captions.js
f15de880cc612113b24d44e8bb6dc0c4b761ed565e931b3a70342d389e522efe,https://www.youtube.com/s/player/56af1322/player_ias.vflset/en_US/captions.js
f15de880cc612113b24d44e8bb6dc0c4b761ed565e931b3a70342d389e522efe,https://www.youtube.com/s/player/f00d1fdd/player_ias.vflset/en_US/captions.js
f1e42bbe7f76194b2d42325b8ab2e7308e2e91fdb2804f1f6abe781ed1490dc8,https://www.youtube.com/s/player/cb017549/player_ias.vflset/en_US/base.js
f1fbd8bdba9dff67170976fbd50f5b67c840a9388b261da71212d22f27feb1c2,https://www.youtube.com/s/player/669cd14f/player_ias.vflset/en_US/base.js
f201b392a4b33b12ad413281b03965db489e11dea0352521993bd99ff1c9e6ae,https://www.youtube.com/s/player/a0424aaf/player_ias.vflset/en_US/base.js
f2573362c0137ae8bcf26b588fbe5d9427df3e90aa4f3865d0a30d972d484bc9,https://www.youtube.com/s/player/01b2d163/player_ias.vflset/en_US/base.js
f282992146e8d9c3740d21263328c62908bcdd54a7d1d5061a8432ef4e0394a4,https://www.youtube.com/s/player/4d1dd0fc/player_ias.vflset/en_US/captions.js
f282992146e8d9c3740d21263328c62908bcdd54a7d1d5061a8432ef4e0394a4,https://www.youtube.com/s/player/bda6277d/player_ias.vflset/en_US/captions.js
f2b4a438b7bd0fa0e45a603a700cf3d7e67e7b8f186a5f1afe0383a63a829add,https://www.youtube.com/s/player/444511ca/player_ias.vflset/en_US/captions.js
f34102e4baf87387eddc19c22487fbab51008ca33df0cbcf4f3b1357ced00e78,https://www.youtube.com/s/player/94667337/player_ias.vflset/en_US/base.js
f35f78adda0ea5dcaf2c8aff5f58c5b7e8c51eae2bc01c08599f5c5f71a029d0,https://www.youtube.com/s/player/65578ad1/player_ias.vflset/en_US/base.js
f438434e0849285ebb1770fbf0b2a71bbc8468c267542b45098d5d430d86b89d,https://www.youtube.com/s/player/218d9d92/www-player.css
f438434e0849285ebb1770fbf0b2a71bbc8468c267542b45098d5d430d86b89d,https://www.youtube-nocookie.com/s/player/218d9d92/www-player.css
f438434e0849285ebb1770fbf0b2a71bbc8468c267542b45098d5d430d86b89d,https://www.youtube.com/s/player/5570c7bc/www-player.css
f438434e0849285ebb1770fbf0b2a71bbc8468c267542b45098d5d430d86b89d,https://www.youtube-nocookie.com/s/player/5570c7bc/www-player.css
f438434e0849285ebb1770fbf0b2a71bbc8468c267542b45098d5d430d86b89d,https://www.youtube.com/s/player/6baf88c8/www-player.css
f438434e0849285ebb1770fbf0b2a71bbc8468c267542b45098d5d430d86b89d,https://www.youtube-nocookie.com/s/player/6baf88c8/www-player.css
f438434e0849285ebb1770fbf0b2a71bbc8468c267542b45098d5d430d86b89d,https://www.youtube.com/s/player/26a9c282/www-player.css
f438434e0849285ebb1770fbf0b2a71bbc8468c267542b45098d5d430d86b89d,https://www.youtube-nocookie.com/s/player/26a9c282/www-player.css
f438434e0849285ebb1770fbf0b2a71bbc8468c267542b45098d5d430d86b89d,https://www.youtube.com/s/player/d95a0e03/www-player.css
f438434e0849285ebb1770fbf0b2a71bbc8468c267542b45098d5d430d86b89d,https://www.youtube-nocookie.com/s/player/d95a0e03/www-player.css
f438434e0849285ebb1770fbf0b2a71bbc8468c267542b45098d5d430d86b89d,https://www.youtube.com/s/player/98fb51a3/www-player.css
f438434e0849285ebb1770fbf0b2a71bbc8468c267542b45098d5d430d86b89d,https://www.youtube-nocookie.com/s/player/98fb51a3/www-player.css
f438434e0849285ebb1770fbf0b2a71bbc8468c267542b45098d5d430d86b89d,https://www.youtube.com/s/player/8fdc9fc5/www-player.css
f438434e0849285ebb1770fbf0b2a71bbc8468c267542b45098d5d430d86b89d,https://www.youtube-nocookie.com/s/player/8fdc9fc5/www-player.css
f438434e0849285ebb1770fbf0b2a71bbc8468c267542b45098d5d430d86b89d,https://www.youtube.com/s/player/a307fffd/www-player.css
f438434e0849285ebb1770fbf0b2a71bbc8468c267542b45098d5d430d86b89d,https://www.youtube-nocookie.com/s/player/a307fffd/www-player.css
f438434e0849285ebb1770fbf0b2a71bbc8468c267542b45098d5d430d86b89d,https://www.youtube.com/s/player/4b0d80ee/www-player.css
f438434e0849285ebb1770fbf0b2a71bbc8468c267542b45098d5d430d86b89d,https://www.youtube-nocookie.com/s/player/4b0d80ee/www-player.css
f44c3a475a650ed286acb0fa0bf19105686aef3d06aba92f718f1c7750853185,https://www.youtube.com/s/player/638ec5c6/player_ias.vflset/en_US/base.js
f4a9c11abc6c7040213c03682b10d43c1c71264e2a7753b93261a825d938e4b5,https://www.youtube.com/s/player/5fe6131f/player_ias.vflset/en_US/base.js
f4d42c8d1bdd83e0f9b01fab54de73f2d89b455c413783b702f74072657bd0b7,https://www.youtube.com/s/player/00c52fa0/player_ias.vflset/en_US/captions.js
f533088db68f17ba66274dc386fa558a3ff7d0c4757a4224432f1a121a0246bb,https://www.youtube.com/s/player/96c57227/player_ias.vflset/en_US/captions.js
f533088db68f17ba66274dc386fa558a3ff7d0c4757a4224432f1a121a0246bb,https://www.youtube.com/s/player/e1bd44b2/player_ias.vflset/en_US/captions.js
f533088db68f17ba66274dc386fa558a3ff7d0c4757a4224432f1a121a0246bb,https://www.youtube.com/s/player/1150a2f2/player_ias.vflset/en_US/captions.js
f57508e939847d8a17dae74172069c6a4baca07ad05be7ba38f3d091438e8c0e,https://www.youtube.com/s/player/fef22927/player_ias.vflset/en_US/base.js
f575b4762cf8ab97fc9470d8ed55e996e6994d263042762c109d2299703cb101,https://www.youtube.com/s/player/2868f080/player_ias.vflset/en_US/base.js
f6407a3d684f215926a41d94f5549b37174ba5a5dbccc9ed7132675b7c111c30,https://www.youtube.com/s/player/6f05bbb3/player_ias.vflset/en_US/captions.js
f80c78d73e5eb45bb873910aae6afde1f33c76fa403e5b671b6ebe5e567d3a37,https://www.youtube.com/s/player/29a37ef6/player_ias.vflset/en_US/base.js
f8121615f50a5b0e308c819f748a4470c15e0d93686c8ed128a0434c182e03c8,https://www.youtube.com/s/player/8da75a6a/player_ias.vflset/en_US/base.js
f822b0d661b3e7ea86105d614b3848669304388485e9e454bce9a588160699b4,https://www.youtube.com/s/player/8fb635c2/player_ias.vflset/en_US/base.js
f88daadd35519c42fe0e62696acb712c81ad03a0787bca69c738dbd24e1c54d2,https://www.youtube.com/s/player/116dbe15/player_ias.vflset/en_US/captions.js
f88daadd35519c42fe0e62696acb712c81ad03a0787bca69c738dbd24e1c54d2,https://www.youtube.com/s/player/09d72748/player_ias.vflset/en_US/captions.js
f88daadd35519c42fe0e62696acb712c81ad03a0787bca69c738dbd24e1c54d2,https://www.youtube.com/s/player/847bad37/player_ias.vflset/en_US/captions.js
f88daadd35519c42fe0e62696acb712c81ad03a0787bca69c738dbd24e1c54d2,https://www.youtube.com/s/player/5e4f1adf/player_ias.vflset/en_US/captions.js
f88daadd35519c42fe0e62696acb712c81ad03a0787bca69c738dbd24e1c54d2,https://www.youtube.com/s/player/32dc5910/player_ias.vflset/en_US/captions.js
f8a7587d6967ec9e25ac73484ee4a257db9669ed0aa22528c4fb77bf59cfd8a8,https://www.youtube.com/s/player/9f4cc5e4/player_ias.vflset/en_US/base.js
f8b24f2bbcfc45233e2e3cf197b5831179e7d93e904c46c485acc9c6bee83bb9,https://www.youtube.com/s/player/901741ab/player_ias.vflset/en_US/base.js
f8baed382c183b39108ef006652daaf6b7ae1b7d9ee0f8d9a737696a1939ddce,https://www.youtube.com/s/player/290465a5/player_ias.vflset/en_US/base.js
f8d38326c99b4e100eb733618048fefc4489228092dc4d3fd300affb36a23fe3,https://www.youtube.com/s/player/21176969/player_ias.vflset/en_US/captions.js
f8fddc18e0b3e2ac711f58027defa80c7022f0c222345d6539d577b24bafd51f,https://www.youtube.com/s/player/d980b573/player_ias.vflset/en_US/base.js
f9286f6d6a7c5bd2fe5d8ba998ebfd1c71159b66e4c17b25aa58fe3b0e6824e5,https://www.youtube.com/s/player/5a188d69/player_ias.vflset/en_US/base.js
f9f2f38446098aae8df99788436cd6ae9858f0c568edeb46ed1029bd2d669c0d,https://www.youtube.com/s/player/1416fec1/player_ias.vflset/en_US/base.js
face5ef429008272af989b9b8e87ec2424a9cfa410f1eb824186fd50d5869d21,https://www.youtube.com/s/player/ce74690f/player_ias.vflset/en_US/base.js
fadbe6f072cb2d33ec258d5b1341c92162370bc56d381cb84b0c7a961ef9d8a4,https://www.youtube.com/s/player/b6e5a811/player_ias.vflset/en_US/base.js
fb8febdacefa141efeb0362ce1a759b385d09c6386e2ffa887ef0350e58b5759,https://www.youtube.com/s/player/a5ff8620/player_ias.vflset/en_US/base.js
fba57996d07215c10e9485e9c30618e6b1e59ea3f3e30aa335742270f1de488c,https://www.youtube.com/s/player/ea233d9b/player_ias.vflset/en_US/base.js
fd05d643d66ceafa5c88f595f73a6317f478b210f24a08a42f9472aa72e93347,https://www.youtube.com/s/player/57f5d44f/player_ias.vflset/en_US/base.js
fddf323f325c51f9fe2f36ad2ac271e89ba66141782a599ed4d36e9d87c2ccdf,https://www.youtube.com/s/player/b32979e9/player_ias.vflset/en_US/captions.js
fee83c4714630482ba6749f188d157b619d86b6326d5e93ba3ffe4273d4e64b4,https://www.youtube.com/s/player/c6d7bdc9/www-player.css
fee83c4714630482ba6749f188d157b619d86b6326d5e93ba3ffe4273d4e64b4,https://www.youtube-nocookie.com/s/player/c6d7bdc9/www-player.css
fee83c4714630482ba6749f188d157b619d86b6326d5e93ba3ffe4273d4e64b4,https://www.youtube.com/s/player/87644c66/www-player.css
fee83c4714630482ba6749f188d157b619d86b6326d5e93ba3ffe4273d4e64b4,https://www.youtube-nocookie.com/s/player/87644c66/www-player.css
ff4dc89709232c150155e2c60fd4890920054667b8f37a2492633cc9ca0a752a,https://www.youtube.com/s/player/4f43eb64/player_ias.vflset/en_US/base.js
ff7d3f011535c04a8a1325f40c1fc5b4bfa55ce3308fd7a2733c09825df6eaae,https://www.youtube.com/s/player/911df14e/player_ias.vflset/en_US/base.js
ffb954a93b7e5962a0bdf3ee9e436f7b94c1a134805518ceef3880c1f0c52c01,https://www.youtube.com/s/player/712f0810/player_ias.vflset/en_US/captions.js
ffb954a93b7e5962a0bdf3ee9e436f7b94c1a134805518ceef3880c1f0c52c01,https://www.youtube.com/s/player/88c25a98/player_ias.vflset/en_US/captions.js
ffd4e008c406ffbd4f41dc235bc04728583ea0b9c702fd8091734b45ea7ddcf6,https://www.youtube.com/s/player/4b9ae131/player_ias.vflset/en_US/base.js
fff899536be399f58cbef297bdbe46b471dea5a956f357e23f48441419511914,https://www.youtube.com/s/player/5cabb421/player_ias.vflset/en_US/captions.js
